model,param1_name,param2_name,param1,param2,replicate,seed,n_trials,sigma,prior_scale,theta_map_1,theta_map_2,objective_map,gradient_norm,original_pd,fd_pd,ad_pd,original_min_eig,fd_min_eig,ad_min_eig,original_log10_condition,fd_log10_condition,ad_log10_condition,original_ad_rel_error,fd_ad_rel_error,delta_loge_original_ad,delta_loge_fd_ad,original_numerical_failure,fd_numerical_failure,structural_laplace_failure
binary,alpha,beta,0.05,0.25,0,123,50,0.1,1.0,0.4451263463937679,1.0358709409189284,32.759745421754765,5.193368239607928e-08,True,True,True,3.6262353799778446,3.6263061215084105,3.6263053084345853,0.6853447611933364,0.6853438346526814,0.6853438879984961,1.8493519875964415e-05,1.0997078831582211e-07,1.827854821812025e-05,-1.6279882686376368e-07,False,False,False
binary,alpha,beta,0.05,0.25,1,124,50,0.1,1.0,0.6008041739646458,0.48484410651149246,34.55345946386272,1.352833064392184e-07,True,True,True,5.102839566832204,5.102795456786964,5.102795062198722,0.45799516075026964,0.45800386688673156,0.458003900690487,1.3746382293664143e-05,3.81546134929831e-08,1.3406472376686907e-06,-3.840985129954788e-08,False,False,False
binary,alpha,beta,0.05,0.25,2,125,50,0.1,1.0,0.4887209202171188,0.1,35.25537889084589,1.2880067536968909,True,True,True,5.950809134754334,5.950884344834641,5.950884525957099,0.4434255715090962,0.4434277441441156,0.44342771973007206,2.1714908653965878e-05,3.409557335733986e-08,1.5142218074970515e-05,2.3285195993594243e-09,False,False,False
binary,alpha,beta,0.05,0.25,3,126,50,0.1,1.0,0.5509224119866063,1.4267675578183456,32.77408201513792,6.220439404986396e-07,True,True,True,1.9810330886796028,1.9811235893503725,1.9811224814331132,1.1762345497064655,1.176218476462219,1.1762186936086236,9.438257301083968e-06,6.985070786600461e-08,2.686828582909584e-05,-3.0923794014370287e-07,False,False,False
binary,alpha,beta,0.05,0.25,4,127,50,0.1,1.0,0.44861734314270885,0.1,35.403067183638115,2.465955542874134,False,False,False,-0.2309994330031511,-0.23105362991348266,-0.23105521016574426,inf,inf,inf,2.6944672482430037e-05,1.8351320934354606e-07,nan,nan,False,False,True
binary,alpha,beta,0.05,0.25,5,128,50,0.1,1.0,0.48551205531542274,0.1,35.258627118192166,1.210484704472555,True,True,True,3.719196409169649,3.719083195274178,3.7190814177870104,0.6299149788849735,0.6299374268277736,0.6299375770315607,2.2347538999750826e-05,1.687988792342167e-07,-4.901741199603293e-06,-3.050085339850739e-07,False,False,False
binary,alpha,beta,0.05,0.25,6,129,50,0.1,1.0,0.4749195298917155,0.16548513763390965,35.09272216763611,2.518169871261385e-07,True,True,True,4.364170026456194,4.364221959325887,4.364219307806103,0.6027344452799029,0.6027310583312183,0.602731286819332,5.6496079827339604e-06,1.6767068423960734e-07,7.655885795543327e-06,-3.4450194164037384e-07,False,False,False
binary,alpha,beta,0.05,0.25,7,130,50,0.1,1.0,0.46276018207853403,0.2892744217584532,35.00575371352276,5.5608765032738915e-08,True,True,True,3.287828395967223,3.2877613994690296,3.287761381194541,0.6992806971594805,0.6992821429072946,0.6992821471266774,2.097992318449645e-05,1.0148191282320077e-08,-1.871355695470811e-05,-7.005951374594588e-10,False,False,False
binary,alpha,beta,0.05,0.25,8,131,50,0.1,1.0,0.41561207522853183,0.35275613161043606,34.88356225413708,3.336525901964335e-07,True,True,True,3.850050915935635,3.850237254388458,3.8502375091605265,0.7965185619865982,0.7965031101851286,0.7965030862648234,1.9211291178326997e-05,1.9687972974696494e-08,3.064687422238421e-05,3.863121378344658e-08,False,False,False
binary,alpha,beta,0.05,0.25,9,132,50,0.1,1.0,0.5127870672975551,0.1,35.30561196798154,1.6992722109421332,True,True,True,4.301225723687703,4.301403485863884,4.301402435771441,0.5892295934697824,0.5892171285537555,0.589217186936505,2.5863170914568945e-05,1.2244185241111456e-07,2.679972909902517e-05,-1.7691226616989297e-07,False,False,False
binary,alpha,beta,0.05,0.25,10,133,50,0.1,1.0,0.5166539923786466,0.1,35.2091185047629,0.7484034725280274,True,True,True,4.552513169629569,4.552721219883458,4.552721197012191,0.5550896252420637,0.5550674785508036,0.555067467789325,1.3472391094104041e-05,3.296691919367406e-08,2.018431025874179e-05,-1.741325661441806e-08,False,False,False
binary,alpha,beta,0.05,0.25,11,134,50,0.1,1.0,0.4941508220589299,0.1,35.16218613197959,0.17447965206005753,True,True,True,2.5005133912743527,2.5006071383313833,2.50060622788641,0.8262510382159868,0.8262481978340966,0.8262483131867312,3.326634554716167e-05,1.1154195511677832e-07,3.3989025482128454e-05,-2.3128500714619804e-07,False,False,False
binary,alpha,beta,0.05,0.25,12,135,50,0.1,1.0,0.48956571681135064,0.1,35.34299848256904,2.1326490404760614,True,True,True,5.353480431724862,5.353595664298059,5.35359327796756,0.4880045735238877,0.48799814542637254,0.48799828775782034,1.0527802858059712e-05,1.7791784301908525e-07,1.3842064937819032e-05,-2.818784636815508e-07,False,False,False
binary,alpha,beta,0.05,0.25,13,136,50,0.1,1.0,0.46967131514528115,0.1,35.52742578762074,3.8252738399080504,True,True,True,1.955105693357303,1.9551797709241594,1.9551807024477452,0.9512709107667046,0.951256482094195,0.9512562842919108,6.376996909422462e-06,5.693205391089861e-08,2.1525659668952812e-05,2.4871043535767967e-07,False,False,False
binary,alpha,beta,0.05,0.25,14,137,50,0.1,1.0,0.47753659666343456,0.1293311570978967,35.12449005763281,5.3290705182007514e-08,True,True,True,3.594548304640032,3.594524698950275,3.5945229549518087,0.6609004592931588,0.6609015911897742,0.6609017767834157,4.215173895976925e-06,1.3136978595701364e-07,-5.535467870743105e-06,-2.7150947801146685e-07,False,False,False
binary,alpha,beta,0.05,0.25,15,138,50,0.1,1.0,0.5127318703895418,0.1,35.17877687859652,0.42063042116075067,True,True,True,4.083819988548521,4.083872966005685,4.083873332277711,0.581273695209505,0.5812679511834475,0.5812678978204138,1.1511239701587066e-05,4.055973822204203e-08,6.387637490945508e-06,2.825095180014614e-08,False,False,False
binary,alpha,beta,0.05,0.25,16,139,50,0.1,1.0,0.4841743029635322,0.9949670076815641,33.2149592722155,1.191616393558691e-07,True,True,True,2.8737359994953606,2.873847509438557,2.8738447741415287,0.8503267144910625,0.8503130011983416,0.8503133644224745,8.877273475524491e-06,1.8141203145733788e-07,2.2480750146769424e-05,-5.336124218047189e-07,False,False,False
binary,alpha,beta,0.05,0.25,17,140,50,0.1,1.0,0.49831438830652625,0.1,35.226300505266344,0.8121891887924523,True,True,True,2.4391923078724385,2.4394900733070783,2.4394893707907874,0.8193824941881738,0.8193374371917606,0.8193375243174962,3.0418084767864775e-05,9.687707114170392e-08,7.000651950761494e-05,-1.87669527917933e-07,False,False,False
binary,alpha,beta,0.05,0.25,18,141,50,0.1,1.0,0.49787801794840003,0.1,35.160253663402365,0.20304421965990796,True,True,True,3.4618148134128113,3.4618350370018875,3.4618337092610263,0.6755057823142321,0.6755041773989022,0.675504320284909,2.357698764914932e-06,9.963142894705215e-08,3.775126465654921e-06,-2.1903320401861492e-07,False,False,False
binary,alpha,beta,0.05,0.25,19,142,50,0.1,1.0,0.5130063918010493,0.1,35.29882797433443,1.5691306636256313,True,True,True,3.072696372527152,3.073067782612992,3.0730657656296234,0.7120045388747481,0.7119542941273973,0.7119545199000514,2.9349354275878256e-05,1.848718612289016e-07,6.262420075842101e-05,-3.9641181359684197e-07,False,False,False
binary,alpha,beta,0.05,0.5,0,10123,50,0.1,1.0,0.5582297014571855,0.3768226570766493,34.827654603109984,8.910160576636239e-08,True,True,True,4.860307509959139,4.860159013666112,4.860162162536651,0.6251102862839555,0.6251208910212641,0.6251206484607565,1.6176507487342066e-05,1.7342347305789775e-07,-1.7975535108405438e-05,3.686362362032014e-07,False,False,False
binary,alpha,beta,0.05,0.5,1,10124,50,0.1,1.0,0.4275972127323244,1.7130205227457795,32.75592126509677,1.1985196396477972e-07,True,True,True,1.1634257716786596,1.1634630397019254,1.1634631677784377,1.511475902715719,1.511466748401912,1.5114666911548138,1.2305933796805998e-05,2.368605791166291e-08,2.1537372433044766e-05,4.417398713485454e-08,False,False,False
binary,alpha,beta,0.05,0.5,2,10125,50,0.1,1.0,0.43638121657728524,0.5292905819712025,34.831317385983496,1.068770597817897e-07,True,True,True,2.0563810804963305,2.0564492916018704,2.05644942472326,1.0251805684301816,1.0251629484091722,1.0251629097020516,8.384741785143472e-06,2.781862299610218e-08,1.2904280993097927e-05,2.0170389802842692e-08,False,False,False
binary,alpha,beta,0.05,0.5,3,10126,50,0.1,1.0,0.4858837768042784,0.1,35.224657313715234,0.7928747578489882,True,True,True,2.2779671791454907,2.27810287104669,2.2781007304692102,0.8507844258960063,0.8507600856184542,0.8507604769140211,1.657826104810559e-05,1.390631007714779e-07,3.105341050968491e-05,-4.891363900583201e-07,False,False,False
binary,alpha,beta,0.05,0.5,4,10127,50,0.1,1.0,0.4998154261249762,0.1,35.27338698715506,1.3207793791991687,True,True,True,3.2044292591114187,3.204594796573948,3.204593237797503,0.7029786986247751,0.7029585353794165,0.7029587045012995,2.239721543413599e-05,1.4137495245414028e-07,2.8152114708746012e-05,-2.91710556155067e-07,False,False,False
binary,alpha,beta,0.05,0.5,5,10128,50,0.1,1.0,0.5557632528552391,0.900104722268289,33.25897984637187,1.693791409857712e-07,True,True,True,4.361453926875161,4.361522047760571,4.361521246875379,0.716827858216675,0.7168179261466927,0.7168179951856782,1.2263433574081891e-05,4.7503287196598154e-08,4.07986664896498e-06,-1.0414110818146582e-07,False,False,False
binary,alpha,beta,0.05,0.5,6,10129,50,0.1,1.0,0.05884992701954157,2.5240692700872005,32.994242925121966,5.684411591255419e-07,True,True,True,0.4347132188695067,0.43499961590992203,0.43499745366761844,3.2314575034398314,3.2313457643921226,3.2313472818482576,0.0004001480226857579,1.4797793139360644e-06,0.0005267334270442348,-3.2236527687246053e-06,False,False,False
binary,alpha,beta,0.05,0.5,7,10130,50,0.1,1.0,0.26715400946397183,1.7997389387839202,31.857762445683758,5.09091757256677e-08,True,True,True,1.9216685541206697,1.9216782051643093,1.9216783314047157,1.5254119381618003,1.5254299155143602,1.5254298622586795,4.687002122214137e-05,5.7866600094985186e-08,2.5723780048281242e-05,4.379920426345052e-09,False,False,False
binary,alpha,beta,0.05,0.5,8,10131,50,0.1,1.0,0.37714139468617247,0.8254821150612208,34.839589411610476,1.8474111129762605e-07,True,True,True,0.22048191430438044,0.22050874477651797,0.2205090018198441,1.8901261260812876,1.890075483307827,1.8900749553690253,1.5628567934519543e-05,5.8262628096443586e-08,6.393594612319475e-05,5.578704502795517e-07,False,False,False
binary,alpha,beta,0.05,0.5,9,10132,50,0.1,1.0,0.5259329682136671,0.12499928727840598,35.12424074826946,1.4387393840789702e-07,True,True,True,4.206406543726557,4.206622903512535,4.206619969858041,0.6169958521527108,0.6169761990580732,0.6169764597744779,1.3494295970066845e-05,1.9040935998716722e-07,2.8410763292185948e-05,-3.972288524778378e-07,False,False,False
binary,alpha,beta,0.05,0.5,10,10133,50,0.1,1.0,0.48160523383974096,0.7807217073364926,34.231347119314925,1.6701533345359335e-07,True,True,True,2.7787856597777227,2.778845417459986,2.778843305021332,0.8013701349175204,0.8013663729735072,0.801366679361897,1.5086739136666839e-05,1.3236325982196714e-07,1.6766190121586533e-05,-4.0744335194631276e-07,False,False,False
binary,alpha,beta,0.05,0.5,11,10134,50,0.1,1.0,0.47081231224203746,0.1,35.343007074338814,1.9119791190291835,True,True,True,0.9238239482408711,0.9239900635980961,0.9239890506954858,1.2917029952652603,1.291631296137656,1.2916317177516028,1.929171973712501e-05,1.3753111569031227e-07,9.66391233347963e-05,-6.108263406190417e-07,False,False,False
binary,alpha,beta,0.05,0.5,12,10135,50,0.1,1.0,0.4769804213583671,0.17754191306548178,35.056365951666876,6.204547701064549e-08,True,True,True,5.893785878809706,5.893826950089987,5.893826934066405,0.4148110416768146,0.4148006460858991,0.4148006605328949,1.6860313173595466e-05,4.275777185042702e-08,-4.985903075294118e-06,1.3914011276483507e-08,False,False,False
binary,alpha,beta,0.05,0.5,13,10136,50,0.1,1.0,0.6552604494836467,0.8039687269385305,33.447911920109476,9.651357194120269e-08,True,True,True,5.392825049088828,5.392648687829003,5.392650191865798,0.3646463101973126,0.36465181944527897,0.36465171823010556,2.7244687901512695e-05,1.2708964136117737e-07,-2.6198346716910237e-05,1.6237670052987596e-07,False,False,False
binary,alpha,beta,0.05,0.5,14,10137,50,0.1,1.0,0.5402334096424196,0.5994688707471907,34.2400999557405,3.235896183677966e-07,True,True,True,5.019373596119077,5.019345760905572,5.019346325652852,0.6139651045928692,0.613969594224854,0.6139695385595514,1.0360823518689848e-05,3.0639475513171996e-08,-3.2826369533722755e-07,4.842706857743906e-08,False,False,False
binary,alpha,beta,0.05,0.5,15,10138,50,0.1,1.0,0.5047636241193963,0.16482101103709038,35.07596510781892,2.2469334198890888e-08,True,True,True,5.988265048348525,5.988392450355427,5.988392508838696,0.44768795805982015,0.4476844479127432,0.44768443244541223,1.4827166561792411e-05,2.681961350437771e-08,1.7225804739950945e-05,-8.041318722007418e-09,False,False,False
binary,alpha,beta,0.05,0.5,16,10139,50,0.1,1.0,0.032999409241081204,2.28421827174389,35.04345043343899,7.247789736799721e-06,True,True,True,0.3059992505105809,0.30623206344646725,0.3062291833375909,3.7258288890006077,3.7257135116999915,3.725716777731431,0.0004930616658500702,1.888307613599307e-06,0.0006220612673359938,-5.644874555343904e-06,False,False,False
binary,alpha,beta,0.05,0.5,17,10140,50,0.1,1.0,0.4601781123913612,0.700805890052287,33.70821799476734,4.3220627292571265e-08,True,True,True,5.3220237241027935,5.322032105863697,5.3220316080434715,0.47637011589745,0.47637284338401226,0.4763728704685926,8.264872455849498e-06,5.001877385016029e-08,4.652696347307028e-06,-6.235723049030639e-08,False,False,False
binary,alpha,beta,0.05,0.5,18,10141,50,0.1,1.0,0.4597216723139093,0.49022307940168397,34.499308766691165,1.742279186379282e-07,True,True,True,5.0190525972378275,5.019142391607198,5.019140316723541,0.49104974337711216,0.49104347458252606,0.4910435970685695,1.1781242016074969e-05,1.8118309403836327e-07,1.0400947608957267e-05,-2.7237688016157335e-07,False,False,False
binary,alpha,beta,0.05,0.5,19,10142,50,0.1,1.0,0.5204563937808843,0.3613241864251691,34.87069909458398,2.8642893384395585e-08,True,True,True,4.391279944964373,4.391517031250846,4.391516339614365,0.5694111438134182,0.5693869454548635,0.5693869998346996,1.6324701738750846e-05,5.645855048335674e-08,2.6034512529804488e-05,-9.488665853041311e-08,False,False,False
binary,alpha,beta,0.05,1.0,0,20123,50,0.1,1.0,0.47655432910463486,0.1,35.238631444860914,1.034778939867987,True,True,True,3.926969612579188,3.926845229147335,3.9268439369489605,0.6426611573895262,0.6426836814148952,0.6426837507151986,2.081163190136957e-05,1.808763882132185e-07,-5.992193919723832e-06,-2.49282948061591e-07,False,False,False
binary,alpha,beta,0.05,1.0,1,20124,50,0.1,1.0,0.4981912876266284,0.8711374487538,32.9549147035657,2.4868995751603507e-08,True,True,True,5.270066579534868,5.270053360559164,5.270052606541057,0.6267748447915445,0.6267783072058822,0.6267783514515085,6.19167459673591e-06,5.317339329290054e-08,1.385799485831285e-06,-9.213633944682442e-08,False,False,False
binary,alpha,beta,0.05,1.0,2,20125,50,0.1,1.0,0.49525790570323547,0.1,35.180381875640386,0.4818054755162394,True,True,True,4.967054276766154,4.967126071856824,4.9671238439708905,0.5095822991025432,0.5095761938805109,0.5095763740468863,4.496101790251005e-06,1.4135655917954963e-07,7.184156210371384e-06,-2.411020432191435e-07,False,False,False
binary,alpha,beta,0.05,1.0,3,20126,50,0.1,1.0,0.5543099094522096,0.41721029352384065,34.88122884449161,2.495006848744117e-07,True,True,True,3.308900403182027,3.308928709475743,3.3089287597974275,0.6984048617360787,0.6983950050944726,0.6983949461309313,1.569216987588297e-05,1.216787016782466e-07,-2.8459988001827696e-06,-5.267644098694291e-08,False,False,False
binary,alpha,beta,0.05,1.0,4,20127,50,0.1,1.0,0.46299942260068755,0.1,35.24015289941306,0.9541186791751182,True,True,True,1.8381566168379375,1.838148392148199,1.838147161502709,0.9973828128000727,0.9973874848902499,0.9973877659356271,6.309108868638144e-06,7.185924079761943e-08,5.585722888667988e-07,-3.4593757192169505e-07,False,False,False
binary,alpha,beta,0.05,1.0,5,20128,50,0.1,1.0,0.35071606182157117,1.459663924239121,30.869671201040465,2.3504546688229026e-07,True,True,True,3.3166714822588577,3.3167318344632024,3.3167314311673253,0.7701691100545387,0.7701682239028973,0.7701682505801563,1.6165295507049385e-05,6.272871831828857e-08,1.708535173250425e-05,-9.088103780641177e-08,False,False,False
binary,alpha,beta,0.05,1.0,6,20129,50,0.1,1.0,0.49260135546742756,0.46141325423212004,34.69873123623211,3.4847394781547395e-07,True,True,True,4.1054982877769755,4.1054863906861945,4.1054854881044,0.6467394547056736,0.6467420143266001,0.6467420670197416,6.549495900348615e-06,1.0903827118940585e-07,-1.1015754353138618e-07,-1.5918251961011265e-07,False,False,False
binary,alpha,beta,0.05,1.0,7,20130,50,0.1,1.0,0.5850551037883636,1.007906200478521,33.681072156256285,1.769499024000651e-07,True,True,True,2.8259236590406442,2.8260213521623134,2.8260194020320784,0.8347457922395184,0.8347339276508313,0.834734200802442,9.559102920935074e-06,1.2335114928281598e-07,2.0534537917171747e-05,-3.755849249387211e-07,False,False,False
binary,alpha,beta,0.05,1.0,8,20131,50,0.1,1.0,0.5199039928376136,0.577314461337038,34.65327426766746,4.618527782440651e-08,True,True,True,2.9101095627453253,2.909942287689653,2.9099425811031416,0.7785698006478192,0.7785912587119956,0.7785912676246772,1.5053679752481567e-05,1.2223059005389565e-07,-3.266672307944418e-05,1.1109247566309932e-07,False,False,False
binary,alpha,beta,0.05,1.0,9,20132,50,0.1,1.0,0.5600409982262322,0.8947243802581505,33.04465493466036,1.1019141097727088e-07,True,True,True,5.008013836813613,5.008223752747867,5.008222411010389,0.6866670019924426,0.686647157592979,0.6866472402967696,1.0290371563358984e-05,9.327877786655527e-08,1.889572696711639e-05,-1.726906333487932e-07,False,False,False
binary,alpha,beta,0.05,1.0,10,20133,50,0.1,1.0,0.49021063418077987,0.1,35.32581897370967,1.8986661061148895,True,True,True,4.154154472443055,4.154329880162021,4.154327767867918,0.5907479667862889,0.5907348735475643,0.5907350365459636,1.7352950551619322e-05,1.828140429018083e-07,2.6828813162182996e-05,-3.2079732648071513e-07,False,False,False
binary,alpha,beta,0.05,1.0,11,20134,50,0.1,1.0,0.41007096968273976,1.0094171599574553,31.814168490463803,1.49379917197971e-07,True,True,True,5.342182643554973,5.3422630316512185,5.342262180427404,0.5724556206704948,0.5724519414690858,0.5724519928313506,7.544471625730388e-06,5.949014711472173e-08,1.0711644968353085e-05,-1.0020470142535487e-07,False,False,False
binary,alpha,beta,0.05,1.0,12,20135,50,0.1,1.0,0.44617319351766616,1.2744943526180479,31.484537713422235,1.910691620226894e-07,True,True,True,3.8129458663037705,3.8129991562805023,3.812998292936654,0.9902729552564514,0.9902780559529115,0.9902781330251207,2.6156674547720322e-05,5.474264741746892e-08,1.971067192130249e-05,-1.3768856632623283e-07,False,False,False
binary,alpha,beta,0.05,1.0,13,20136,50,0.1,1.0,0.45602636759933163,1.2657390575469623,29.657309662403076,1.6203790078454732e-07,True,True,True,5.596978517111046,5.597034716712236,5.597033962712889,0.4032986166243871,0.40330326654560783,0.40330326140487693,1.959384640418373e-05,1.47312699526391e-07,1.5253797393199875e-05,-1.406325687014487e-07,False,False,False
binary,alpha,beta,0.05,1.0,14,20137,50,0.1,1.0,0.4845838893634681,0.1,35.33415266099077,1.9706506861894262,True,True,True,3.870379429489578,3.870274534241203,3.870274511731358,0.6543270983924262,0.6543349036131969,0.6543349436624163,1.8960977052934678e-05,8.55489676662421e-08,-1.807604063941426e-05,4.029228506396976e-08,False,False,False
binary,alpha,beta,0.05,1.0,15,20138,50,0.1,1.0,0.5023900287338537,0.1,35.13873120960536,0.04752149607160153,True,True,True,4.681247318596512,4.681240237484229,4.681239749929039,0.5471119691909867,0.5471120270049742,0.5471120856233996,1.3760115719168382e-06,4.348233027894227e-08,-1.4827592593746886e-06,-3.666390568923816e-08,False,False,False
binary,alpha,beta,0.05,1.0,16,20139,50,0.1,1.0,0.46528606358213354,0.17500706234355737,35.09637270139418,2.208690978359521e-07,True,True,True,3.4412531751697797,3.4412940761080297,3.4412949907589785,0.6800688162098695,0.6800586423686479,0.6800585364261758,1.1577928507516693e-05,6.257384609068529e-08,3.1615571316478963e-07,1.4381610213831664e-07,False,False,False
binary,alpha,beta,0.05,1.0,17,20140,50,0.1,1.0,0.48117136102210134,1.7114244256969082,30.86004285953242,3.0868105059224256e-07,True,True,True,2.141382839163213,2.1414350515054665,2.14143488953809,1.2013159068721013,1.2013055681285536,1.2013055905923522,2.071369373018049e-06,2.47011941571625e-08,1.2429546902836819e-05,-4.977257006544278e-08,False,False,False
binary,alpha,beta,0.05,1.0,18,20141,50,0.1,1.0,0.4914268082707396,0.1,35.29968844336388,1.5640179320542145,True,True,True,2.7013919645940394,2.7014945904822025,2.701495346793625,0.7593253995932346,0.7593090713861783,0.7593088979757195,1.0505144310090894e-05,1.27716175402171e-07,1.9271052224212326e-05,8.031415887899129e-08,False,False,False
binary,alpha,beta,0.05,1.0,19,20142,50,0.1,1.0,0.5301136784383268,0.34059958042895594,34.909680524807776,1.3819097218556014e-07,True,True,True,4.318062837039938,4.318145219577715,4.318144706201115,0.5490076094149645,0.5489951259395458,0.5489951167089505,1.2239839730501577e-05,1.4370863080733912e-07,4.576757518748309e-06,-1.295153424507589e-07,False,False,False
binary,alpha,beta,0.05,3.0,0,30123,50,0.1,1.0,0.17706774584751586,1.8179709598068117,31.215714463534137,2.6620096092547475e-08,True,True,True,1.9375237255142228,1.937564218534934,1.9375641639035035,1.4330347878580507,1.4330388776196734,1.4330388370934009,3.0492926562360842e-05,1.2173466266176256e-07,2.553280782535694e-05,-7.485352782055088e-08,False,False,False
binary,alpha,beta,0.05,3.0,1,30124,50,0.1,1.0,0.5735200836556124,1.1686058209551102,32.267876689878655,2.124398745288798e-07,True,True,True,3.6818517504513943,3.681886681039918,3.6818851489288433,0.5977235761148038,0.5977124355437483,0.5977125606227515,1.667896843949923e-05,1.6128187215184584e-07,-3.6109863401634357e-06,-2.721187541965264e-07,False,False,False
binary,alpha,beta,0.05,3.0,2,30125,50,0.1,1.0,0.03660796778103724,2.5811029527171008,34.22837156197333,2.614878778835653e-06,True,True,True,0.3521526045344756,0.35249551293611686,0.35249224517398536,3.724130434785319,3.7239201085561975,3.723923323562052,0.000487159129099493,1.8702966198001012e-06,0.0007255596382691465,-5.568995881333194e-06,False,False,False
binary,alpha,beta,0.05,3.0,3,30126,50,0.1,1.0,0.48110148604327674,1.4208557846800631,29.673273313051247,1.0088682696089465e-07,True,True,True,4.32143759624893,4.321538896097351,4.321537854881279,0.6574562705402909,0.6574449394975519,0.6574450092808913,8.141441068839955e-06,9.39618780064834e-08,1.0235023093940754e-05,-1.6059539831303482e-07,False,False,False
binary,alpha,beta,0.05,3.0,4,30127,50,0.1,1.0,0.4411153276408651,1.8375105984115938,28.788701707393848,1.009864551540798e-07,True,True,True,2.7731147499718425,2.773192879053334,2.773192640785733,0.8515971016074345,0.8515695835888544,0.8515696125887284,3.690510216865942e-05,2.473612886341236e-08,-3.5604530168598103e-06,-5.2530811700535196e-08,False,False,False
binary,alpha,beta,0.05,3.0,5,30128,50,0.1,1.0,0.22690824998451128,2.292609543086019,30.857044544084822,3.766004030830437e-07,True,True,True,1.5583891937860073,1.5585151165989017,1.558514892784042,1.8458193913405707,1.8458363386633756,1.8458363577064902,0.00011991994374492429,1.0080979414329882e-07,0.0001001895651029372,-1.216835698869545e-07,False,False,False
binary,alpha,beta,0.05,3.0,6,30129,50,0.1,1.0,0.18138891453843406,2.972133490106863,27.905199836397603,5.152821485168228e-08,True,True,True,1.5193442295975468,1.5192422787421338,1.5192422724950667,1.979397280928757,1.9794492608548113,1.979449260587515,5.2598869642113665e-05,1.0638886559150028e-08,-7.2644505131336246e-06,-4.419700161406581e-09,False,False,False
binary,alpha,beta,0.05,3.0,7,30130,50,0.1,1.0,0.508043774484292,0.6821706256084028,34.56786995014332,7.864266969611811e-08,True,True,True,2.3931378765920845,2.393223933653847,2.3932252337365187,0.8296469844134151,0.829628941128543,0.8296287318330678,8.22686256036852e-06,1.000551883397092e-07,1.5488454806700247e-05,3.0227439395957845e-07,False,False,False
binary,alpha,beta,0.05,3.0,8,30131,50,0.1,1.0,0.36563714963300054,1.4316453923055583,28.934666011653444,1.9144998655472353e-07,True,True,True,4.184642702152733,4.184719118321736,4.1847189688418505,0.7399623297610692,0.7399654953312682,0.7399654892390759,2.530325828206286e-05,5.0790243883229956e-08,2.186269398407603e-05,-4.27343067599395e-08,False,False,False
binary,alpha,beta,0.05,3.0,9,30132,50,0.1,1.0,0.23196500535885384,2.702653646996679,27.289236962389545,5.042712833360154e-07,True,True,True,1.2773605816494982,1.277536199933773,1.2775360267309233,1.3177814850719474,1.3177573829432148,1.317757350688467,8.40048620701438e-05,2.1474930578046506e-07,0.00010955452376748553,-1.7271035090971054e-07,False,False,False
binary,alpha,beta,0.05,3.0,10,30133,50,0.1,1.0,0.10923259382850305,2.9585340976981636,23.47204681863117,2.879726808636858e-07,True,True,True,1.5280432851446315,1.52809467264416,1.5280946509977158,2.041172320511689,2.041312395789608,2.0413119146353145,0.00035582479412759655,1.1232333064150559e-06,0.0001943285528192007,-5.681149950476083e-07,False,False,False
binary,alpha,beta,0.05,3.0,11,30134,50,0.1,1.0,0.5263174126661224,1.0909389893068027,31.011371121903235,2.1318769513277625e-07,True,True,True,6.093673488882868,6.093675514272262,6.093675320840643,0.5228684691572564,0.522868502014191,0.5228684957780542,3.5011126696225043e-06,4.577731068651975e-08,3.3128102217006017e-07,-3.892263222837755e-08,False,False,False
binary,alpha,beta,0.05,3.0,12,30135,50,0.1,1.0,0.06004688075593341,2.0500993474138247,31.236839230218585,5.260871209654843e-07,True,True,True,0.6948548357661135,0.6956370666989242,0.6956316910565336,3.0094796691241634,3.009214364428634,3.0092167176545757,0.0005127820053186417,2.3165932585310396e-06,0.0008146523387608795,-5.018432126746575e-06,False,False,False
binary,alpha,beta,0.05,3.0,13,30136,50,0.1,1.0,0.11427970956670722,2.513590460015269,26.099980700465313,7.414980404570419e-09,True,True,True,2.090017634824241,2.090113452380772,2.0901133638673923,2.1368653460070735,2.1369513674979155,2.1369512019077646,0.0002436697053138203,4.236620830555383e-07,0.00014464719307127893,-2.3299130802456602e-07,False,False,False
binary,alpha,beta,0.05,3.0,14,30137,50,0.1,1.0,0.0443583402537722,3.249173553678078,31.019765383407087,3.7535853356158076e-06,True,True,True,0.4598656440015005,0.46016521720568065,0.4601623684207435,3.7111392281058766,3.7110708807700936,3.7110726552123823,0.0004917524289003154,2.106564396497301e-06,0.0005683885914393727,-4.147904178353201e-06,False,False,False
binary,alpha,beta,0.05,3.0,15,30138,50,0.1,1.0,0.07326704986740745,3.1728816602093515,32.72346294360078,1.449550427934233e-06,True,True,True,0.6281717274320426,0.6282994620818672,0.6282993180398357,2.761240803375078,2.7613015577642956,2.7613012050610912,0.0003421929301175043,1.04151664037992e-06,0.00027263360178864104,-6.35321562469926e-07,False,False,False
binary,alpha,beta,0.05,3.0,16,30139,50,0.1,1.0,0.47744296840550465,0.3250563461768447,35.053901006375234,1.637720085286689e-07,True,True,True,1.7656378581569447,1.765759207138021,1.7657604869352186,0.9474681278521488,0.9474348331113636,0.9474345474649938,1.1121843046237054e-05,1.0601687430713251e-07,3.078970036085593e-05,3.959229957217758e-07,False,False,False
binary,alpha,beta,0.05,3.0,17,30140,50,0.1,1.0,0.446567473505621,0.3471390332928935,34.91075871046746,2.735820218643206e-07,True,True,True,3.65400115763633,3.65398262020967,3.653982249667308,0.6545967689805435,0.6545988616669363,0.6545988938913211,3.1956458552117243e-06,4.0481676111459286e-08,-2.7282125074634678e-06,-6.43081179418914e-08,False,False,False
binary,alpha,beta,0.05,3.0,18,30141,50,0.1,1.0,0.12478781841959428,2.844563574217395,30.684800021961262,7.090843271907584e-07,True,True,True,0.6160098624653421,0.616114234755599,0.6161138579322233,2.52499435461972,2.5249811766544776,2.524981297492073,0.0001391152699366031,3.3439085956678237e-07,0.0001537742845449941,-4.7249360335399615e-07,False,False,False
binary,alpha,beta,0.05,3.0,19,30142,50,0.1,1.0,0.12067783281488038,2.9932640014215126,31.224738363606157,8.545778689829228e-07,True,True,True,0.47604729906295395,0.4761868906333466,0.4761863113743073,2.9059637241968397,2.905913846590276,2.9059142887618417,0.0001784454491168159,1.9999687947762282e-07,0.00023505637862797357,-7.073850554206729e-07,False,False,False
binary,alpha,beta,0.05,8.0,0,40123,50,0.1,1.0,0.0550101391766015,4.77388505834243,29.173920817247527,2.522664075165578e-06,True,True,True,0.5507853384180005,0.5509047431402022,0.5509046332507099,3.4613006467995437,3.4613682257825236,3.4613674907965577,0.0003704208960720295,1.8918948148636355e-06,0.0002935239721715277,-1.0456548338311222e-06,False,False,False
binary,alpha,beta,0.05,8.0,1,40124,50,0.1,1.0,0.21852926792859317,4.187515911965645,11.36177886048613,1.1996485235725467e-07,True,True,True,1.1915686028025922,1.1916394967888853,1.1916394897787324,1.797287931137571,1.7973072106540018,1.797307153742723,0.00010385648695770535,1.3695030360556504e-07,8.161954248109282e-05,-7.14043117966412e-08,False,False,False
binary,alpha,beta,0.05,8.0,2,40125,50,0.1,1.0,0.13770057074935724,4.933315322246033,9.713821086979694,4.0094863543952923e-07,True,True,True,0.7844416275977971,0.7844410895786091,0.784441059098196,2.452500637091558,2.4525946548910187,2.4525944526594916,0.0002153946462432524,5.046492819614599e-07,0.00010728444503627088,-2.7168386651510446e-07,False,False,False
binary,alpha,beta,0.05,8.0,3,40126,50,0.1,1.0,0.5214851897762057,4.175811935851193,8.875622475685464,6.42681549251227e-08,True,True,True,1.067281397698606,1.0672952572056358,1.067295193072101,0.9981378989600684,0.9981118748353915,0.9981118551425956,4.737167305643466e-05,1.0557977122156374e-07,-1.7058423045668292e-05,-8.276194840561857e-08,False,False,False
binary,alpha,beta,0.05,8.0,4,40127,50,0.1,1.0,0.17993284576848578,4.51527579248779,9.706557370942237,4.3167263933512434e-07,True,True,True,0.8008147554222994,0.8008201438889218,0.8008201009125337,2.1003548261050806,2.100431647645245,2.1004315144715258,0.00018357054553051112,3.60753671540265e-07,9.496578702439251e-05,-2.069873801247013e-07,False,False,False
binary,alpha,beta,0.05,8.0,5,40128,50,0.1,1.0,0.37644507537043587,3.5974436940915933,17.49353019810539,7.816669996770984e-08,True,True,True,1.1054999373545338,1.1054700867178,1.1054700834403468,1.585044455070415,1.585061336642335,1.5850613304429775,1.2150537820290727e-05,1.7240192374156965e-08,-7.576773018769245e-06,-1.0102031211545182e-08,False,False,False
binary,alpha,beta,0.05,8.0,6,40129,50,0.1,1.0,0.09307315966446936,4.077391938222639,23.186012789836468,2.969205090330849e-07,True,True,True,0.8883924393795319,0.8883461489866268,0.8883460594909042,2.5437289727217482,2.543942695040987,2.5439420219234976,0.000438488504930737,1.6512390411598961e-06,0.00019307406284951867,-8.756993530312229e-07,False,False,False
binary,alpha,beta,0.05,8.0,7,40130,50,0.1,1.0,0.15690046173558692,4.499661204883783,16.89681849233027,3.204852237810956e-07,True,True,True,0.8207696094019393,0.8207623044805924,0.8207622387987729,2.4311407363794504,2.4312082728077673,2.4312081991826204,0.00014653499441643947,2.4993009626294845e-07,6.868926995551305e-05,-1.6478947273412814e-07,False,False,False
binary,alpha,beta,0.05,8.0,8,40131,50,0.1,1.0,0.1793830700014509,4.413608301747657,9.989756488449979,3.908192289000377e-08,True,True,True,0.8178755036023769,0.8179947917128322,0.8179947142296496,1.9282450905917732,1.9282779987801153,1.9282778289148899,0.00022178611314463618,4.871751539285834e-07,0.00018343721268010427,-2.9028789327867344e-07,False,False,False
binary,alpha,beta,0.05,8.0,9,40132,50,0.1,1.0,0.21699971608652563,4.871820985597049,7.287005122825269,1.5564413431322402e-07,True,True,True,0.8228271968216874,0.8228190382000788,0.8228190352461178,1.8697632157716315,1.869824455614321,1.8698243667138528,0.0001310861618255991,2.0852401780653496e-07,6.04836323985225e-05,-1.059404954872889e-07,False,False,False
binary,alpha,beta,0.05,8.0,10,40133,50,0.1,1.0,0.12501140729829377,2.721374225519371,29.422644267244824,1.845518765685794e-07,True,True,True,0.5335592340226086,0.5337676669735612,0.5337669654309832,2.7814563202859457,2.7813671892621605,2.7813676266899456,0.00018553894089109112,3.090085168302168e-07,0.00028714343815039456,-8.10715494736769e-07,False,False,False
binary,alpha,beta,0.05,8.0,11,40134,50,0.1,1.0,0.10010689660889416,5.0904968139372535,12.601981669058748,6.385211046799285e-08,True,True,True,0.8517213563312104,0.8517440059327241,0.8517440315937103,2.7787244718341695,2.778839507276347,2.7788390785485904,0.00029049735035508687,9.570832571350033e-07,0.00015856836648886485,-4.6346349158454814e-07,False,False,False
binary,alpha,beta,0.05,8.0,12,40135,50,0.1,1.0,0.47144815649428173,3.425687705297074,15.43182303404261,1.0168794742534185e-07,True,True,True,1.6998585839714573,1.6999119662000324,1.6999118808202782,1.3956818713211538,1.3956672235767722,1.3956672418984128,2.7237147765965197e-06,8.41803230095176e-09,1.4510458848704388e-05,-2.913241914370701e-08,False,False,False
binary,alpha,beta,0.05,8.0,13,40136,50,0.1,1.0,0.21909021184269484,3.396223198790654,21.847006267046247,4.718422855380067e-07,True,True,True,0.7774086513486104,0.7774518388823366,0.7774516107752474,2.141903210034455,2.1419396284888053,2.1419396748888277,0.00013994479429304532,1.8818759356874802e-07,9.723996261357115e-05,-2.3998354237164676e-07,False,False,False
binary,alpha,beta,0.05,8.0,14,40137,50,0.1,1.0,0.1051378322445227,4.861858749309282,22.03688383652008,8.56782320870437e-08,True,True,True,0.7816337561134066,0.7816730721672902,0.7816731301463187,2.5273348408576393,2.527454895385933,2.5274543970955388,0.00032563266742125294,1.0731795538162524e-06,0.00018801695486914127,-4.995050311151772e-07,False,False,False
binary,alpha,beta,0.05,8.0,15,40138,50,0.1,1.0,0.07187211853108438,4.749175339803486,17.84089720705992,1.2312857982823088e-06,True,True,True,0.7618900993659314,0.7620354857422336,0.7620350581443175,3.1538622779830727,3.153989890136153,3.1539892425294798,0.00048256233863386495,2.0526807187232158e-06,0.00033641729656253005,-1.3067108817210737e-06,False,False,False
binary,alpha,beta,0.05,8.0,16,40139,50,0.1,1.0,0.437358324071578,3.952736305113521,14.116192119540633,2.2694843440119714e-08,True,True,True,1.2261892078009382,1.226172027624472,1.2261720049325213,1.3183496015465288,1.318334371891297,1.318334384641244,4.903111804228369e-05,1.0875480124682996e-08,-3.154874632116389e-05,-3.827416605872713e-09,False,False,False
binary,alpha,beta,0.05,8.0,17,40140,50,0.1,1.0,0.11968965110794398,3.9882783784467923,26.531272532977326,3.345296034699025e-07,True,True,True,0.5090689699780383,0.5091062664736631,0.509105987299285,2.9260818026174706,2.926141047817115,2.9261411327186404,0.00020950379509258196,3.5352085121328466e-07,0.00014101938856825313,-4.5061535658419416e-07,False,False,False
binary,alpha,beta,0.05,8.0,18,40141,50,0.1,1.0,0.2905236084890255,4.854259255395552,16.152602659319225,3.46021832189996e-07,True,True,True,0.581186758102509,0.5811518232329485,0.5811517617543269,1.8987348941618702,1.898751409923367,1.8987514538993113,2.2105607722870917e-05,7.540499540882769e-09,-4.115203341648055e-05,-5.5158368539309777e-08,False,False,False
binary,alpha,beta,0.05,8.0,19,40142,50,0.1,1.0,0.156458942607724,4.484961503946067,14.971405818066309,2.4628281530385364e-07,True,True,True,0.717947543098886,0.7180104357412368,0.7180103796005732,2.4434406961072312,2.4434667583280514,2.44346667375743,0.000147487839710546,2.731169079862299e-07,0.00011742645861545498,-1.7555473164065916e-07,False,False,False
binary,alpha,beta,0.25,0.25,0,50123,50,0.1,1.0,0.4570530154534805,0.6390535276666339,34.19782018012368,3.972054645195637e-08,True,True,True,4.309253739868983,4.30932941690893,4.309327483356584,0.5921501783861165,0.592142523999591,0.5921427193280073,1.6378086720825306e-05,1.1763249264349489e-07,8.525116506064023e-06,-2.2380979913805277e-07,False,False,False
binary,alpha,beta,0.25,0.25,1,50124,50,0.1,1.0,0.19784006524141418,1.299803788496411,32.36047137021483,3.26861086685528e-07,True,True,True,1.9580708059126777,1.9582535339022353,1.9582532275500122,1.4778905369719704,1.4778981345579107,1.4778981420823332,0.00011394718130356783,1.464770543558239e-07,0.0001019153310082288,-1.4777875634308657e-07,False,False,False
binary,alpha,beta,0.25,0.25,2,50125,50,0.1,1.0,0.47640468319046997,0.1,35.19575772070325,0.4612192903153187,True,True,True,1.3304172944985488,1.3305029172997889,1.3305013028073636,1.1098896623860282,1.1098681512434014,1.1098686272608709,1.54674901944023e-05,1.519151382316691e-07,3.892475377398341e-05,-6.654106030623552e-07,False,False,False
binary,alpha,beta,0.25,0.25,3,50126,50,0.1,1.0,0.49524740784731897,0.9040680787890341,33.00371008059882,1.8115356374411765e-08,True,True,True,4.751284128993148,4.7513979072523,4.7513965578846875,0.5577442062750967,0.5577357820341892,0.5577358721345806,8.911095933390079e-06,1.0817331296006995e-07,1.406752942756384e-05,-1.8026194226195003e-07,False,False,False
binary,alpha,beta,0.25,0.25,4,50127,50,0.1,1.0,0.4910049194066587,0.1,35.3790118476047,2.325585398921252,True,True,True,2.04678925608644,2.046774162359364,2.046773374164947,0.8385313109645243,0.8385372740285467,0.8385374330880746,8.622520899579494e-06,5.9512501468669757e-08,-7.111066224751994e-07,-2.019670759523251e-07,False,False,False
binary,alpha,beta,0.25,0.25,5,50128,50,0.1,1.0,0.5268004300138732,0.1658148748747274,35.07822744567192,2.1581090761184555e-07,True,True,True,5.6829287141569225,5.682912089574614,5.6829093393461205,0.47680720306538726,0.47680840826939397,0.47680858661045816,4.2461559461585605e-06,1.698056099699539e-07,-1.8164410278131982e-06,-2.786244195362997e-07,False,False,False
binary,alpha,beta,0.25,0.25,6,50129,50,0.1,1.0,0.5129142577142872,0.1,35.25491836193093,1.1307401202032985,True,True,True,3.0925247496994843,3.0925238857364765,3.0925221588089347,0.7082840408053238,0.7082828966792787,0.7082831080968522,4.608902692185482e-06,1.2827286001197903e-07,-1.911612038441035e-06,-3.150167984244945e-07,False,False,False
binary,alpha,beta,0.25,0.25,7,50130,50,0.1,1.0,0.4958453092127739,0.1,35.180994533898605,0.42105665443162693,True,True,True,3.6474715023623525,3.6476754382529193,3.6476751312973725,0.6601842905833859,0.6601614519947467,0.660161443969773,1.7799423105684976e-05,1.0557564412355034e-07,2.9522728901554274e-05,-9.339009920950048e-08,False,False,False
binary,alpha,beta,0.25,0.25,8,50131,50,0.1,1.0,0.4626215529059632,0.6630622084645476,34.14540028351409,5.955433342649105e-08,True,True,True,4.18882041637381,4.188721709252537,4.188720380067075,0.7465063366216246,0.7465226707570923,0.7465227774671631,1.497840044925695e-05,9.039451094020716e-08,-4.953799056295338e-06,-1.944703882372778e-07,False,False,False
binary,alpha,beta,0.25,0.25,9,50132,50,0.1,1.0,0.4718320899422483,0.1,35.276424028795745,1.3475584204059154,True,True,True,2.7523330179495056,2.752362221923397,2.7523617752889415,0.8116137362946269,0.8116121194213002,0.8116122147293463,7.361813830203472e-06,7.812648879032996e-08,8.696528922769176e-06,-5.2545708228990406e-08,False,False,False
binary,alpha,beta,0.25,0.25,10,50133,50,0.1,1.0,0.5058221983483605,0.21622773610736434,35.054384930051626,1.4210854715202004e-08,True,True,True,4.40154451392434,4.4015380437071565,4.401536797255001,0.5780589933290837,0.5780618008802264,0.5780618719286008,4.9459572170576125e-06,1.3890500276899045e-07,1.5609355514811796e-06,-2.0138816836379192e-07,False,False,False
binary,alpha,beta,0.25,0.25,11,50134,50,0.1,1.0,0.476360974993253,0.1,35.232130522442205,0.9456037197708638,True,True,True,3.5348737619049535,3.53498598210968,3.5349840951928932,0.6822716351468329,0.6822612964722683,0.6822614863940248,1.2223394981113219e-05,1.479181369774673e-07,1.952812381489366e-05,-3.1512802678435037e-07,False,False,False
binary,alpha,beta,0.25,0.25,12,50135,50,0.1,1.0,0.4766998991540728,0.7762732882551475,34.209624037713006,5.434606912323529e-08,True,True,True,2.631305542088614,2.631472536926325,2.6314718210690278,0.7782737200480143,0.7782456109809929,0.7782456794823402,1.0901175819417554e-05,1.2139368741178593e-07,3.090768705504843e-05,-1.931717221737017e-07,False,False,False
binary,alpha,beta,0.25,0.25,13,50136,50,0.1,1.0,0.512854968591097,0.17448777864209222,35.09937675684347,2.2158227081821274e-07,True,True,True,3.841780758617376,3.8420767214242737,3.842074373561388,0.6104617742017028,0.6104309077698932,0.610431125560841,2.0451365566336077e-05,1.8666630545258845e-07,4.113831074192831e-05,-3.603512297445377e-07,False,False,False
binary,alpha,beta,0.25,0.25,14,50137,50,0.1,1.0,0.47410900080255924,0.17651391732227684,35.101066011538215,7.864266969611811e-08,True,True,True,3.2539932662651125,3.2540872660538978,3.2540858654651745,0.7156905012965886,0.7156797024570606,0.7156798459681513,8.182234408242405e-06,1.292457576242434e-07,1.6189291287105334e-05,-2.6518593188029627e-07,False,False,False
binary,alpha,beta,0.25,0.25,15,50138,50,0.1,1.0,0.464434475008863,0.22538492878699523,35.074322753006896,1.4976278996213916e-07,True,True,True,3.0284037212150046,3.0285590589413665,3.0285587323194707,0.7806423424481743,0.7806246658152534,0.7806246804351997,1.343264106303831e-05,7.578769014438728e-08,3.0850292425554926e-05,-9.101545828116286e-08,False,False,False
binary,alpha,beta,0.25,0.25,16,50139,50,0.1,1.0,0.4860512485370973,0.3909858678643988,34.9537428632392,3.275440170573378e-08,True,True,True,2.5239659622420323,2.524158196825944,2.524157685939802,0.9067030867045913,0.9066639851932773,0.9066640517544245,1.7033904876275185e-05,5.478800164229102e-08,3.1017752903039764e-05,-1.2576728636304324e-07,False,False,False
binary,alpha,beta,0.25,0.25,17,50140,50,0.1,1.0,0.5157620023806788,0.1,35.147329771329375,0.08665240969208572,True,True,True,3.745058437318759,3.7450271585966393,3.745025535925052,0.657879330650915,0.6578846791839451,0.6578848297828748,5.2387716864378344e-06,1.2577124706653943e-07,-2.454210751068331e-06,-2.599036719175274e-07,False,False,False
binary,alpha,beta,0.25,0.25,18,50141,50,0.1,1.0,0.47465677446184174,0.1,35.168660559566995,0.18487688535669433,True,True,True,1.2936063898659385,1.2936654007359047,1.2936638802956058,1.1422404964036974,1.1422249482830868,1.1422254157262095,1.0838410858414878e-05,1.3017660764889547e-07,2.7078721174689235e-05,-6.371333114429945e-07,False,False,False
binary,alpha,beta,0.25,0.25,19,50142,50,0.1,1.0,0.4696717268013135,1.0183289961708557,33.339590119058606,3.795096298418652e-08,True,True,True,3.2214793744153423,3.2215055435162956,3.2215042041840904,0.8280492311856007,0.8280438421861801,0.8280439909540395,6.883872551933936e-06,9.582302627471597e-08,1.674497951853482e-06,-2.4447205504429803e-07,False,False,False
binary,alpha,beta,0.25,0.5,0,60123,50,0.1,1.0,0.4917192177352257,0.6951333518742226,34.05599801157658,1.947522331656976e-07,True,True,True,4.024841062362392,4.024982015323165,4.024982054864092,0.6870566956423039,0.6870433246709974,0.6870432802501111,8.38993267541697e-06,9.231234735130591e-08,1.958492165243797e-05,-4.1317555599107436e-08,False,False,False
binary,alpha,beta,0.25,0.5,1,60124,50,0.1,1.0,0.6515142795756215,0.8442265712602921,34.12624110337903,2.9261940827004194e-07,True,True,True,3.2205992592639,3.220632957884711,3.2206317358655925,0.7149377221021568,0.714933798047193,0.7149339411300143,2.506406633365473e-06,8.71805915905915e-08,5.730968567263517e-06,-2.147043431932616e-07,False,False,False
binary,alpha,beta,0.25,0.5,2,60125,50,0.1,1.0,0.5733408817736415,0.5276534269332284,34.60285239830739,2.493235635302362e-07,True,True,True,4.08331817988174,4.0834900075707585,4.083489196943414,0.6148053390556167,0.614788608455039,0.6147886814343947,1.4619912571984242e-05,5.541544021729246e-08,2.270321263608821e-05,-1.1449279924136135e-07,False,False,False
binary,alpha,beta,0.25,0.5,3,60126,50,0.1,1.0,0.45894112381285906,0.8722722820026756,33.6122853160755,2.700997158733033e-07,True,True,True,3.6588080796053024,3.6588857853777648,3.6588845541838513,0.7001746074374474,0.7001627033139423,0.7001628434663555,1.0293259709281527e-05,7.072696924639436e-08,7.35750973035465e-06,-1.7513784911216135e-07,False,False,False
binary,alpha,beta,0.25,0.5,4,60127,50,0.1,1.0,0.6005336665923812,1.3525700245252017,31.33437658925995,3.3063775168940885e-07,True,True,True,3.658488419323952,3.6584271296492457,3.658426558747507,0.8898219925074191,0.8898309916064884,0.8898310508429242,4.477741286665921e-06,2.819747187231163e-08,-6.480128977415234e-06,-8.78526904557475e-08,False,False,False
binary,alpha,beta,0.25,0.5,5,60128,50,0.1,1.0,0.47966280062894695,0.1,35.16638175349493,0.28253041506335763,True,True,True,3.575159442614082,3.575092732872192,3.5750907375234604,0.6965406137253854,0.6965523435496065,0.6965525568600762,1.4683237908278635e-05,1.2876612550202648e-07,-5.46749279095593e-06,-3.1254243282319294e-07,False,False,False
binary,alpha,beta,0.25,0.5,6,60129,50,0.1,1.0,0.7028085456664689,1.024843654289249,33.14264618278187,1.427834556675906e-07,True,True,True,4.046920364072717,4.046912495940369,4.046911819095882,0.6446055962189491,0.6446102497383281,0.6446102570571888,1.1792565801834589e-05,1.5200767262246733e-07,3.254509699956998e-06,-1.58823461049451e-07,False,False,False
binary,alpha,beta,0.25,0.5,7,60130,50,0.1,1.0,0.6777772893292128,1.8458278212834973,28.64586589057978,6.338771296824032e-08,True,True,True,2.811166938119147,2.8111960702176346,2.8111959587862043,1.1851642536465248,1.1851578063500023,1.1851578217873808,4.623225910266597e-06,5.456859108004355e-09,2.918347657754339e-06,-2.1865503185836133e-08,False,False,False
binary,alpha,beta,0.25,0.5,8,60131,50,0.1,1.0,0.5105550068408653,0.1,35.163479280136,0.3618571220443024,True,True,True,5.967937152272986,5.968126951748886,5.9681240096134545,0.43856264347798896,0.4385502610313384,0.43855040246262494,1.129815505862745e-05,2.3074880848314314e-07,1.7216725900937035e-05,-3.3014600830938434e-07,False,False,False
binary,alpha,beta,0.25,0.5,9,60132,50,0.1,1.0,0.4731714920375595,0.33370788814966973,34.914068775423964,3.351623381340333e-08,True,True,True,4.019465051248106,4.0195524544139,4.019552877757361,0.6403861787647899,0.6403710767806468,0.6403710056440972,1.5635868530176644e-05,6.200138254888312e-08,4.381358550631376e-06,2.3422060735356354e-08,False,False,False
binary,alpha,beta,0.25,0.5,10,60133,50,0.1,1.0,0.5826816560942949,0.558100995787107,34.1827702063599,3.275440170573378e-08,True,True,True,6.272454795219766,6.272569411393306,6.272568537688368,0.3891771502422428,0.3891656742302203,0.3891657063835685,1.43947238327868e-05,8.386598034710265e-08,4.958251402342739e-06,-1.022719047227838e-07,False,False,False
binary,alpha,beta,0.25,0.5,11,60134,50,0.1,1.0,0.4608136422879748,0.1,35.157187177427886,0.0513266513735349,True,True,True,0.765629201889136,0.7655567032255352,0.765556415171328,1.3831471896629857,1.383190884990368,1.3831910218152939,8.077344978235315e-06,6.319716993446396e-08,-4.460873334721782e-05,-2.187421799249023e-07,False,False,False
binary,alpha,beta,0.25,0.5,12,60135,50,0.1,1.0,0.5614926686165594,0.31667187198504587,34.98278714577549,4.0539872415946835e-07,True,True,True,3.485486918621682,3.4855727913342105,3.485571814881528,0.6799640421554424,0.6799541221117948,0.6799542010834343,6.571632830715279e-06,1.1336975649754198e-07,1.3026823665995835e-05,-1.8922182221103867e-07,False,False,False
binary,alpha,beta,0.25,0.5,13,60136,50,0.1,1.0,0.05188868765418532,3.114800974417891,33.13244226172755,2.5117750451646135e-06,True,True,True,0.409946234828078,0.4099693956757314,0.40996849705105115,3.578943954867598,3.5790306325662247,3.579031290977523,0.0002554717072760181,6.769453346434388e-07,0.00015485316402674698,-1.4339095102400279e-06,False,False,False
binary,alpha,beta,0.25,0.5,14,60137,50,0.1,1.0,0.44515662500510816,0.4669855582077359,34.54528497722994,1.3873790429220374e-07,True,True,True,4.715195850193141,4.715208148611466,4.715207027583965,0.5919675396788014,0.5919714757290565,0.5919715596413769,1.1281550123905862e-05,7.352873447609551e-08,6.99865418596346e-06,-1.411395942341187e-07,False,False,False
binary,alpha,beta,0.25,0.5,15,60138,50,0.1,1.0,0.471591868823075,0.5625893245558109,34.44337058686192,5.783398860650275e-08,True,True,True,4.111540441223667,4.111657538754258,4.111655685881453,0.6228990880419918,0.6228866693423509,0.6228868588925554,6.498944118904773e-06,1.0549716311640937e-07,1.394983573987929e-05,-2.324112529095146e-07,False,False,False
binary,alpha,beta,0.25,0.5,16,60139,50,0.1,1.0,0.4648604242917167,0.3508163307218775,35.00158590287954,2.5502941774168325e-07,True,True,True,2.4382350469270135,2.4383008608642878,2.4382984946644792,1.0018070860089927,1.0017961874514787,1.00179658045659,5.116758783123504e-06,1.1617889532367491e-07,1.3926691138976821e-05,-5.179664128718287e-07,False,False,False
binary,alpha,beta,0.25,0.5,17,60140,50,0.1,1.0,0.4507009203159952,0.33418319331877927,35.01508929918036,1.8545709872538208e-07,True,True,True,2.210053429115832,2.2100779570973734,2.210077932918132,0.9258437421131048,0.9258480725782336,0.9258480345046848,2.087073198571147e-05,9.79692518250973e-08,1.6029162260622343e-05,-5.477424025457367e-08,False,False,False
binary,alpha,beta,0.25,0.5,18,60141,50,0.1,1.0,0.46188804398903865,0.1,35.42422190552443,2.762138766598811,True,True,True,1.3705589558202707,1.3704634293131404,1.3704633449911232,1.123553074380055,1.1235868933111974,1.1235869127073799,1.107992905664203e-05,2.9107827252767856e-08,-3.080508366792856e-05,-3.9197423973291734e-08,False,False,False
binary,alpha,beta,0.25,0.5,19,60142,50,0.1,1.0,0.5343660300856751,0.4587891740697221,34.74774711635982,1.1637510051911591e-07,True,True,True,3.9287086553186406,3.9285476141554936,3.928548219660119,0.6535961315183264,0.6536166657599775,0.6536166267580772,1.2554639476853303e-05,7.345621663340689e-08,-1.7241558261105183e-05,1.092267751801046e-07,False,False,False
binary,alpha,beta,0.25,1.0,0,70123,50,0.1,1.0,0.44363721886843976,1.4737876220599482,30.7826559383459,1.0092511732479816e-07,True,True,True,3.3103750468396904,3.310404947556321,3.3104047987000347,0.6861078928860257,0.6861083006484842,0.6861082844504552,9.85810920111933e-06,8.126016520418554e-08,9.438223923297073e-06,-6.361485915817866e-08,False,False,False
binary,alpha,beta,0.25,1.0,1,70124,50,0.1,1.0,0.5078336936301032,1.0571392665048926,31.05579548979415,1.3964937135495888e-07,True,True,True,6.443135210755676,6.443210808746483,6.443210578225256,0.5698907441339928,0.5698912375889564,0.569891236436068,1.3360668356185338e-05,3.943221290034428e-08,1.2264043867560304e-05,-3.71046979807943e-08,False,False,False
binary,alpha,beta,0.25,1.0,2,70125,50,0.1,1.0,0.2970549747949278,1.084280623594281,33.46835145807405,2.528173057269766e-07,True,True,True,2.2075629090251296,2.207736729732084,2.2077341159840853,1.1126288857726494,1.1126068814648156,1.1126073327826769,2.8893520345145426e-05,1.7115221487398244e-07,5.273793222926315e-05,-6.643056522648294e-07,False,False,False
binary,alpha,beta,0.25,1.0,3,70126,50,0.1,1.0,0.4788908110206249,0.1,35.17958643227059,0.39128804374410125,True,True,True,3.1082343439753206,3.108353033034586,3.1083526417108684,0.7403224132280856,0.74030194781647,0.7403019876973753,1.1271738249667593e-05,4.257488196624037e-08,1.4542979272391676e-05,-7.997965667527751e-08,False,False,False
binary,alpha,beta,0.25,1.0,4,70127,50,0.1,1.0,0.15347709926275355,2.1028244842806196,32.072447209980304,1.5285074612986513e-07,True,True,True,0.9382235783838211,0.9382526408916115,0.938252427732371,1.9050997949949156,1.9051359145472508,1.9051359294939478,0.00011510603373154689,1.9339479370714967e-07,7.234981259074402e-05,-2.0997947558498709e-07,False,False,False
binary,alpha,beta,0.25,1.0,5,70128,50,0.1,1.0,0.502925356696323,0.35573524742873175,34.66877296660789,1.075246270717511e-07,True,True,True,7.567526896731769,7.567469784843174,7.567470257555401,0.27521503721093327,0.2752163539940763,0.27521636295083274,1.1853710495370254e-05,8.219288075626641e-08,-5.958216362955682e-06,7.277819236151117e-08,False,False,False
binary,alpha,beta,0.25,1.0,6,70129,50,0.1,1.0,0.4957261572575907,0.6286681279090891,34.29448502014708,1.2809491335957508e-08,True,True,True,4.064968973460232,4.064953729114062,4.064952767844214,0.8002971194629278,0.8002997996285242,0.8002999111062632,1.0832849454852452e-05,4.290841314500235e-08,-7.726616217951232e-07,-1.0813398176878763e-07,False,False,False
binary,alpha,beta,0.25,1.0,7,70130,50,0.1,1.0,0.48873644955778933,0.10974233679517408,35.13351446983183,6.039613253960852e-08,True,True,True,3.843342936999466,3.8433504517759793,3.843350828159704,0.6397429323381628,0.6397446859947925,0.639744685284832,6.312629421863167e-06,9.786623858951894e-08,4.0713545459425404e-06,9.711376947052486e-08,False,False,False
binary,alpha,beta,0.25,1.0,8,70131,50,0.1,1.0,0.09815017769382245,2.6778948098276745,30.977537774721622,3.470393712276708e-07,True,True,True,0.9067356095261905,0.9068944590954723,0.9068942846385367,2.3835291423802913,2.383570308676993,2.3835700820453694,0.00026960689754837425,7.147311666247769e-07,0.00022211422965057182,-4.5328672371169887e-07,False,False,False
binary,alpha,beta,0.25,1.0,9,70132,50,0.1,1.0,0.5086071458748762,1.0070559107147588,33.070527472601164,4.793982032088468e-07,True,True,True,3.7161105824428944,3.716090694898353,3.7160905077769333,0.8213206013511187,0.8213234440430132,0.8213234558190251,1.5769632855270434e-05,2.594048962797761e-08,-2.1157506395752534e-06,-3.6796741653688514e-08,False,False,False
binary,alpha,beta,0.25,1.0,10,70133,50,0.1,1.0,0.4259101889463474,1.066137196659108,33.517095218747805,8.068282045407753e-08,True,True,True,2.425314601215683,2.425318135251901,2.4253175232419886,1.0994734689401462,1.0994764765318326,1.0994765609526171,1.0124023841501083e-05,6.123066639460387e-08,4.764613187546729e-06,-1.551491308759978e-07,False,False,False
binary,alpha,beta,0.25,1.0,11,70134,50,0.1,1.0,0.3511291649235075,1.827358003142237,31.468174394551752,6.596843400809204e-09,True,True,True,1.364134542634293,1.3641983001533902,1.3641979461205773,1.4547616180279956,1.454743054069618,1.4547431537193196,4.710669438664471e-06,3.2163270240333285e-08,2.522000867699603e-05,-1.4479119414545494e-07,False,False,False
binary,alpha,beta,0.25,1.0,12,70135,50,0.1,1.0,0.3711797207680522,1.6300286861337638,29.750656967177193,3.546653459753828e-08,True,True,True,2.7071307890842604,2.7072022000242137,2.707201849004496,1.1971388479160632,1.197142474215624,1.1971425226449266,3.598337303756468e-05,2.195124834647367e-08,3.0479507515224213e-05,-7.39051451148498e-08,False,False,False
binary,alpha,beta,0.25,1.0,13,70136,50,0.1,1.0,0.5169928110888821,1.239701935459078,31.109627479644274,2.0007179931865152e-08,True,True,True,4.527234741305989,4.527292234622397,4.527291736631718,0.7661370467362392,0.7661321196447499,0.7661321544251586,4.426713416643464e-06,3.537126340879264e-08,6.956874077701514e-06,-6.995504975293443e-08,False,False,False
binary,alpha,beta,0.25,1.0,14,70137,50,0.1,1.0,0.2224568644925646,2.0186968291007967,31.62589735159984,1.3053404297146142e-07,True,True,True,1.6924400751217412,1.6924154051250007,1.6924152374339105,1.4197116059079153,1.4197369075497566,1.4197368954749128,4.408718344425044e-05,1.271301582898267e-07,1.4439914785668861e-05,-1.1298556401584392e-07,False,False,False
binary,alpha,beta,0.25,1.0,15,70138,50,0.1,1.0,0.5490983367391505,0.6158262867397993,34.44916907809112,3.4990171833002054e-08,True,True,True,3.75407290791947,3.754211431260514,3.7542097241171333,0.6632262554728289,0.6632099814371816,0.6632101941909462,8.039597765915916e-06,1.1430859413417005e-07,1.795283822048077e-05,-2.0978583137321039e-07,False,False,False
binary,alpha,beta,0.25,1.0,16,70139,50,0.1,1.0,0.4992689799897921,0.1,35.162943138289705,0.2152806004574223,True,True,True,3.169265255747424,3.1692585890377107,3.1692576616194095,0.7033129115609809,0.703315741196512,0.7033158568700985,4.872563571520063e-06,6.28547430492427e-08,9.947301933266317e-07,-1.5945532538808038e-07,False,False,False
binary,alpha,beta,0.25,1.0,17,70140,50,0.1,1.0,0.36762742512566515,1.4133152304707313,33.0315462156466,1.4319380532554341e-07,True,True,True,1.9485001238649744,1.948557991736331,1.9485568764801895,1.356936736812713,1.3569366227969326,1.3569368696219686,2.9674126546013486e-05,2.6232909254658647e-08,2.92787863784838e-05,-2.8818181618817107e-07,False,False,False
binary,alpha,beta,0.25,1.0,18,70141,50,0.1,1.0,0.4557867029501566,1.6215340660328321,26.99519747669105,1.3243029910642284e-07,True,True,True,4.874410566444347,4.87447337125458,4.87447337228509,0.8772382424629533,0.8772327878445576,0.8772327844808286,6.243713082656672e-06,8.543985015127556e-09,6.600990129612683e-06,-3.6612277654057834e-09,False,False,False
binary,alpha,beta,0.25,1.0,19,70142,50,0.1,1.0,0.6027789081116086,1.4807994756011047,31.09514955154562,7.996924502352334e-08,True,True,True,3.1733669283372197,3.173394444190728,3.173394269308539,1.0470845236202715,1.0470810949872624,1.0470811147395518,4.962780368512735e-06,1.086077944545261e-08,4.691105015552921e-06,-3.2368209446076435e-08,False,False,False
binary,alpha,beta,0.25,3.0,0,80123,50,0.1,1.0,0.3349596875597255,2.330536006192951,24.849479412257974,1.603661036592192e-07,True,True,True,2.8448617652175336,2.844924581372674,2.844924533520305,1.2955015722215693,1.295503495695793,1.2955034983619624,2.6739016949706127e-05,1.0840583879219743e-08,2.4281052052543828e-05,-1.37507178976648e-08,False,False,False
binary,alpha,beta,0.25,3.0,1,80124,50,0.1,1.0,0.35210733279002127,2.8047175978100203,21.73577884715166,9.384092046821821e-08,True,True,True,2.163388071901547,2.163435364439443,2.1634352040298537,1.2086856260491832,1.2086820404190968,1.2086820601778392,1.3631979663816002e-05,2.9141028316682582e-08,1.7680658483953948e-05,-5.139768433082281e-08,False,False,False
binary,alpha,beta,0.25,3.0,2,80125,50,0.1,1.0,0.6715523920604023,3.2272054958263845,21.787591046851446,3.45649424976876e-08,True,True,True,1.4066191842664333,1.4066894479444836,1.4066893138117478,1.5021748367877243,1.5021526725942114,1.5021527100537726,1.911276956153463e-06,1.0393052865544832e-08,2.4381223244773764e-05,-5.2226571511937436e-08,False,False,False
binary,alpha,beta,0.25,3.0,3,80126,50,0.1,1.0,0.46656090921023813,2.7092734553820588,25.281674569241044,1.281823325804928e-07,True,True,True,1.6831722014830095,1.6831683593332996,1.6831682321423924,1.4311337202464491,1.4311375354953966,1.4311375573274432,7.4285538139207345e-06,2.5588167333005383e-08,2.0593501055543584e-06,-5.0431289366770216e-08,False,False,False
binary,alpha,beta,0.25,3.0,4,80127,50,0.1,1.0,0.35529594931716957,1.9683665138701587,25.277244026747294,7.603741113402453e-09,True,True,True,3.7456989639504994,3.7457977959961424,3.7457975544340414,0.9318369289204549,0.9318194976567674,0.9318195106449058,1.4065221979985842e-05,3.527987293725292e-08,6.267107075075273e-06,-4.953568222276772e-08,False,False,False
binary,alpha,beta,0.25,3.0,5,80128,50,0.1,1.0,0.23627429821732196,2.5018390512254927,23.62208567574496,3.019806626980426e-08,True,True,True,2.571842215709556,2.5719043825769914,2.571904358263025,1.2920108240455603,1.2920315564946507,1.2920315101057815,7.189877017684791e-05,1.1615869331560871e-07,4.7978076761268085e-05,-6.286084186513108e-08,False,False,False
binary,alpha,beta,0.25,3.0,6,80129,50,0.1,1.0,0.36638754925650646,2.941308227840485,19.103282300276497,3.2377884073391824e-07,True,True,True,1.8950144057494722,1.8950880950436881,1.8950878992661735,1.201318493290294,1.201311533740898,1.2013115531391076,2.330905286321989e-05,6.048288023959058e-08,3.0791667239071785e-05,-8.09748605945515e-08,False,False,False
binary,alpha,beta,0.25,3.0,7,80130,50,0.1,1.0,0.36225542829509816,2.6431345515521203,22.337351039559465,2.68709500561696e-09,True,True,True,2.4676200124884424,2.4675928163673966,2.467592817128215,1.240319259299455,1.24033506705447,1.240335050201343,2.5612312686998982e-05,3.856572979515001e-08,7.159000357859213e-06,-1.9094557046628324e-08,False,False,False
binary,alpha,beta,0.25,3.0,8,80131,50,0.1,1.0,0.4036846616445147,2.5076559720822873,24.625471917830094,2.682969115235135e-08,True,True,True,2.3219277390983977,2.322037251073598,2.322037244922426,1.262872609700479,1.262853394468668,1.2628534005326473,4.777577835314718e-06,1.1301373528592583e-08,2.5045114785626765e-05,4.332374459181665e-09,False,False,False
binary,alpha,beta,0.25,3.0,9,80132,50,0.1,1.0,0.46264180034170543,2.0043430032858587,29.45820999896749,7.653529504058512e-08,True,True,True,2.0792311011331264,2.079328749716765,2.079328784411145,1.3599559631296065,1.359934314233132,1.3599343010558569,4.633708542599151e-06,1.367778315518589e-08,2.2039993776701294e-05,1.5144756559948291e-09,False,False,False
binary,alpha,beta,0.25,3.0,10,80133,50,0.1,1.0,0.19759419111470533,2.5505524806210618,28.04829267037596,8.878729565577359e-07,True,True,True,0.9874328302300431,0.9877160850132563,0.9877156760911742,2.140850173542912,2.140769204867345,2.140769349635411,0.00010100903241991988,8.266404916120473e-08,0.00019335269251641307,-2.473374074440926e-07,False,False,False
binary,alpha,beta,0.25,3.0,11,80134,50,0.1,1.0,0.2924002957779842,2.273206537500552,22.53372936611783,1.4934487240426887e-07,True,True,True,1.447836072630636,1.4478232723365378,1.4478231238412866,0.8798401045816195,0.8798534557390195,0.8798534289579711,2.168408499321551e-05,1.9364711349020542e-07,6.396668609909284e-06,-1.3339731452788328e-07,False,False,False
binary,alpha,beta,0.25,3.0,12,80135,50,0.1,1.0,0.45271855970676256,2.7939764785677035,23.64131180259974,3.3982192013570766e-07,True,True,True,1.4423267404351818,1.4424339146891998,1.4424337788916375,1.4883517062481078,1.4883166429842944,1.4883166718273981,6.977257121495417e-06,2.796439055149304e-08,3.387472867544261e-05,-6.093789295391616e-08,False,False,False
binary,alpha,beta,0.25,3.0,13,80136,50,0.1,1.0,0.3187573723778805,3.0618255369373246,16.835068312745644,8.723462044752549e-08,True,True,True,2.136661646321495,2.1366832172576053,2.136683210282989,1.3409540986804638,1.340959247867971,1.3409592405284572,2.202722668855771e-05,2.0291679107595056e-08,1.60120817298548e-05,-1.1714149650288164e-08,False,False,False
binary,alpha,beta,0.25,3.0,14,80137,50,0.1,1.0,0.3377319073765349,3.0494446383711304,22.656699935524223,1.783301507487988e-08,True,True,True,1.8162198684619593,1.8162388419417683,1.81623879961531,1.5231884917431386,1.5231936163089943,1.5231936130897359,2.2276528341078815e-05,3.0711355545575013e-08,1.6319495767191938e-05,-2.7010763403723104e-08,False,False,False
binary,alpha,beta,0.25,3.0,15,80138,50,0.1,1.0,0.4217991743845956,1.4544589902508218,32.31538007669486,1.0072327718682347e-07,True,True,True,2.004842713364014,2.0049131051875992,2.0049128480161786,1.1048611536040536,1.1048585807831723,1.1048586261562738,2.955317738682429e-05,2.8151865947169595e-08,3.207217701373111e-05,-7.603289731150653e-08,False,False,False
binary,alpha,beta,0.25,3.0,16,80139,50,0.1,1.0,0.3534022792937457,3.1650869851121644,16.714246545744512,4.91585791041679e-08,True,True,True,2.093145873773069,2.0932580963569065,2.093258068684584,1.2881139108755817,1.2880983573885094,1.288098348619217,1.8127516880753677e-05,3.352179171326588e-08,3.568294908262715e-05,-2.3315756436659285e-08,False,False,False
binary,alpha,beta,0.25,3.0,17,80140,50,0.1,1.0,0.525915552347705,2.7568467225527002,21.186938219161643,8.941417576973227e-08,True,True,True,2.173157323268769,2.1732191424541614,2.173218924865907,1.182226049376391,1.1822083231046754,1.1822083457566495,1.2987408093825061e-05,4.8322414657274234e-08,7.964141634175803e-06,-7.404351265449804e-08,False,False,False
binary,alpha,beta,0.25,3.0,18,80141,50,0.1,1.0,0.4792817953709521,1.8203718549459613,26.680379213254216,1.2342802082041248e-07,True,True,True,3.8505676827493316,3.850612656659023,3.8506123682856366,0.9414639102897101,0.9414551773719124,0.9414552065369165,8.723215840222263e-06,1.1475715489540503e-08,1.584288604306039e-06,-4.131281272634624e-08,False,False,False
binary,alpha,beta,0.25,3.0,19,80142,50,0.1,1.0,0.21806269786014623,2.8721819225319445,23.93864185425778,3.5484040707637105e-07,True,True,True,1.9003600206517672,1.9003604402498744,1.900360322271511,1.6282073109405852,1.6282388663926615,1.6282388505910474,7.301380884565838e-05,9.871463761074744e-08,3.6470081642647756e-05,-8.027437914392976e-08,False,False,False
binary,alpha,beta,0.25,8.0,0,90123,50,0.1,1.0,0.1715871207107955,5.556371583182654,15.46703573520213,8.082676525458033e-08,True,True,True,0.7746658834168183,0.7746200527952591,0.7746200611152465,2.612400380458853,2.612457841278649,2.612457792676886,7.304107372274813e-05,1.0125719197321311e-07,6.9454576951955005e-06,-4.5214115118596965e-08,False,False,False
binary,alpha,beta,0.25,8.0,1,90124,50,0.1,1.0,0.3645023833389349,5.718405165327148,4.791859289766809,1.226790133521103e-07,True,True,True,0.697104586881251,0.6971286271541814,0.6971286180352907,1.7773823654291219,1.7773746223819433,1.7773746149809975,1.6641895934604713e-05,3.014790497186388e-08,2.5549182763207057e-05,-2.1601296751327936e-08,False,False,False
binary,alpha,beta,0.25,8.0,2,90125,50,0.1,1.0,0.4317936195007547,4.987274783433863,3.1038129344969043,9.585438276670005e-08,True,True,True,0.7503740547380946,0.750395551036684,0.7503955411023991,1.630483265995776,1.6304731976669897,1.6304731956933813,5.569462122761285e-06,1.7823748468933365e-08,1.7039930686912896e-05,-1.551093120610858e-08,False,False,False
binary,alpha,beta,0.25,8.0,3,90126,50,0.1,1.0,0.3989374055979037,5.214672090562942,5.085292091376572,4.429068645786753e-09,True,True,True,0.7148186481506043,0.7148476564747475,0.714847645783653,1.7019979561813439,1.7019834738168378,1.7019834709823762,7.3080602054453326e-06,2.1563302720175393e-08,2.388889496085511e-05,-1.8219060926583097e-08,False,False,False
binary,alpha,beta,0.25,8.0,4,90127,50,0.1,1.0,0.2451134144697409,4.504904796217435,18.425573239342253,5.188904063213066e-07,True,True,True,0.9893833037952348,0.9894044233803652,0.9894043997953564,2.3183583494724465,2.318363591610848,2.3183636132747973,3.3485248201529095e-05,2.6055379030611743e-08,2.738232237575744e-05,1.1039595904094313e-09,False,False,False
binary,alpha,beta,0.25,8.0,5,90128,50,0.1,1.0,0.3726399243805788,5.5559724082749575,6.366940011648159,2.184928269405788e-07,True,True,True,0.6459127879223185,0.6459035358729084,0.645903522439312,1.8437422429091515,1.8437600726690317,1.8437600702799277,2.6703328799668612e-05,2.6301651434450174e-08,6.179626667268678e-06,-2.3548704319864555e-08,False,False,False
binary,alpha,beta,0.25,8.0,6,90129,50,0.1,1.0,0.3510116301586302,5.697437702546575,5.244369849691518,2.477180069095774e-08,True,True,True,0.6587742812318235,0.6587820639509148,0.6587820576424186,1.8414822225996312,1.841486721356966,1.8414867162582262,2.215224836093253e-05,2.1316117923738366e-08,1.697780873932686e-05,-1.5446139478569876e-08,False,False,False
binary,alpha,beta,0.25,8.0,7,90130,50,0.1,1.0,0.35224806011026716,5.428560382601309,5.504526282170422,2.0210689405843128e-07,True,True,True,0.7214823016538824,0.7214859720926261,0.7214859590249066,1.7416388478674578,1.741643783187357,1.741643780370253,1.6435298617615523e-05,2.4713370230218387e-08,1.074798651146125e-05,-2.135554044713217e-08,False,False,False
binary,alpha,beta,0.25,8.0,8,90131,50,0.1,1.0,0.39361385909546004,5.326453147419308,5.142341217289297,6.440205662761212e-08,True,True,True,0.7319140423212696,0.7318878987475432,0.731887896264195,1.6865225790034268,1.686541729722783,1.686541722281848,8.388751479964058e-06,2.0602986741119433e-08,-1.3683976401779319e-05,-1.1959764734115197e-08,False,False,False
binary,alpha,beta,0.25,8.0,9,90132,50,0.1,1.0,0.4697341429498428,5.072280817570454,6.448085016655602,3.2134299086557735e-08,True,True,True,0.7629538065449196,0.7629226756446559,0.7629226698259238,1.7584735484989922,1.758486122163265,1.7584861289190084,1.1988829548925614e-05,8.08424075488811e-09,-2.6327841522011397e-05,1.5094059335751808e-10,False,False,False
binary,alpha,beta,0.25,8.0,10,90133,50,0.1,1.0,0.5459268792184838,5.732971248114866,14.004283985965419,3.4831047804500134e-07,True,True,True,0.5945064652620765,0.5945178292499023,0.5945178319560123,1.9016768461328493,1.9016632958757071,1.9016632812379544,1.214441953994597e-05,2.9150685624224808e-08,3.5022012170315975e-06,-1.2300564122824653e-08,False,False,False
binary,alpha,beta,0.25,8.0,11,90134,50,0.1,1.0,0.3963031661027129,5.462433023136797,4.843236945795655,2.219867411607825e-07,True,True,True,0.7121945036372849,0.7122199393428708,0.7122199358917036,1.7504290004101413,1.7504176090897947,1.75041760154618,9.527203465654188e-06,2.2276562972949475e-08,2.2585638609129433e-05,-1.3530555342811112e-08,False,False,False
binary,alpha,beta,0.25,8.0,12,90135,50,0.1,1.0,0.30715669124271855,5.613607266504258,4.798759266018704,1.5993348416936494e-07,True,True,True,0.6944406428078712,0.6944661896033242,0.6944661804580279,1.7647851221660371,1.764784444171178,1.764784425548359,3.5172548180404425e-05,5.6058735182383456e-08,3.5971730639516863e-05,-3.4609127119722416e-08,False,False,False
binary,alpha,beta,0.25,8.0,13,90136,50,0.1,1.0,0.33065768610222707,5.5393498183409555,4.444830182750747,1.9884885365355478e-08,True,True,True,0.7094672089815367,0.7094528440018233,0.7094528340331798,1.7896680343129001,1.7896901832472702,1.7896901747061396,3.071611573494192e-05,3.379921339795021e-08,5.228253794342663e-06,-2.3884512145855297e-08,False,False,False
binary,alpha,beta,0.25,8.0,14,90137,50,0.1,1.0,0.4658160460365344,4.335553092712013,12.751918572092395,1.2649449097379386e-08,True,True,True,1.0534793899878212,1.0535207994271356,1.0535208035569164,1.5374684229847548,1.5374501732854,1.5374501682796684,3.709979694376091e-06,7.709600796558094e-09,1.829395000108036e-05,-1.8430803550018027e-09,False,False,False
binary,alpha,beta,0.25,8.0,15,90138,50,0.1,1.0,0.2044422858210167,5.2425433926459135,12.792830052256924,2.8013810774316313e-07,True,True,True,0.8311436326654237,0.8311684401087591,0.8311684500546127,1.8080409606757082,1.8080852131360265,1.8080850747664303,0.0001314868520623575,3.0660681519104273e-07,8.064710467436953e-05,-1.4733777398134862e-07,False,False,False
binary,alpha,beta,0.25,8.0,16,90139,50,0.1,1.0,0.4111167458561362,5.346137338458076,5.123235704636237,1.4170035397411102e-08,True,True,True,0.7321250910081974,0.732145808039858,0.7321457988028987,1.7014496282574623,1.7014385015619213,1.701438497835432,3.002470577237076e-06,2.1232584685131866e-08,1.5469731581951862e-05,-1.6906563260477014e-08,False,False,False
binary,alpha,beta,0.25,8.0,17,90140,50,0.1,1.0,0.19859498272064713,4.986467935326515,15.566189529593734,4.1246073017801846e-07,True,True,True,0.918701284849201,0.9187010038563556,0.9187009913820405,2.0711626689207985,2.071199022413546,2.071198967262593,8.325858543824557e-05,1.4087981476880576e-07,4.147057332914983e-05,-7.707309279680885e-08,False,False,False
binary,alpha,beta,0.25,8.0,18,90141,50,0.1,1.0,0.4054582303600143,5.183975196102684,4.816392677343542,5.7433119652919985e-09,True,True,True,0.7435382558344238,0.7435220736145549,0.7435220608243817,1.6622012137199134,1.662212522700685,1.6622125202574909,4.289012678603253e-06,2.289090296428842e-08,-8.764109197478831e-06,-2.0014974566606725e-08,False,False,False
binary,alpha,beta,0.25,8.0,19,90142,50,0.1,1.0,0.36904494636205987,5.206187047185931,7.380074834466397,1.042457582393791e-07,True,True,True,0.7451146583076775,0.745129418125197,0.7451294103548278,1.8593965046496248,1.85939550401169,1.8593955024478066,1.752585396080316e-05,1.4178715376234285e-08,1.86443350607135e-05,-1.2228701606886716e-08,False,False,False
binary,alpha,beta,0.5,0.25,0,100123,50,0.1,1.0,0.5964018411144687,0.9582639222980494,32.55737228866132,4.618527782440651e-08,True,True,True,5.3320139038261525,5.332270920515779,5.332268174626613,0.49214351976528914,0.492119497908996,0.49211965000590313,2.013307253491771e-05,2.2263270955092538e-07,2.0205359575697912e-05,-3.3984889569182997e-07,False,False,False
binary,alpha,beta,0.5,0.25,1,100124,50,0.1,1.0,0.3984105150568994,0.4580071380759804,34.799102153732505,2.9270566307170014e-07,True,True,True,3.3359915432646643,3.336111119127921,3.3361089413959615,0.8416908806838466,0.8416824089572239,0.8416826562931959,1.687161230258462e-05,1.2446687491829072e-07,2.5722076713918796e-05,-3.6801975511480123e-07,False,False,False
binary,alpha,beta,0.5,0.25,2,100125,50,0.1,1.0,0.4923148374102181,0.1,35.129703616192614,0.04737297132400729,True,True,True,6.332712422225733,6.3326601759155645,6.332660718834971,0.3940112996241621,0.39401394900044,0.39401390305646233,4.314416030343876e-06,4.055399325194724e-08,-5.167214844448154e-06,3.283826544020485e-08,False,False,False
binary,alpha,beta,0.5,0.25,3,100126,50,0.1,1.0,0.49750776469905184,0.6767234882577351,33.974522263283376,5.17282919736354e-08,True,True,True,4.7747160386873455,4.774745419941402,4.7747459835927994,0.6526551287010598,0.6526508693850853,0.6526508664444559,5.625008187775375e-06,1.1342473981034238e-07,1.3644334231344146e-06,1.1466294580486647e-07,False,False,False
binary,alpha,beta,0.5,0.25,4,100127,50,0.1,1.0,0.5927541460710786,0.7776885061830504,33.62439795723784,3.4990171833002054e-08,True,True,True,4.990042334861269,4.990184240185996,4.990181363435923,0.5915508859700107,0.591542230737405,0.5915424553371731,1.071334018030999e-05,1.5414858349063596e-07,1.8154688568472466e-05,-3.179018648324927e-07,False,False,False
binary,alpha,beta,0.5,0.25,5,100128,50,0.1,1.0,0.4248301144614737,1.093509327061909,33.633690882699106,1.6628506319500928e-08,True,True,True,2.10093482765946,2.101000683101444,2.100999923032467,1.0907797923960536,1.0907803187493605,1.0907804456443422,3.4900668670607086e-05,7.546745385093479e-08,3.173560384794882e-05,-2.1567203845052063e-07,False,False,False
binary,alpha,beta,0.5,0.25,6,100129,50,0.1,1.0,0.3826649536023948,0.7074853353899087,34.369378659088774,1.1234667099445443e-07,True,True,True,2.7685634719076324,2.7686111271491303,2.768611215020958,1.034941305490425,1.0349422933172554,1.0349422736460014,2.3369079871516596e-05,2.629400306863267e-08,1.8359205746776297e-05,9.0912237737939e-09,False,False,False
binary,alpha,beta,0.5,0.25,7,100130,50,0.1,1.0,0.5299872105669983,0.2278818691161291,35.05164713425478,2.796507012327883e-07,True,True,True,4.123761890262637,4.12395451182113,4.1239545043350745,0.5513096499243836,0.5512905189929859,0.5512904903297761,2.184055676726494e-05,7.00045793369325e-08,2.4648950727623742e-05,-3.4815002436516806e-08,False,False,False
binary,alpha,beta,0.5,0.25,8,100131,50,0.1,1.0,0.4603903953892549,0.7964784986709111,33.46887898870578,9.755417961618193e-08,True,True,True,4.624827883671737,4.6249158517684315,4.624914984706496,0.5723909322454244,0.5723833002873241,0.5723833743080765,5.3995413637191055e-06,5.12164688569627e-08,1.013178275854898e-05,-1.0225673463537532e-07,False,False,False
binary,alpha,beta,0.5,0.25,9,100132,50,0.1,1.0,0.4635721374909418,0.9223779525564446,33.4093348081518,6.029155041345697e-08,True,True,True,3.700203418480197,3.700232349990388,3.7002312766807663,0.8242435031788959,0.8242464359067089,0.8242465326796912,1.7966795102213094e-05,8.169168617489571e-08,1.101664282288084e-05,-1.786514900459224e-07,False,False,False
binary,alpha,beta,0.5,0.25,10,100133,50,0.1,1.0,0.3948163039877172,0.811503928072244,33.81247177220134,3.5799650571734143e-07,True,True,True,3.3223662581534845,3.322407248988066,3.3224058444362368,0.8874836696998812,0.8874802407964133,0.8874803833531586,6.924648561350811e-06,1.0832662420894766e-07,8.13146944977916e-06,-2.586268266213665e-07,False,False,False
binary,alpha,beta,0.5,0.25,11,100134,50,0.1,1.0,0.5574788129383408,0.4646794248243601,34.81208399741793,2.345060157538974e-07,True,True,True,3.2860832457592735,3.2862369268462888,3.2862356959683425,0.6861347388414993,0.6861144036598906,0.686114557264716,1.0965892001098325e-05,7.856691782496355e-08,2.315670514718704e-05,-1.977114294504645e-07,False,False,False
binary,alpha,beta,0.5,0.25,12,100135,50,0.1,1.0,0.4865835574107359,0.1,35.461649202031815,3.3494690079294376,True,True,True,5.8470920377161075,5.847105888747316,5.84710516355642,0.461622104576079,0.46162079332321043,0.46162083103467844,4.899570005706224e-06,5.362655917583629e-08,7.786280278310187e-07,-8.060869305381857e-08,False,False,False
binary,alpha,beta,0.5,0.25,13,100136,50,0.1,1.0,0.5430360762732335,0.4706518639452356,34.74470848732878,7.652779469160726e-08,True,True,True,3.7999891815675992,3.799908975106374,3.7999096906936884,0.636967937230472,0.6369759777264713,0.6369758780323777,1.07612477026855e-05,6.036141299681727e-08,-1.1776743335190076e-05,7.353987996339129e-08,False,False,False
binary,alpha,beta,0.5,0.25,14,100137,50,0.1,1.0,0.4808981218119256,0.4190048320881433,34.62452809670837,7.944109290391273e-09,True,True,True,5.767094110221331,5.767124602491668,5.767124680079198,0.4427893662604833,0.4427916079031916,0.4427916031167748,1.1631192120093252e-05,6.213109914534098e-09,7.876000438500341e-06,7.942851709685783e-09,False,False,False
binary,alpha,beta,0.5,0.25,15,100138,50,0.1,1.0,0.5098177388758931,0.1,35.3765087023404,2.4740242956511382,True,True,True,5.611901319381206,5.612180599916393,5.61217898837635,0.4426892548777301,0.4426695660031022,0.44266968115437827,2.6380397773664564e-05,1.0622717808905252e-07,2.6942289629516836e-05,-1.5457766266990802e-07,False,False,False
binary,alpha,beta,0.5,0.25,16,100139,50,0.1,1.0,0.4422280373755514,0.8001264855257654,34.02927792238256,9.70352707252265e-08,True,True,True,2.9862365108526383,2.986201334234312,2.986201922600406,0.7764829708427107,0.7764888388625253,0.776488785738093,2.0562848148124125e-05,8.292582263326548e-08,-4.887977567591406e-06,1.3586649316721378e-07,False,False,False
binary,alpha,beta,0.5,0.25,17,100140,50,0.1,1.0,0.489626449555238,0.1,35.224465529374505,0.8491247207587407,True,True,True,3.4381816981021935,3.4381286780050946,3.4381268717813627,0.6542472588758728,0.654252476175002,0.6542526862460567,9.072259779866573e-06,1.207889385584974e-07,-9.697949103326664e-06,-2.834977195220745e-07,False,False,False
binary,alpha,beta,0.5,0.25,18,100141,50,0.1,1.0,0.511573085479723,0.1,35.200663681034186,0.7118342040257732,True,True,True,5.5144308256580805,5.514558173163131,5.514558857569466,0.4558087463867237,0.4557995551284601,0.4557994703355522,1.671455480833836e-05,8.277091617877904e-08,1.2537893191222338e-05,2.6487555260246154e-08,False,False,False
binary,alpha,beta,0.5,0.25,19,100142,50,0.1,1.0,0.4778136046506632,1.317330809139369,31.81779492111577,1.0245794270089098e-07,True,True,True,3.0174934579293575,3.0174991851106303,3.0174987095666825,0.813505559810544,0.8134949819350085,0.8134950209488162,2.334270688956235e-05,7.112424080591288e-08,-1.0392917218382536e-05,-1.126790891703422e-07,False,False,False
binary,alpha,beta,0.5,0.5,0,110123,50,0.1,1.0,0.482887413458281,0.5123392994247221,34.76685955698046,6.070879795542461e-08,True,True,True,2.7767403533283455,2.7766552236635027,2.776653409413013,0.9197349337003966,0.919748366334743,0.9197486351654005,8.586304018518919e-06,8.534787274674528e-08,-1.5537599196591145e-05,-3.43891706222621e-07,False,False,False
binary,alpha,beta,0.5,0.5,1,110124,50,0.1,1.0,0.37854249951856866,0.9487211764740651,33.55038677593395,7.494457715654686e-08,True,True,True,2.5412849612412534,2.541327910111506,2.541327217182858,0.8527781778762173,0.8527712566491726,0.8527713753837093,2.5222420874270203e-06,4.672216049033769e-08,8.795988485132966e-06,-1.3596586256880983e-07,False,False,False
binary,alpha,beta,0.5,0.5,2,110125,50,0.1,1.0,0.3840103977184734,1.481965032716029,31.18351782247927,1.6122726814522328e-07,True,True,True,2.712179608897381,2.7122898674714433,2.712289527800133,1.2050323800206113,1.2050239650713812,1.2050240101407745,2.2585365152784093e-05,2.3794916679501803e-08,3.089088329844003e-05,-7.334609719578111e-08,False,False,False
binary,alpha,beta,0.5,0.5,3,110126,50,0.1,1.0,0.538645568262323,0.5723088104261763,34.36275020276119,2.51214793389404e-08,True,True,True,4.800586228930064,4.800607771695322,4.800607420960678,0.5422458157844984,0.5422432892618356,0.5422433304702033,7.797685939878032e-06,3.0986082523029084e-08,1.5531336643448412e-06,-2.5617580945436202e-08,False,False,False
binary,alpha,beta,0.5,0.5,4,110127,50,0.1,1.0,0.4358880562885496,0.9963678880813509,33.96594340077423,2.1463801355982376e-07,True,True,True,1.8125238636802297,1.812647025320842,1.812645886958491,1.0606599833737382,1.0606219999789304,1.060622260152524,2.094100601582476e-05,6.243041577943761e-08,2.388957217647203e-05,-3.28475316280219e-07,False,False,False
binary,alpha,beta,0.5,0.5,5,110128,50,0.1,1.0,0.5512366214976953,0.6677280929166024,34.017143221878236,3.1537213404209506e-07,True,True,True,5.0330762224138805,5.033138671622866,5.033137024248141,0.535726962260699,0.5357232542195937,0.5357233633534296,5.746773575468347e-06,1.17160867121267e-07,7.936983628553662e-06,-2.016607325572295e-07,False,False,False
binary,alpha,beta,0.5,0.5,6,110129,50,0.1,1.0,0.49383273275754264,0.1,35.170449361448455,0.24071295356980807,True,True,True,2.1446432593597584,2.1447002174803367,2.1447007993133322,0.8545055447831713,0.8544903868940296,0.8544902773931806,9.050229413986868e-06,4.330556282796288e-08,9.252023076555815e-06,1.4522117908200016e-07,False,False,False
binary,alpha,beta,0.5,0.5,7,110130,50,0.1,1.0,0.5017930233706609,0.1,35.35356392498959,2.295442453004187,True,True,True,6.66673533172363,6.6669825263448,6.666981011029993,0.3751671109273845,0.3751522198609044,0.3751522863862717,1.5484407365784852e-05,1.1310142363946088e-07,1.978345370190482e-05,-1.5069632297581848e-07,False,False,False
binary,alpha,beta,0.5,0.5,8,110131,50,0.1,1.0,0.5554086283599335,0.598455838758333,34.52403119170061,9.057678187205882e-08,True,True,True,3.580618931510161,3.5807185598392364,3.580717631852316,0.693425337793386,0.6934132851779901,0.6934133761273925,5.6532052948505755e-06,7.307958624082114e-08,1.3793405535977854e-05,-1.5445287004922648e-07,False,False,False
binary,alpha,beta,0.5,0.5,9,110132,50,0.1,1.0,0.6228332035240877,0.9224425162386093,33.81981679846784,2.1718096427858206e-07,True,True,True,3.226327731876391,3.2263730600933322,3.226372406388279,0.7644535267436443,0.7644410616865304,0.7644411411338919,1.5727124840953703e-05,4.080726352986348e-08,-4.12694980411743e-07,-1.1114584452798226e-07,False,False,False
binary,alpha,beta,0.5,0.5,10,110133,50,0.1,1.0,0.5134567763732908,0.2766886850852285,35.02690831607037,6.521915363565902e-08,True,True,True,3.4301765364088665,3.43032882817867,3.43032857384018,0.6768170812820561,0.6768037389920948,0.6768037692492967,1.760729070889367e-05,5.123623589372557e-08,2.8996474114251214e-05,-3.930916392391737e-08,False,False,False
binary,alpha,beta,0.5,0.5,11,110134,50,0.1,1.0,0.47501072319086696,0.34410189538241176,34.856308636864284,2.4868995751603507e-08,True,True,True,4.909387083922436,4.909486827994958,4.909485814035129,0.6088463689431225,0.6088391485465696,0.6088392047928565,9.177874532771646e-06,9.153423214110591e-08,1.1862241308335797e-05,-1.4177480522903352e-07,False,False,False
binary,alpha,beta,0.5,0.5,12,110135,50,0.1,1.0,0.5132857328032905,0.8867563736254286,32.87468321976404,2.1316282072803006e-08,True,True,True,5.256617656639693,5.256733882674426,5.256731880468815,0.5609422259567676,0.5609328402395249,0.5609329856986551,5.777961210398937e-06,1.1353648381429193e-07,1.1091053252698657e-05,-2.1341801925700565e-07,False,False,False
binary,alpha,beta,0.5,0.5,13,110136,50,0.1,1.0,0.496728795555068,1.3325576325326132,32.1568343077151,5.783513230120958e-08,True,True,True,2.642364872070407,2.642500415295124,2.6424995606608985,0.961322815837519,0.9613026191720115,0.9613027297321552,1.1015276703335482e-05,7.721582263373401e-08,2.7846462415936912e-05,-1.9613175084032264e-07,False,False,False
binary,alpha,beta,0.5,0.5,14,110137,50,0.1,1.0,0.05402149953634014,2.1893984061257457,32.51250633228137,1.8480523881297246e-06,True,True,True,0.3666296781252144,0.3672391443756752,0.36723463657286576,3.404260166443218,3.4037516403790136,3.4037561080395995,0.0004886030286160921,1.9936426719285376e-06,0.001068374604130895,-7.131333916277072e-06,False,False,False
binary,alpha,beta,0.5,0.5,15,110138,50,0.1,1.0,0.4944297783449089,0.1,35.200993490051054,0.5884404679082978,True,True,True,2.9927669536654142,2.9928360677481356,2.992833890100308,0.7313528518661148,0.7313466262592841,0.7313468872537378,1.1200092348818636e-05,1.8334863191339615e-07,1.5498806014591082e-05,-4.2713944026218087e-07,False,False,False
binary,alpha,beta,0.5,0.5,16,110139,50,0.1,1.0,0.3525132747996681,1.6064953026529711,31.834338269806235,1.94884733349522e-07,True,True,True,2.0197917036040662,2.019916129975613,2.019916139449504,1.2730046841898146,1.2729854532921845,1.2729854370514635,1.8196437393777247e-05,3.454240159132394e-08,3.944727190230424e-05,-1.4007582649355754e-08,False,False,False
binary,alpha,beta,0.5,0.5,17,110140,50,0.1,1.0,0.41939544963039554,0.8172222187972256,34.090259828993,1.1857764028120695e-07,True,True,True,2.6754501648393836,2.6753566856512885,2.6753555475574027,0.9317299618915251,0.9317448603551648,0.931744992952809,1.211138713555276e-05,1.3071380593405443e-07,-1.806047163910307e-05,-2.727403440871967e-07,False,False,False
binary,alpha,beta,0.5,0.5,18,110141,50,0.1,1.0,0.4999370038910012,0.42512340273099597,34.71990967086933,5.02429586778808e-08,True,True,True,4.706763704667143,4.70654920316297,4.706549672057073,0.5010854271441454,0.501105486164643,0.5011054373168007,1.7345405741752405e-05,3.2584825499940674e-08,-2.2436884364651632e-05,4.338771475431713e-08,False,False,False
binary,alpha,beta,0.5,0.5,19,110142,50,0.1,1.0,0.47607810385652727,1.0638011899364581,33.50489208463502,3.522424466553501e-07,True,True,True,2.5939515343227466,2.5938104845846395,2.593809556418311,1.007255474887437,1.0072817377437404,1.0072818718296275,8.984557543059e-06,6.018808365908923e-08,-2.4345111512502626e-05,-2.0346689666439488e-07,False,False,False
binary,alpha,beta,0.5,1.0,0,120123,50,0.1,1.0,0.4322566738579058,1.2480012773974098,30.879912449548005,7.473326059529314e-08,True,True,True,4.520682845464924,4.520808817171938,4.520808309504861,0.657645335479007,0.6576457519042846,0.657645764960278,2.86986160321046e-05,8.62505653905115e-08,2.8247411673731904e-05,-9.726436900336921e-08,False,False,False
binary,alpha,beta,0.5,1.0,1,120124,50,0.1,1.0,0.48410073871384046,0.5762389096252998,34.541352927763036,1.6791975522915655e-07,True,True,True,3.435240657004503,3.4351988998377934,3.435197054984197,0.7604929874055362,0.7605062619364852,0.7605064500880211,1.8241167952456207e-05,1.4133492280508313e-07,2.8068389994473364e-06,-3.204268708145719e-07,False,False,False
binary,alpha,beta,0.5,1.0,2,120125,50,0.1,1.0,0.5194323757516105,0.43600213528989235,34.87685177135313,2.8642893384395585e-08,True,True,True,2.9069937372013843,2.9071472266477456,2.907145712338015,0.6882515933776407,0.6882258556539873,0.6882260235156332,1.2415370886628427e-05,1.6833317340188169e-07,2.283938334812774e-05,-3.276342752656092e-07,False,False,False
binary,alpha,beta,0.5,1.0,3,120126,50,0.1,1.0,0.5991121079142726,0.6576745456954323,34.25612349813059,9.243885181758804e-08,True,True,True,4.3220115542391015,4.322164350951557,4.322162903648394,0.5790386401153476,0.579021046169813,0.579021160795163,1.306583914198932e-05,1.1055707700912062e-07,1.4893855485809127e-05,-2.0288885593799932e-07,False,False,False
binary,alpha,beta,0.5,1.0,4,120127,50,0.1,1.0,0.5020904629561936,0.44698084151684486,34.87800178150042,1.5888218580782546e-08,True,True,True,2.690793348784235,2.6908479738611057,2.6908462545211513,0.8008983097246581,0.8008884072320259,0.8008886476665994,7.5163017755135465e-06,1.3191585020492338e-07,8.537712723466484e-06,-3.6214808574186463e-07,False,False,False
binary,alpha,beta,0.5,1.0,5,120128,50,0.1,1.0,0.3555078653789497,1.3350739058303678,31.6977530941794,2.233028618358947e-07,True,True,True,2.8117081048623245,2.811724084603657,2.8117236036115494,1.1572398289460306,1.1572631085366265,1.157263160733031,6.170110733905766e-05,5.505188533774078e-08,3.2373915708205914e-05,-1.1097328922460292e-07,False,False,False
binary,alpha,beta,0.5,1.0,6,120129,50,0.1,1.0,0.37733952056858144,0.840646974636296,34.01375874528326,1.2966188187771378e-07,True,True,True,1.5322234408280948,1.5323689854525149,1.532368323496953,1.1687155321243614,1.1686851397739297,1.1686852994090768,2.6118354106955865e-05,7.498377285978247e-08,5.974597159053019e-05,-2.481951710819885e-07,False,False,False
binary,alpha,beta,0.5,1.0,7,120130,50,0.1,1.0,0.20017052462293244,1.3195273897978324,33.146687652621566,5.1616374279712405e-08,True,True,True,2.553095131718644,2.553207781178659,2.5532081575398013,1.2581551466688847,1.258174139435388,1.2581740478865462,8.877052428861948e-05,6.451122491686705e-08,6.602996849380816e-05,4.2007663125787076e-08,False,False,False
binary,alpha,beta,0.5,1.0,8,120131,50,0.1,1.0,0.7877124831032244,1.3942317542587932,31.738711526404074,2.0087009880062487e-07,True,True,True,3.587597719552126,3.5877340601425525,3.5877334806549364,0.8179063006234611,0.8178815785470653,0.817881631991833,2.0255978182274843e-05,4.684097749203015e-08,9.44025764226808e-06,-9.9988561430564e-08,False,False,False
binary,alpha,beta,0.5,1.0,9,120132,50,0.1,1.0,0.6036746268253412,0.9263463384674572,32.43615089722317,3.100849529009408e-07,True,True,True,6.020709765364803,6.020844282574668,6.020842733165068,0.46857252628031626,0.4685633926891237,0.46856347018868294,7.250315846029899e-06,1.1162532661940884e-07,1.1658615932219618e-05,-1.681162871136621e-07,False,False,False
binary,alpha,beta,0.5,1.0,10,120133,50,0.1,1.0,0.38165865065374577,1.5894832772537675,32.47397788583694,4.6019897295455037e-07,True,True,True,1.5269186280918428,1.5268441468657743,1.5268437431791277,1.101959094298107,1.1019787971279045,1.101978870259897,5.2735471459553e-06,9.83424901964181e-08,-2.627644402508622e-05,-1.8019655101397802e-07,False,False,False
binary,alpha,beta,0.5,1.0,11,120134,50,0.1,1.0,0.4821214353497386,0.46008484390748455,34.5402969143981,1.6085595323533782e-07,True,True,True,5.463408301188656,5.463540953946158,5.463539360998891,0.4970191576960707,0.4970141936687438,0.4970143295887789,1.4873861626248971e-05,1.059051350742392e-07,1.84298021252971e-05,-1.35075822527142e-07,False,False,False
binary,alpha,beta,0.5,1.0,12,120135,50,0.1,1.0,0.5819428401659634,0.9931578616182488,32.99955966699259,1.421529491362787e-07,True,True,True,4.092056211513439,4.092119680077422,4.092119161826131,0.4749685197821736,0.4749578347962268,0.4749578727239292,1.0782021445399197e-05,5.943785946845349e-08,3.1255434294052975e-06,-8.298029996467449e-08,False,False,False
binary,alpha,beta,0.5,1.0,13,120136,50,0.1,1.0,0.43697344747132666,1.441146526428322,31.708720672222498,3.3255590951004566e-08,True,True,True,2.6101170385697485,2.610142462654382,2.610141494702697,0.9487846334080138,0.9487855701136292,0.948785710932146,1.3067189628573707e-05,6.271557479371707e-08,1.0610247326070521e-05,-2.0871923211984722e-07,False,False,False
binary,alpha,beta,0.5,1.0,14,120137,50,0.1,1.0,0.6749481040446677,1.1915326700821829,31.472870472829133,7.639790883399533e-08,True,True,True,4.871497742808106,4.871508376801868,4.8715079345930645,0.6987014475377185,0.6986951964757359,0.6986952273175632,1.2352484216198518e-05,2.631921890713326e-08,-5.069169723981304e-06,-5.526654689447241e-08,False,False,False
binary,alpha,beta,0.5,1.0,15,120138,50,0.1,1.0,0.5426049792481542,0.35591975252142266,34.917851705090044,9.133998540407931e-08,True,True,True,3.913328476265586,3.9135674531232225,3.9135656884547214,0.6657523127477833,0.6657243906791572,0.6657245371115735,1.3396692569735456e-05,1.4735508253072958e-07,2.8636757861022488e-05,-2.823240166094365e-07,False,False,False
binary,alpha,beta,0.5,1.0,16,120139,50,0.1,1.0,0.13660151059389897,2.00579219181953,30.610930985547782,3.160274684752058e-07,True,True,True,1.5217207507341008,1.5219389878845024,1.5219386086340292,1.9010669034291365,1.9010929807071846,1.9010929288457874,0.00020439931615102546,3.7055555916590754e-07,0.0001731181129827064,-3.088966842312857e-07,False,False,False
binary,alpha,beta,0.5,1.0,17,120140,50,0.1,1.0,0.4703401400402393,1.2344414786551439,30.04238644977153,1.9070329811418351e-07,True,True,True,5.645423887133408,5.645373223555061,5.64537279821297,0.5862571307020389,0.5862643685993331,0.5862643955763546,8.521750068685192e-06,2.2927141230348095e-08,-6.856616714401298e-07,-4.4285044964453846e-08,False,False,False
binary,alpha,beta,0.5,1.0,18,120141,50,0.1,1.0,0.3421273639974135,1.1610867647222365,32.273000973813915,1.0713417248144171e-07,True,True,True,3.0023540019867703,3.002336768996395,3.0023379703146804,0.8207223561266174,0.8207218676308412,0.8207217237914243,1.210530542912559e-05,9.065722550834167e-08,-6.067717855273713e-06,2.3452643205246204e-07,False,False,False
binary,alpha,beta,0.5,1.0,19,120142,50,0.1,1.0,0.5645918091299036,0.6294787409242026,34.4751670914331,2.698659644527331e-07,True,True,True,3.5089589646644224,3.5089018075513194,3.508902022225795,0.6577497153058883,0.6577598730610364,0.6577598397510525,1.0536635625218992e-05,3.3957048909923826e-08,-4.571663410501969e-06,2.283042022099835e-08,False,False,False
binary,alpha,beta,0.5,3.0,0,130123,50,0.1,1.0,0.5382353773507881,2.8063580242490205,27.262553060376618,1.6431602111425545e-07,True,True,True,1.4803722978197518,1.480414710926863,1.4804146956388993,1.2801963604381366,1.2801822216565208,1.280182213243205,4.487884819306527e-06,2.977733891879003e-08,1.2352000446469447e-05,-2.001300103415815e-08,False,False,False
binary,alpha,beta,0.5,3.0,1,130124,50,0.1,1.0,0.4936325775659295,3.2879790568149834,15.413289199760058,3.460481908745231e-07,True,True,True,1.8100946654597168,1.8101317360806308,1.8101317349988666,1.4326569190556664,1.4326512487397867,1.4326512434545646,7.658374146322406e-06,1.2825366357110541e-08,1.394485032868431e-05,-6.682451925144051e-09,False,False,False
binary,alpha,beta,0.5,3.0,2,130125,50,0.1,1.0,0.47382921735428685,2.1890711237378495,26.80560568519933,2.019859898523193e-07,True,True,True,2.378012704230554,2.378058558659022,2.378058319335759,1.1151840867225447,1.115166863174851,1.115166900624594,2.0402035398693758e-05,1.63031163939077e-08,-6.04382897506639e-07,-5.7522481000660264e-08,False,False,False
binary,alpha,beta,0.5,3.0,3,130126,50,0.1,1.0,0.30369901535549443,4.459109492940723,17.20494751007762,3.344649726741493e-07,True,True,True,0.8840685459589175,0.8841673425806315,0.8841672582616545,2.14728959972039,2.1472721664461134,2.1472721903096166,7.169364915144646e-05,4.1613900524360086e-08,9.160728486534708e-05,-6.789153417230409e-08,False,False,False
binary,alpha,beta,0.5,3.0,4,130127,50,0.1,1.0,0.5532722253130457,2.7479861007716835,21.352228031541298,3.3593301176967436e-07,True,True,True,2.1333173208466283,2.1333922280460795,2.1333921559978726,1.332838671532968,1.3328293795032602,1.3328293833240732,1.388780174468491e-05,2.5567590607393618e-08,2.438517951119934e-05,-2.9372792198500974e-08,False,False,False
binary,alpha,beta,0.5,3.0,5,130128,50,0.1,1.0,0.42118305697032526,3.236396403459386,21.23913713687884,2.5552688500660807e-08,True,True,True,1.5667995461196194,1.5667829546933176,1.5667829887456006,1.4290468247533175,1.4290643284104645,1.4290643098742581,2.997355597004183e-05,2.1321501712924703e-08,9.562793277240189e-06,3.9328895695689425e-10,False,False,False
binary,alpha,beta,0.5,3.0,6,130129,50,0.1,1.0,0.41404606343154227,2.6629698160893014,20.613395946360008,2.221556249116047e-09,True,True,True,2.594398364977848,2.5943896986712143,2.5943895998471915,1.1812083782509628,1.181212885630096,1.1812128976415308,7.152027941939982e-06,1.076468647007199e-08,1.824652013482364e-06,-2.426276068945299e-08,False,False,False
binary,alpha,beta,0.5,3.0,7,130130,50,0.1,1.0,0.5251231631736955,3.840556105492601,8.643277744920503,2.0135753010529516e-08,True,True,True,1.399214571435468,1.3991966022669469,1.399196573081399,1.43373224388553,1.4337354147422257,1.4337354197835035,5.699527618645335e-06,9.462919555729137e-09,-9.20687876515558e-06,-1.5054803625957902e-08,False,False,False
binary,alpha,beta,0.5,3.0,8,130131,50,0.1,1.0,0.5918015153142138,3.5553409831001273,13.088850357794945,7.911456329399381e-08,True,True,True,1.5578969400642793,1.5579638432985978,1.5579637727732512,1.3873021954734197,1.3872807217056689,1.3872807339541033,7.011525902705249e-06,1.72524894492401e-08,1.8189905956589314e-05,-3.116611146936066e-08,False,False,False
binary,alpha,beta,0.5,3.0,9,130132,50,0.1,1.0,0.3654293222830813,3.369424483306121,25.31207150805968,1.2436285925068208e-07,True,True,True,1.0752719891815423,1.0752968430932646,1.075296865565168,1.5848690206464073,1.5848665935810073,1.5848665758549454,1.7940815017162795e-05,2.1893756034961678e-08,2.0320030728271377e-05,4.904414652173728e-10,False,False,False
binary,alpha,beta,0.5,3.0,10,130133,50,0.1,1.0,0.3166752489180404,3.395351383867315,20.12177866739779,4.0856240802961847e-07,True,True,True,1.5651307187299521,1.5650867028060103,1.5650866635464329,1.694033466374367,1.69406163367338,1.6940616285866812,3.691125779337947e-05,3.682838079270661e-08,4.274623055522397e-06,-3.094088185662258e-08,False,False,False
binary,alpha,beta,0.5,3.0,11,130134,50,0.1,1.0,0.4249431608625076,3.5598687362377617,15.33023152146612,2.3468750480560914e-07,True,True,True,1.5826759096779113,1.5827183723440117,1.5827183344168834,1.3495438016080237,1.3495343653406127,1.3495343562711009,5.2053956284744325e-06,4.511103981582084e-08,1.593099684527033e-05,-3.4404944670995974e-08,False,False,False
binary,alpha,beta,0.5,3.0,12,130135,50,0.1,1.0,0.5714284539758655,3.0711665001147064,18.07101642475996,7.687449339034028e-08,True,True,True,1.9334623861623794,1.933532422794705,1.9335324472223543,1.3745359754366502,1.3745165687012588,1.3745165725341266,8.600550285319144e-06,2.145190622148279e-08,1.3896986921224652e-05,1.7046442479795587e-08,False,False,False
binary,alpha,beta,0.5,3.0,13,130136,50,0.1,1.0,0.4355796415652286,2.6921852185667925,20.166895902282384,1.5957042267449848e-08,True,True,True,2.6393324315056432,2.63938465277387,2.63938459248034,1.1877598440609825,1.1877444124829353,1.1877444189770061,1.5862140862970595e-05,8.056934774734933e-09,2.003962862318076e-06,-1.5367206174232706e-08,False,False,False
binary,alpha,beta,0.5,3.0,14,130137,50,0.1,1.0,0.42099490263336264,3.7144665594000887,17.165879719597793,1.545615420611007e-07,True,True,True,1.3867220883993818,1.3867583499838727,1.3867583136171624,1.3468168499704634,1.3467960757918238,1.3467960883325019,2.1777984997782298e-05,2.9086436111777622e-09,2.219850824047853e-06,-1.1786269737967814e-08,False,False,False
binary,alpha,beta,0.5,3.0,15,130138,50,0.1,1.0,0.7469923507404397,1.8159029301417509,28.035794744368204,2.5495738276727207e-08,True,True,True,3.4823520260123617,3.482334272157168,3.4823339888422007,0.8515547210392966,0.8515511417957334,0.8515511718420655,1.3294909287318729e-05,1.6748805302343044e-08,-9.265771875988094e-06,-4.676565623640272e-08,False,False,False
binary,alpha,beta,0.5,3.0,16,130139,50,0.1,1.0,0.5207346163352768,2.321654992615878,23.692519751348318,3.5342936907489534e-08,True,True,True,2.8113299188372687,2.8114091520040994,2.8114091276291537,1.0936020108675275,1.0935974445129417,1.09359743669713,1.7737432499792737e-05,2.7832044647135714e-08,2.2908242364394482e-05,-1.766829882399179e-08,False,False,False
binary,alpha,beta,0.5,3.0,17,130140,50,0.1,1.0,0.639924064069729,3.512576984925287,16.144310746552474,4.5480459113820444e-07,True,True,True,1.4740619305891212,1.474053171845401,1.4740531433933006,1.509688518359921,1.5096920595161638,1.5096920633165207,2.378312701615931e-06,1.0564872668008914e-08,-1.8799477601305625e-06,-1.4926630598210977e-08,False,False,False
binary,alpha,beta,0.5,3.0,18,130141,50,0.1,1.0,0.4669195202844448,3.234510661247448,22.901597878614854,5.435696318021079e-07,True,True,True,1.314711495925734,1.3147551280159553,1.314755068786056,1.666045569327431,1.6660355510589446,1.66603556761961,1.0251403464981706e-05,7.529024827766114e-09,2.162708542741143e-05,-2.598396875441722e-08,False,False,False
binary,alpha,beta,0.5,3.0,19,130142,50,0.1,1.0,0.44719696632871,2.3316719371334593,23.58284583327625,2.624574167026819e-08,True,True,True,2.919395921150478,2.9194822215071707,2.9194819123024223,1.2152689585870338,1.2152663385888978,1.2152663653759068,2.3609346503478956e-05,4.496970621864515e-08,2.646913976889209e-05,-7.507113863880477e-08,False,False,False
binary,alpha,beta,0.5,8.0,0,140123,50,0.1,1.0,0.4456796245773911,5.27532992128898,8.378872149675752,1.1578203159349745e-07,True,True,True,0.6951672589938086,0.6952059282732599,0.6952059073963082,1.8187554119191525,1.8187316111275686,1.8187316184371631,1.256246369267478e-06,1.322684953820801e-08,2.8201028651864135e-05,-2.1614400935732192e-08,False,False,False
binary,alpha,beta,0.5,8.0,1,140124,50,0.1,1.0,0.40450416653502397,5.2588857854209605,3.7265188491437105,5.696927208614953e-09,True,True,True,0.7211792072020138,0.7211659884450492,0.7211659746483888,1.694466783775676,1.6944768233619605,1.6944768241649115,4.7859350701345755e-06,1.7358225722414083e-08,-6.789238803595055e-06,-1.820661532647705e-08,False,False,False
binary,alpha,beta,0.5,8.0,2,140125,50,0.1,1.0,0.43885087398737055,5.194633507414437,4.918809099308408,5.018324582297157e-08,True,True,True,0.7250017421465297,0.7250153683027679,0.7250153630359145,1.6785422869527544,1.6785341969476417,1.6785341949765982,8.137093520835652e-07,1.1895920861856928e-08,9.470980172565646e-06,-9.53371959155902e-09,False,False,False
binary,alpha,beta,0.5,8.0,3,140126,50,0.1,1.0,0.5335592565715075,4.997084971808697,8.004077387163917,4.081090096826308e-07,True,True,True,0.7518417306733801,0.7518509358980068,0.7518509288501978,1.8963150673443725,1.8963072738631288,1.8963072785855013,5.709401566309434e-06,1.7558226279735597e-09,3.2669781013794363e-06,-3.937111969776197e-09,False,False,False
binary,alpha,beta,0.5,8.0,4,140127,50,0.1,1.0,0.4343804647580349,5.031377049209605,3.0758859041793105,1.2151900810787067e-07,True,True,True,0.7629590333355473,0.7629733298623413,0.7629733118824784,1.6069906041602386,1.606982882433279,1.606982879736496,1.3561155624481458e-06,2.9815342654469604e-08,9.821450138058907e-06,-2.6670305519616022e-08,False,False,False
binary,alpha,beta,0.5,8.0,5,140128,50,0.1,1.0,0.4327249084898311,5.0394176328049785,16.58982782759223,2.4321981397361315e-08,True,True,True,0.7592902641016567,0.7592643132854383,0.7592642774565558,2.091014388800418,2.091034372898134,2.0910343901422346,1.1870897517141545e-05,7.49970052879437e-09,-1.1198105397625113e-05,-2.7335943286743714e-08,False,False,False
binary,alpha,beta,0.5,8.0,6,140129,50,0.1,1.0,0.4479418862798428,4.888611158839232,15.235765596006289,5.417918822855483e-08,True,True,True,0.7736518647180138,0.7736704020657033,0.7736703720191205,2.168575081730964,2.168570760782391,2.168570777992547,1.4035417741423952e-05,8.609328782598392e-10,1.8966853462032418e-05,-1.9022488473297017e-08,False,False,False
binary,alpha,beta,0.5,8.0,7,140130,50,0.1,1.0,0.5914388245380633,4.104899363026918,17.496104020186674,2.4884051269668992e-08,True,True,True,1.0166142435899461,1.0166689519007868,1.016668941314697,1.6842795325526578,1.6842663053497335,1.6842663025042601,2.3361300648525202e-05,1.7053539322848286e-08,3.8570711577534667e-05,-1.3688495670294287e-08,False,False,False
binary,alpha,beta,0.5,8.0,8,140131,50,0.1,1.0,0.505019907558025,5.395579605173528,6.612045460680441,2.759853135645109e-08,True,True,True,0.6869508638069213,0.6869557215709474,0.6869557029367944,1.9807386017606705,1.9807471720587213,1.9807471710213589,2.6774308640552004e-05,2.9571705977889923e-08,1.6910062146990867e-05,-2.8320005007742566e-08,False,False,False
binary,alpha,beta,0.5,8.0,9,140132,50,0.1,1.0,0.4604370428994056,5.438411820755701,5.836899556818908,1.542575117030821e-07,True,True,True,0.6586827176617992,0.6587140246698496,0.6587140206907744,1.8187850476286476,1.8187656936650216,1.8187656909736172,3.171547181401886e-06,1.2237810802063539e-08,2.5237381583664842e-05,-9.139266232693899e-09,False,False,False
binary,alpha,beta,0.5,8.0,10,140133,50,0.1,1.0,0.574008417501299,5.534945766722832,10.523722821149132,9.340895568156848e-08,True,True,True,0.6111668422282063,0.6112080740722623,0.6112080568120191,2.0097196351727327,2.009696507062141,2.0096965083860607,1.4261925585695644e-05,2.519378781437007e-08,4.080792551341972e-05,-2.671533394504877e-08,False,False,False
binary,alpha,beta,0.5,8.0,11,140134,50,0.1,1.0,0.3966679904230693,5.204146149810314,3.7261921308086423,3.428436082365266e-08,True,True,True,0.7117253622699712,0.7117223200506779,0.7117223148599813,1.7155751825853072,1.7155866405651625,1.715586636926882,2.2095617426804065e-05,1.5702089583559216e-08,8.90556712640489e-06,-1.1481874118146607e-08,False,False,False
binary,alpha,beta,0.5,8.0,12,140135,50,0.1,1.0,0.4305476057469792,5.805337242532129,10.541945024995425,1.1971504440270436e-07,True,True,True,0.5322523485102486,0.5323168486455937,0.5323168236419561,1.9115672860213957,1.9115347418570345,1.9115347498163109,4.625262080577968e-05,2.8988458844935745e-08,8.367037001200117e-05,-3.780789015195296e-08,False,False,False
binary,alpha,beta,0.5,8.0,13,140136,50,0.1,1.0,0.45326937019236524,4.241104896943607,9.491971229636398,4.287103976025355e-08,True,True,True,1.0863992194005905,1.0864243492745065,1.086424336650658,1.6651190849064326,1.6651116679473907,1.6651116722876456,6.084661609966811e-06,1.6461849193017899e-09,1.45853639477167e-05,-6.622725479132896e-09,False,False,False
binary,alpha,beta,0.5,8.0,14,140137,50,0.1,1.0,0.5192036508982125,4.450357939708346,12.62622025416997,1.0542061936120636e-07,True,True,True,0.9798230300761801,0.9797832625200424,0.9797832389408875,1.5704477116662958,1.5704539938258821,1.5704539995276892,2.6146716638084006e-05,1.0952251081418958e-08,-3.3372189465197266e-05,-1.7501237792316715e-08,False,False,False
binary,alpha,beta,0.5,8.0,15,140138,50,0.1,1.0,0.7216775953885805,4.572985032622129,10.075320608305526,1.4713629128663666e-07,True,True,True,0.8045704616174925,0.8046271373024767,0.8046271136838877,1.808309104123079,1.8082795411679635,1.8082795466638026,2.622258982695816e-06,1.6723184978813945e-08,3.638104776904072e-05,-2.3026139217563468e-08,False,False,False
binary,alpha,beta,0.5,8.0,16,140139,50,0.1,1.0,0.38724930179956835,3.797211078571508,13.174647354660435,4.1342269723294687e-07,True,True,True,1.4317671072460731,1.4318097666018403,1.431809698685415,1.4998616317743882,1.4998591962991314,1.4998592011878171,2.415662899119172e-05,3.6192938185137194e-08,2.694870455499654e-05,-4.1805666484151516e-08,False,False,False
binary,alpha,beta,0.5,8.0,17,140140,50,0.1,1.0,0.5271001128614944,4.749344908487108,11.953718836067958,8.179797005932935e-08,True,True,True,0.8989017952206206,0.8988910297171683,0.8988910323459013,1.6815599256560234,1.68156588807232,1.6815658768607717,2.135132050658641e-06,2.2928067318036116e-08,-5.121853924094921e-06,-9.98335458746169e-09,False,False,False
binary,alpha,beta,0.5,8.0,18,140141,50,0.1,1.0,0.6158972240730031,4.725270633744085,15.977125318716363,6.662001087381496e-08,True,True,True,0.704993350718785,0.7049295753693482,0.704929541262665,2.0385522778187046,2.0385990537693823,2.038599066928651,1.7250626066686753e-05,1.8087477458825844e-08,-3.664686330395739e-05,-3.3232939955496477e-08,False,False,False
binary,alpha,beta,0.5,8.0,19,140142,50,0.1,1.0,0.3848573053497681,4.6318042883114385,15.13189748438538,2.9747009524005025e-07,True,True,True,0.9273781437409359,0.9273549495276119,0.9273549338399995,2.077503478365122,2.0775386547083445,2.077538644958396,5.5963122809328624e-05,3.9449396946714496e-08,1.5459283437380122e-05,-2.8141554864191676e-08,False,False,False
binary,alpha,beta,0.75,0.25,0,150123,50,0.1,1.0,0.486758729479747,0.1,35.14720098412935,0.014224490030601156,True,True,True,2.20503934351433,2.2051335642552568,2.2051328788442337,0.8799744712651953,0.8799566781101048,0.8799567784880723,8.137956764694731e-06,9.706846274537883e-08,2.2048431787879963e-05,-1.952608172928194e-07,False,False,False
binary,alpha,beta,0.75,0.25,1,150124,50,0.1,1.0,0.4849461437656187,0.1,35.150931404381595,0.03879009113995974,True,True,True,1.9446312041862654,1.9446156524162959,1.944614780867018,0.9457253813632257,0.9457285648306876,0.9457287825545634,4.230141375739266e-06,7.728280949712102e-08,-4.529736727931777e-06,-1.9752209823309386e-07,False,False,False
binary,alpha,beta,0.75,0.25,2,150125,50,0.1,1.0,0.48108756286096593,0.1,35.26179948317583,1.1994462205677898,True,True,True,2.865409847856756,2.8655174998887847,2.8655158955448417,0.7595486262562507,0.7595355793429301,0.7595357942052638,1.3809920798971028e-05,1.154584130348059e-07,2.2235476016874145e-05,-3.1251005339072435e-07,False,False,False
binary,alpha,beta,0.75,0.25,3,150126,50,0.1,1.0,0.49148810272725707,0.3510859570457763,34.87896859176624,1.464821375527116e-08,True,True,True,4.3219017307751395,4.321805566511784,4.3218045013984705,0.5686353326087605,0.5686486267716822,0.568648702342152,1.0476533100872944e-05,9.798468388229367e-08,-7.104675326274901e-06,-1.59447310466021e-07,False,False,False
binary,alpha,beta,0.75,0.25,4,150127,50,0.1,1.0,0.48793738820679544,0.1,35.334814267095204,1.9385883902600654,True,True,True,3.1722758250400003,3.1723980342589346,3.1723962353507886,0.7112047397328354,0.7111919246608458,0.7111921235629314,1.3792073792862665e-05,1.5247612822345863e-07,2.3431452078170878e-05,-3.3805562082989127e-07,False,False,False
binary,alpha,beta,0.75,0.25,5,150128,50,0.1,1.0,0.4730031583997809,0.1,35.46921298349163,3.268350077689778,True,True,True,2.672235736906235,2.67233707802497,2.6723356301732895,0.8311510759253887,0.8311360946298367,0.8311362685490604,8.500005388504836e-06,1.6069336351137315e-07,2.0333586036258566e-05,-3.415605505097119e-07,False,False,False
binary,alpha,beta,0.75,0.25,6,150129,50,0.1,1.0,0.47566228190783205,0.1,35.42640258328676,2.858618898926585,True,True,True,3.0764125554802217,3.076470906477342,3.076470700157761,0.7669515958407651,0.7669479367019705,0.766947942574792,1.1896876530833097e-05,5.5424243407928594e-08,1.4693999617065856e-05,-6.030238353105233e-08,False,False,False
binary,alpha,beta,0.75,0.25,7,150130,50,0.1,1.0,0.5107588312067919,0.8262773757598941,33.474519041279265,2.6058615988080544e-07,True,True,True,4.676465776629514,4.676643672635457,4.676643299535872,0.6065158656571439,0.606497885902109,0.6064978907021122,1.054574122055857e-05,8.036757060321533e-08,1.726575986538137e-05,-7.425314407782935e-08,False,False,False
binary,alpha,beta,0.75,0.25,8,150131,50,0.1,1.0,0.522501296709643,0.9879515207968558,32.36263214150342,6.833781207288093e-08,True,True,True,5.246715512928055,5.246750256360742,5.2467494674828385,0.6704787476798102,0.6704765388164677,0.6704765894820899,3.1475057330775745e-06,4.738774787701151e-08,3.986845086956237e-06,-9.202458528534407e-08,False,False,False
binary,alpha,beta,0.75,0.25,9,150132,50,0.1,1.0,0.4908021397595078,0.1,35.14665800810893,0.13630993578321596,True,True,True,4.715103929586702,4.7151539980667145,4.715153454924011,0.5298504404577012,0.5298456266226099,0.5298456716922907,6.928034048662718e-06,3.5109496632298e-08,5.013252341257157e-06,-6.330249391339748e-08,False,False,False
binary,alpha,beta,0.75,0.25,10,150133,50,0.1,1.0,0.48657044285002843,0.6997059114455442,34.10859822998688,1.0658141036401503e-08,True,True,True,3.7267360977752997,3.726677260755857,3.7266776947466584,0.6148175474127875,0.6148260082393413,0.6148259491684905,1.4866229209505725e-05,8.684986962868106e-08,-5.998605587365091e-06,4.844732615083558e-08,False,False,False
binary,alpha,beta,0.75,0.25,11,150134,50,0.1,1.0,0.48125671254413666,0.1,35.23761352422566,1.0602867881459683,True,True,True,4.75584376050471,4.755761797071822,4.755761522897302,0.5523104609016712,0.5523177884239361,0.5523178023014537,9.480349157418156e-06,4.636808928503716e-08,-8.839957523321118e-06,-4.167393541365527e-08,False,False,False
binary,alpha,beta,0.75,0.25,12,150135,50,0.1,1.0,0.5511470611628456,0.8126937886980263,32.495487254205514,1.5077073935233148e-07,True,True,True,7.599105969851293,7.599336467059707,7.599336099316012,0.32659154841280885,0.3265750944003468,0.326575092763617,1.6719702786901086e-05,5.470426686450719e-08,1.1338030368790442e-05,-5.02759078813142e-08,False,False,False
binary,alpha,beta,0.75,0.25,13,150136,50,0.1,1.0,0.447592910205521,0.9861295615888337,32.457338804848035,2.869792300935272e-07,True,True,True,5.005163808837127,5.0051914643688775,5.005190469075605,0.7303061512014519,0.7303085593180655,0.730308639744948,1.1035539889188416e-05,3.943761510464461e-08,8.191574032423432e-06,-1.062573389276622e-07,False,False,False
binary,alpha,beta,0.75,0.25,14,150137,50,0.1,1.0,0.4830453736647612,0.15559855707669631,35.112605482439896,2.305160961314575e-07,True,True,True,3.5167724875102917,3.516751786664256,3.5167526769830553,0.6753772781005587,0.675377076148754,0.6753769846322536,8.09635558625477e-06,7.049708757986225e-08,-5.9710395134970895e-06,1.4780279400383733e-07,False,False,False
binary,alpha,beta,0.75,0.25,15,150138,50,0.1,1.0,0.49196944095487927,0.1927516283203966,35.0537005476052,2.58641459868177e-08,True,True,True,5.433044038519643,5.433018251783848,5.433018405361318,0.4402624284631727,0.44026231114117625,0.44026226622695785,5.174978796284809e-06,7.885508150317397e-08,-4.9048028856191195e-06,-2.344197724823971e-08,False,False,False
binary,alpha,beta,0.75,0.25,16,150139,50,0.1,1.0,0.49742313049353876,0.1,35.15320428683001,0.08772564896734533,True,True,True,2.558655897629485,2.558976385368608,2.5589756669898547,0.8006114890818401,0.8005571507514648,0.800557247068149,2.0122545223647028e-05,8.333036465625048e-08,6.251928868294954e-05,-1.6984030537514627e-07,False,False,False
binary,alpha,beta,0.75,0.25,17,150140,50,0.1,1.0,0.4240580924648886,1.5288647952161953,30.47839489772922,6.13506256985581e-08,True,True,True,3.373858396494548,3.3738809680822817,3.37388056999767,0.9429758095184912,0.9429786832688696,0.942978722574209,1.4206957700736709e-05,3.042176419484445e-08,9.925907637153841e-06,-7.273818170006052e-08,False,False,False
binary,alpha,beta,0.75,0.25,18,150141,50,0.1,1.0,0.48030960841637266,0.1,35.410842534800786,2.7349552276234803,True,True,True,3.6760270390299654,3.675943518712554,3.675941827487157,0.6717168240346476,0.67172755922998,0.6717276857201027,5.723425280124351e-06,1.939966958733735e-07,-1.067562740786343e-05,-3.144522366937963e-07,False,False,False
binary,alpha,beta,0.75,0.25,19,150142,50,0.1,1.0,0.4765623172921206,0.1,35.20815220353602,0.6504044236521728,True,True,True,2.519639288362407,2.519789600398786,2.519788792706523,0.8236479682435185,0.8236260210969524,0.8236261150395703,2.0395331974653476e-05,1.144712447767594e-07,3.41744228435914e-05,-2.123841795764747e-07,False,False,False
binary,alpha,beta,0.75,0.5,0,160123,50,0.1,1.0,0.1680907361617695,1.4033756035646396,31.896042051672968,1.4468441586216513e-07,True,True,True,1.597265331957781,1.597612901690005,1.5976124157290186,1.5716426454048236,1.5716114657742162,1.5716114903877143,0.0001500896329659779,2.5562799679996407e-07,0.00018140661205734432,-2.7584214734588386e-07,False,False,False
binary,alpha,beta,0.75,0.5,1,160124,50,0.1,1.0,0.47269401809497175,1.503906662547407,30.31789880213441,8.738801008459778e-08,True,True,True,3.0350798508613237,3.035120980967404,3.035120724915242,0.9408663350903433,0.9408568149626424,0.9408568232418278,8.519861920456868e-06,6.558657211357349e-08,2.516197767477024e-06,-7.483132336005838e-08,False,False,False
binary,alpha,beta,0.75,0.5,2,160125,50,0.1,1.0,0.8634347172575608,1.3797575874614307,32.56352138163756,3.051366847906183e-07,True,True,True,3.0261958110931118,3.0262641394636423,3.0262638648783002,0.9969535377219265,0.9969417177448451,0.9969417517388897,5.254759450360731e-06,1.5580444917999764e-08,8.918861979623216e-06,-5.1597012884485594e-08,False,False,False
binary,alpha,beta,0.75,0.5,3,160126,50,0.1,1.0,0.582895228490333,0.7279185820523684,34.12202934847412,1.900286736190016e-07,True,True,True,3.9500570471405605,3.949851647113681,3.9498497145827987,0.7209566133198164,0.7209791831530685,0.7209793728159722,1.323882912087255e-05,1.0506600173030568e-07,-2.6287036362759864e-05,-2.709093323005618e-07,False,False,False
binary,alpha,beta,0.75,0.5,4,160127,50,0.1,1.0,0.474025266069993,1.1544195162819806,31.56524005389017,9.783212279754017e-08,True,True,True,4.24884077671637,4.248885248192882,4.248884622755331,0.8349266425609977,0.8349310883921955,0.8349311380119729,2.113781306046781e-05,3.97088674734782e-08,1.549505574161003e-05,-9.007352019807513e-08,False,False,False
binary,alpha,beta,0.75,0.5,5,160128,50,0.1,1.0,0.3527716325708049,1.0515237104280053,33.64453385731496,2.151491384662644e-07,True,True,True,1.9240831254020314,1.924236400664058,1.9242351018270005,1.086767652974289,1.0867387122928167,1.0867389654735942,1.593193510493831e-05,1.070033614067997e-07,4.5955588312551754e-05,-3.835033837162882e-07,False,False,False
binary,alpha,beta,0.75,0.5,6,160129,50,0.1,1.0,0.6190672005652077,1.0876688176954026,31.54496107885639,2.7472761238213554e-08,True,True,True,5.658913192231282,5.65898132428391,5.658981400005603,0.487709169154629,0.48770133307157654,0.48770132398062965,7.413394681617651e-06,8.763442460984222e-09,3.0209949244408563e-06,2.9144615609766333e-09,False,False,False
binary,alpha,beta,0.75,0.5,7,160130,50,0.1,1.0,0.4760559109320663,0.5797801927871906,34.33005495001538,1.1390866590859188e-07,True,True,True,3.9943415400014057,3.9942554177060643,3.994254433754979,0.4527467608248267,0.4527469509437284,0.4527470321863985,2.1410664388303227e-05,9.98598048619892e-08,-2.14952319268491e-05,-1.528075017631636e-07,False,False,False
binary,alpha,beta,0.75,0.5,8,160131,50,0.1,1.0,0.46999435535941914,0.3628941350365984,34.75511695548878,5.880787539512812e-08,True,True,True,5.8283998852584675,5.828497230584649,5.828495884322115,0.5166231011801988,0.5166184581306518,0.516618537708635,7.509185607708847e-06,8.14422692407784e-08,1.121688590899339e-05,-1.3936184473095636e-07,False,False,False
binary,alpha,beta,0.75,0.5,9,160132,50,0.1,1.0,0.49639900974084905,0.1,35.206666491414765,0.6779354038144448,True,True,True,3.6476765693589313,3.6475868520447943,3.6475866487295727,0.6359259081313446,0.6359322131577463,0.6359322410945745,1.1308728643150855e-05,2.4940185569149783e-08,-1.73606914088964e-05,-2.3576191665597435e-08,False,False,False
binary,alpha,beta,0.75,0.5,10,160133,50,0.1,1.0,0.5933176111327971,1.7174003505624116,30.465689559546814,1.5476440898931886e-07,True,True,True,2.64244294245063,2.642391685226319,2.642391718922133,1.0792293979563004,1.0792351035905852,1.0792350916685862,6.982124245370452e-06,1.4901897867570568e-08,-1.2829973112360449e-05,-9.73695790662532e-10,False,False,False
binary,alpha,beta,0.75,0.5,11,160134,50,0.1,1.0,0.40899227460552556,0.816778537206754,34.69508206053671,1.367217905460468e-07,True,True,True,1.1499301052965953,1.1498344391913229,1.1498362530306303,1.312091078836394,1.3121274151371345,1.3121267607114624,1.265288760411059e-05,1.0431500732885198e-07,-4.053868041609121e-05,8.240420328320397e-07,False,False,False
binary,alpha,beta,0.75,0.5,12,160135,50,0.1,1.0,0.5122241637134435,0.8208044588631014,33.535936205188705,2.335351955131386e-07,True,True,True,4.448437766388604,4.448543664190233,4.448541011718516,0.6132292854531101,0.6132242534761679,0.6132244575733545,1.3786682464919151e-05,1.8787176586533685e-07,1.765077438165008e-05,-3.612808043840232e-07,False,False,False
binary,alpha,beta,0.75,0.5,13,160136,50,0.1,1.0,0.4975239032700989,0.1,35.167260292428026,0.36304811246168744,True,True,True,5.24694818209003,5.247150174415787,5.247149134349554,0.47935248894306137,0.47933828070394924,0.4793383477181223,1.3330067900502565e-05,7.584365943109174e-08,2.2017463699341988e-05,-1.2106255553590017e-07,False,False,False
binary,alpha,beta,0.75,0.5,14,160137,50,0.1,1.0,0.5260524728921112,0.6678981351938447,34.44743264645405,8.881784197001252e-08,True,True,True,2.6906798518617894,2.6907078919046357,2.690707575913137,0.5592786501676186,0.5592742678847933,0.5592742719557379,1.0428739031121538e-05,1.1382714629230117e-07,5.263078911355024e-06,-1.1275120925802185e-07,False,False,False
binary,alpha,beta,0.75,0.5,15,160138,50,0.1,1.0,0.5691149033118188,0.8121191641153512,33.4515605699609,8.101433657963767e-08,True,True,True,4.957225546067761,4.957362617853954,4.9573620994190035,0.5729724846079376,0.572956849990413,0.5729568934341628,1.3061834555018044e-05,3.1695573692667275e-08,9.5959445118865e-06,-5.456232088363322e-08,False,False,False
binary,alpha,beta,0.75,0.5,16,160139,50,0.1,1.0,0.5057224641693203,0.48608654278810226,34.42290973126419,8.910160576636239e-08,True,True,True,5.95250301154108,5.952550348197618,5.952548738638193,0.5124052277516344,0.5124062251283121,0.5124063276528017,1.0325044413310359e-05,8.61287060176661e-08,8.94827329744885e-06,-1.5236264516715892e-07,False,False,False
binary,alpha,beta,0.75,0.5,17,160140,50,0.1,1.0,0.682278153255816,1.191500662945644,30.206230856298976,3.3583563438798656e-08,True,True,True,6.262768070144823,6.262761326530488,6.262761250471893,0.48165199913097145,0.4816521276736992,0.4816521205007327,4.484198190859024e-06,2.762479052145703e-08,-9.491916088677499e-07,-2.0402758593718318e-08,False,False,False
binary,alpha,beta,0.75,0.5,18,160141,50,0.1,1.0,0.5204618803019849,0.8123123572032839,34.12757280195578,1.1104716867356347e-07,True,True,True,2.874868486405972,2.874867490504231,2.874867495377157,0.9216830623954404,0.9216804155947084,0.9216803886032916,1.0274462172475274e-05,6.074980160229696e-08,-3.4230384713396234e-06,-2.938000420726894e-08,False,False,False
binary,alpha,beta,0.75,0.5,19,160142,50,0.1,1.0,0.5107217326103638,0.11300457633458334,35.13290152731826,1.6392607442212648e-07,True,True,True,3.795470054600953,3.7955938709287973,3.7955935943984622,0.5828937096846248,0.5828788358449106,0.5828788431220949,1.2650147758241507e-05,5.8779464127024405e-08,1.543298237294266e-05,-6.447745448667774e-08,False,False,False
binary,alpha,beta,0.75,1.0,0,170123,50,0.1,1.0,0.6548205170486793,0.5800992728698254,34.372347814789535,7.799804677723951e-08,True,True,True,4.947310846017865,4.947400739761132,4.9473992960031605,0.5497083032599466,0.5496998577264885,0.5496999500130012,9.15538310769688e-06,1.1055193710454395e-07,8.261205813653305e-06,-1.8557278735897853e-07,False,False,False
binary,alpha,beta,0.75,1.0,1,170124,50,0.1,1.0,0.5122590609066283,0.3048482816032065,34.97925062464379,1.017962516548778e-07,True,True,True,3.833716953105622,3.8337267457470086,3.83372529059637,0.6318344267808027,0.6318323256837882,0.6318324576032934,2.7180057951820083e-06,1.1355829744104009e-07,-9.232181241713988e-08,-2.2768769269987388e-07,False,False,False
binary,alpha,beta,0.75,1.0,2,170125,50,0.1,1.0,0.4827179302898826,0.8597870806835017,33.814995971671564,1.004859173557616e-08,True,True,True,3.3413099765648484,3.3413015083938604,3.3413003398838725,0.9120840961168001,0.9120874121603535,0.912087555127499,5.295256487411566e-06,4.8436418748058364e-08,1.098226420026549e-06,-1.8512006505488898e-07,False,False,False
binary,alpha,beta,0.75,1.0,3,170126,50,0.1,1.0,0.4690668378414952,2.995606380524009,28.016714052665854,1.4207553995943748e-07,True,True,True,1.1262330013512334,1.1263269665041171,1.1263268459606894,1.8183914254917288,1.8183584008880067,1.8183584383839868,7.879193808068354e-06,2.1030764576632e-08,4.534482241425053e-05,-6.385463890978826e-08,False,False,False
binary,alpha,beta,0.75,1.0,4,170127,50,0.1,1.0,0.6927850964508564,1.2238493077803603,30.723141657611457,7.650735673904717e-08,True,True,True,5.402693766566282,5.402744720653939,5.402744399224943,0.584476237193451,0.5844707302662456,0.5844707455762553,4.143185540597838e-06,2.8174461983606703e-08,3.049241357189203e-06,-4.186734869904285e-08,False,False,False
binary,alpha,beta,0.75,1.0,5,170128,50,0.1,1.0,0.4937076486160846,0.7845374642687242,33.5349794506063,2.4868995751603507e-08,True,True,True,4.948405094288762,4.948409085331257,4.948407978506346,0.5181505384913176,0.5181525028358077,0.5181525586270932,7.062115817357297e-06,1.1287695506643144e-07,2.908625106101681e-06,-1.5944081610541616e-07,False,False,False
binary,alpha,beta,0.75,1.0,6,170129,50,0.1,1.0,0.706093231634617,1.6130798530984174,28.268152234947618,2.512961623071464e-08,True,True,True,4.408242549426268,4.408289460613754,4.408289343752156,0.7945899431620196,0.7945842497549737,0.7945842564600665,3.0079438658615255e-06,1.364466865322316e-08,4.068074648699849e-06,-1.8789990008372115e-08,False,False,False
binary,alpha,beta,0.75,1.0,7,170130,50,0.1,1.0,0.7987277259674929,1.8916629121571653,26.76676558425663,3.60804546465207e-08,True,True,True,3.558131951239754,3.5581596277037995,3.5581596217470692,0.8421342351011482,0.8421214937381308,0.8421214831417875,2.1423914004486285e-05,2.585229458640472e-08,-6.904570902577234e-06,-1.3873595605673472e-08,False,False,False
binary,alpha,beta,0.75,1.0,8,170131,50,0.1,1.0,0.48887915304508056,0.1,35.18003533557168,0.3668862333938749,True,True,True,2.6978638714324,2.6979745550724434,2.697972944183431,0.7788495392051962,0.778834771598663,0.7788350000710395,9.62477855423464e-06,1.2090161759046227e-07,2.3689687161265738e-05,-3.340350929192937e-07,False,False,False
binary,alpha,beta,0.75,1.0,9,170132,50,0.1,1.0,0.4923077265142741,1.4553517909257019,27.880302096541165,2.586855020349045e-07,True,True,True,5.490355570940817,5.4904607394051315,5.490460363134571,0.6610317781229078,0.661027442695311,0.6610274412618887,9.961064910794259e-06,7.22630124307791e-08,1.4093417188831836e-05,-7.018198289188149e-08,False,False,False
binary,alpha,beta,0.75,1.0,10,170133,50,0.1,1.0,0.4708508348177046,1.2819267574732303,32.74862949516627,3.0485244370618104e-08,True,True,True,2.29480941496951,2.2950433779691677,2.295041883663761,1.0524081580752631,1.0523666691976497,1.0523669336552426,1.133373587340661e-05,7.22619133306487e-08,5.383546297110797e-05,-3.4663332115769663e-07,False,False,False
binary,alpha,beta,0.75,1.0,11,170134,50,0.1,1.0,0.5372487728742245,0.9137378281356063,31.220429475381806,4.455080288318119e-08,True,True,True,8.583252913747621,8.58341935753803,8.583419587534005,0.3891785827555716,0.389176415830164,0.3891763929216312,1.5648966744886773e-05,2.6452865406521104e-08,1.6897159117235105e-05,4.2095749108739255e-10,False,False,False
binary,alpha,beta,0.75,1.0,12,170135,50,0.1,1.0,0.4782030524079122,0.5424760069578954,34.58892932246351,1.4993125209634564e-07,True,True,True,3.56296695270735,3.5631372340645786,3.5631355598013235,0.8360485288691644,0.8360291929025239,0.8360293732923912,7.536026797766148e-06,8.726736258741098e-08,2.526731194052445e-05,-2.622031871624131e-07,False,False,False
binary,alpha,beta,0.75,1.0,13,170136,50,0.1,1.0,0.56470959871748,1.2719626523926741,32.14068496471519,1.1013412404281553e-07,True,True,True,3.094651678638274,3.094602582942392,3.0946026919347585,0.9293534260341293,0.9293576762815203,0.9293576507539673,8.038842762256032e-06,2.3942746598503273e-08,-1.0965709286381298e-05,5.830464999689866e-09,False,False,False
binary,alpha,beta,0.75,1.0,14,170137,50,0.1,1.0,0.4381731023788768,0.7143182365425343,33.56315710856346,6.637016871120737e-08,True,True,True,5.604418622250184,5.604482035467825,5.604479634465637,0.4895475792914863,0.4895440164771244,0.48954417867417277,4.442590800457667e-06,1.4253482760104765e-07,6.971284008727707e-06,-2.416713513753166e-07,False,False,False
binary,alpha,beta,0.75,1.0,15,170138,50,0.1,1.0,0.49971931282895465,1.2881135737832041,30.607674214493358,3.888260562047956e-08,True,True,True,4.488805261513955,4.488799520613373,4.4887990641672495,0.7198757356671246,0.7198787836009863,0.7198788348001575,6.624644799438763e-06,2.521334631401367e-08,2.1873850499787295e-06,-4.274034637319346e-08,False,False,False
binary,alpha,beta,0.75,1.0,16,170139,50,0.1,1.0,0.43164536385565677,1.126950299833541,32.37017632781645,8.758279469217323e-08,True,True,True,3.8115755854303326,3.811769058241236,3.8117685595611723,0.8575439626392215,0.8575267694653487,0.8575268038097942,1.3494481596611121e-05,5.610395368703487e-08,3.087232731502354e-05,-9.128591216267523e-08,False,False,False
binary,alpha,beta,0.75,1.0,17,170140,50,0.1,1.0,0.6055946220564739,0.4973068962317124,34.77896851437326,2.3869371591787323e-07,True,True,True,3.380324807842756,3.38008924372464,3.38009115310604,0.7316144192496122,0.7316401550576052,0.7316399691767018,1.9765401791201802e-05,1.7059626293555514e-07,-3.9708926330206396e-05,3.508873618329744e-07,False,False,False
binary,alpha,beta,0.75,1.0,18,170141,50,0.1,1.0,0.5453462382852873,1.9897805358212597,28.322968419829188,2.5558321231935675e-07,True,True,True,2.2650512115752046,2.2651546818312354,2.2651545689630455,1.052833664611532,1.0528252791135229,1.0528252849108595,2.6814664619039577e-05,3.763018000062478e-08,3.598284108363714e-05,-4.3153598028311535e-08,False,False,False
binary,alpha,beta,0.75,1.0,19,170142,50,0.1,1.0,0.6336463102097399,1.2707647495940768,32.12406859178598,1.825186529404117e-07,True,True,True,3.3683075145892367,3.3684244797419165,3.368423851044237,0.9673539837482857,0.9673374464924156,0.9673375227321238,5.797488581160718e-06,2.2914407101626993e-08,1.5586507601028643e-05,-9.887023821875118e-08,False,False,False
binary,alpha,beta,0.75,3.0,0,180123,50,0.1,1.0,0.6913708450366466,2.839540804131361,24.768899487483083,1.3676711901901862e-07,True,True,True,1.6626677026467382,1.6627952582042065,1.6627950849823885,1.4684669310807807,1.4684313660064707,1.4684314030979038,6.052486941425185e-06,1.9454285547681794e-08,3.5707188988709504e-05,-6.147198661210496e-08,False,False,False
binary,alpha,beta,0.75,3.0,1,180124,50,0.1,1.0,0.673029950849939,1.5825388457783587,28.834696655296682,1.7763568394002505e-08,True,True,True,4.262919564134908,4.262923663875867,4.262923274977482,0.6939901334398831,0.6939918922796453,0.693991925657143,4.903815113134621e-06,2.2976295559551756e-08,2.933859214238055e-06,-5.280083215097875e-08,False,False,False
binary,alpha,beta,0.75,3.0,2,180125,50,0.1,1.0,0.5455213388221751,2.1976415222564136,22.594884593085066,1.0105292274881995e-07,True,True,True,3.539350168200432,3.539346167362343,3.539346336496148,0.7143571968086041,0.7143465335530373,0.7143465297196542,2.6014883950698078e-05,4.034612065347334e-08,-1.3363541658151235e-05,4.337339021276421e-08,False,False,False
binary,alpha,beta,0.75,3.0,3,180126,50,0.1,1.0,0.787923941928685,2.9678992723069397,20.67362777604251,2.9866793066499754e-07,True,True,True,1.8107840386786864,1.810799976669514,1.810799981508572,1.5485979670616565,1.5485944352996377,1.5485944362307504,9.544115501575277e-07,4.860997067682738e-09,4.739321447289058e-06,3.744315080211891e-09,False,False,False
binary,alpha,beta,0.75,3.0,4,180127,50,0.1,1.0,0.5759049288237824,3.6526691938794102,16.324246171337354,1.4396706590306447e-07,True,True,True,1.2196425993270497,1.2197697462490278,1.2197696498824906,1.7615850926358185,1.7615465248864886,1.7615465550828544,1.5593704204777798e-05,9.57401451361922e-09,5.9796893541630425e-05,-4.423902666417234e-08,False,False,False
binary,alpha,beta,0.75,3.0,5,180128,50,0.1,1.0,0.5606883618690549,2.317527431608613,19.19544080700556,2.651525148995967e-08,True,True,True,3.7411126013464076,3.7410990702380085,3.741099016535621,0.7793958734984909,0.7794009272150259,0.7794009336025548,8.276328723469554e-06,2.401559203126345e-09,2.1944313921551384e-06,-7.000796387046648e-09,False,False,False
binary,alpha,beta,0.75,3.0,6,180129,50,0.1,1.0,0.7116687393895909,2.9405047338088353,17.729863182595658,2.3725429229655938e-07,True,True,True,2.104800357044229,2.1049368568607103,2.104936734832946,1.3379639680540871,1.337939040977787,1.337939062542305,8.265761510397795e-06,8.93573501324187e-09,3.611806415904084e-05,-3.314510621521549e-08,False,False,False
binary,alpha,beta,0.75,3.0,7,180130,50,0.1,1.0,0.7118998196940437,2.937135167229095,22.487146997025853,8.89833950217623e-08,True,True,True,1.7168752192772745,1.7170053693764442,1.71700522529241,1.5586386628863753,1.5586024226866986,1.5586024520261872,7.96779201570701e-06,1.6537276932954573e-08,3.403029977278038e-05,-5.013755810523435e-08,False,False,False
binary,alpha,beta,0.75,3.0,8,180131,50,0.1,1.0,0.6619097678954186,2.779260405775572,24.59048015721179,1.9134954602216407e-07,True,True,True,1.6460677644783732,1.6461254870548478,1.6461253566306204,1.4711300944222527,1.4711175144451298,1.4711175346094962,6.179386574857406e-06,3.291531314505197e-08,2.0527085609955975e-05,-5.601595276516491e-08,False,False,False
binary,alpha,beta,0.75,3.0,9,180132,50,0.1,1.0,0.5646520707743699,3.2415764094894524,17.333484655452605,6.682174069298175e-08,True,True,True,1.545324921115942,1.5453458108029097,1.5453457237233392,1.433739903869697,1.4337365461873606,1.4337365664329678,5.867024035148979e-06,1.021488451888299e-08,9.619183121145625e-06,-3.3040954861007776e-08,False,False,False
binary,alpha,beta,0.75,3.0,10,180133,50,0.1,1.0,0.638407296944415,4.630239920352083,8.717384665967725,8.08570076907379e-08,True,True,True,0.7582068604795155,0.7582469411229886,0.7582469148115931,1.9137056520921716,1.913681610306167,1.9136816233976317,2.778961488616525e-06,4.6403470447223225e-09,2.5162257649924413e-05,-1.9628194181109393e-08,False,False,False
binary,alpha,beta,0.75,3.0,11,180134,50,0.1,1.0,0.6200371452953597,2.8181150691426815,20.965398200368305,1.2236256808404935e-07,True,True,True,2.041160458276999,2.041158388092243,2.0411583957222756,1.3610843727766426,1.3610866076699561,1.3610866008206888,4.47942830692489e-06,1.2479824299490584e-08,1.5546485698791912e-06,-4.1474237377769896e-09,False,False,False
binary,alpha,beta,0.75,3.0,12,180135,50,0.1,1.0,0.7526174373580838,3.15169361427639,21.291324921195393,2.0863432600263274e-07,True,True,True,1.4614547388158448,1.4615385181556346,1.4615383996081266,1.5765783179285173,1.5765527677591962,1.5765527942548128,2.1537340285854416e-06,2.0272436380404506e-08,2.7858020210658196e-05,-5.060724816985385e-08,False,False,False
binary,alpha,beta,0.75,3.0,13,180136,50,0.1,1.0,0.570023556160981,2.054325881301682,29.64146221014543,1.9062962562126793e-08,True,True,True,1.699806785565739,1.6998464686747619,1.6998464373257056,1.2074204056369917,1.2074073838639698,1.2074073987064275,7.02141208261476e-06,1.5873387593791232e-08,8.352161668057079e-06,-1.354276690790357e-09,False,False,False
binary,alpha,beta,0.75,3.0,14,180137,50,0.1,1.0,0.619034386083604,2.519301402850468,24.81118574446269,2.353318090889326e-07,True,True,True,2.137942754818909,2.1380201282485713,2.138019977773819,1.3715495591076974,1.3715399989211157,1.3715400192875382,1.430671920244074e-05,2.3757489929753258e-08,2.5136440218176404e-05,-4.69327083862936e-08,False,False,False
binary,alpha,beta,0.75,3.0,15,180138,50,0.1,1.0,0.7055669563048468,2.1390056009144183,26.293261915113924,1.7133006561880898e-07,True,True,True,2.754827665346039,2.754800421237119,2.7548001655597223,1.1137597476529053,1.1137619699441415,1.1137619986791794,6.761334593030901e-06,2.7598148355614664e-08,-7.390858101530284e-06,-5.972915317897787e-08,False,False,False
binary,alpha,beta,0.75,3.0,16,180139,50,0.1,1.0,0.98,2.55818777061972,23.253865878836077,0.27224237619805086,True,True,True,2.228936957388962,2.2290586893999538,2.229058508300062,1.2289768943930037,1.2289479640116294,1.2289479915976622,1.245150668430412e-05,1.8823402195364478e-08,2.1256071278230593e-05,-4.948541842964005e-08,False,False,False
binary,alpha,beta,0.75,3.0,17,180140,50,0.1,1.0,0.6691505078248793,2.967465145622223,20.725870727193705,1.4619124879959022e-07,True,True,True,1.8056668076999953,1.8057338528827263,1.8057337074838105,1.446360467627009,1.4463475702796056,1.4463475952196743,7.628235207712744e-06,2.335080311227992e-08,2.222931211903756e-05,-5.180736906140737e-08,False,False,False
binary,alpha,beta,0.75,3.0,18,180141,50,0.1,1.0,0.495215746644512,3.821436727587973,20.751995785951944,1.1660435581114777e-07,True,True,True,1.1448495333846214,1.1448955676332169,1.1448955432413206,1.6780266434975295,1.6780173995357275,1.678017402328063,1.8943784581739215e-05,1.4970122596467095e-08,2.954846515024201e-05,-1.8090112519075774e-08,False,False,False
binary,alpha,beta,0.75,3.0,19,180142,50,0.1,1.0,0.7361672232746365,2.8284839537701627,20.099876257316147,7.639327229390275e-08,True,True,True,2.1074996245343374,2.1076129032985635,2.107612965907805,1.265672711146369,1.265651290297906,1.2656512696363913,5.2777888609908154e-06,1.7924971082311582e-08,2.909312399879127e-05,5.9187854617448465e-09,False,False,False
binary,alpha,beta,0.75,8.0,0,190123,50,0.1,1.0,0.4888938232842343,4.683237866994426,5.687160848790046,5.024735085132617e-08,True,True,True,0.9081464601905128,0.9081639138723062,0.9081639051972308,1.4811230819012469,1.4811061882782863,1.481106192255654,1.9687520268330096e-05,2.7544732083788086e-09,-2.3564360063232925e-07,-4.9732093998500204e-09,False,False,False
binary,alpha,beta,0.75,8.0,1,190124,50,0.1,1.0,0.7686149233716634,4.783488051119799,13.048282518394128,2.1175890223046405e-08,True,True,True,0.7060067013332332,0.7060797318693779,0.706079723428155,1.8483301324679435,1.8482900728478315,1.8482900718075286,1.1369815290853057e-05,1.4365245656690946e-08,5.7302859367780457e-05,-1.3152748223888011e-08,False,False,False
binary,alpha,beta,0.75,8.0,2,190125,50,0.1,1.0,0.7032445644139147,4.685519377240956,12.990784731715122,7.502174204975277e-08,True,True,True,0.7679857854273331,0.7679775549700352,0.7679775435235716,1.8821848205341076,1.8821899364653776,1.8821899419698438,1.5523765319022197e-06,2.4010048900568215e-09,-4.835630949884262e-06,-8.567434761630466e-09,False,False,False
binary,alpha,beta,0.75,8.0,3,190126,50,0.1,1.0,0.4518399542360844,4.516130483987849,13.452992068760883,7.158064863964443e-08,True,True,True,0.9501855101961362,0.950215734802869,0.9502157061172789,1.6019696078393808,1.6019655821702714,1.6019655791759793,2.2587502580910722e-05,3.7096708637891385e-08,2.714029945849461e-05,-3.3635810581245096e-08,False,False,False
binary,alpha,beta,0.75,8.0,4,190127,50,0.1,1.0,0.4941203095359704,4.813776648635989,6.847486573197244,1.7319832987390212e-07,True,True,True,0.7735004298032333,0.7735166822276037,0.7735166610159697,1.6694185299115136,1.669409889319145,1.6694098920249105,1.4170267852525086e-06,2.1218014556508494e-08,1.1039148433589219e-05,-2.4307208690288462e-08,False,False,False
binary,alpha,beta,0.75,8.0,5,190128,50,0.1,1.0,0.6129590301555586,4.520887570588001,9.394575446791034,1.8652408993273006e-07,True,True,True,0.8409508969910976,0.8409897519650026,0.8409897053560642,1.7334879603804938,1.7334603346399733,1.7334603514176194,1.7457957443676102e-05,1.714420072313427e-08,1.4361135825424753e-05,-3.610555232569368e-08,False,False,False
binary,alpha,beta,0.75,8.0,6,190129,50,0.1,1.0,0.5512713424180269,4.337596559021545,9.749530033807778,7.263547845180188e-09,True,True,True,0.9168706907271996,0.9168852316388226,0.9168851914187612,1.6267297637363616,1.6267362329274218,1.626736239084604,3.071860822328406e-05,2.971698343136707e-08,2.3270311290346513e-05,-3.677725501916029e-08,False,False,False
binary,alpha,beta,0.75,8.0,7,190130,50,0.1,1.0,0.5047712247263624,4.686782119987621,7.516201179153423,3.4390320865458086e-08,True,True,True,0.8814846004484408,0.8814680623493802,0.8814680509905461,1.6221511353732951,1.6221562508705103,1.622156254806695,7.002978696153429e-06,4.399401565170641e-09,-1.2880739387988172e-05,-8.354568592494616e-09,False,False,False
binary,alpha,beta,0.75,8.0,8,190131,50,0.1,1.0,0.587350059422042,5.394372678867975,7.245294144726366,5.139431661658281e-08,True,True,True,0.6752282919184704,0.6752014971056906,0.6752014913168417,1.9903469170075894,1.9903707747772221,1.9903707704328737,1.5304811514049245e-05,1.8649251455591558e-08,-1.2229688021392349e-05,-1.3575128576803763e-08,False,False,False
binary,alpha,beta,0.75,8.0,9,190132,50,0.1,1.0,0.5844440997453892,4.8458256849679975,9.226945486734746,7.22278986732494e-08,True,True,True,0.7559834084165622,0.7560180369747891,0.7560179976026228,1.6449927818895054,1.6449703611241626,1.6449703714904695,6.186066313014498e-06,2.8248457033674208e-08,1.9951923702521412e-05,-4.0143692814353926e-08,False,False,False
binary,alpha,beta,0.75,8.0,10,190133,50,0.1,1.0,0.7153880915714196,4.8313490605276606,13.844373362466701,1.4626141215336863e-07,True,True,True,0.7007191674642246,0.7006847248583827,0.7006847253330167,2.0279760715002033,2.0279966401594445,2.0279966368367095,2.0288262496632655e-06,6.974721895214584e-09,-2.547703552835401e-05,-3.1480542617146057e-09,False,False,False
binary,alpha,beta,0.75,8.0,11,190134,50,0.1,1.0,0.5953290024760505,5.65218225462482,12.259459825103416,2.506679116303124e-08,True,True,True,0.6102602098562862,0.6102585032228629,0.6102584902686166,2.132362621047979,2.132367252838689,2.1323672541872782,7.883730721552019e-06,1.8137826915475056e-08,2.516300590116316e-06,-1.967485196985308e-08,False,False,False
binary,alpha,beta,0.75,8.0,12,190135,50,0.1,1.0,0.6868700081755553,4.436708428719936,11.442139420152037,4.270534594540358e-08,True,True,True,0.852178437715086,0.8521975070908189,0.8521974682168345,1.7864493626887976,1.7864377366276605,1.7864377479470575,4.50957363769208e-06,1.9690394640693534e-08,8.959377723272155e-06,-3.25842322013159e-08,False,False,False
binary,alpha,beta,0.75,8.0,13,190136,50,0.1,1.0,0.45591203633811545,4.978647156115332,4.449807362023396,1.0614271838605711e-07,True,True,True,0.7443975317256329,0.744389830878241,0.7443898123136676,1.6238772414475113,1.6238824635249243,1.6238824651710997,1.7408690873403297e-06,2.1203383157411873e-08,-4.356032581753766e-06,-2.304408752706877e-08,False,False,False
binary,alpha,beta,0.75,8.0,14,190137,50,0.1,1.0,0.5508735505075673,5.0128525834579145,13.40028628904549,1.4613046300477982e-07,True,True,True,0.7807869406182559,0.7808136933936858,0.780813680357107,1.8329012837863268,1.8328904172910339,1.8328904180275756,9.2484257773174e-06,1.502732354151652e-08,2.173691108886544e-05,-1.584817077571188e-08,False,False,False
binary,alpha,beta,0.75,8.0,15,190138,50,0.1,1.0,0.551227930282829,4.534082231400778,7.945266228151654,2.7403392056454895e-07,True,True,True,0.8684069288021379,0.8684497222001641,0.8684497075390801,1.5765311154358772,1.576503563008977,1.5765035628909867,1.42451906218441e-05,1.7351549815475607e-08,1.753891206490721e-05,-1.7017744546876656e-08,False,False,False
binary,alpha,beta,0.75,8.0,16,190139,50,0.1,1.0,0.7735948487281907,4.379983990178372,14.946587418016431,1.7243373498116412e-07,True,True,True,0.8264733868301811,0.8264682143769665,0.8264682148738236,1.9586183672475967,1.958619314325953,1.9586193154503804,4.265130229051552e-06,3.513399817465927e-09,-5.16622273138978e-06,1.895726242651108e-09,False,False,False
binary,alpha,beta,0.75,8.0,17,190140,50,0.1,1.0,0.7369648912459282,4.461550091540569,16.067007132951804,1.6282149539899807e-07,True,True,True,0.7581030403324927,0.7580550891958163,0.7580550580740198,1.9140492325383973,1.9140786459267898,1.9140786563041052,4.79032484362174e-06,1.716748579777356e-08,-2.9419169653266408e-05,-2.9107471988254474e-08,False,False,False
binary,alpha,beta,0.75,8.0,18,190141,50,0.1,1.0,0.8219016938380561,4.5082515890013175,10.785470841546477,1.9989892631883403e-07,True,True,True,0.8355941321010126,0.8356357147747993,0.8356356857961809,1.7215764058948968,1.7215524718836748,1.7215524809974831,5.44941077759254e-06,1.3706562298734565e-08,2.2183727537594677e-05,-2.418587108365955e-08,False,False,False
binary,alpha,beta,0.75,8.0,19,190142,50,0.1,1.0,0.6099649788620174,5.219165227700037,10.304730359720988,5.908890703919642e-09,True,True,True,0.7034087733570129,0.7034668535882933,0.7034668225203894,1.9658320663937967,1.9657982000370633,1.9657982137385375,4.669064523793958e-06,1.2625736832719987e-08,4.3547789047693186e-05,-2.8389585793320293e-08,False,False,False
binary,alpha,beta,0.95,0.25,0,200123,50,0.1,1.0,0.5100429641203299,0.10082226187632876,35.131351336252514,1.1150088728921912e-07,True,True,True,5.110949565043754,5.110790279921729,5.110791275751852,0.5137437494488749,0.5137514793943301,0.5137514255848209,2.4232481195523346e-05,9.323958310535933e-08,-2.2133624447917555e-05,1.3289805167460145e-07,False,False,False
binary,alpha,beta,0.95,0.25,1,200124,50,0.1,1.0,0.5116442906385373,0.18069360241838858,35.08137329993521,2.0715702557244598e-07,True,True,True,4.697481845339867,4.697730596962953,4.697727978161382,0.5502674564285189,0.5502447907453544,0.5502449574223295,1.421862653068149e-05,2.2572758987978783e-07,2.649244764540981e-05,-3.6556719607006016e-07,False,False,False
binary,alpha,beta,0.95,0.25,2,200125,50,0.1,1.0,0.5018124229202694,1.1266871492558745,32.594850518033205,2.2516258630109205e-07,True,True,True,3.472719233828743,3.4729402677324184,3.4729378878578503,0.7851729682372102,0.7851512282824642,0.7851514966535325,1.8130868067383885e-05,1.3042858186788152e-07,3.824129149165856e-05,-3.7628878857276504e-07,False,False,False
binary,alpha,beta,0.95,0.25,3,200126,50,0.1,1.0,0.49326074971064016,0.1,35.25613713912179,1.1982553296263652,True,True,True,4.118935706764603,4.1189436622239155,4.118942793018423,0.6069056867502416,0.6069089931729326,0.6069090495414413,1.2075336203433846e-05,9.394492239774114e-08,5.5919639052604e-06,-1.4612969323479774e-07,False,False,False
binary,alpha,beta,0.95,0.25,4,200127,50,0.1,1.0,0.5323308647285004,0.2351350549114435,35.03048313197796,7.00704664897814e-08,True,True,True,4.543236963441856,4.543229161119894,4.543229451342919,0.505861345495047,0.5058578527370581,0.5058578543804317,1.17593207357737e-05,7.415484460595774e-08,-5.6727640469489415e-06,6.577234046289959e-08,False,False,False
binary,alpha,beta,0.95,0.25,5,200128,50,0.1,1.0,0.44176028626246355,0.553002009790097,34.642667085109636,8.10921975650084e-08,True,True,True,2.966784022124142,2.966850223198112,2.9668476585741455,0.783561785144537,0.7835502081583495,0.7835505205239901,5.9479438893163004e-06,2.0059265011464551e-07,8.480536550337092e-06,-5.048026423537522e-07,False,False,False
binary,alpha,beta,0.95,0.25,6,200129,50,0.1,1.0,0.5504337216807543,0.5270179679320234,34.32430098828439,5.728578676879117e-08,True,True,True,5.899840341793473,5.900037868748836,5.900037830980801,0.44310446623948346,0.443089115611132,0.44308909279892467,1.1593910823247898e-05,5.558948907490149e-08,1.5773761674608977e-05,-3.266484327468788e-08,False,False,False
binary,alpha,beta,0.95,0.25,7,200130,50,0.1,1.0,0.5329711611364124,0.543147449399623,34.58854308296946,1.3406493525361332e-07,True,True,True,3.8265775056845928,3.8268266420870054,3.8268265810783353,0.4673067691378343,0.46726907376672216,0.4672690743309103,3.688773999022392e-05,7.327941284859652e-08,2.1691036643289863e-05,-1.529281945522598e-08,False,False,False
binary,alpha,beta,0.95,0.25,8,200131,50,0.1,1.0,0.4968058878584717,0.47301651443046666,34.70060346265897,3.275440170573378e-08,True,True,True,3.945206081221142,3.9452028269151818,3.945202907665833,0.6860295792939823,0.6860283835623789,0.6860283785881219,6.261465263604129e-06,1.4067288302486227e-08,-2.186772022128025e-06,1.4741232234882773e-08,False,False,False
binary,alpha,beta,0.95,0.25,9,200132,50,0.1,1.0,0.33845654606072134,1.068011902869603,33.14271972397091,1.1313171427882071e-07,True,True,True,2.607739193383238,2.608044919849024,2.608042672469169,0.8416589684317357,0.8416213234504508,0.8416216426145052,3.458131236415027e-05,1.8443227203330325e-07,7.339661174654566e-05,-4.942597371382362e-07,False,False,False
binary,alpha,beta,0.95,0.25,10,200133,50,0.1,1.0,0.6545784715953867,0.5923294989394531,34.56036926308897,2.325603226303932e-07,True,True,True,3.5172551033832176,3.517346688375809,3.51734491665395,0.6901840960396773,0.6901727895813953,0.690172992906336,7.78896142331073e-06,1.0801075731597871e-07,1.2751765289920058e-05,-2.6962339916281053e-07,False,False,False
binary,alpha,beta,0.95,0.25,11,200134,50,0.1,1.0,0.2875795898949379,1.6074263281190833,32.572647215128356,1.0667035592279493e-06,True,True,True,1.948966565380325,1.9490232389707993,1.9490229545787765,1.4409486601797885,1.4409468439480766,1.440946889310753,2.5602002974675336e-05,4.225408657331276e-08,2.6893664248461846e-05,-9.368945796950356e-08,False,False,False
binary,alpha,beta,0.95,0.25,12,200135,50,0.1,1.0,0.5383761236792393,0.4270794648340517,34.6700029842014,2.8642893384395585e-08,True,True,True,5.403301027937515,5.403205944023602,5.4032062649963635,0.36943715715747616,0.3694401604101782,0.36944013777718737,1.8456965401769408e-05,2.5556907630784984e-08,-1.4106560350057862e-05,3.334693587930815e-08,False,False,False
binary,alpha,beta,0.95,0.25,13,200136,50,0.1,1.0,0.48894712446970146,0.15475497126003648,35.07959257539074,3.319459161388658e-07,True,True,True,6.328417121553561,6.328435611270248,6.328433562337483,0.40511291666500016,0.40511469780654374,0.4051148080997257,9.286754212253907e-06,1.3559739941275083e-07,4.775521205147015e-06,-1.967864093899152e-07,False,False,False
binary,alpha,beta,0.95,0.25,14,200137,50,0.1,1.0,0.5332079374866212,0.545573470915646,34.23514135080869,1.5780608687885552e-07,True,True,True,6.092313575351043,6.092263938445813,6.092263070244566,0.47692744529266,0.4769289712225591,0.4769290031598843,5.700028743896262e-06,8.05539786898375e-08,-6.4964450317006595e-06,-1.0573960906867796e-07,False,False,False
binary,alpha,beta,0.95,0.25,15,200138,50,0.1,1.0,0.5277552858962503,0.4336560272531348,34.73043914758503,9.755417961618193e-08,True,True,True,4.526373760753862,4.526466887243567,4.526464104703838,0.5364087281092217,0.5364020517295578,0.5364022919888334,9.22899366501795e-06,1.815401565562723e-07,1.2549397631289594e-05,-3.38118105958074e-07,False,False,False
binary,alpha,beta,0.95,0.25,16,200139,50,0.1,1.0,0.4989138523128167,0.1,35.14338642819612,0.06005113917360443,True,True,True,3.98485150004381,3.9847968334641357,3.9847967289992643,0.636072798615502,0.6360817091680283,0.6360817344166356,9.767528033381639e-06,3.220578925974914e-08,-3.4571876881273056e-06,2.852672764674935e-09,False,False,False
binary,alpha,beta,0.95,0.25,17,200140,50,0.1,1.0,0.5106073354741378,0.5114924153708172,34.32349719458277,1.542467014281528e-07,True,True,True,6.220303187403051,6.220440667369463,6.220438903401646,0.466390008100828,0.4663824013847781,0.46638248228448,9.92906001250563e-06,1.3005628807433534e-07,1.3153574592195127e-05,-1.9043683607833373e-07,False,False,False
binary,alpha,beta,0.95,0.25,18,200141,50,0.1,1.0,0.05377748217824135,2.399117656058138,33.882513793100166,3.2979744417625236e-07,True,True,True,0.3703367022112636,0.3707582857991288,0.370756180690209,3.296961989494261,3.2966514101223683,3.29665319779157,0.0004213288387416471,1.5652322765372864e-06,0.0007765442591320948,-3.6197331638732066e-06,False,False,False
binary,alpha,beta,0.95,0.25,19,200142,50,0.1,1.0,0.495270192254358,0.1,35.356880344656794,2.2507916668246257,True,True,True,5.043980059907206,5.044081192415625,5.044079504488561,0.5025240304646157,0.5025171822399512,0.5025172308913787,8.374848479444991e-06,2.393895378972801e-07,1.1887006174049475e-05,-2.7862321871907625e-07,False,False,False
binary,alpha,beta,0.95,0.5,0,210123,50,0.1,1.0,0.5768182269039451,0.9096490866061486,32.25166135970943,2.5618982671915017e-08,True,True,True,6.619806552025295,6.619943753646986,6.6199415839145,0.3980943124057735,0.3980878818338615,0.39808802705355045,1.3889448587354566e-05,1.2200029644488166e-07,1.3161675205708434e-05,-1.6056664975394597e-07,False,False,False
binary,alpha,beta,0.95,0.5,1,210124,50,0.1,1.0,0.5066678656585353,0.1,35.20668993969841,0.7887746065193856,True,True,True,5.890281649457857,5.890559990124313,5.890560024128969,0.4303869256419735,0.43037142641940646,0.43037138697181887,2.5138277279502316e-05,8.102603878871068e-08,2.9369321417505034e-05,-3.964297690117746e-08,False,False,False
binary,alpha,beta,0.95,0.5,2,210125,50,0.1,1.0,0.504401540458269,0.36948268027143066,34.84049159355408,3.198429023584247e-07,True,True,True,4.5566462408597195,4.556642519651301,4.5566419625064505,0.45078157105070116,0.45077862140278757,0.45077862892437986,7.301387898689829e-06,1.0798872100194838e-07,-4.326174469326816e-06,-1.1361137097765095e-07,False,False,False
binary,alpha,beta,0.95,0.5,3,210126,50,0.1,1.0,0.5011661195477183,0.10861124979774306,35.14100909443591,3.552713678800501e-09,True,True,True,2.7718433952682924,2.7721003869461414,2.7720995988118844,0.7633501551193828,0.7633103773599101,0.7633104886555937,2.053575774659727e-05,5.567650514357539e-08,4.675876710535931e-05,-1.5617557380664948e-07,False,False,False
binary,alpha,beta,0.95,0.5,4,210127,50,0.1,1.0,0.7308581257224411,1.3300444770522262,31.742705894256087,2.4801124478944606e-07,True,True,True,3.763477834102749,3.763537396153366,3.7635367219916627,0.822420426805852,0.822410272335117,0.8224103379239509,7.875687161480046e-06,3.8514112042788094e-08,4.031822662398099e-06,-1.036178787217068e-07,False,False,False
binary,alpha,beta,0.95,0.5,5,210128,50,0.1,1.0,0.4587170102332964,0.7221993457213728,34.466753008528045,1.8789120051362364e-07,True,True,True,2.170028121085211,2.1701134230226597,2.1701101743860343,0.9173562428716131,0.9173511938848019,0.9173517724718644,3.18171040974157e-05,2.4312088588892874e-07,3.266463824758148e-05,-8.308674708246144e-07,False,False,False
binary,alpha,beta,0.95,0.5,6,210129,50,0.1,1.0,0.5408675300922531,0.975818817968176,32.67636955385646,1.220914233886076e-07,True,True,True,4.726836813511318,4.7269217363490466,4.726918894164501,0.6984161973730268,0.6984100353278784,0.6984102616499943,6.829725197606377e-06,1.4183215075867053e-07,1.0530911893624761e-05,-3.407132069810359e-07,False,False,False
binary,alpha,beta,0.95,0.5,7,210130,50,0.1,1.0,0.5003843025772605,0.1,35.139974767781254,0.03613004651030937,True,True,True,4.1943970415098715,4.194546769572177,4.194545836862751,0.5749059175748702,0.5748937878245906,0.574893822626009,1.8085696595293754e-05,1.4918735350825353e-07,2.1549335990300733e-05,-1.8229579978878974e-07,False,False,False
binary,alpha,beta,0.95,0.5,8,210131,50,0.1,1.0,0.6954211072791867,0.971481535930805,33.59943125170206,3.552713678800501e-08,True,True,True,3.7109556846784746,3.7110390064374745,3.7110398423239532,0.7343769808421746,0.7343574917343431,0.7343573647882118,2.2547998926070296e-05,7.852905511999913e-08,9.408578449665583e-08,7.909108745707272e-08,False,False,False
binary,alpha,beta,0.95,0.5,9,210132,50,0.1,1.0,0.5461202115500707,1.30078828888791,32.79344768480266,1.2509260630532663e-07,True,True,True,2.4579712201278014,2.4580228073587467,2.4580222896640813,0.7806630500917837,0.7806561962998866,0.7806562853479947,7.925283294305828e-06,4.7590649256298395e-08,1.2988694180648963e-05,-1.0809386452592662e-07,False,False,False
binary,alpha,beta,0.95,0.5,10,210133,50,0.1,1.0,0.5572084606747415,0.7699068081336151,33.86169776724695,9.618607329770785e-08,True,True,True,4.258463220890697,4.258394480848281,4.258394037471559,0.7519196572682126,0.751925189031152,0.7519252083442376,1.0018198904446744e-05,6.264345442587396e-08,-9.855319468954349e-06,-8.18832717186524e-08,False,False,False
binary,alpha,beta,0.95,0.5,11,210134,50,0.1,1.0,0.5707116187087997,0.396854816892167,34.94307883947096,9.598903777505752e-08,True,True,True,2.9950005095141425,2.994958372304417,2.994958889804579,0.8044853991154,0.8044872474590571,0.8044871732121156,1.0138628610951566e-05,3.681814078840932e-08,-1.185398704706131e-05,8.731046818866162e-08,False,False,False
binary,alpha,beta,0.95,0.5,12,210135,50,0.1,1.0,0.2797247119685762,1.104499677274628,33.90857260547026,4.3867379624252585e-08,True,True,True,0.9248512668542614,0.9249227520032995,0.9249204965025262,1.2693513963536194,1.2693390660843624,1.2693400387620444,5.3758827568935244e-05,2.5033409634552594e-07,6.177618708846921e-05,-1.318749276890685e-06,False,False,False
binary,alpha,beta,0.95,0.5,13,210136,50,0.1,1.0,0.583527111403101,0.6980179446060093,34.06500237058737,1.7233408066822028e-07,True,True,True,4.545402617745417,4.5453326308672555,4.545332722652292,0.7040856010035909,0.7040912882721597,0.7040912943083639,4.1300096835030985e-06,3.368960503110746e-08,-8.822555038534574e-06,2.7142682768044324e-08,False,False,False
binary,alpha,beta,0.95,0.5,14,210137,50,0.1,1.0,0.5575861543296721,0.8027003501047529,32.85454943068352,4.472752235079075e-07,True,True,True,6.819967346853032,6.820104066818338,6.8201020218517066,0.4353734132665708,0.4353670081153602,0.43536709134110163,8.70737845901934e-06,1.4537574609464105e-07,1.2468581154223557e-05,-2.040267759184644e-07,False,False,False
binary,alpha,beta,0.95,0.5,15,210138,50,0.1,1.0,0.6180341986716883,1.1903547452739218,31.03078016165757,1.1376143761407307e-07,True,True,True,5.233154455932535,5.233215231080259,5.233214665605878,0.6074557334094158,0.6074475978906378,0.6074476346187871,8.497764456868442e-06,3.729828232179909e-08,2.1812829089640218e-06,-6.577003119900837e-08,False,False,False
binary,alpha,beta,0.95,0.5,16,210139,50,0.1,1.0,0.5015266833294797,1.785578995202696,29.796779959957252,7.817731851877047e-09,True,True,True,2.671059503345662,2.671076018910614,2.671075821642325,1.0483747599446966,1.048372564858095,1.0483725887913418,1.3868201130390019e-06,2.0597771766196282e-08,3.609645979452125e-06,-4.6299327038923366e-08,False,False,False
binary,alpha,beta,0.95,0.5,17,210140,50,0.1,1.0,0.5457783016821901,1.115841062749962,33.258640861693294,1.3634800930193898e-07,True,True,True,2.7180374254539648,2.718105688809872,2.718105160135596,0.8821074329876466,0.882094700718103,0.8820947865164304,5.283324143404452e-06,3.467106343147508e-08,1.0360338883685927e-05,-9.572204362484626e-08,False,False,False
binary,alpha,beta,0.95,0.5,18,210141,50,0.1,1.0,0.5173072220700164,1.5234211566155242,31.030017360605672,1.2148526598842226e-08,True,True,True,2.940808258288971,2.940865751003394,2.9408654446766147,0.9391186270521428,0.9391111723594613,0.9391111997730022,3.4003008223630744e-06,4.3163309083309e-08,1.0894646077730386e-05,-7.260111090090504e-08,False,False,False
binary,alpha,beta,0.95,0.5,19,210142,50,0.1,1.0,0.47632214126936967,0.6849053340624438,33.583769082788294,2.7056661287843682e-08,True,True,True,6.263754167702573,6.2638632267602254,6.263864231612947,0.454246635020226,0.454237282179491,0.4542372222332898,8.05765866737253e-06,5.75410344719533e-08,6.734530700214236e-06,9.140497780890655e-08,False,False,False
binary,alpha,beta,0.95,1.0,0,220123,50,0.1,1.0,0.48086499254689974,1.1980375604750424,30.696765954875374,1.0125233984581428e-07,True,True,True,4.959936245226732,4.959938413502593,4.95993815576804,0.458552414548188,0.45855546799882724,0.4585554672695471,7.619558910759282e-06,5.718347097614776e-08,3.899770003812364e-06,-5.280287140863038e-08,False,False,False
binary,alpha,beta,0.95,1.0,1,220124,50,0.1,1.0,0.6579009142137823,2.0967470875411847,25.07090477376191,3.4161668450162646e-07,True,True,True,3.2601439915031816,3.2602003913637314,3.2602001869242616,0.6838105764454663,0.6837779443736525,0.6837779386368138,5.69105748260202e-05,7.58097820994679e-08,-2.0338716513634836e-05,-6.931242069185828e-08,False,False,False
binary,alpha,beta,0.95,1.0,2,220125,50,0.1,1.0,0.6136050059739874,0.8883614074501134,33.77491955363682,6.404745667978754e-08,True,True,True,3.575726005985206,3.5757705617605504,3.575770422989549,0.7311425826030024,0.7311291939521523,0.7311292058977245,2.242806290453732e-05,2.804311168647601e-08,-2.978763959049502e-06,-2.5055854280253698e-08,False,False,False
binary,alpha,beta,0.95,1.0,3,220126,50,0.1,1.0,0.5761287391164942,0.7049332015753583,34.00254458419589,2.065468415501731e-07,True,True,True,4.632027546084639,4.632003749309281,4.632006126621389,0.47993244376245925,0.47992866243223764,0.47992845862995703,1.3187142105474753e-05,1.7034015891128444e-07,-9.212272985337222e-06,2.786000479204631e-07,False,False,False
binary,alpha,beta,0.95,1.0,4,220127,50,0.1,1.0,0.5628930590029295,0.5503625309912712,34.597891937044224,5.859285502108464e-08,True,True,True,3.8079772395279123,3.8078676204930844,3.8078678444817244,0.6267293695706849,0.6267455901308736,0.6267455811131062,1.2613889773658955e-05,4.9586321509790615e-08,-1.0064047110347474e-05,4.8440497835144924e-08,False,False,False
binary,alpha,beta,0.95,1.0,5,220128,50,0.1,1.0,0.6845059243226154,1.2530477663954966,31.915921417497355,7.121050911587668e-08,True,True,True,3.9316464910254516,3.9317363595082018,3.9317362697527414,0.8938164530856425,0.8938057701942498,0.8938057852574391,7.004206454562483e-06,1.324833975784366e-08,1.0552841274602542e-05,-5.486320731051819e-09,False,False,False
binary,alpha,beta,0.95,1.0,6,220129,50,0.1,1.0,0.6116546161918344,0.702630613644105,34.13783398825934,4.8322130328186015e-08,True,True,True,4.2725582304025576,4.272799845618088,4.272797444407931,0.6580152723689595,0.6579902048637482,0.6579904223453904,1.2482399741309756e-05,1.3608196399951999e-07,2.7377257438843117e-05,-3.11590973467446e-07,False,False,False
binary,alpha,beta,0.95,1.0,7,220130,50,0.1,1.0,0.4794267236231939,0.9983289892665028,32.629036838004815,7.494457715654686e-08,True,True,True,4.5055278752693715,4.505582985751529,4.5055823103636286,0.697346485503657,0.6973428705573621,0.6973429450309461,4.844086142660298e-06,3.634889960293741e-08,8.00565324254876e-06,-6.41593516093053e-08,False,False,False
binary,alpha,beta,0.95,1.0,8,220131,50,0.1,1.0,0.5156101803560753,0.8710535207467411,33.545936467175906,2.918635914076741e-07,True,True,True,3.653475163684429,3.6534874367033754,3.6534864665981615,0.47489312828502395,0.47489052968070505,0.4748906351922461,1.4809098408945032e-05,9.539739209503163e-08,2.234592244576561e-07,-1.440539278974029e-07,False,False,False
binary,alpha,beta,0.95,1.0,9,220132,50,0.1,1.0,0.5355394554573446,0.4582415268677045,34.893845138957424,6.029155041345697e-08,True,True,True,2.558191637506575,2.558372908627766,2.5583722503949913,0.8128853345741465,0.8128581602355596,0.8128582472364936,1.6080953406434762e-05,6.987888904608604e-08,3.941383990735403e-05,-1.571222085772206e-07,False,False,False
binary,alpha,beta,0.95,1.0,10,220133,50,0.1,1.0,0.7907392447140184,1.8828905632820492,26.664895072800924,6.118691186777793e-08,True,True,True,3.7774559238237404,3.7774962381469814,3.7774958435122903,0.8611243815674824,0.8611143227094179,0.8611143460358264,1.258162357468885e-05,5.22955489383114e-08,-9.860119050131289e-07,-7.761439491105193e-08,False,False,False
binary,alpha,beta,0.95,1.0,11,220134,50,0.1,1.0,0.7681272724762382,1.4988466449045836,27.971140370293078,9.646163452508762e-09,True,True,True,5.437907252642102,5.438023910871737,5.438023721769823,0.5374352718017942,0.5374246649809156,0.5374246592943385,6.6443553149357145e-06,4.775782781704175e-08,9.199675456983414e-06,-4.132092712438862e-08,False,False,False
binary,alpha,beta,0.95,1.0,12,220135,50,0.1,1.0,0.6326323357286764,1.8097518597004703,27.926747268443098,5.072345084158651e-08,True,True,True,3.267820447736372,3.2678821413733252,3.267882015777103,0.7739327404978045,0.7739160222976548,0.7739160337111154,2.2975962818031194e-05,1.4180889021510148e-08,-3.938715735785081e-07,-2.529329279354897e-08,False,False,False
binary,alpha,beta,0.95,1.0,13,220136,50,0.1,1.0,0.517736804225852,0.5993347505813585,34.81297739284933,1.2590849356306926e-07,True,True,True,1.8584540481629603,1.8586189074523785,1.8586172089869604,0.937333184241345,0.9373015465114255,0.937301912388043,2.3117468950001138e-05,1.2731831627923017e-07,5.1786938300324437e-05,-4.92601387236391e-07,False,False,False
binary,alpha,beta,0.95,1.0,14,220137,50,0.1,1.0,0.5973593765146791,1.2601788647299144,32.08825886521587,1.6049234403575782e-07,True,True,True,3.431951988168792,3.4320714070688862,3.4320705909150493,0.8115039300756113,0.8114945716898139,0.8114946332316892,1.4106643444338992e-05,1.0182900330505795e-07,2.3854408965462426e-05,-1.6694944093842423e-07,False,False,False
binary,alpha,beta,0.95,1.0,15,220138,50,0.1,1.0,0.455712231555439,1.0272932073158842,32.61449962395472,1.4625607777211252e-08,True,True,True,4.19059417324402,4.190575457736771,4.190573870564297,0.8031728442395689,0.8031775449978309,0.8031776890587167,9.69391742677316e-06,7.595909226883976e-08,7.32971180639197e-07,-2.1289194052087623e-07,False,False,False
binary,alpha,beta,0.95,1.0,16,220139,50,0.1,1.0,0.5466938663415764,1.1943247020470529,32.58124617553897,4.703953098568766e-08,True,True,True,2.9621782678276403,2.9621690400094245,2.9621690516766357,0.6442419225227961,0.6442482890042671,0.6442482883822976,1.9911062782463483e-05,7.19934186731705e-09,4.217686814911303e-06,3.2226665780399344e-09,False,False,False
binary,alpha,beta,0.95,1.0,17,220140,50,0.1,1.0,0.6277837618083333,0.6202336780764613,34.20062779079798,3.351623381340333e-08,True,True,True,5.27043893392789,5.270405112074085,5.27040524866811,0.5200640162117525,0.5200671143601482,0.5200670822784474,4.871104930498062e-06,5.0293611603311034e-08,-2.861438268553229e-06,-1.1018251200312079e-08,False,False,False
binary,alpha,beta,0.95,1.0,18,220141,50,0.1,1.0,0.7293328139797223,0.7426493844394014,34.268236779754034,3.8164810695195073e-07,True,True,True,3.9588378706656475,3.9588423941961235,3.958841184679385,0.6606091779233808,0.6606013016770691,0.6606014076606718,1.7614435870730592e-05,9.119755637691269e-08,-8.108728074773808e-06,-1.835047456211214e-07,False,False,False
binary,alpha,beta,0.95,1.0,19,220142,50,0.1,1.0,0.541074693003529,1.2733657391107498,30.34392236992075,9.642693402921184e-08,True,True,True,5.027828922101481,5.027936756148138,5.027936328988611,0.6479540711413903,0.647938044895983,0.6479380598127926,1.592077763890488e-05,5.434545892736402e-08,2.9285270279899578e-06,-6.778360983616949e-08,False,False,False
binary,alpha,beta,0.95,3.0,0,230123,50,0.1,1.0,0.98,2.67450889345059,21.399377371378264,0.7962504362524258,True,True,True,2.1172823089058683,2.117253200864376,2.1172531866163697,1.1474076786180747,1.1474078182827583,1.1474078184481304,1.3640648400061348e-05,6.516036415865918e-09,-1.3593670683320624e-05,-6.539082164636056e-09,False,False,False
binary,alpha,beta,0.95,3.0,1,230124,50,0.1,1.0,0.5967149440417097,2.8762086074106628,18.260760692565157,4.8307620457987786e-08,True,True,True,2.2221478187448573,2.2221007731298084,2.2221008004646365,1.0638862516682,1.0638916395257523,1.0638916447943443,1.0827980818021305e-05,2.4365293108657162e-08,-1.4950092456444963e-05,1.8367035892197237e-08,False,False,False
binary,alpha,beta,0.95,3.0,2,230125,50,0.1,1.0,0.7369170137194808,2.7868812010006905,23.385842583095176,7.218878770885579e-09,True,True,True,1.7404124694329512,1.7403698772334877,1.740369902569053,1.2458905065992112,1.2458962455412512,1.245896235932017,1.187877313009772e-05,8.453619446686848e-09,-1.7862078045993712e-05,3.494534439596464e-09,False,False,False
binary,alpha,beta,0.95,3.0,3,230126,50,0.1,1.0,0.6364920097202202,3.7195264216234047,15.193818460074468,4.920337532139441e-08,True,True,True,1.363082539159954,1.3631198184810536,1.3631198226209424,1.4694313952147027,1.4694175942540195,1.4694175916874315,4.644804677518704e-06,2.9174124212956516e-09,1.1460041408284383e-05,8.217604374749499e-11,False,False,False
binary,alpha,beta,0.95,3.0,4,230127,50,0.1,1.0,0.7013563905598783,2.356105072170375,28.135439384224266,1.5252384478794593e-07,True,True,True,1.8554885623094002,1.8555059353273167,1.8555057426717232,1.4276847791293619,1.427677898295949,1.427677938582463,6.765508868778722e-06,1.172254757517955e-08,1.383698670309741e-06,-5.744758624359747e-08,False,False,False
binary,alpha,beta,0.95,3.0,5,230128,50,0.1,1.0,0.7681966402914744,3.2594068850351547,16.769003825909607,1.9703588757292536e-07,True,True,True,1.6384389238577646,1.6385548685634377,1.6385547676001724,1.5820986464994824,1.5820679784655542,1.5820679983216999,1.8599685890319874e-06,1.6485078021297714e-08,3.5416211424887933e-05,-3.8757029585667624e-08,False,False,False
binary,alpha,beta,0.95,3.0,6,230129,50,0.1,1.0,0.6597795412644337,4.155613367404836,14.047987462133527,4.5530872257364745e-08,True,True,True,0.9628212858353764,0.9628956561406844,0.9628956343182106,1.2994866842033466,1.2994562517789552,1.2994562437497537,8.502935969853126e-06,4.1158564301741324e-08,4.217055226973798e-05,-3.190734254587824e-08,False,False,False
binary,alpha,beta,0.95,3.0,7,230130,50,0.1,1.0,0.962137039611181,2.6671167914805007,21.990922341038388,1.7410335403688952e-07,True,True,True,2.0598647933224967,2.059909669951876,2.0599095227985957,1.208136034549909,1.208119887407762,1.2081199053032752,1.5457722463195728e-05,3.063843054056796e-08,3.14504595166909e-06,-5.083379406300992e-08,False,False,False
binary,alpha,beta,0.95,3.0,8,230131,50,0.1,1.0,0.7269485545087974,3.256520851160102,19.38669527228423,1.0103465558937315e-07,True,True,True,1.437021760224096,1.4371659539817048,1.4371658769177713,1.484125249711438,1.484079778671482,1.4840798035668683,5.459088199372751e-06,4.1109846483611886e-09,4.796162001241555e-05,-2.4960282729580285e-08,False,False,False
binary,alpha,beta,0.95,3.0,9,230132,50,0.1,1.0,0.8089779097619768,2.587305679533874,23.843284249221824,7.77385524183507e-08,True,True,True,2.1024960679685205,2.102535189791652,2.102535156929746,1.2346144108609771,1.2346092635225796,1.2346092666743609,7.1116446307556755e-06,8.585805199408444e-09,1.2669056371095166e-05,-1.2001034832564983e-08,False,False,False
binary,alpha,beta,0.95,3.0,10,230133,50,0.1,1.0,0.7830128053518236,2.8302615330312437,19.092232901691997,1.0134761157122067e-07,True,True,True,2.197310091858537,2.197401639663702,2.1974015120904773,1.2904844970194038,1.290464523545107,1.2904645359382527,4.8622611503032e-06,2.9727745802818064e-08,1.8623611914847515e-05,-4.378826545803349e-08,False,False,False
binary,alpha,beta,0.95,3.0,11,230134,50,0.1,1.0,0.5388192999009275,2.4964589405827664,20.791699404111554,7.46045448674476e-08,True,True,True,2.9217462304566486,2.9217272654833324,2.921727149414148,0.9417904339055966,0.9418024490091411,0.941802453861705,2.1023357344138538e-05,2.9007354859707267e-08,7.307766470177057e-06,-3.4139500115770716e-08,False,False,False
binary,alpha,beta,0.95,3.0,12,230135,50,0.1,1.0,0.6404700427092624,2.8599328030247895,15.831572812251608,7.559983365797941e-08,True,True,True,2.423870813045943,2.4238807442704844,2.4238806529619183,1.0696347815646652,1.0696358242637087,1.0696358352680158,6.486434820370164e-06,1.2908404723642078e-08,5.272700207115122e-06,-2.500122775472846e-08,False,False,False
binary,alpha,beta,0.95,3.0,13,230136,50,0.1,1.0,0.4806694612960906,3.2405824301802797,21.980057717979,2.9053775468637357e-07,True,True,True,1.3840101629557846,1.3839930927769066,1.38399306447511,1.5024987469153717,1.5025039181518136,1.5025039123661768,1.4605742666813398e-06,3.450947362641645e-08,-6.407434135269341e-06,-2.7110335309998845e-08,False,False,False
binary,alpha,beta,0.95,3.0,14,230137,50,0.1,1.0,0.8229560292649277,2.823665712772187,22.58603574148111,3.9206233653831e-08,True,True,True,1.8023182691503854,1.8023831001082005,1.8023830394678613,1.4133859728584826,1.4133708140225125,1.4133708265807057,1.914060579304278e-06,4.9459140705901575e-09,1.8498782736742214e-05,-1.9186380484370602e-08,False,False,False
binary,alpha,beta,0.95,3.0,15,230138,50,0.1,1.0,0.49421910188485924,3.470230364366844,20.87572077683642,3.7475190377944325e-08,True,True,True,1.2968816841228121,1.2969503708634462,1.296950363164281,1.4688007990824827,1.4687884655980068,1.468788457689512,2.4667524203806217e-05,2.5432276130311408e-08,3.874710432327788e-05,-1.5041351275613124e-08,False,False,False
binary,alpha,beta,0.95,3.0,16,230139,50,0.1,1.0,0.8863784669005239,3.2800879889242984,16.275717351837596,2.86613193185466e-07,True,True,True,1.5841599368745707,1.5841763682169998,1.584176335489023,1.3343165973343691,1.3343010690308583,1.3343010681443805,2.5396559435037102e-05,2.285018754389464e-08,-7.527078832225698e-06,-2.167989521240088e-08,False,False,False
binary,alpha,beta,0.95,3.0,17,230140,50,0.1,1.0,0.917185837226838,3.042757045014458,20.863667241003693,6.662085191844018e-08,True,True,True,1.5143026269387772,1.5142767249655116,1.5142767766553011,1.6128646540088598,1.6128663030653638,1.6128662857781855,1.3371019615872108e-05,6.0340716545512e-09,-1.5192253101758979e-05,1.423236994924082e-08,False,False,False
binary,alpha,beta,0.95,3.0,18,230141,50,0.1,1.0,0.6983594408067031,3.1615223846247598,18.72125941844306,3.114385740644343e-07,True,True,True,1.73939999342591,1.7394575551275324,1.7394574465215145,1.5479799111223653,1.5479652809904465,1.5479653039431316,1.1147324084904648e-06,9.78690267779636e-09,1.6212728311870706e-05,-3.6011464032981166e-08,False,False,False
binary,alpha,beta,0.95,3.0,19,230142,50,0.1,1.0,0.98,2.2292871688799023,25.03189974939467,0.33184779901773986,True,True,True,2.8212946348122383,2.8214016946559424,2.821401525180346,1.1022880319929473,1.1022659992570631,1.1022660191280667,1.3212709724544505e-05,1.5046954571597395e-08,1.2543027342104551e-05,-3.71905350959878e-08,False,False,False
binary,alpha,beta,0.95,8.0,0,240123,50,0.1,1.0,0.9388043873874047,3.8737137971677593,20.12827934240572,3.6998385512165864e-07,True,True,True,0.7604803381237111,0.7604624343935988,0.7604624222251034,2.015303996790509,2.015305940572489,2.0153059456297977,1.9341617633242835e-05,5.730058623192943e-09,-2.1315254528531113e-05,-1.0179000753396394e-08,False,False,False
binary,alpha,beta,0.95,8.0,1,240124,50,0.1,1.0,0.7199883849253276,4.353630911861578,15.6725962576984,2.7189903095286926e-07,True,True,True,0.8215788644362004,0.8215518114885749,0.8215518295641118,1.8501755583814923,1.8501850501692392,1.8501850425595239,1.1400871552957718e-05,4.551816191835119e-09,-2.1987475472329265e-05,1.3240692098293039e-08,False,False,False
binary,alpha,beta,0.95,8.0,2,240125,50,0.1,1.0,0.9064668527839124,3.8660983802646856,19.28221088926147,4.9968327832412976e-08,True,True,True,0.7863369130369849,0.7863177525653574,0.7863177220698471,1.9531453867378161,1.9531481733787917,1.9531481900676417,1.8074281399290744e-05,3.1983009595374453e-09,-2.1178372563213088e-05,-1.956893314059016e-08,False,False,False
binary,alpha,beta,0.95,8.0,3,240126,50,0.1,1.0,0.8831062226482882,4.176285668339152,15.31997621830075,1.7618573745076863e-07,True,True,True,0.8400329655411397,0.839988028162943,0.8399880269735612,1.5984577690169215,1.5984777642604853,1.5984777624817001,7.607139723237764e-06,5.64179327714144e-09,-3.0479299287122785e-05,-3.4638514279095034e-09,False,False,False
binary,alpha,beta,0.95,8.0,4,240127,50,0.1,1.0,0.8316702371941042,4.255107360666562,16.69993430698303,3.0221672726480834e-07,True,True,True,0.8098871163251402,0.8099248836805124,0.8099248728295447,1.8811138514749601,1.8810914697080177,1.8810914718624248,5.009170785420357e-06,8.517181875732109e-09,2.0852897648637736e-05,-1.0917148074440775e-08,False,False,False
binary,alpha,beta,0.95,8.0,5,240128,50,0.1,1.0,0.721182621769818,4.287398030837252,15.277683530629957,3.963625160500035e-08,True,True,True,0.8978173824254212,0.8979153790508437,0.8979153636209201,1.5632218875343555,1.5631667582069788,1.5631667594625311,1.8399329198181675e-05,1.4503950059630773e-08,4.5658163216444336e-05,-1.5738654823849174e-08,False,False,False
binary,alpha,beta,0.95,8.0,6,240129,50,0.1,1.0,0.8576269916073813,3.8531310285438023,18.302025146029635,9.748929886914108e-08,True,True,True,0.8264915467543068,0.826483480355225,0.8264834722478386,1.8575806035252314,1.8575800597740673,1.857580066445252,1.1584548500376698e-05,5.5890980937937626e-09,-1.0388001630445842e-05,-2.1290134100127034e-09,False,False,False
binary,alpha,beta,0.95,8.0,7,240130,50,0.1,1.0,0.98,4.022651501184177,16.898095667551004,0.24508647022970548,True,True,True,0.751165312016101,0.7511267969587665,0.7511267637746462,1.9510245858524369,1.9510411347821348,1.9510411485245833,1.3337819109406379e-05,1.3018242043018579e-08,-3.2250755904073e-05,-2.8357540315937513e-08,False,False,False
binary,alpha,beta,0.95,8.0,8,240131,50,0.1,1.0,0.7652206110487997,3.9854119082793824,20.28046869271947,1.1248741004005333e-07,True,True,True,0.8081710344170998,0.8081539533360407,0.8081539562528574,1.887901355359887,1.8879037516174528,1.887903745263865,1.5766230113223027e-05,1.124306290356238e-08,-1.838061341530306e-05,-3.7056047119676805e-09,False,False,False
binary,alpha,beta,0.95,8.0,9,240132,50,0.1,1.0,0.6856468994503987,4.38564986877856,11.157621677479478,1.716996504180439e-07,True,True,True,0.9377223155368621,0.9377288133419894,0.9377287784678903,1.5504699553561285,1.5504702436909141,1.5504702453793375,7.603850151267854e-06,3.334214626496314e-08,7.226036521146284e-06,-3.524609404337298e-08,False,False,False
binary,alpha,beta,0.95,8.0,10,240133,50,0.1,1.0,0.9092649087686852,4.1076353963983685,15.261238829516781,1.3810861598740797e-07,True,True,True,0.8327192680976037,0.8327196905543349,0.8327196270022849,1.8945920828383673,1.8945808931664063,1.8945809168172107,2.5286755361991412e-05,2.2113024220721813e-08,-1.2424353810658317e-05,-4.9089667442103746e-08,False,False,False
binary,alpha,beta,0.95,8.0,11,240134,50,0.1,1.0,0.9526497374206792,4.076828932175063,15.495805175170492,5.4300074544440644e-08,True,True,True,0.8029138974180121,0.8029214292086525,0.8029213786570563,1.7982710091207168,1.79825971331876,1.7982597340248225,1.673635083983905e-05,1.553088346521639e-08,-3.663366669570678e-06,-3.912084700630203e-08,False,False,False
binary,alpha,beta,0.95,8.0,12,240135,50,0.1,1.0,0.5318620066048056,4.3614737580036325,8.230516876756973,7.843088752136275e-08,True,True,True,0.97683484641146,0.9768603726303398,0.9768603554676724,1.4815409900652037,1.4815293002056409,1.481529303998374,1.1720124745214232e-06,8.96736490038387e-09,1.2659568218609252e-05,-1.3202665627431998e-08,False,False,False
binary,alpha,beta,0.95,8.0,13,240136,50,0.1,1.0,0.8141782302448709,3.9223068635051694,15.908228996166969,2.0517033959823517e-07,True,True,True,0.8539932658082676,0.854026650207549,0.8540266387220208,1.7942917980939799,1.7942694732880782,1.7942694765523064,1.2595272026344515e-05,6.3322212944132224e-09,1.3379273388736124e-05,-9.690594993116974e-09,False,False,False
binary,alpha,beta,0.95,8.0,14,240137,50,0.1,1.0,0.8414701813171738,4.204326200916651,13.32325950813153,2.607539486041231e-07,True,True,True,0.8594248542178311,0.8594287530787638,0.8594287134438903,1.892056147652879,1.8920505635922729,1.8920505804879049,8.360624312416795e-06,7.747485301586813e-09,-1.9189703461819363e-06,-2.6665881946996706e-08,False,False,False
binary,alpha,beta,0.95,8.0,15,240138,50,0.1,1.0,0.8186592792661056,4.312897492394998,10.640398803101338,2.4694923773791415e-07,True,True,True,0.8591411699031154,0.8591111358928194,0.8591111278952897,1.7968216793402572,1.7968404518777932,1.796840456244751,8.30340159826825e-06,7.610807773198272e-10,-1.3350388345045872e-05,-4.281428545027666e-09,False,False,False
binary,alpha,beta,0.95,8.0,16,240139,50,0.1,1.0,0.6615505801863926,4.493871656776697,12.095576391364508,8.602081389484997e-08,True,True,True,0.8440895276896655,0.8440988589170145,0.8440988320469964,1.7855760851535036,1.7855681618551924,1.7855681659996119,7.221144369376447e-06,2.233613565217874e-08,1.9056271938211466e-06,-2.7061346941081865e-08,False,False,False
binary,alpha,beta,0.95,8.0,17,240140,50,0.1,1.0,0.7590474113783791,4.206897328901936,18.381467197701017,4.0691261819965676e-08,True,True,True,0.7893678157222626,0.7894742619852364,0.7894742252665193,1.9717732557684702,1.9717063754306232,1.9717063894843438,1.9231908945064265e-05,1.4325404982006148e-08,5.781176018615497e-05,-3.033039774891222e-08,False,False,False
binary,alpha,beta,0.95,8.0,18,240141,50,0.1,1.0,0.9495150108634175,3.8725275828410766,19.521624536962882,2.1205522362940934e-07,True,True,True,0.7400422703241455,0.7400449576520584,0.7400449173365932,1.9619584475397642,1.9619531893382445,1.9619532106468431,9.189595796312657e-06,6.008427407970339e-09,-2.4523626542816146e-06,-2.994461922867231e-08,False,False,False
binary,alpha,beta,0.95,8.0,19,240142,50,0.1,1.0,0.8175996439983405,4.105590264945293,15.216503270412442,6.311834561147599e-08,True,True,True,0.8442131251925385,0.8442561534940805,0.844256137511912,1.8353936855049866,1.8353688092658549,1.8353688152415437,6.38526605431504e-06,5.437196183414195e-09,2.231535120422734e-05,-1.2050707098865132e-08,False,False,False
categorical,alpha,beta,0.05,0.25,0,1000123,50,0.1,1.0,0.47136026244502227,0.1165403665792564,55.40515394943283,3.265792314062252e-07,True,True,True,3.0281106489207206,3.0281710669221757,3.028169084449654,0.741933568734272,0.7419261030481495,0.7419263360922912,4.969621978648444e-06,1.6526527449134608e-07,1.0970613153915565e-05,-3.8637475796576837e-07,False,False,False
categorical,alpha,beta,0.05,0.25,1,1000124,50,0.1,1.0,0.514538604863991,0.1,55.56206766370291,1.485888091679047,True,True,True,3.4654604191316807,3.4654678171405933,3.465466489273505,0.6581235047055486,0.6581250543296324,0.6581251690980525,8.623128326738013e-06,1.4378899044123646e-07,3.6678130825862354e-06,-2.510391396981504e-07,False,False,False
categorical,alpha,beta,0.05,0.25,2,1000125,50,0.1,1.0,0.5129390115742914,0.9742067442355367,53.36525450799305,2.1316282072803006e-08,True,True,True,3.7613377189652684,3.761594765900228,3.761592554961159,0.6339538522782788,0.6339275326881848,0.6339277258704673,2.1291887573961986e-05,1.928277961704366e-07,3.76699928636981e-05,-3.6535726621877984e-07,False,False,False
categorical,alpha,beta,0.05,0.25,3,1000126,50,0.1,1.0,0.5105185929353453,0.1,55.415280236165735,0.1157970217491941,True,True,True,5.398908874316826,5.399030675315153,5.399029896566032,0.45378643613388997,0.4537787610089861,0.45377876462830735,1.5294531966284533e-05,1.42958575533856e-07,1.3583658592608572e-05,-1.4007180482167314e-07,False,False,False
categorical,alpha,beta,0.05,0.25,4,1000127,50,0.1,1.0,0.4860452386308595,0.1,55.60332503243842,1.958987343897461,True,True,True,4.419143613471644,4.419152377911707,4.419153619854224,0.5721088473211119,0.5721099062041964,0.5721097704034805,4.863124494139395e-06,1.0601061672128967e-07,3.3270614636649043e-06,1.2468996857251113e-07,False,False,False
categorical,alpha,beta,0.05,0.25,5,1000128,50,0.1,1.0,0.5059559444831391,0.1,55.6654547827034,2.5371534100315807,True,True,True,3.795757481493286,3.795994889373167,3.795993562003228,0.5754931252684007,0.5754708649100224,0.5754709605753813,3.107785099172948e-05,1.547573890519949e-07,3.667590877398652e-05,-2.395376768049573e-07,False,False,False
categorical,alpha,beta,0.05,0.25,6,1000129,50,0.1,1.0,0.5892064037447327,0.5910108387517794,54.58992235671188,6.132934694005623e-08,True,True,True,5.101443701684124,5.1014656385384916,5.101465457876353,0.5476309779253096,0.5476287868861518,0.5476288073444482,1.3685735767382555e-06,1.8890180371411437e-08,1.765730132774479e-06,-1.1860286974751943e-08,False,False,False
categorical,alpha,beta,0.05,0.25,7,1000130,50,0.1,1.0,0.4775914773045952,0.5906304207541754,54.751059318465195,1.0944434195003341e-07,True,True,True,3.360752127134548,3.3609148156454407,3.360913925077733,0.7602964390511864,0.7602753369251732,0.7602754260938105,9.625060813773373e-06,7.59910297404724e-08,2.395015292933067e-05,-1.6231862076665493e-07,False,False,False
categorical,alpha,beta,0.05,0.25,8,1000131,50,0.1,1.0,0.5542676051731068,0.41960364292395463,55.08719548658094,2.921229489156718e-07,True,True,True,4.116538240902837,4.116644423230223,4.116642657660204,0.6629782598944125,0.6629684188479774,0.6629685734794168,6.287416728929443e-06,1.1557987670949987e-07,1.421296672532435e-05,-2.508597916062172e-07,False,False,False
categorical,alpha,beta,0.05,0.25,9,1000132,50,0.1,1.0,0.48154554319155796,0.7468173672572933,54.06731562641141,2.4945009160919024e-07,True,True,True,4.470539850793018,4.4706746802508635,4.470672696422514,0.6227761597757877,0.622767047415604,0.6227671659225622,1.141793639702544e-05,1.9551273249347996e-07,1.936079367936827e-05,-3.0730641498166733e-07,False,False,False
categorical,alpha,beta,0.05,0.25,10,1000133,50,0.1,1.0,0.4973988817433343,0.1,55.46147971107264,0.5212103530994139,True,True,True,4.207301851539366,4.207401251963831,4.2074000795068764,0.5927645796029727,0.5927584424385728,0.592758490780117,1.098466081318956e-05,1.7836734041668477e-07,1.633673276302261e-05,-2.2301013302694628e-07,False,False,False
categorical,alpha,beta,0.05,0.25,11,1000134,50,0.1,1.0,0.534324776034127,0.22074968785218885,55.33696369449163,3.5473806054729426e-07,True,True,True,4.01147215739004,4.011651309811018,4.011649551459165,0.6246088374036954,0.6245932557590627,0.6245934038959737,1.9837470456277105e-05,1.388680595251634e-07,2.6452227579909504e-05,-2.6776241668358125e-07,False,False,False
categorical,alpha,beta,0.05,0.25,12,1000135,50,0.1,1.0,0.4963578851625951,0.1,55.42666087207202,0.13188416403414596,True,True,True,3.3884784152033935,3.3885224573020167,3.388522071545135,0.6962081116448016,0.6962044651541794,0.6962044882235374,9.86024546854768e-06,6.487001051177247e-08,8.71205883612447e-06,-8.728263622970189e-08,False,False,False
categorical,alpha,beta,0.05,0.25,13,1000136,50,0.1,1.0,0.5366711160579055,0.4436681995496153,54.91980160825466,2.2429978397532005e-07,True,True,True,5.250432945512064,5.250512286048171,5.250509348474002,0.584576886828698,0.5845643176112706,0.5845645333471918,1.7223826749851875e-05,1.5344994137285793e-07,3.2916805281502093e-07,-3.1110833731418097e-07,False,False,False
categorical,alpha,beta,0.05,0.25,14,1000137,50,0.1,1.0,0.5232541275212145,0.1,55.547835903599555,1.359709678183663,True,True,True,3.7090428381751375,3.70888951815011,3.708888735046722,0.6576953815314701,0.657714007250436,0.6577140610213658,1.042666220159124e-05,9.668657576138776e-08,-2.00432561996422e-05,-1.492362358135324e-07,False,False,False
categorical,alpha,beta,0.05,0.25,15,1000138,50,0.1,1.0,0.5118720972213924,0.2498216307883939,55.281002245147725,8.881784197001252e-08,True,True,True,4.7495475175937285,4.7496018681992265,4.749601370298286,0.5490904648033459,0.549086440225408,0.549086472045228,5.7730366926201375e-06,4.437217064612753e-08,6.741594646086924e-06,-6.819612252684237e-08,False,False,False
categorical,alpha,beta,0.05,0.25,16,1000139,50,0.1,1.0,0.47533753984920346,0.1,55.489502842030895,0.7115662228330074,True,True,True,2.1483976181958124,2.148363130468089,2.148362097366643,0.9128804882491938,0.9128918403201866,0.9128919663547275,1.213862956906431e-05,2.0453050737125306e-07,-3.319117645617098e-06,-3.357758942001965e-07,False,False,False
categorical,alpha,beta,0.05,0.25,17,1000140,50,0.1,1.0,0.10511874587562531,2.241078792423725,54.580530824075275,8.850858022778147e-07,True,True,True,0.4583992251580651,0.4585603838894259,0.45856041552477017,2.6358508360812083,2.635751270758508,2.635751143343554,0.00012235014183521666,2.2540579427477896e-07,0.00023680020421323889,-7.770349697011625e-08,False,False,False
categorical,alpha,beta,0.05,0.25,18,1000141,50,0.1,1.0,0.497829569588817,0.1,55.41967603756148,0.21973141528522175,True,True,True,6.51679273724261,6.516858930049067,6.5168590820710355,0.3895443906470239,0.3895400149929581,0.3895399821769033,6.100893328025164e-06,6.198240579738732e-08,5.1051045204530965e-06,-1.4453384267198999e-08,False,False,False
categorical,alpha,beta,0.05,0.25,19,1000142,50,0.1,1.0,0.4857797211094145,0.1,55.4490900786449,0.29583470961825203,True,True,True,2.0780241716765704,2.0780706938308935,2.078069198195821,0.9061635747139599,0.9061577506932804,0.9061580163044569,1.4886291207663507e-05,1.4427968457023675e-07,1.5268357607567395e-05,-4.139269975667048e-07,False,False,False
categorical,alpha,beta,0.05,0.5,0,1010123,50,0.1,1.0,0.48476209458942415,0.1,55.47803575286322,0.609624706271482,True,True,True,2.49737420684195,2.497441882404657,2.497442092269,0.855678708558591,0.8556678487247797,0.855667788175255,5.881856344071837e-06,5.915305728935192e-08,1.4609795918829604e-05,1.4321507535441924e-08,False,False,False
categorical,alpha,beta,0.05,0.5,1,1010124,50,0.1,1.0,0.529490231777022,0.22385865512939804,55.31077465680844,9.565974336450907e-08,True,True,True,4.8940278365922305,4.893832999986743,4.893833492206702,0.5368657290590753,0.5368850927115251,0.5368850604814404,1.6377728951985287e-05,4.690248192410806e-08,-1.7455185030712528e-05,6.347337233592043e-08,False,False,False
categorical,alpha,beta,0.05,0.5,2,1010125,50,0.1,1.0,0.46269009443197073,0.9200676105070866,53.42278886879299,1.4570458016585432e-07,True,True,True,4.320250747452035,4.320302811888911,4.320302699421869,0.8614218366508649,0.8614219463305385,0.8614219375257365,1.2840304805847816e-05,4.702981257801382e-08,1.2141285139932734e-05,-3.616911925519162e-08,False,False,False
categorical,alpha,beta,0.05,0.5,3,1010126,50,0.1,1.0,0.4854034844588403,0.1,55.64356970490636,2.3119381111769224,True,True,True,3.369565546327023,3.369735605257242,3.369735623234493,0.6777990464050407,0.6777857758915622,0.6777857589911259,2.682066571809322e-05,3.6012981016612874e-08,3.5175457732350424e-05,-1.4122434777164017e-08,False,False,False
categorical,alpha,beta,0.05,0.5,4,1010127,50,0.1,1.0,0.5350423785768028,0.22557256612329007,55.31875316011397,1.1457157353758234e-07,True,True,True,4.556216772493709,4.556138397768743,4.5561382400981,0.5065492485252377,0.5065548268453656,0.5065548646122372,6.77538023460997e-06,5.1391787129850306e-08,-1.0770706225571303e-05,8.874515344814426e-09,False,False,False
categorical,alpha,beta,0.05,0.5,5,1010128,50,0.1,1.0,0.33005524340974585,0.9985771132179878,54.26002487070496,7.010468278509875e-07,True,True,True,0.9125280692320882,0.9128011033146972,0.912797635734379,1.587775773500072,1.5876587685776,1.5876603955536648,3.368747128987057e-05,1.1134447547089613e-07,0.0001625288644788725,-1.925716290429591e-06,False,False,False
categorical,alpha,beta,0.05,0.5,6,1010129,50,0.1,1.0,0.5001676989748364,0.5900874033219119,54.95248516652463,1.464821375527116e-08,True,True,True,2.3097276595368785,2.309818986836851,2.309818849174742,0.8438399468246421,0.8438249086860099,0.8438249191063637,7.411777566885577e-06,5.722035893527101e-08,2.217860895115109e-05,-4.760178029528106e-08,False,False,False
categorical,alpha,beta,0.05,0.5,7,1010130,50,0.1,1.0,0.45583911999737914,0.7998606154606416,53.481554079715366,3.348797788553663e-07,True,True,True,5.346677085996884,5.346749734095621,5.346748147124831,0.6484476025427601,0.6484428654817235,0.6484429788848307,5.153134218104911e-06,7.70309543034976e-08,7.967437525735477e-06,-1.662502668864363e-07,False,False,False
categorical,alpha,beta,0.05,0.5,8,1010131,50,0.1,1.0,0.47634526512923836,0.6569994488197478,54.71542185556501,8.293893593196878e-08,True,True,True,2.904367447885414,2.904435551658701,2.904435987156749,0.8936976629583239,0.8936838171873127,0.8936837475934313,1.1084088225886035e-05,2.463176552050554e-08,7.5777571453272685e-06,6.98194781989514e-08,False,False,False
categorical,alpha,beta,0.05,0.5,9,1010132,50,0.1,1.0,0.6518265481658733,0.6180887558505493,54.63212939622071,4.0507168289818835e-08,True,True,True,4.891454147016743,4.891439649474859,4.891437504338475,0.5360290898898404,0.5360321839020681,0.5360323216978451,8.681822731028374e-06,1.7170947651437868e-07,3.1835177338734866e-07,-2.7990592599280717e-07,False,False,False
categorical,alpha,beta,0.05,0.5,10,1010133,50,0.1,1.0,0.508784582651958,0.1,55.46447913563601,0.5789017798464056,True,True,True,4.857570532345019,4.857625221919211,4.857623760470171,0.5076643805921079,0.5076626101809955,0.5076627328195864,9.810717933611279e-06,9.283351057740242e-08,9.060638554103662e-06,-1.5966384125931654e-07,False,False,False
categorical,alpha,beta,0.05,0.5,11,1010134,50,0.1,1.0,0.49662302023241867,0.1,55.537766694770426,1.2397623585514133,True,True,True,3.335340062926133,3.335554443991952,3.3355529646625284,0.6780039592922018,0.6779805564059065,0.6779807193120001,2.01011673248616e-05,1.149493251311e-07,3.707403962494027e-05,-2.5595083741336566e-07,False,False,False
categorical,alpha,beta,0.05,0.5,12,1010135,50,0.1,1.0,0.5983545119610192,0.46398720030855317,55.12523457418022,5.859285502108464e-08,True,True,True,2.995511718450163,2.995713529729964,2.9957118265713585,0.6153461341071165,0.6153055853441829,0.6153058134761148,3.0679626934863584e-05,1.4190998699147965e-07,2.037957695932846e-05,-3.058854360915575e-07,False,False,False
categorical,alpha,beta,0.05,0.5,13,1010136,50,0.1,1.0,0.4887955142475126,0.1888751559774394,55.38520053113441,2.3590125836440776e-07,True,True,True,2.4508112839230316,2.450737809370864,2.4507364689137883,0.8471476728868375,0.8471649969785666,0.8471651881036837,1.1106166809626742e-05,1.3131079470696403e-07,-1.0361957336613159e-05,-3.2691984586108447e-07,False,False,False
categorical,alpha,beta,0.05,0.5,14,1010137,50,0.1,1.0,0.4987989563348999,0.1,55.570241167635324,1.7219227466114302,True,True,True,6.479962546260206,6.479882836114927,6.479881821915918,0.4090119717786333,0.40902073415199025,0.409020781774481,9.901706527071705e-06,7.35883557803615e-08,-2.3147275811652435e-06,-1.0168761122031356e-07,False,False,False
categorical,alpha,beta,0.05,0.5,15,1010138,50,0.1,1.0,0.5144581995146789,0.20055478540670693,55.340499544400345,4.0507168289818835e-08,True,True,True,4.55827314852218,4.558222572977363,4.558222437473103,0.579392272097451,0.5793975219001742,0.5793975216162486,6.402655295135183e-06,3.11870817434749e-08,-5.0813871226296214e-06,-3.005431636893263e-08,False,False,False
categorical,alpha,beta,0.05,0.5,16,1010139,50,0.1,1.0,0.45438174099625445,0.9221131598597364,53.6913200646157,1.269567092180469e-07,True,True,True,3.1525165211123825,3.152638509208474,3.1526384561506866,0.8732673489468317,0.8732459612902375,0.8732459746209658,1.164785716532151e-05,1.4041880467880963e-08,1.4069785727599537e-05,-1.4820713545304898e-09,False,False,False
categorical,alpha,beta,0.05,0.5,17,1010140,50,0.1,1.0,0.5115914126993777,0.1,55.44933361063115,0.4656789300838742,True,True,True,5.58499716234297,5.584988455554396,5.584986811704819,0.4754727316794961,0.4754739680419376,0.47547408592497353,4.800530877258111e-06,9.6926517142462e-08,-2.9416234781365347e-07,-1.5861574809150625e-07,False,False,False
categorical,alpha,beta,0.05,0.5,18,1010141,50,0.1,1.0,0.4596875801056128,0.26012289967055513,55.33933650739823,5.728578676879117e-08,True,True,True,2.414123545832646,2.4140152913336994,2.4140145196699043,0.8910317639084928,0.8910580624157763,0.8910581676332225,1.769734461790778e-05,8.850474669905415e-08,-1.4764407517020572e-05,-1.9852385690910523e-07,False,False,False
categorical,alpha,beta,0.05,0.5,19,1010142,50,0.1,1.0,0.4857117689589632,0.1,55.588663731008474,1.7259196383179258,True,True,True,2.6722855983184917,2.6722715605987943,2.6722714275103865,0.7902850194198334,0.7902860048603874,0.7902859888836355,3.1491977998343342e-06,8.791835496556297e-08,-4.18675696067794e-06,-6.819739439833938e-08,False,False,False
categorical,alpha,beta,0.05,1.0,0,1020123,50,0.1,1.0,0.49926978666875294,0.229109656837081,55.313435874533,2.51214793389404e-08,True,True,True,4.37142429565754,4.3715794049268775,4.371577005647561,0.5300184589834384,0.5300041056339693,0.5300043465692533,1.4049174830638362e-05,1.6726650697170388e-07,1.8685564583620362e-05,-2.7144896108666217e-07,False,False,False
categorical,alpha,beta,0.05,1.0,1,1020124,50,0.1,1.0,0.43378024934038134,0.23498974351246274,55.37199723862617,6.360250562653447e-07,True,True,True,1.7098923421987056,1.7099068261645662,1.7099084022157207,1.0727699601354073,1.0727668860252806,1.072766491209432,7.781228091425832e-06,7.953568513616753e-08,5.3986214112455855e-06,4.6716859714024395e-07,False,False,False
categorical,alpha,beta,0.05,1.0,2,1020125,50,0.1,1.0,0.4958465310309565,0.1,55.582629656621236,1.7504031788462335,True,True,True,4.545178671797076,4.545262597717447,4.545262568532776,0.5726048280113106,0.5725982417993948,0.5725982538929878,7.907594691330525e-06,3.4098857387577015e-08,1.0889498362587346e-05,7.502364951506024e-09,False,False,False
categorical,alpha,beta,0.05,1.0,3,1020126,50,0.1,1.0,0.4440520047170801,0.30065550462301266,55.24540767037681,1.2615885868118472e-07,True,True,True,3.327634354287654,3.3274302794743496,3.3274323896208733,0.6455858606326235,0.6456087038910235,0.6456084565083214,2.3630036534401e-05,1.545907872914884e-07,-3.46805453901311e-05,3.4935695225613017e-07,False,False,False
categorical,alpha,beta,0.05,1.0,4,1020127,50,0.1,1.0,0.369970837695179,0.7243061988231928,54.604942423570016,7.289559011057346e-08,True,True,True,2.390683031720101,2.390748724832421,2.3907471330057457,0.9322527354698161,0.932251280142005,0.9322515521498953,2.5674940923378873e-05,8.687527393124067e-08,2.5450251939673763e-05,-3.5266724296434404e-07,False,False,False
categorical,alpha,beta,0.05,1.0,5,1020128,50,0.1,1.0,0.5173788312993107,0.3451271736118153,55.086493911410216,3.0145775206728484e-08,True,True,True,5.819741470893199,5.819757786586536,5.819756970238591,0.49204212808708125,0.4920457099822644,0.4920457743577867,1.0841872557769434e-05,4.4506253770416534e-08,6.861156805371138e-06,-6.615675829380052e-08,False,False,False
categorical,alpha,beta,0.05,1.0,6,1020129,50,0.1,1.0,0.40585492278569496,0.45117171350676605,55.12387601251443,7.888304520226981e-08,True,True,True,2.5327165003792693,2.5328333744700813,2.5328317828869484,0.988169342818445,0.9881553186341727,0.988155574834973,1.677913601948486e-05,7.507936101049826e-08,2.9665323260985588e-05,-3.3341864025260293e-07,False,False,False
categorical,alpha,beta,0.05,1.0,7,1020130,50,0.1,1.0,0.19876656989424257,2.0757299129263633,53.16638185172312,1.297066884269654e-06,True,True,True,0.8756310829626278,0.8755744134061831,0.8755744526484894,2.229585594310237,2.2296359719067165,2.229635948295429,5.170574205906603e-05,1.049726557021725e-08,-6.703637495775183e-06,1.7635429117035528e-08,False,False,False
categorical,alpha,beta,0.05,1.0,8,1020131,50,0.1,1.0,0.33466374273132504,1.3909524920335927,50.40792552928962,2.3758848535431037e-07,True,True,True,4.103138564113003,4.1034392929576144,4.103438539237683,0.8696675498570137,0.8696624274661755,0.8696624804859873,6.29333327880686e-05,6.580659875976308e-08,6.726969820647355e-05,-1.226387524866368e-07,False,False,False
categorical,alpha,beta,0.05,1.0,9,1020132,50,0.1,1.0,0.5046430631826232,0.1,55.50624265414378,0.8644517066614649,True,True,True,2.179964494384988,2.1799193023600014,2.1799209648838134,0.8584433884122493,0.8584461478129274,0.8584458608551574,1.450531937900753e-05,1.4655073633627644e-07,-1.7121680578213727e-05,4.322812046098079e-07,False,False,False
categorical,alpha,beta,0.05,1.0,10,1020133,50,0.1,1.0,0.08674600608712044,2.064994975505181,55.398929689411034,1.1498126254820238e-07,True,True,True,0.33195115497853284,0.33211730563976055,0.3321169776840163,2.7339843869499263,2.7338426267187526,2.7338428710243785,0.0001739141354786073,4.263727861915811e-07,0.0003364885157992603,-7.062028402060605e-07,False,False,False
categorical,alpha,beta,0.05,1.0,11,1020134,50,0.1,1.0,0.5104173444635264,0.10197697693258503,55.41499909724975,8.55606755492907e-08,True,True,True,3.0371783683708906,3.0373399469269997,3.037339959835673,0.7056387045785116,0.7056142118420958,0.7056141575381306,1.300583382526856e-05,1.215740846838933e-07,2.4942229863711418e-05,-5.826975524314548e-08,False,False,False
categorical,alpha,beta,0.05,1.0,12,1020135,50,0.1,1.0,0.5187304413021473,0.17270788234893644,55.39112841810499,2.2384915612894024e-07,True,True,True,2.720643465575356,2.7208544591067088,2.7208516396202227,0.7318351515644438,0.7318088551790737,0.7318092590891273,3.258106291792216e-05,2.1634582877472673e-07,4.670373287751772e-05,-5.712322916906487e-07,False,False,False
categorical,alpha,beta,0.05,1.0,13,1020136,50,0.1,1.0,0.4881851901815259,0.1,55.49103178797788,0.8121463750399442,True,True,True,3.9214080170407883,3.921383203093676,3.9213820007846256,0.6106145066155227,0.6106161537703291,0.6106162663142982,7.488895554186442e-06,8.683229494937622e-08,-4.608510963066692e-06,-1.77032319470527e-07,False,False,False
categorical,alpha,beta,0.05,1.0,14,1020137,50,0.1,1.0,0.5465424057174045,0.49584464320564986,54.7248307514042,9.133998540407931e-08,True,True,True,5.9195322888208395,5.919624905733205,5.919622329492501,0.5020518116539254,0.5020487354773804,0.5020488878924741,9.28985677890368e-06,1.544892430366195e-07,1.1844554194340162e-05,-2.5972910577820585e-07,False,False,False
categorical,alpha,beta,0.05,1.0,15,1020138,50,0.1,1.0,0.5300089395287139,0.15988903870771293,55.374711534011716,9.909460403165833e-08,True,True,True,4.4485552334837255,4.448692688146208,4.448694539388111,0.5718015734997842,0.5717863984267322,0.571786201176935,1.042968365687847e-05,1.1910556908486755e-07,1.3616333482957543e-05,1.8903935483649548e-07,False,False,False
categorical,alpha,beta,0.05,1.0,16,1020139,50,0.1,1.0,0.41492620272298686,1.6387917489611468,52.376287711255635,8.069704642231768e-07,True,True,True,1.2516542852816146,1.251761249102434,1.2517611160637716,1.5687778588296972,1.5687475488786458,1.568747580924858,1.7246935600084518e-05,3.595604593589198e-08,5.0489300505773826e-05,-6.93866226697537e-08,False,False,False
categorical,alpha,beta,0.05,1.0,17,1020140,50,0.1,1.0,0.5671879909969569,0.4201239074721902,55.07848851409671,2.0050025369076907e-07,True,True,True,4.248277663049415,4.248332837907198,4.248333522546074,0.47980833441044984,0.47980202862075505,0.47980197234459276,6.48008899959121e-06,6.325712307498644e-08,5.824054134961898e-06,9.636438136340075e-08,False,False,False
categorical,alpha,beta,0.05,1.0,18,1020141,50,0.1,1.0,0.4985938428296798,0.10726214098148086,55.40135323390365,1.8976280615950204e-07,True,True,True,5.080532915474409,5.080707974933907,5.080707220067466,0.494370952532937,0.49435761551720675,0.4943576345284589,1.188804776209219e-05,1.11025860214102e-07,1.897482085411184e-05,-1.2668754578726293e-07,False,False,False
categorical,alpha,beta,0.05,1.0,19,1020142,50,0.1,1.0,0.13334600599656096,2.410226832024288,51.13422308191416,1.0130479538803944e-07,True,True,True,0.5499293491106483,0.5500869136140908,0.5500862618772567,2.4738267418397877,2.4737847182680848,2.4737850705975784,0.00019068435522375275,3.765154366435354e-07,0.00023731610185251384,-7.791552221192433e-07,False,False,False
categorical,alpha,beta,0.05,3.0,0,1030123,50,0.1,1.0,0.1034937338271899,3.2375299691720376,44.73052082065988,6.999706167568964e-07,True,True,True,1.4192893839469958,1.4193782106921662,1.4193785012449975,2.5623761697826697,2.562427730154268,2.5624275012072992,0.00018103178145982617,3.22570110178512e-07,0.00012188559821169065,-5.8880651465642586e-08,False,False,False
categorical,alpha,beta,0.05,3.0,1,1030124,50,0.1,1.0,0.4556755671084079,0.637717391785256,54.552956896273315,3.0354398977712306e-08,True,True,True,3.8996402530921843,3.899743344863687,3.899741945794811,0.7125169457080693,0.7125024260067006,0.7125025649554253,1.4692304357570399e-05,8.192765841702403e-08,9.520664072226737e-06,-1.9878865487044095e-07,False,False,False
categorical,alpha,beta,0.05,3.0,2,1030125,50,0.1,1.0,0.1982232977501971,1.2508292238026733,55.297511846269394,1.5244981102251267e-07,True,True,True,0.4041180542051202,0.40421468700935753,0.404214866651827,2.107826483353643,2.1077534029466096,2.1077531828637337,7.183960527509063e-05,6.799038786855426e-08,0.00015514576629982457,1.910435329932625e-07,False,False,False
categorical,alpha,beta,0.05,3.0,3,1030126,50,0.1,1.0,0.49759813300133227,0.8637755481497529,54.29887493855991,2.808666774861361e-07,True,True,True,2.770396131671048,2.7702855345424995,2.770283360498728,0.8807142266930047,0.8807290379878145,0.8807293426958941,8.543849589375274e-06,1.340317742232379e-07,-2.3303680350750255e-05,-4.3396462245937073e-07,False,False,False
categorical,alpha,beta,0.05,3.0,4,1030127,50,0.1,1.0,0.1890303526438974,1.1606587355498836,54.91355452340589,4.86962339444468e-07,True,True,True,0.7400467771074286,0.7402993796632221,0.740298147131323,1.891436898856004,1.8913122044779027,1.8913128976106066,5.5531882562639636e-05,7.31107928985149e-08,0.00019684836667721584,-8.669129556437838e-07,False,False,False
categorical,alpha,beta,0.05,3.0,5,1030128,50,0.1,1.0,0.19409669678624675,1.7924981987127364,49.7960371843704,1.345527642801553e-07,True,True,True,1.9262856845281504,1.9263907819732973,1.926390997777405,1.6694753657247168,1.6695022681342861,1.6695021753386734,0.00011769098775132348,1.0329017937511789e-07,8.553588115489674e-05,5.190187835069082e-09,False,False,False
categorical,alpha,beta,0.05,3.0,6,1030129,50,0.1,1.0,0.4949565665633507,1.4411707560133138,52.703568793699056,1.9553915426388818e-07,True,True,True,1.4080006313316646,1.4080624548769922,1.4080618061210313,1.113695689997174,1.113664112333455,1.1136642796569869,3.26345525899025e-05,8.316375866000168e-08,7.284549958797015e-06,-2.6810550934897037e-07,False,False,False
categorical,alpha,beta,0.05,3.0,7,1030130,50,0.1,1.0,0.46167902004040007,0.8039663389435467,54.15614276323392,1.1307456633488435e-07,True,True,True,3.28342397726654,3.283469660399141,3.2834675780093643,0.8791884578982573,0.8791831069468881,0.8791833443174247,1.1187476749545395e-05,1.2168613928594842e-07,7.391731791983602e-06,-3.6092132660314746e-07,False,False,False
categorical,alpha,beta,0.05,3.0,8,1030131,50,0.1,1.0,0.3488115309599393,1.5350506907791668,52.80497580897327,1.932375140241739e-07,True,True,True,1.438794014876587,1.438885056253457,1.4388845652644688,1.6221834232335348,1.622167243982368,1.6221673703273694,2.715178989714295e-05,5.2936913140605505e-08,4.445134961628128e-05,-1.9576877718918695e-07,False,False,False
categorical,alpha,beta,0.05,3.0,9,1030132,50,0.1,1.0,0.4674404919346436,0.8660812588921952,54.38891987428571,1.0545038321407553e-07,True,True,True,1.9718357786297682,1.9719521656075731,1.971949675543163,1.0673058594926375,1.0672733397036835,1.0672738858788613,1.777535983393418e-05,1.0847028468412764e-07,2.0949214309951003e-05,-6.339341567240808e-07,False,False,False
categorical,alpha,beta,0.05,3.0,10,1030133,50,0.1,1.0,0.568719092141626,1.4446135804380615,52.351291992070145,1.3857765715487122e-07,True,True,True,2.0244249000246297,2.024328212218705,2.02432889515985,0.7891614916987946,0.7891661312979533,0.7891660315631328,3.7469277302168976e-05,1.2067288318418182e-07,-4.2197690518719355e-05,2.2254279485878214e-07,False,False,False
categorical,alpha,beta,0.05,3.0,11,1030134,50,0.1,1.0,0.4532491653100513,0.40564342409623466,55.23022349533675,7.759243796045309e-08,True,True,True,1.9555045337976051,1.9556066912507384,1.9556073312163538,0.9486079670587962,0.9485869533900446,0.948586844485325,8.78585309642761e-06,8.771702538387269e-08,2.824859033978555e-05,2.0186534044341897e-07,False,False,False
categorical,alpha,beta,0.05,3.0,12,1030135,50,0.1,1.0,0.3978477479365302,1.9322508053590446,51.330641588302406,2.0605739337042905e-07,True,True,True,1.3901387881120677,1.3900572180993003,1.3900568952543597,1.4194246342867698,1.419452050422853,1.4194521489531946,6.912555808508311e-06,1.307963940324503e-08,-2.723414784355782e-05,-1.1881576966743523e-07,False,False,False
categorical,alpha,beta,0.05,3.0,13,1030136,50,0.1,1.0,0.3104332859145272,2.4453388489704464,41.235516046797585,4.6276592302097e-08,True,True,True,3.671547272004671,3.671543871350087,3.6715434782419507,1.1367869523865102,1.136796999747192,1.1367970172697013,2.2255258523082908e-05,6.699964600182375e-08,1.0554337286805549e-05,-8.689536201700321e-08,False,False,False
categorical,alpha,beta,0.05,3.0,14,1030137,50,0.1,1.0,0.1532775054607643,2.2476699761839116,48.99440102355892,6.115265388529103e-07,True,True,True,0.8836881922797732,0.883779867204268,0.8837792360605463,2.0816067945711474,2.081641884456595,2.0816420185302746,0.00018644648058608744,4.098423902312291e-07,0.0001435748169882345,-5.59783551068449e-07,False,False,False
categorical,alpha,beta,0.05,3.0,15,1030138,50,0.1,1.0,0.44723202105773113,0.5264697524067928,55.171809071168056,6.325426871983402e-08,True,True,True,1.446882850714547,1.4470366204777536,1.4470366058591402,1.1237909550982195,1.1237379633735287,1.1237379552114244,1.7956406484806866e-05,2.8844077816759273e-08,4.524245746750921e-05,-1.9499417192037072e-08,False,False,False
categorical,alpha,beta,0.05,3.0,16,1030139,50,0.1,1.0,0.6079198456657265,1.4202691497382807,50.31556591328352,1.045060499958061e-07,True,True,True,4.181259474222719,4.181367283271586,4.181367015598312,0.9066712132139644,0.9066616589432696,0.9066616835748559,6.3717257214321375e-06,1.0764008974650525e-08,1.474811895008088e-05,-3.565756401258113e-08,False,False,False
categorical,alpha,beta,0.05,3.0,17,1030140,50,0.1,1.0,0.49661552301423173,0.39360561240257896,54.96145365511016,1.2735376009896213e-07,True,True,True,5.65336558101403,5.653291895128728,5.653292512886736,0.40255254515503497,0.40255078947223155,0.4025507321660332,1.710980171811566e-05,4.574995889938289e-08,-1.5012077192011475e-05,4.329783109824348e-08,False,False,False
categorical,alpha,beta,0.05,3.0,18,1030141,50,0.1,1.0,0.48001990151891244,0.3781927088708842,55.22328251134816,4.766465574234764e-08,True,True,True,2.598259362893224,2.5982650640256937,2.5982641948091514,0.8729729015887178,0.8729725211041468,0.8729726460161175,1.4203268303318955e-05,6.72553788045868e-08,1.5654336493753362e-06,-1.9072712120760116e-07,False,False,False
categorical,alpha,beta,0.05,3.0,19,1030142,50,0.1,1.0,0.4845446367045756,0.1,55.47469484488399,0.6180341785011834,True,True,True,3.326608226029009,3.3266683853705192,3.326667863906292,0.7053219189244619,0.7053150584710729,0.7053151140248113,4.43400117144162e-06,4.262309072895133e-08,1.0092941614914253e-05,-9.27940959627449e-08,False,False,False
categorical,alpha,beta,0.05,8.0,0,1040123,50,0.1,1.0,0.1308440951344809,5.202618283272894,39.35774921445713,4.385079527440936e-06,True,True,True,0.7312730711585683,0.7312328539768104,0.7312328229579893,2.874218905824423,2.874313307597843,2.874313210188016,0.00016215524506709393,2.6690183842547316e-07,5.353185841983077e-05,-1.5456710400485463e-07,False,False,False
categorical,alpha,beta,0.05,8.0,1,1040124,50,0.1,1.0,0.12842993807714376,5.535953498717734,14.990362253877793,7.389183787235861e-07,True,True,True,0.9012269966188526,0.9013312741605205,0.901331202824401,2.652945986010619,2.6530062292660537,2.653005984240289,0.00025385794767355244,6.435179720610289e-07,0.00018469586541058902,-3.612416215048597e-07,False,False,False
categorical,alpha,beta,0.05,8.0,2,1040125,50,0.1,1.0,0.34120092216353676,5.193048758856919,23.22518957368265,2.522760676840999e-07,True,True,True,1.1330724779220416,1.1331724448088787,1.133172406836678,1.9434124394128502,1.9433767483633442,1.9433767570484037,6.178283581860405e-06,1.352544458217555e-08,4.7108141792762126e-05,-2.351059791294574e-08,False,False,False
categorical,alpha,beta,0.05,8.0,3,1040126,50,0.1,1.0,0.17748041079751115,4.878895097995256,32.07428829740904,5.230983111428484e-07,True,True,True,1.3379322297794927,1.3379861717585277,1.3379861296290514,2.180310828983027,2.180340789679441,2.180340718432451,0.00010911959172572893,1.9555027919991868e-07,7.469662292436396e-05,-1.1351335160725284e-07,False,False,False
categorical,alpha,beta,0.05,8.0,4,1040127,50,0.1,1.0,0.1514099326426427,6.007900194665981,16.266096015561335,1.0727742229356495e-06,True,True,True,0.9305889610343352,0.9306697126242596,0.930669725158212,2.4234690118112594,2.423517802071034,2.4235175912572244,0.00019863200309772031,4.7194634959172237e-07,0.00014271356991812922,-2.2924069398300162e-07,False,False,False
categorical,alpha,beta,0.05,8.0,5,1040128,50,0.1,1.0,0.09383330892326348,3.9240183239571538,42.63082253461849,3.0982585593330434e-06,True,True,True,1.2943986310690963,1.294415993403316,1.2944162285961485,2.8076476590501085,2.807721530823584,2.807721255002572,0.0001830726623161726,4.534074183799256e-07,9.832551636179687e-05,-1.3585266600557588e-07,False,False,False
categorical,alpha,beta,0.05,8.0,6,1040129,50,0.1,1.0,0.40632390287681025,3.28515944715671,43.0800081241442,2.2910561657019796e-07,True,True,True,1.7016877064011722,1.7016750492334507,1.7016749128405408,1.571904469178507,1.5719104674917872,1.5719104971642668,6.6333483890177815e-06,1.2133680698655589e-08,-5.782132959097908e-07,-4.599044700626109e-08,False,False,False
categorical,alpha,beta,0.05,8.0,7,1040130,50,0.1,1.0,0.08128544320875035,5.998178177063878,32.34514939627367,2.7428423082887167e-06,True,True,True,0.8438896721256564,0.8438864926473021,0.8438865836779388,3.189410385733618,3.189539551709204,3.1895389931211704,0.00029243412019410906,1.1783262619850454e-06,0.0001444049433629857,-5.352275351810931e-07,False,False,False
categorical,alpha,beta,0.05,8.0,8,1040131,50,0.1,1.0,0.4566888439730163,4.385641137554469,30.40798659058272,3.4204422272660125e-07,True,True,True,1.4908507521957932,1.4908451022435099,1.4908451003634202,1.8634121471852303,1.863410136817815,1.8634101411391837,8.431775945930533e-06,8.777839234462456e-09,-6.1005645655143326e-06,3.714070828664262e-09,False,False,False
categorical,alpha,beta,0.05,8.0,9,1040132,50,0.1,1.0,0.09326662891098991,3.8125766236729044,51.30019126080375,4.4869689066638097e-07,True,True,True,0.573645499366125,0.5739117132676442,0.573911501020641,2.9503293315067465,2.9502123715067916,2.9502123381555556,0.00019426913672639361,4.469108159537683e-07,0.00032890284803244185,-4.082222773149624e-07,False,False,False
categorical,alpha,beta,0.05,8.0,10,1040133,50,0.1,1.0,0.07679714582536033,6.433629903203151,33.06952704746327,7.4751519163911e-06,True,True,True,0.6868284129906126,0.6868585559950131,0.6868586311971795,3.450176580578941,3.450223939322666,3.450223563742481,0.00015216691505266056,7.554526100165245e-07,9.808713155479154e-05,-3.22915553851999e-07,False,False,False
categorical,alpha,beta,0.05,8.0,11,1040134,50,0.1,1.0,0.13551487352032648,1.9646764037643234,54.75379616884463,1.1557415603696822e-06,True,True,True,0.400256976252729,0.4003146356280674,0.40031455796048093,2.553836141782532,2.553808209527804,2.5538082748632998,8.043061777574063e-05,4.5460710975431164e-08,0.00011176852315486485,-1.187961018445094e-07,False,False,False
categorical,alpha,beta,0.05,8.0,12,1040135,50,0.1,1.0,0.19830168024905584,2.7976871046550658,45.02179011473393,5.281982684814269e-08,True,True,True,1.2784555097796755,1.278642958299887,1.2786428195622095,1.959818427405664,1.9597993831433786,1.9597993546891042,0.00010321415149483868,1.7517954839438363e-07,0.00012454354615698549,-1.4126304392902966e-07,False,False,False
categorical,alpha,beta,0.05,8.0,13,1040136,50,0.1,1.0,0.16417723147545663,4.796757837143913,19.568930958964806,2.9001519815640394e-07,True,True,True,1.3584301393257117,1.3583668530337458,1.3583669096848587,2.0437509919265047,2.043836299741694,2.0438361322883907,0.0001495044451351397,3.438870971590681e-07,5.147426915286246e-05,-1.5108242834571683e-07,False,False,False
categorical,alpha,beta,0.05,8.0,14,1040137,50,0.1,1.0,0.15322312911612906,5.500682448952376,15.601900684481452,5.274135483233285e-08,True,True,True,1.0242779437196292,1.0242928194727388,1.0242928460220082,2.397501401250171,2.3975661939124615,2.397566011629885,0.00016333327146526104,3.9382111002452914e-07,8.89344233705458e-05,-1.8394096201745924e-07,False,False,False
categorical,alpha,beta,0.05,8.0,15,1040138,50,0.1,1.0,0.06691693106655539,5.801308177535681,36.222137797468626,3.92286153682509e-06,True,True,True,0.7335160203781741,0.7332833607573047,0.7332835358766466,3.580119265682905,3.5803290132236896,3.580328563345188,0.00016491833911903703,7.971225272292444e-07,-7.603276245760071e-05,-2.791264179791142e-07,False,False,False
categorical,alpha,beta,0.05,8.0,16,1040139,50,0.1,1.0,0.06642473316867077,5.213035386647226,47.599977056508486,4.671847119133542e-06,True,True,True,0.5151578490014288,0.515228078197422,0.5152278782738944,3.496311635952624,3.4963744093906333,3.496374108118061,0.00027974963947702925,1.0817923182853034e-06,0.00020785200435824436,-7.348821213781775e-07,False,False,False
categorical,alpha,beta,0.05,8.0,17,1040140,50,0.1,1.0,0.16647048898139627,4.960407285429329,40.07069325825352,1.0734252414399347e-06,True,True,True,0.9264747878918816,0.9265291355364254,0.9265291555296772,2.291066801873277,2.291091288839272,2.291091209968618,0.00011497971437179705,1.6004701668835417e-07,8.6781400185032e-05,-6.922454076629947e-08,False,False,False
categorical,alpha,beta,0.05,8.0,18,1040141,50,0.1,1.0,0.09655161696849338,4.930011016545689,42.182682291208266,1.0382052830700368e-06,True,True,True,0.7435732455384734,0.7437422621702859,0.7437420575172549,2.954383050282719,2.954396525378235,2.9543963261003876,0.00025761568971424356,7.341542218125484e-07,0.00024228662599057316,-5.045937427894387e-07,False,False,False
categorical,alpha,beta,0.05,8.0,19,1040142,50,0.1,1.0,0.10265097566840586,5.091759986108321,36.99706091992224,1.7273495345993756e-06,True,True,True,1.0367441307772156,1.0367217706463197,1.036721920749211,2.73815661401467,2.738261730101088,2.7382612908962134,0.000219604913799337,8.66533464049222e-07,9.909062053736761e-05,-3.6086721877381933e-07,False,False,False
categorical,alpha,beta,0.25,0.25,0,1050123,50,0.1,1.0,0.501431877822763,0.1,55.461521267096764,0.5427683049675176,True,True,True,4.675102772716577,4.675304626180312,4.675302913289563,0.5285915220114198,0.528572261450706,0.5285723615170438,1.7609810504486782e-05,1.6691912761689894e-07,2.0749625960547746e-05,-2.511643089064819e-07,False,False,False
categorical,alpha,beta,0.25,0.25,1,1050124,50,0.1,1.0,0.5415495253790843,0.18110856192917624,55.32479786823494,1.621843951300168e-07,True,True,True,6.304449473830393,6.304447193497501,6.304446318733414,0.4411990918485567,0.4412003868882548,0.44120042936188686,3.4954505491062106e-06,6.164292731150664e-08,1.0394134122293508e-06,-8.985393407101583e-08,False,False,False
categorical,alpha,beta,0.25,0.25,2,1050125,50,0.1,1.0,0.41724064398439387,0.45204330452205915,55.270530759219525,3.750763900774006e-07,True,True,True,1.1591884077578605,1.1592699634489863,1.1592671135214214,1.2900419923099793,1.2900177754592324,1.2900187857063754,1.4944557628282238e-05,1.8254131451412006e-07,4.117740574116624e-05,-1.2952942824995262e-06,False,False,False
categorical,alpha,beta,0.25,0.25,3,1050126,50,0.1,1.0,0.4714084703195402,0.6301423302960071,54.877776396366954,2.2748467065386708e-08,True,True,True,2.5236983198985867,2.5237930706181553,2.5237927142132333,0.9904302112133396,0.9904142268225229,0.9904142640098504,4.506546966653756e-06,5.802662612538882e-08,1.9042572958483106e-05,-9.84044845608878e-08,False,False,False
categorical,alpha,beta,0.25,0.25,4,1050127,50,0.1,1.0,0.531250015754096,0.45775582165308853,54.914063132491776,1.5860389826762653e-07,True,True,True,4.886084202133741,4.886095255005417,4.8860951954840735,0.6017083721294477,0.6017080762038242,0.60170804589725,1.5670692945019348e-06,7.964054200686978e-08,1.8743393610520798e-06,-4.70735130875255e-08,False,False,False
categorical,alpha,beta,0.25,0.25,5,1050128,50,0.1,1.0,0.5244272120425723,1.1735411639414488,52.22370278426985,1.5991656838729185e-07,True,True,True,3.1828246300501557,3.1829613053285675,3.18296038703273,0.7033578765224937,0.7033450227389402,0.7033450931726372,1.5979332916198844e-05,1.4579685216446387e-07,2.7934703553000872e-05,-2.0741386208555923e-07,False,False,False
categorical,alpha,beta,0.25,0.25,6,1050129,50,0.1,1.0,0.4810832391179809,0.1,55.524074468957295,1.0844616014083133,True,True,True,2.705018225939355,2.705115518420481,2.705113875422321,0.8041966717150258,0.8041776864475628,0.8041778923416824,1.3156201380895394e-05,1.619665253272149e-07,1.3738836528887077e-05,-3.703229154439214e-07,False,False,False
categorical,alpha,beta,0.25,0.25,7,1050130,50,0.1,1.0,0.4873991753528678,0.1261557414210962,55.39430121033597,6.833781207288093e-08,True,True,True,4.380174946496769,4.380188469840143,4.380187128018363,0.5790519400518519,0.579048927235441,0.5790490443819859,8.504409356040966e-06,8.99982826684118e-08,-5.527087694190413e-07,-1.7146892616892728e-07,False,False,False
categorical,alpha,beta,0.25,0.25,8,1050131,50,0.1,1.0,0.5025496688958043,0.41169655913565123,55.09434170603843,1.542467014281528e-07,True,True,True,3.839791089652241,3.8397744982956166,3.839773401414958,0.7598373135654689,0.7598401450360964,0.759840262702419,4.5490607054988595e-06,7.227267813185493e-08,-1.2112536325048495e-06,-1.5019446664155112e-07,False,False,False
categorical,alpha,beta,0.25,0.25,9,1050132,50,0.1,1.0,0.5073701780673321,0.10115351833848585,55.40631575125085,7.864266969611811e-08,True,True,True,4.802481376341991,4.802484922854263,4.802483162901454,0.5335843392329995,0.5335808966707477,0.5335810385703653,1.0102959303339121e-05,1.114523478593544e-07,-3.4280207827919185e-06,-2.030992121149211e-07,False,False,False
categorical,alpha,beta,0.25,0.25,10,1050133,50,0.1,1.0,0.4804569962988269,0.5295160211006769,54.659769739619335,1.8288713016877622e-07,True,True,True,4.9527756679318236,4.952738418200347,4.952737077007768,0.5479746947374713,0.5479767336050485,0.5479768242142613,5.871562122297882e-06,9.657407309630932e-08,-5.3401567043920295e-06,-1.66480511154532e-07,False,False,False
categorical,alpha,beta,0.25,0.25,11,1050134,50,0.1,1.0,0.40485517230804136,0.7061181830221608,54.54443764611956,1.718573603063735e-07,True,True,True,2.3262650467835915,2.326349244028797,2.32634803597665,0.9321304975209275,0.9321317997540824,0.9321319842416566,4.1920231276838154e-05,1.1347268372360136e-07,3.738587982837771e-05,-3.068919340876164e-07,False,False,False
categorical,alpha,beta,0.25,0.25,12,1050135,50,0.1,1.0,0.4961617489012859,0.12472351937185476,55.398371876752265,3.0145775206728484e-08,True,True,True,4.103561431030137,4.103742071225894,4.103740677222722,0.5641470598780206,0.5641286353199464,0.564128690730103,1.6046423735101442e-05,2.2421539395660224e-07,2.253142367436567e-05,-2.7589749862499957e-07,False,False,False
categorical,alpha,beta,0.25,0.25,13,1050136,50,0.1,1.0,0.6563901842906981,1.0143754771608895,52.98703070865605,1.5207983534111508e-07,True,True,True,4.800012285629438,4.800178285953379,4.800177206017744,0.7591749158684655,0.7591574768952442,0.7591575730342429,8.314720673095321e-06,4.0250795458041284e-08,1.4391060283003299e-05,-1.1429414570329754e-07,False,False,False
categorical,alpha,beta,0.25,0.25,14,1050137,50,0.1,1.0,0.5089914404105365,0.1,55.43543530298688,0.255807158566768,True,True,True,4.176676070500864,4.176728030257506,4.176726984562964,0.5643064496601792,0.5643007420904945,0.564300832944466,1.0705336705019338e-05,7.95498310326175e-08,5.723533938351011e-06,-1.4576266949006822e-07,False,False,False
categorical,alpha,beta,0.25,0.25,15,1050138,50,0.1,1.0,0.5128012659323672,0.573187390794579,54.80529929190546,2.929642751054232e-08,True,True,True,3.5372558840342663,3.537159684573307,3.537159092477092,0.6320826251249423,0.6320963778150069,0.6320964165435601,8.415384783692703e-06,8.980835032748491e-08,-1.148587615773522e-05,-1.2280523975505275e-07,False,False,False
categorical,alpha,beta,0.25,0.25,16,1050139,50,0.1,1.0,0.4018009722562164,0.795234245883904,54.55107416525028,2.418195219212526e-07,True,True,True,2.144135813057679,2.1441077604218073,2.144107100029679,1.1695315261881671,1.1695451807943011,1.1695453216031526,1.9430317379734742e-05,2.6632679875212226e-08,2.4910465441507768e-06,-1.4589110008955686e-07,False,False,False
categorical,alpha,beta,0.25,0.25,17,1050140,50,0.1,1.0,0.5138585706185107,0.10866570067746702,55.40122464534892,6.355287432313018e-08,True,True,True,5.0040406248198765,5.00394790910694,5.003947675419256,0.5009993465862002,0.5010089398156186,0.5010089505096074,7.196674415536328e-06,2.7508145757159986e-08,-7.5181163907700466e-06,-3.438875495476168e-08,False,False,False
categorical,alpha,beta,0.25,0.25,18,1050141,50,0.1,1.0,0.4786324180858997,0.1,55.438286638146096,0.2761680555352253,True,True,True,3.6776793913364134,3.677857437857643,3.677856377188956,0.6959296282576453,0.6959102497487234,0.6959103338792796,1.1285001285001818e-05,1.097106166580989e-07,2.5909696937276294e-05,-1.9153425512286049e-07,False,False,False
categorical,alpha,beta,0.25,0.25,19,1050142,50,0.1,1.0,0.48779289790720637,0.1,55.68393127858016,2.744748094585252,True,True,True,3.9747622619552976,3.9747881525589097,3.9747867154330554,0.5925549516831112,0.5925573117734144,0.592557402517888,1.6884757912901994e-05,1.7288703555148483e-07,8.97379513986607e-06,-2.5708699524784606e-07,False,False,False
categorical,alpha,beta,0.25,0.5,0,1060123,50,0.1,1.0,0.3574757951632063,0.47536874527675527,55.28374370395748,1.68445092059666e-07,True,True,True,1.5002279108552206,1.5002234433310557,1.5002231381030913,1.33532081323881,1.335329046962899,1.3353291332314838,2.0638720719071342e-05,1.5521571953184794e-08,6.3973891144541994e-06,-1.0413464934799777e-07,False,False,False
categorical,alpha,beta,0.25,0.5,1,1060124,50,0.1,1.0,0.5228565686424708,0.10738804815297584,55.41218574167618,2.0337540407470144e-07,True,True,True,3.1154433960353813,3.115546183898939,3.115545312434935,0.7147940114225205,0.7147769770690712,0.714777071489615,1.3098668446293115e-05,8.13280485932887e-08,1.320993523989955e-05,-1.7100904869948863e-07,False,False,False
categorical,alpha,beta,0.25,0.5,2,1060125,50,0.1,1.0,0.5699760675624754,1.2640484940034193,50.97283998539704,1.458864979099773e-07,True,True,True,5.276499585285827,5.276541938663842,5.276539738384331,0.6626640870081782,0.6626618044733059,0.6626619397350205,4.516605113261928e-06,1.359846670462708e-07,5.1376299410321735e-06,-2.612669902646303e-07,False,False,False
categorical,alpha,beta,0.25,0.5,3,1060126,50,0.1,1.0,0.4505919030670554,0.7763241909952271,54.45804138968722,1.4845072666798969e-07,True,True,True,2.7237165060731447,2.723834105955826,2.7238334516909193,0.993867359658171,0.9938546126035401,0.9938547006318439,1.4840582447307673e-05,4.4502307202121165e-08,2.8360881827893536e-05,-1.388536858826228e-07,False,False,False
categorical,alpha,beta,0.25,0.5,4,1060127,50,0.1,1.0,0.42233944355620534,0.6655803394917518,53.91004960143115,7.528065317933785e-08,True,True,True,5.619934959443264,5.620012089926309,5.620011871859476,0.5564880164859652,0.55649247579007,0.5564924596259209,2.840329554829554e-05,7.45399832749703e-08,1.8800901962379157e-05,-5.741151198890293e-08,False,False,False
categorical,alpha,beta,0.25,0.5,5,1060128,50,0.1,1.0,0.4809687741523948,0.6092145094312289,54.60924392080101,7.66925479386874e-08,True,True,True,3.567019799999845,3.5670270203208436,3.567026819640349,0.5544308854728861,0.5544386184042597,0.5544386310942193,1.935210528133272e-05,3.4229632660114525e-08,1.0885402829785562e-05,-4.1650025650596945e-08,False,False,False
categorical,alpha,beta,0.25,0.5,6,1060129,50,0.1,1.0,0.5029134304665747,0.1,55.41446771656448,0.02398099141575892,True,True,True,3.7297576069823326,3.7298635282524697,3.729861668359805,0.6181575142785616,0.6181465149197787,0.6181466774989208,7.307822570469579e-06,1.6815106448203835e-07,1.542361287931726e-05,-3.1147295231903627e-07,False,False,False
categorical,alpha,beta,0.25,0.5,7,1060130,50,0.1,1.0,0.5080304477735508,0.1,55.516526191510124,1.0345254608523904,True,True,True,3.543166670200538,3.543352010881947,3.5433514241476285,0.6438099191153012,0.6437884709050129,0.6437884957722239,1.375495913547848e-05,1.128544637846797e-07,2.7477841250345136e-05,-1.3695794365276015e-07,False,False,False
categorical,alpha,beta,0.25,0.5,8,1060131,50,0.1,1.0,0.5825497855147292,0.3129542655282028,55.20116674110788,1.4959413811814173e-07,True,True,True,4.8636485491171655,4.863760613473787,4.86375999103189,0.5312568330933651,0.5312454502099705,0.5312454818737982,7.1787246020037884e-06,6.943274785662732e-08,9.84439648021862e-06,-9.15211231244939e-08,False,False,False
categorical,alpha,beta,0.25,0.5,9,1060132,50,0.1,1.0,0.49876001433608386,0.1,55.408765425091346,0.008318583161517026,True,True,True,4.510280560909398,4.510331458850157,4.510329172552638,0.5395258456306837,0.5395185025138362,0.5395187111520724,6.2193950941206856e-06,1.4333360151935504e-07,2.5640342542487815e-06,-2.6669880526242196e-07,False,False,False
categorical,alpha,beta,0.25,0.5,10,1060133,50,0.1,1.0,0.35078133386152294,1.1178251671541477,54.53168225620116,7.280961205189763e-08,True,True,True,0.8508004945102713,0.8508399294184068,0.8508380413145391,1.5554813783092458,1.5554754475820947,1.5554763870540145,3.32916544031127e-05,8.327769120677524e-08,3.838378133025344e-05,-1.137501300263466e-06,False,False,False
categorical,alpha,beta,0.25,0.5,11,1060134,50,0.1,1.0,0.5109271691527351,0.11062026150895067,55.41041954369302,1.8758866506294802e-07,True,True,True,3.355672249048452,3.3557853040875982,3.355783283258425,0.7012440197623171,0.7012291850285408,0.7012293592266355,6.517319201241761e-06,2.2958072155368205e-07,1.6209401657363287e-05,-4.0163984493801763e-07,False,False,False
categorical,alpha,beta,0.25,0.5,12,1060135,50,0.1,1.0,0.5066210908883922,0.33037990612961754,55.22485786767813,1.9818920806331665e-07,True,True,True,3.753972769715784,3.754188987082607,3.7541871841619376,0.6920599561006019,0.6920384122323482,0.6920385899565137,1.854849734558839e-05,1.1899775738918473e-07,3.251636240264588e-05,-2.756299934958406e-07,False,False,False
categorical,alpha,beta,0.25,0.5,13,1060136,50,0.1,1.0,0.49428383679460824,0.26193126867936617,55.258396868206816,6.531584628124505e-08,True,True,True,4.913711198214424,4.913728111927787,4.9137275655989905,0.48845345415688723,0.48845724537698615,0.4884572983618018,1.6707926893761106e-05,3.6741936341249734e-08,7.756760773247606e-06,-5.0183153632588073e-08,False,False,False
categorical,alpha,beta,0.25,0.5,14,1060137,50,0.1,1.0,0.4968408341675769,0.1,55.45561446525201,0.4036365588433615,True,True,True,3.032174419555445,3.03251537273203,3.0325134265430806,0.7104981017624633,0.7104574591461212,0.7104576591132878,3.882945208379173e-05,2.1992421197110827e-07,6.523569079774916e-05,-4.115533087656331e-07,False,False,False
categorical,alpha,beta,0.25,0.5,15,1060138,50,0.1,1.0,0.49747866926938245,0.1,55.44207431004222,0.32700950924891126,True,True,True,4.229027362855167,4.228794046262543,4.228792437163158,0.5789153847184326,0.5789404107584534,0.5789405828784269,1.8383199718894112e-05,1.0661147755585331e-07,-2.654185109207674e-05,-1.8234985788012636e-07,False,False,False
categorical,alpha,beta,0.25,0.5,16,1060139,50,0.1,1.0,0.4971971186567898,0.1,55.51432786987293,1.117453066967835,True,True,True,5.572031003766119,5.572206944588133,5.572203554906825,0.46082630284266646,0.46081779128200423,0.46081798273100066,1.906669479407077e-05,2.542575693216968e-07,2.1388007063194436e-05,-3.879057359768012e-07,False,False,False
categorical,alpha,beta,0.25,0.5,17,1060140,50,0.1,1.0,0.4315362006174147,0.5079951158734729,54.645726398929355,1.0521072294239422e-07,True,True,True,5.070553616033725,5.070703231222279,5.070704568133765,0.5565597009174748,0.5565462856521532,0.5565461619667024,8.422053755355642e-06,9.41937921313735e-08,1.4182602754431173e-05,1.2125588710887314e-07,False,False,False
categorical,alpha,beta,0.25,0.5,18,1060141,50,0.1,1.0,0.4901380467212887,0.46350768098019296,54.93117830167904,6.404745667978754e-08,True,True,True,4.549858997347895,4.549833609545921,4.549835029351736,0.6752447201288746,0.6752461654096528,0.6752460384561024,6.548074789384224e-06,7.036408656106467e-08,-3.7500882754670783e-06,1.6589591922411273e-07,False,False,False
categorical,alpha,beta,0.25,0.5,19,1060142,50,0.1,1.0,0.5940365919249327,0.5908083602877818,54.38423261210698,1.6427219437811248e-07,True,True,True,6.336208241503307,6.336332574072167,6.336332126862236,0.424140252818398,0.42412813655371523,0.42412813479719313,1.342520631266218e-05,7.435687258606026e-08,5.600392235294294e-06,-7.260094747607582e-08,False,False,False
categorical,alpha,beta,0.25,1.0,0,1070123,50,0.1,1.0,0.6042791053859866,0.778519424753522,54.284236789569235,9.325450455155737e-08,True,True,True,3.902900524658248,3.902972793114397,3.902972732535348,0.6719378170861676,0.6719213659952191,0.6719213763327541,2.5381569862257653e-05,1.2623255619229261e-08,-4.272074249911384e-07,-3.6197320696373936e-09,False,False,False
categorical,alpha,beta,0.25,1.0,1,1070124,50,0.1,1.0,0.6210488000015262,1.2422307883981145,50.880903998153904,3.918435921224733e-08,True,True,True,5.138610798471046,5.138754746272739,5.138754367060641,0.6956035486861103,0.6955900877478584,0.6955900856031793,6.442915929632403e-06,8.037189809724734e-08,1.2438846091811229e-05,-7.626371001379084e-08,False,False,False
categorical,alpha,beta,0.25,1.0,2,1070125,50,0.1,1.0,0.42665163225928293,0.6608820858384202,54.402149225162376,1.5860389826762653e-07,True,True,True,4.086345598925149,4.086406964607143,4.086406419156824,0.8342991990734683,0.8343032792279518,0.8343033577255281,2.614212417004689e-05,5.186339472214189e-08,1.9671485247840792e-05,-4.3105529812237364e-08,False,False,False
categorical,alpha,beta,0.25,1.0,3,1070126,50,0.1,1.0,0.19561851583753304,1.766751308558313,49.37189249694305,4.816523109092226e-07,True,True,True,3.07784825809585,3.0781017856147144,3.0781008694709673,1.4258832952714722,1.4258970422879627,1.4258971012407022,0.0001149494871467246,1.628983478915226e-07,9.796536016182245e-05,-2.2976090008341998e-07,False,False,False
categorical,alpha,beta,0.25,1.0,4,1070127,50,0.1,1.0,0.20858559910893357,1.8793900045553822,51.231194194468074,3.588290609013504e-07,True,True,True,1.674384452958223,1.674567212828427,1.6745667901231394,1.7768013748628095,1.7767834019560071,1.7767834709117618,6.838256057227833e-05,9.481474658858162e-08,8.827941357480995e-05,-1.730383729636742e-07,False,False,False
categorical,alpha,beta,0.25,1.0,5,1070128,50,0.1,1.0,0.5680658169108949,0.8660382158785652,53.23190556592039,1.553880773643999e-07,True,True,True,5.674871900172376,5.675034461688533,5.675034763352582,0.4688909787948556,0.46887929958347524,0.46887927936692275,9.423835071067225e-06,1.8726365329166296e-08,1.5229129573413047e-05,2.988117131508261e-08,False,False,False
categorical,alpha,beta,0.25,1.0,6,1070129,50,0.1,1.0,0.5045452580407844,0.1,55.61902866096688,2.042015445624725,True,True,True,3.1815029382909055,3.181480098432618,3.1814795975533663,0.6917344145143771,0.6917381071606051,0.6917381393161477,1.1109753480888846e-05,9.05171525679952e-08,-3.048077630296575e-06,-1.2041549979358024e-07,False,False,False
categorical,alpha,beta,0.25,1.0,7,1070130,50,0.1,1.0,0.4179669176938489,0.931572565403235,54.15246432682487,3.913794260461262e-07,True,True,True,2.0913086774463387,2.091363863099146,2.091362601231018,1.1607615086451648,1.1607461795851732,1.160746410707458,1.0614960659930343e-05,8.501078811214226e-08,8.402232957394062e-06,-3.3728173320923815e-07,False,False,False
categorical,alpha,beta,0.25,1.0,8,1070131,50,0.1,1.0,0.46230430458780103,0.1,55.45565587099958,0.2710117783524958,True,True,True,0.1970947669261474,0.19721665799629046,0.19721459409954462,1.9828113165733308,1.982543539084019,1.9825480483529134,6.5566392442319605e-06,1.4116279396000183e-07,0.00030468382338710853,-5.273690916851592e-06,False,False,False
categorical,alpha,beta,0.25,1.0,9,1070132,50,0.1,1.0,0.48373347155291224,0.1,55.42258136471833,0.04562079070075091,True,True,True,2.3023619517486305,2.3024432884940005,2.3024429239493043,0.8770468921746291,0.8770304563771609,0.8770304818266759,6.1565741923071765e-06,1.0120231282347357e-07,1.6275458442294166e-05,-1.2902967938543952e-07,False,False,False
categorical,alpha,beta,0.25,1.0,10,1070133,50,0.1,1.0,0.48197501889640154,0.8961966999589757,54.24594482027895,4.593454082074561e-07,True,True,True,2.4611750986431526,2.461264062282215,2.4612623555780164,0.9794312573464917,0.9794188562585062,0.9794191242864009,9.33082191418008e-06,1.0629380806001676e-07,2.1484033176477624e-05,-3.848476026746539e-07,False,False,False
categorical,alpha,beta,0.25,1.0,11,1070134,50,0.1,1.0,0.3429216100199266,0.7575657426000396,54.22098375102771,6.898122193969271e-08,True,True,True,2.7917716816793523,2.791800984933795,2.7918008280598077,0.9678214505758536,0.9678229599743067,0.9678229760422661,1.7991858605200214e-05,3.193856681753419e-08,1.2196305377187855e-05,-3.7692039711600955e-08,False,False,False
categorical,alpha,beta,0.25,1.0,12,1070135,50,0.1,1.0,0.5585101045490655,0.8082860621406566,53.39872147677547,2.2806650926133946e-07,True,True,True,5.860190751227496,5.860161635230865,5.860162127958913,0.39421489480279426,0.3942169883510235,0.39421697023709035,1.837995544239034e-06,5.1696018613799005e-08,-2.4949377248617566e-06,6.322652268409001e-08,False,False,False
categorical,alpha,beta,0.25,1.0,13,1070136,50,0.1,1.0,0.48396509330895426,0.4024121312425305,55.24287273482104,9.057678187205882e-08,True,True,True,2.115226595899508,2.115196795430889,2.1151958951051038,0.9366829354812344,0.9366897957522532,0.9366899950428279,4.968448778614046e-06,6.002696192923455e-08,-6.3866717141536355e-06,-1.962046880521484e-07,False,False,False
categorical,alpha,beta,0.25,1.0,14,1070137,50,0.1,1.0,0.4456721570842186,0.2948118179676397,55.25050743084118,1.9065862296939055e-07,True,True,True,3.4083174454643337,3.408376536306196,3.4083751495540193,0.7269357593850565,0.7269316738302318,0.7269318209822848,8.337473148780653e-06,1.0182808694054562e-07,1.2395977108781153e-05,-2.3745091937144025e-07,False,False,False
categorical,alpha,beta,0.25,1.0,15,1070138,50,0.1,1.0,0.24243013066312108,0.9581128091291594,54.576552685538914,5.323146035526242e-07,True,True,True,1.7168089706983534,1.717013344341756,1.7170094775703992,1.3780124759435226,1.3779875108697366,1.3779884364831594,6.311044851091735e-05,1.5310906900468302e-07,8.910716721999279e-05,-1.1863840754244848e-06,False,False,False
categorical,alpha,beta,0.25,1.0,16,1070139,50,0.1,1.0,0.5629100705611254,1.0839715604820055,53.12607307373309,4.838799727655474e-07,True,True,True,3.2823444025749287,3.282237586237638,3.282236636262501,0.7902358438745428,0.7902475760300771,0.790247687283735,8.798701708506008e-06,5.7219711452347235e-08,-1.91974263401562e-05,-1.6134365665720907e-07,False,False,False
categorical,alpha,beta,0.25,1.0,17,1070140,50,0.1,1.0,0.5253236709772529,0.4132968727370663,54.99547216007524,1.6457924547666593e-07,True,True,True,5.103874350566425,5.103987891487626,5.103986304692313,0.5741238564293252,0.5741154719549385,0.5741155794368852,6.337154541157209e-06,1.0094059278221775e-07,1.2405645513524632e-05,-1.8715012117809238e-07,False,False,False
categorical,alpha,beta,0.25,1.0,18,1070141,50,0.1,1.0,0.31862854808560664,1.5216867689228102,51.54942253356556,1.2883296204926645e-07,True,True,True,2.8045953156260275,2.8048038578353176,2.804803485133059,1.2628287600995378,1.2628044776403777,1.2628045298712238,1.9286163997958383e-05,1.7798997429921004e-08,4.632560079187442e-05,-7.274699242998395e-08,False,False,False
categorical,alpha,beta,0.25,1.0,19,1070142,50,0.1,1.0,0.40733357019722743,0.742504363405673,54.59953243497661,2.243560488160333e-07,True,True,True,2.392701803818776,2.392667612539598,2.392667260087739,1.0049459080092829,1.0049415449683952,1.0049416078131792,2.504058075269603e-05,2.2242648472088794e-08,-1.9388011274656947e-05,-7.495226839182578e-08,False,False,False
categorical,alpha,beta,0.25,3.0,0,1080123,50,0.1,1.0,0.33459768088185216,2.6270776467486514,46.06792836001322,4.0156823991747843e-07,True,True,True,2.15993895479958,2.160121142588888,2.1601208769324907,1.5819949968730784,1.5819637970996934,1.5819638378194898,1.2677012759229016e-05,2.961089082172281e-08,4.834885710636172e-05,-7.610178442973847e-08,False,False,False
categorical,alpha,beta,0.25,3.0,1,1080124,50,0.1,1.0,0.1548463270996002,4.294021208814262,40.079658285422546,2.106816272892486e-06,True,True,True,1.1890904410678573,1.189360985825173,1.189360743130512,2.621050149423356,2.6210371129667607,2.621037095180307,0.00019728244068207215,2.4548953585507935e-07,0.0002122632522585377,-2.245321013560897e-07,False,False,False
categorical,alpha,beta,0.25,3.0,2,1080125,50,0.1,1.0,0.3684951821941157,2.5515565332302375,50.12076355071714,1.1382317966654488e-07,True,True,True,1.078046329373492,1.0780040378039637,1.0780041905896396,1.9753701214637964,1.9753995089114087,1.9753994557133185,2.925390754765087e-05,1.9401415900195792e-08,-5.316562173618422e-06,8.048358068890593e-08,False,False,False
categorical,alpha,beta,0.25,3.0,3,1080126,50,0.1,1.0,0.4657117207953969,1.5300985808714402,50.76721235569351,2.1007255521806978e-07,True,True,True,2.973003836895174,2.9730580373016067,2.973056897934242,1.0735511727550324,1.0735483626486304,1.073548491929265,1.2478477268126768e-05,9.117028110269323e-08,1.4761044774047605e-05,-2.343910310287356e-07,False,False,False
categorical,alpha,beta,0.25,3.0,4,1080127,50,0.1,1.0,0.5250516961420408,2.812113190055973,44.39189210823562,6.072556991064003e-08,True,True,True,2.0183141807016276,2.018267834358005,2.0182677350872353,1.5503732492756384,1.5503735240513172,1.5503735519133837,2.246701423860642e-05,1.517229489930169e-08,-2.266392367289427e-05,-1.7108739314153354e-08,False,False,False
categorical,alpha,beta,0.25,3.0,5,1080128,50,0.1,1.0,0.18431839618496862,3.305996644546537,43.56865187942079,4.0475690437731816e-07,True,True,True,1.2790422518054714,1.2792203270573397,1.2792199917317568,1.9765287905394253,1.976515272944438,1.9765153065752203,0.00010823730099946617,1.8517050390628876e-07,0.00012342965342782009,-2.2341394867453346e-07,False,False,False
categorical,alpha,beta,0.25,3.0,6,1080129,50,0.1,1.0,0.32386063185106906,3.1212713886198795,46.54824938793606,8.598651995618993e-07,True,True,True,1.5012277134976137,1.5014750993093768,1.5014749593054526,1.9898533442810022,1.9897791867936083,1.9897792273194324,6.3079575607329e-06,2.381070517609222e-09,7.93518728272602e-05,-4.658717500660714e-08,False,False,False
categorical,alpha,beta,0.25,3.0,7,1080130,50,0.1,1.0,0.45817695413242593,3.9113776230303823,25.7605626483654,1.3482451073625553e-07,True,True,True,1.855298354403493,1.8553174077665995,1.8553174506999446,1.4349757930679996,1.4349584704122225,1.4349584819295633,2.9572513529954604e-05,4.9728148148956224e-08,-9.637393667105698e-06,3.640052881337397e-08,False,False,False
categorical,alpha,beta,0.25,3.0,8,1080131,50,0.1,1.0,0.6105708824435663,1.4821048922981837,49.88991652611213,7.464548550579188e-08,True,True,True,4.365574888545447,4.3655947758427285,4.3655944082036635,0.8303841481303518,0.8303749789772572,0.830375018972462,1.716217458089874e-05,1.4571959352540203e-08,-6.039072765418041e-06,-3.8166646731951914e-08,False,False,False
categorical,alpha,beta,0.25,3.0,9,1080132,50,0.1,1.0,0.46735075122740094,2.3374922235243787,43.906982817330295,2.133025692649696e-07,True,True,True,2.817336248461965,2.8174269816158386,2.8174267575618934,1.3354217595209918,1.335412682143136,1.335412713302127,1.2214959779156962e-05,9.387683446443056e-09,2.1710410898378996e-05,-4.365120531701905e-08,False,False,False
categorical,alpha,beta,0.25,3.0,10,1080133,50,0.1,1.0,0.3917633335950444,2.6607733250032,47.44380783876519,1.0303734832092344e-07,True,True,True,1.347268723784708,1.3474626556331053,1.347462429673928,1.9005994845282645,1.9005537485968569,1.9005538104723467,3.882597642045095e-05,2.599113805732886e-08,9.118219325188193e-05,-9.64555724181082e-08,False,False,False
categorical,alpha,beta,0.25,3.0,11,1080134,50,0.1,1.0,0.36258582312991533,2.284941353336784,45.41403888033673,1.7845715530775645e-07,True,True,True,3.2037076014552506,3.203829245306598,3.203829218144068,1.3927343389088591,1.3927392996513561,1.3927392812110286,4.946345446021436e-05,5.1632701921808245e-08,4.365054754629227e-05,-2.9708360216318397e-08,False,False,False
categorical,alpha,beta,0.25,3.0,12,1080135,50,0.1,1.0,0.29130455404779665,1.625962786175457,53.368414429102735,4.478931382151625e-07,True,True,True,1.3002222877985097,1.3004018618009638,1.3004007987372597,1.595057672283421,1.5950181398673078,1.595018463926534,4.7343661580764703e-05,7.562531078704223e-08,9.214291817016829e-05,-4.444019623406348e-07,False,False,False
categorical,alpha,beta,0.25,3.0,13,1080136,50,0.1,1.0,0.5984317557736198,1.3992981970410996,52.46665159491314,1.4321557223598286e-07,True,True,True,1.7797617531042862,1.7797550687799257,1.7797548824512217,0.9549966608427692,0.9549867532159116,0.9549867917612901,2.7593438480551884e-05,2.275071516818275e-08,-1.5222641550849403e-05,-6.031644517179302e-08,False,False,False
categorical,alpha,beta,0.25,3.0,14,1080137,50,0.1,1.0,0.32294807872762576,3.1829194856793936,34.28505940513236,1.717097170438549e-07,True,True,True,2.6256928926023315,2.625404961056642,2.6254051890675947,1.4201075462693233,1.4201566478997014,1.4201566254591171,1.018511820325422e-05,3.61256644898673e-08,-5.307392203235395e-05,6.101223704035874e-08,False,False,False
categorical,alpha,beta,0.25,3.0,15,1080138,50,0.1,1.0,0.22050466555581436,3.7106124880718356,28.49015716699732,1.70123367502944e-07,True,True,True,2.1753017114684146,2.1752961457675815,2.1752960567081385,1.486742468983562,1.4868188289629054,1.4868187122052516,0.00017375994901748325,3.106941931933254e-07,8.517872029401019e-05,-1.7536351393232508e-07,False,False,False
categorical,alpha,beta,0.25,3.0,16,1080139,50,0.1,1.0,0.5040559776234937,3.1710994135413806,37.21957156159735,7.106310546317832e-08,True,True,True,2.007509806912852,2.007610831043297,2.0076106968619998,1.5836094287535436,1.583581269691657,1.5835812923841837,1.4734650158649533e-05,1.4775913218679244e-08,1.7861812011688016e-05,-4.071056736165701e-08,False,False,False
categorical,alpha,beta,0.25,3.0,17,1080140,50,0.1,1.0,0.15793603541880327,2.7666544051419857,38.60689963248461,9.879026281228226e-07,True,True,True,3.009099939346184,3.009066123135567,3.0090662612024253,1.4824890018805208,1.4825499113145681,1.4825496630844899,0.00012843405899523429,5.254511815842568e-07,5.864663057764119e-05,-2.3990181574617964e-07,False,False,False
categorical,alpha,beta,0.25,3.0,18,1080141,50,0.1,1.0,0.22138604378720064,2.3564058817685747,52.103450665858205,2.3816844488067873e-07,True,True,True,1.019777376801824,1.0198581378263902,1.019857782753076,1.9006455461494356,1.90063791249316,1.900638037227072,6.19275717690511e-05,6.183573630987137e-08,7.019849829958957e-05,-2.0455434679433893e-07,False,False,False
categorical,alpha,beta,0.25,3.0,19,1080142,50,0.1,1.0,0.24233606779480057,3.301375465719268,43.85110925776361,1.2436551282908882e-06,True,True,True,1.608576613323015,1.6085064611280209,1.608506415078544,2.2797725424215,2.279817319453231,2.2798173253711336,5.958900066208533e-05,1.570290963464238e-08,7.917348071373453e-06,-2.181548097723862e-08,False,False,False
categorical,alpha,beta,0.25,8.0,0,1090123,50,0.1,1.0,0.43868024494489755,5.447219941801337,3.9454097208936885,7.996473545247431e-08,True,True,True,0.8600579185588231,0.8600643205563165,0.8600643047202189,1.5986038093794304,1.598602629626857,1.5986026268627758,4.806753870547573e-06,2.4828393366426908e-08,6.063818816848254e-06,-2.1594956045589697e-08,False,False,False
categorical,alpha,beta,0.25,8.0,1,1090124,50,0.1,1.0,0.3464524684885587,5.964399538751844,5.168377855662911,2.25874405081861e-07,True,True,True,0.8273275738324889,0.8273479209794183,0.8273478908181724,1.775836594148511,1.7758373608668645,1.7758373643593484,2.63517811021634e-05,2.848761327112236e-08,2.5443802047497854e-05,-3.2434464891650805e-08,False,False,False
categorical,alpha,beta,0.25,8.0,2,1090125,50,0.1,1.0,0.30733496183792053,6.175846131343898,12.66995258692156,4.2873548728391226e-07,True,True,True,0.8523068916339159,0.8523397125325846,0.852339676438276,2.431114442750272,2.431087777667697,2.431087797775449,2.2925040947098493e-05,6.08130993347128e-09,7.789061116980633e-06,-1.9197422318484314e-08,False,False,False
categorical,alpha,beta,0.25,8.0,3,1090126,50,0.1,1.0,0.34579224457618996,5.743758463290563,16.884605021975002,1.7669860286242147e-07,True,True,True,0.8949431791220832,0.89495018728613,0.8949501458086763,1.9054463256441032,1.9054854017344394,1.9054853787574964,9.769760185865998e-05,9.93136810312212e-08,5.274602964888686e-05,-7.279928837533589e-08,False,False,False
categorical,alpha,beta,0.25,8.0,4,1090127,50,0.1,1.0,0.2388484902417462,5.279161424647024,16.06526328025367,5.045499742501341e-07,True,True,True,1.1665220958402218,1.1665187321359596,1.1665186614586798,2.098515785910609,2.0985180166588515,2.098518006854426,2.2807292564750337e-06,8.38047872573493e-08,-3.8716870776056567e-07,-7.187597361735243e-08,False,False,False
categorical,alpha,beta,0.25,8.0,5,1090128,50,0.1,1.0,0.391258020797569,4.842696003365057,17.79548856931343,2.6231306431466037e-07,True,True,True,1.2083535472859992,1.2083765765092913,1.2083765549203658,1.634677533219265,1.6346833834227361,1.6346833769166966,3.24896565740883e-05,3.2907383704054664e-08,2.576810636156779e-05,-2.535641385748022e-08,False,False,False
categorical,alpha,beta,0.25,8.0,6,1090129,50,0.1,1.0,0.39026959948356094,5.7006699460473635,8.897898456654568,4.715692092166684e-08,True,True,True,0.831164027642216,0.831151378873819,0.8311513826226306,1.7182835244805665,1.7182944868461592,1.7182944788209533,1.0017275627568313e-05,1.4221756497112844e-08,-2.602092401104983e-06,-4.7289763216440406e-09,False,False,False
categorical,alpha,beta,0.25,8.0,7,1090130,50,0.1,1.0,0.23612884335173223,6.31910279810911,12.327127254681386,1.082708798510445e-06,True,True,True,0.9221554703358724,0.9221318596975692,0.9221318434296794,2.3708485450798444,2.3708704132581273,2.3708703979737833,2.4696155345364148e-05,5.299971527606222e-08,-4.6264567465925666e-07,-3.523836156205107e-08,False,False,False
categorical,alpha,beta,0.25,8.0,8,1090131,50,0.1,1.0,0.41056718910275136,6.091857147137262,11.080788474983718,8.400723704580522e-08,True,True,True,0.8312667401199781,0.8312615415690281,0.8312615283594603,1.874944937418751,1.8749543911340638,1.8749543901072288,1.5496083007949844e-05,1.8294402433957995e-08,4.613129306108021e-06,-1.707317665022856e-08,False,False,False
categorical,alpha,beta,0.25,8.0,9,1090132,50,0.1,1.0,0.3558579052458035,5.111071810580427,18.882243330310025,3.446344322466161e-07,True,True,True,1.1844699546091035,1.1845230528403834,1.1845230165456435,2.3097117410553873,2.309716111322006,2.309716109593281,5.4889023079214174e-05,3.479894100854443e-08,4.982650520446441e-05,-3.2631074731170884e-08,False,False,False
categorical,alpha,beta,0.25,8.0,10,1090133,50,0.1,1.0,0.31467127168238695,5.995647628346142,6.588716304483157,1.5480269891930556e-07,True,True,True,0.7977916258442856,0.797761674548145,0.7977616664981714,1.8255755803670073,1.8256109116135208,1.825610895702173,4.3764030040818896e-05,4.6798535725717787e-08,3.1047309665410694e-06,-2.8409315788735512e-08,False,False,False
categorical,alpha,beta,0.25,8.0,11,1090134,50,0.1,1.0,0.3689785527446349,5.873522110340127,6.228746451167521,3.170613052015949e-08,True,True,True,0.8046993371321691,0.8047281105886859,0.8047281019702722,1.780025879692604,1.7800204468461767,1.7800204383294906,2.322241000767293e-05,3.033370508063503e-08,2.948082942122454e-05,-2.051491776455805e-08,False,False,False
categorical,alpha,beta,0.25,8.0,12,1090135,50,0.1,1.0,0.23916022168090784,7.161544670533947,19.941719120244795,9.078486070483312e-07,True,True,True,0.8406782821827421,0.840574163975687,0.8405741591165432,2.0911742959673356,2.0912563752125264,2.0912563258717944,6.502106735352038e-05,1.1943415800355172e-07,-2.942327327559724e-05,-6.258635920630695e-08,False,False,False
categorical,alpha,beta,0.25,8.0,13,1090136,50,0.1,1.0,0.27129709234508603,4.714517443078,33.949286409096814,3.9233286360011694e-07,True,True,True,0.9669909675319246,0.9672646772525775,0.9672645489809535,2.251012718529345,2.2509109226201973,2.25091096478911,4.863861502757914e-05,3.5996965878853414e-08,0.00016573203980385642,-8.406399842897372e-08,False,False,False
categorical,alpha,beta,0.25,8.0,14,1090137,50,0.1,1.0,0.2397175570644264,6.051360548692613,22.366256729543927,3.46852102457138e-07,True,True,True,1.0273969043123323,1.0274218710797733,1.0274218507454818,1.9856743759582518,1.9857088006596526,1.9857087577412151,0.00010344767854001155,1.1861213935103329e-07,6.386439902072993e-05,-6.920324935322242e-08,False,False,False
categorical,alpha,beta,0.25,8.0,15,1090138,50,0.1,1.0,0.3071998206735948,6.511896594236597,16.440414155633793,2.3374941255846843e-07,True,True,True,0.8592360208016437,0.859203569237975,0.8592035706550546,1.9704023462077567,1.9704393095708543,1.9704392831019,4.728183765802223e-05,5.9294354059888295e-08,4.758179567687648e-06,-2.882421412664371e-08,False,False,False
categorical,alpha,beta,0.25,8.0,16,1090139,50,0.1,1.0,0.25276147301652546,5.922438058784313,19.33653757447942,3.481912616691906e-07,True,True,True,0.9733608632347573,0.9733952580380525,0.9733952531608153,2.1251594892426864,2.125155190665263,2.125155181237808,2.541676210934167e-05,2.7547534513529136e-08,3.037071846634376e-05,-1.5864298319456793e-08,False,False,False
categorical,alpha,beta,0.25,8.0,17,1090140,50,0.1,1.0,0.4158179071739546,6.018407722045417,11.053140074948821,6.949572588150311e-08,True,True,True,0.8301984045256933,0.8302250710570015,0.8302250476076541,1.8605822184367868,1.8605729507697966,1.8605729540574856,1.077554583200271e-05,2.072911178211811e-08,2.14259015347551e-05,-2.4459474445848173e-08,False,False,False
categorical,alpha,beta,0.25,8.0,18,1090141,50,0.1,1.0,0.2904460527584866,5.819241020777633,11.682437318287564,4.0951854705383985e-07,True,True,True,1.0159353269516718,1.0159318868181568,1.0159318618834128,2.1188207651596946,2.1188349882156605,2.1188350013571786,2.936922635339769e-05,6.4073107357826865e-09,1.2979304875315734e-05,-9.413984258799246e-09,False,False,False
categorical,alpha,beta,0.25,8.0,19,1090142,50,0.1,1.0,0.3072618473677112,6.599517447519297,18.55571954514737,6.83725486897675e-08,True,True,True,0.7744012262721268,0.7744244981711388,0.7744244997583614,2.5365248155469446,2.536535625283446,2.5365356080883843,5.491632747123703e-05,3.7564871107643344e-08,4.247844542959456e-05,-1.77469949846909e-08,False,False,False
categorical,alpha,beta,0.5,0.25,0,1100123,50,0.1,1.0,0.48369017026393213,0.33593880675727983,55.15869751564893,2.640744289429354e-07,True,True,True,4.594565550470808,4.594451889434477,4.594450333408134,0.6111375665372789,0.6111519601410096,0.6111521039485434,1.1256522528916922e-05,8.110072041621223e-08,-8.340314529675652e-06,-1.7311059252733685e-07,False,False,False
categorical,alpha,beta,0.5,0.25,1,1100124,50,0.1,1.0,0.49799571280215404,0.1,55.48492380595493,0.6833296879449691,True,True,True,2.7643597900521364,2.764388247299333,2.76438654339169,0.7556008533106962,0.7555974789849959,0.75559770360185,2.9578244032842973e-06,1.446457753951273e-07,6.051668194118065e-06,-3.577783189712136e-07,False,False,False
categorical,alpha,beta,0.5,0.25,2,1100125,50,0.1,1.0,0.49213597335314907,0.1,55.44622741489531,0.4193015534781425,True,True,True,5.124572478250733,5.124665095765976,5.124664972015957,0.5211692673981567,0.5211607954340616,0.5211608013008974,1.1174281319728707e-05,1.2503553959930967e-08,8.301952021838588e-06,-1.7393482210081856e-08,False,False,False
categorical,alpha,beta,0.5,0.25,3,1100126,50,0.1,1.0,0.46795602299661615,0.8588195339556146,54.130024493530115,1.542467014281528e-07,True,True,True,2.470289190110415,2.4702798267499273,2.4702795604809036,0.8038959745636811,0.8038903838308737,0.8038904171080061,1.9346454061125973e-05,4.2909056920577697e-08,-1.029644391792317e-05,-6.947730213369141e-08,False,False,False
categorical,alpha,beta,0.5,0.25,4,1100127,50,0.1,1.0,0.5635123790768768,0.6864384242433994,54.38040449255625,3.031487094061708e-07,True,True,True,4.474755317014531,4.474875995196542,4.474874506591051,0.704268948427676,0.7042541182934763,0.7042542087352133,1.0111707230066972e-05,1.380786780142907e-07,9.665945839287815e-06,-2.2853364356478778e-07,False,False,False
categorical,alpha,beta,0.5,0.25,5,1100128,50,0.1,1.0,0.7366138366047468,0.5641545737391507,54.79944731511753,4.020221663810105e-07,True,True,True,5.216873093849141,5.217061349214244,5.2170603408806615,0.5200256952549697,0.5200100781980856,0.5200101504302238,1.1847913089013503e-05,6.157080140840379e-08,1.7995294371075943e-05,-1.1011585598907914e-07,False,False,False
categorical,alpha,beta,0.5,0.25,6,1100129,50,0.1,1.0,0.5807102257962231,0.85607184917011,53.64772312976304,6.434238129413513e-08,True,True,True,4.938227631583691,4.938217821996438,4.9382167794498315,0.7209012809320096,0.7209035077982379,0.7209035792393833,3.0755284274719823e-06,6.27181626856423e-08,4.484450570885201e-07,-1.288683506572852e-07,False,False,False
categorical,alpha,beta,0.5,0.25,7,1100130,50,0.1,1.0,0.4600397461823685,0.1,55.57690143083099,1.5910011903486065,True,True,True,1.930281467164253,1.9303870767723839,1.9303862808019518,1.0001306508510819,1.0001087501214223,1.000108884730586,1.4700380407733386e-05,1.1108932635420831e-07,2.923901888607361e-05,-2.5736277109444927e-07,False,False,False
categorical,alpha,beta,0.5,0.25,8,1100131,50,0.1,1.0,0.35268893944691654,1.0109071847032098,53.700080959161035,1.8680354958611457e-07,True,True,True,2.589197596916987,2.589427004902955,2.589423655605058,1.016079102299149,1.0160453718637947,1.0160458775308234,1.3824789240643565e-05,1.7931469342181834e-07,4.9053156303102696e-05,-7.112815225696068e-07,False,False,False
categorical,alpha,beta,0.5,0.25,9,1100132,50,0.1,1.0,0.5169174008235506,0.1,55.472045950442265,0.6053810786000476,True,True,True,3.78124608608848,3.781362607990435,3.781361823256885,0.6253083391531985,0.6252957880152988,0.6252958550343545,1.4444043147257166e-05,8.643366963251425e-08,1.6234867054265578e-05,-1.3036813584221818e-07,False,False,False
categorical,alpha,beta,0.5,0.25,10,1100133,50,0.1,1.0,0.5363190693612786,0.7960584981115796,53.607694975931,2.58641459868177e-08,True,True,True,5.482520281876477,5.482497494570233,5.4824989775670545,0.5939843349128565,0.5939872878349389,0.5939871991818029,3.5754959107066115e-06,9.40696161265883e-08,-5.882566398440758e-07,1.684308443827831e-07,False,False,False
categorical,alpha,beta,0.5,0.25,11,1100134,50,0.1,1.0,0.6195923894057292,0.6432933751676225,54.402404823525224,2.1683198553528098e-07,True,True,True,5.336867771672816,5.336680549405348,5.336680522567317,0.5145767945739441,0.514586823009486,0.5145868319217192,2.2180116284099687e-05,1.9003662596295033e-08,-2.353064741811295e-05,5.231612476563896e-09,False,False,False
categorical,alpha,beta,0.5,0.25,12,1100135,50,0.1,1.0,0.5016055109654919,0.1,55.420772748245994,0.13910906915272442,True,True,True,4.7432627315125275,4.7432533452107,4.743252672319028,0.5388589141412907,0.5388623359487204,0.5388623750726734,5.680343036035496e-06,7.783240818274616e-08,1.8638093237655085e-06,-9.681978951903147e-08,False,False,False
categorical,alpha,beta,0.5,0.25,13,1100136,50,0.1,1.0,0.4768805971724345,0.1,55.68406084815502,2.7565223099657112,True,True,True,3.8512855689203764,3.851375003551744,3.851374080953441,0.6531677449307445,0.6531571814008512,0.6531572785343938,5.2626105380154746e-06,6.129964334092614e-08,1.0932316094169892e-05,-1.2772127178095616e-07,False,False,False
categorical,alpha,beta,0.5,0.25,14,1100137,50,0.1,1.0,0.4571808551781031,0.4898554123310698,55.118887345503225,4.7796874181478126e-08,True,True,True,2.3655559051552535,2.3655444948907003,2.365543308788781,0.9538910290150071,0.9538935888844308,0.9538937625080944,5.668748535259954e-06,1.152787373295885e-07,-2.177871500919082e-06,-3.015160672248385e-07,False,False,False
categorical,alpha,beta,0.5,0.25,15,1100138,50,0.1,1.0,0.4949566076030096,0.12499003967744896,55.40275716962437,2.3493620371603809e-07,True,True,True,3.509995707955816,3.5100019565558394,3.510000546639836,0.690481429347279,0.6904815564076997,0.6904817032488032,8.808755975154205e-06,1.047180785799876e-07,1.693883973530319e-06,-2.3262825976644308e-07,False,False,False
categorical,alpha,beta,0.5,0.25,16,1100139,50,0.1,1.0,0.46532103154389753,0.382687063838934,55.1181681866326,1.8691461090676718e-07,True,True,True,3.8690937022841623,3.8692021738353897,3.869202361626663,0.6081242684598478,0.6081112738683663,0.608111292288706,6.94488062114751e-06,8.982660715238135e-08,1.3144162871014942e-05,6.974208588417241e-08,False,False,False
categorical,alpha,beta,0.5,0.25,17,1100140,50,0.1,1.0,0.5201421840962391,0.6086831048787437,54.61597851592185,9.651357194120269e-08,True,True,True,4.259260820048871,4.259226323417032,4.259227660779084,0.6447641168134419,0.6447667732232674,0.6447666436726712,1.6903363023811435e-05,7.128654343860677e-08,-4.876093122163638e-06,1.6484109011116743e-07,False,False,False
categorical,alpha,beta,0.5,0.25,18,1100141,50,0.1,1.0,0.4595551463484179,0.3326057483221403,55.276104699303005,6.029155041345697e-08,True,True,True,2.4212485493145084,2.4215564034415427,2.421553989852923,0.9428979286128877,0.9428459214662931,0.9428463273715788,1.6248948962172746e-05,1.3015346019322628e-07,6.673393325229426e-05,-5.293944127515715e-07,False,False,False
categorical,alpha,beta,0.5,0.25,19,1100142,50,0.1,1.0,0.38016197895211307,0.8103181767513804,54.309583332387255,1.9131948672901813e-07,True,True,True,2.8889058341392495,2.8890891627173594,2.8890882044091564,1.0017864844034619,1.001761722781163,1.0017618314632615,1.002340129446999e-05,8.799361536383304e-08,3.47430612848143e-05,-2.0657424215642095e-07,False,False,False
categorical,alpha,beta,0.5,0.5,0,1110123,50,0.1,1.0,0.5409153837880816,2.092559762515505,45.730833145912825,5.694474641793188e-08,True,True,True,3.4619757247546876,3.4621245262039926,3.4621243478681216,1.252948996861851,1.2529312942950914,1.2529313130914168,7.022665715866494e-06,9.910834588203068e-09,2.257002857675161e-05,-2.9870463436054706e-08,False,False,False
categorical,alpha,beta,0.5,0.5,1,1110124,50,0.1,1.0,0.40997749369929576,1.3101205398690285,52.46473221588618,1.2597734934929353e-07,True,True,True,2.6674278807506018,2.66750461528946,2.6675034042133157,1.2650103133655939,1.2650040020525894,1.2650041813861872,1.5826425864647353e-05,5.073938359797018e-08,2.1253113359875897e-05,-2.4754555738581985e-07,False,False,False
categorical,alpha,beta,0.5,0.5,2,1110125,50,0.1,1.0,0.5262340095719931,0.6076121486144287,54.4041937017284,2.640744289429354e-07,True,True,True,5.595719746382314,5.59585159147491,5.595851576145724,0.623305323354605,0.6232974071594349,0.6232974195531519,7.786696606561847e-06,2.696833566239907e-08,1.445917087039561e-05,1.1529408538990538e-08,False,False,False
categorical,alpha,beta,0.5,0.5,3,1110126,50,0.1,1.0,0.7229674761043772,1.1145647331688402,52.148190613060315,3.2734384945759844e-07,True,True,True,5.615073588754947,5.61501544094394,5.615015035102369,0.7451154257632403,0.745111472854127,0.745111512170894,1.9793113654806884e-05,2.2821327841014425e-08,-1.4933684440165962e-05,-2.7012809766802093e-08,False,False,False
categorical,alpha,beta,0.5,0.5,4,1110127,50,0.1,1.0,0.4743473143432556,1.8340458715780479,48.06748978160385,9.641100369366494e-08,True,True,True,3.7437201250370435,3.7439207839727,3.7439204548979887,1.022752575450205,1.0227308618646667,1.022730876260169,6.168663934813057e-06,5.655086044077302e-08,2.8527359987151613e-05,-7.132231871764816e-08,False,False,False
categorical,alpha,beta,0.5,0.5,5,1110128,50,0.1,1.0,0.46339958398268155,0.3406068874227469,55.014916415122634,4.278033777464535e-08,True,True,True,6.70407320604584,6.704222445819519,6.704221611107356,0.4163852292969637,0.41637933717373277,0.41637937433781774,1.2131390919414152e-05,5.908173907840687e-08,1.53955356267943e-05,-8.171871002105036e-08,False,False,False
categorical,alpha,beta,0.5,0.5,6,1110129,50,0.1,1.0,0.4030435202746049,1.4691524179707047,51.554187315916366,1.3081819523442796e-07,True,True,True,1.607711038827637,1.6077806772959728,1.6077806253766678,1.1526327210822327,1.15260814753738,1.1526081729159172,1.8632390842873376e-05,2.6510332250772052e-08,1.501993752128783e-05,-3.074404730796232e-09,False,False,False
categorical,alpha,beta,0.5,0.5,7,1110130,50,0.1,1.0,0.5598381664969632,0.5334040237066341,54.64214421725678,1.4912936209878577e-07,True,True,True,5.5988725817564795,5.598860985046986,5.598861178219431,0.4574786567463655,0.45747996610791436,0.45747996190131573,2.788024904391054e-06,4.4993638302331585e-08,-5.341428632732459e-07,2.965906986673872e-08,False,False,False
categorical,alpha,beta,0.5,0.5,8,1110131,50,0.1,1.0,0.47599430117016944,0.1,55.41957507155695,0.03905815049196821,True,True,True,2.655120485072074,2.6550248084908894,2.6550246516254696,0.8172061763017197,0.8172207755590444,0.8172207898317888,8.086048722246388e-06,3.711070274060254e-08,-1.927002531232347e-05,-4.26503632411368e-08,False,False,False
categorical,alpha,beta,0.5,0.5,9,1110132,50,0.1,1.0,0.48959588870188075,0.1,55.48951332443201,0.773705139067731,True,True,True,3.5308752602129885,3.5309804922754506,3.530980261039442,0.6720176803719615,0.6720027638087085,0.6720028146535781,7.76011159266677e-06,6.580974421240315e-08,1.2622670197970365e-05,-6.950443776077009e-09,False,False,False
categorical,alpha,beta,0.5,0.5,10,1110133,50,0.1,1.0,0.42920167572069784,0.6735847111518803,54.68719114699722,1.2615885868118472e-07,True,True,True,2.150474191860371,2.150495102031692,2.150491766076676,0.8723811387406027,0.872390287062638,0.8723908976257868,3.240989572020804e-05,2.518907076228938e-07,1.9407550048811117e-05,-8.483141655801774e-07,False,False,False
categorical,alpha,beta,0.5,0.5,11,1110134,50,0.1,1.0,0.5590332013838483,0.4174340853738803,55.18521637921136,8.651423159652382e-08,True,True,True,3.096734563014793,3.096889231595225,3.0968888623146107,0.7610054304129176,0.7609807737641014,0.7609807917379048,1.3122749734915798e-05,8.224118513179626e-08,2.145888901594617e-05,-9.854933580299985e-08,False,False,False
categorical,alpha,beta,0.5,0.5,12,1110135,50,0.1,1.0,0.5919340668088428,0.4642612272819262,55.04372099459155,4.7038251104435145e-07,True,True,True,4.10847152639354,4.108688746227484,4.108686247965926,0.5899793231574665,0.5899561167036392,0.5899562820303925,1.3329717747200301e-05,2.6978903722536183e-07,2.5734684250267037e-05,-4.177042427500055e-07,False,False,False
categorical,alpha,beta,0.5,0.5,13,1110136,50,0.1,1.0,0.4543450804217193,0.40441238373387783,54.96477117309708,8.20207644424556e-08,True,True,True,5.022076253556218,5.021892478199774,5.02189363207824,0.5193833792815691,0.5193940063302002,0.5193939146687909,2.2801158540782798e-05,7.357878029878522e-08,-2.423508895788018e-05,1.2424052187043344e-07,False,False,False
categorical,alpha,beta,0.5,0.5,14,1110137,50,0.1,1.0,0.4468977715623375,0.39899431083550674,55.17497304736267,3.343516959739849e-07,True,True,True,2.394414357864431,2.3944565161937006,2.3944538224239222,0.8199250570599557,0.8199277050280929,0.8199281215220804,2.3604400372809053e-05,2.3584635969440792e-07,2.0009882256033507e-05,-6.454967973468229e-07,False,False,False
categorical,alpha,beta,0.5,0.5,15,1110138,50,0.1,1.0,0.5562433816417663,0.3293319898600369,55.253126032562136,1.492562627277039e-07,True,True,True,3.5064315096878182,3.5065704777759814,3.506568171157818,0.6699820302457908,0.6699673288968698,0.6699675668607457,1.0123947575947323e-05,1.7479573426188436e-07,2.2322168831578892e-05,-3.8383306844025356e-07,False,False,False
categorical,alpha,beta,0.5,0.5,16,1110139,50,0.1,1.0,0.4539480050121708,0.33417578181477,55.20605711601733,2.0424241642735992e-07,True,True,True,3.402159124964675,3.4021279953092156,3.4021287973653003,0.7377900726955482,0.7377942756131877,0.7377942034378567,5.5190306721948365e-06,8.090462582853827e-08,-4.158568209788882e-06,1.5265634800698535e-07,False,False,False
categorical,alpha,beta,0.5,0.5,17,1110140,50,0.1,1.0,0.6500595359563763,0.9956236291868834,52.74370694165236,1.1234667099445444e-08,True,True,True,5.248836202853063,5.248973777540532,5.248972426209147,0.6424985013366765,0.6424822893245995,0.6424823829965928,1.3697832413397923e-05,7.243706765062884e-08,7.395797510412194e-06,-1.4960293981403083e-07,False,False,False
categorical,alpha,beta,0.5,0.5,18,1110141,50,0.1,1.0,0.5505507634943604,1.2272320618645896,52.454525638833225,5.434323547383405e-08,True,True,True,3.6001049967338563,3.6002456051904685,3.6002451643339293,1.0049418110938995,1.0049248010083143,1.0049248503812738,3.8511975953032195e-06,2.2857870421356517e-08,1.9406808966948574e-05,-6.560908616393135e-08,False,False,False
categorical,alpha,beta,0.5,0.5,19,1110142,50,0.1,1.0,0.7098463074681778,0.8765506792526601,53.66424833131386,1.5776609040453962e-07,True,True,True,5.3673674569556935,5.367471551573715,5.367469737502697,0.47604110690334445,0.4760268726186971,0.47602696423594276,1.5217138128827453e-05,1.6120988004644222e-07,2.7734695180470226e-06,-2.3249677383319067e-07,False,False,False
categorical,alpha,beta,0.5,1.0,0,1120123,50,0.1,1.0,0.5851802649698101,1.1803234234336906,52.46762192152497,1.78272070388716e-07,True,True,True,3.899574065109363,3.8994514469404256,3.8994505706752256,0.7156226067584951,0.7156352210096675,0.7156352988418241,6.754086220486045e-06,6.339763610839265e-08,-1.7056898713008195e-05,-1.3510743457345598e-07,False,False,False
categorical,alpha,beta,0.5,1.0,1,1120124,50,0.1,1.0,0.4916296807689513,1.5992541974278054,49.34247278322975,2.2934070472279357e-07,True,True,True,3.7570128269405765,3.7570639855928496,3.7570628193145987,1.0076764885787735,1.007668770003314,1.0076688862263123,4.726438523851342e-06,5.2316738355783405e-08,4.553795328376964e-06,-1.7661616169561967e-07,False,False,False
categorical,alpha,beta,0.5,1.0,2,1120125,50,0.1,1.0,0.4888660831080399,0.6443161952498562,54.37583393419905,5.472678381924432e-07,True,True,True,4.729381753624716,4.7295818126687195,4.729580435667898,0.5972414236783418,0.5972252538406573,0.5972253585723831,1.333779261160315e-05,9.081236563841456e-08,2.3513632179117394e-05,-1.7056960643913044e-07,False,False,False
categorical,alpha,beta,0.5,1.0,3,1120126,50,0.1,1.0,0.42086574549004657,0.5869322750030052,54.73210422338114,3.056159864571351e-07,True,True,True,3.4452456783175034,3.4453825939018055,3.4453818931505196,0.7916309051420547,0.7916177464025002,0.7916178131998989,1.2003874141161799e-05,5.994690020193491e-08,2.4463607893210337e-05,-1.2648519742697317e-07,False,False,False
categorical,alpha,beta,0.5,1.0,4,1120127,50,0.1,1.0,0.4823572651850508,1.6421422029749155,52.36027139178174,9.141480301344e-08,True,True,True,1.7504507128128663,1.750510528862455,1.750510477051031,1.415437621023129,1.4154167828673248,1.4154167955784644,1.5014633167161289e-05,4.403218974717716e-09,1.0165437856812787e-05,-1.4963653427457757e-08,False,False,False
categorical,alpha,beta,0.5,1.0,5,1120128,50,0.1,1.0,0.6365228144033065,0.5230439098732511,54.97807439461104,1.614824637011269e-07,True,True,True,3.813843303451844,3.8140294466955087,3.814030631136849,0.45441303055702725,0.45438868065902915,0.4543886022275787,1.8718708004492188e-05,1.794793859127113e-07,2.099246437126112e-05,2.2025096768629737e-07,False,False,False
categorical,alpha,beta,0.5,1.0,6,1120129,50,0.1,1.0,0.6290310178739585,1.608255725981183,48.40953411524391,3.109147073291985e-07,True,True,True,4.740775503102324,4.740798239589897,4.740797423432075,0.9146406412638316,0.9146385008250891,0.9146385538247584,5.503392901556938e-06,5.397042925989492e-08,2.22052191389821e-06,-1.1113809250673512e-07,False,False,False
categorical,alpha,beta,0.5,1.0,7,1120130,50,0.1,1.0,0.5736535852163837,0.7686286272653589,53.66958410098197,2.1460860907806928e-07,True,True,True,5.895609331043657,5.8958503609662305,5.895850499416595,0.5688863941827259,0.5688648650630669,0.5688648471366079,1.3596828869624444e-05,1.935974783519144e-08,1.6098646973716768e-05,2.8440823029995954e-09,False,False,False
categorical,alpha,beta,0.5,1.0,8,1120131,50,0.1,1.0,0.5343693158340665,0.6895039070648705,54.77244542138121,1.5668232628627227e-07,True,True,True,2.742872861146793,2.7430443876046793,2.743041476505791,0.742203291873705,0.7421804439484243,0.7421808357829345,1.839299715306457e-05,2.4582322305590307e-07,3.561857797507173e-05,-6.101500957811368e-07,False,False,False
categorical,alpha,beta,0.5,1.0,9,1120132,50,0.1,1.0,0.5079934551002699,0.6962278587986992,54.22995208201741,7.105427357601002e-09,True,True,True,4.460721274396075,4.460935361869531,4.460935381559831,0.6010828673480542,0.6010647751502128,0.6010647597551076,1.3402930102517162e-05,3.0218716493670564e-08,2.7150039528578418e-05,-1.3310327062754368e-08,False,False,False
categorical,alpha,beta,0.5,1.0,10,1120133,50,0.1,1.0,0.5899811016287432,0.7875063997102947,54.080471093115705,3.634549377085002e-07,True,True,True,4.422368814943205,4.422361569457211,4.4223601113518445,0.7465458463244685,0.7465442088904783,0.7465443260446938,5.928135748277501e-06,8.286802516325002e-08,-3.7183722696454424e-06,-1.9483321267443898e-07,False,False,False
categorical,alpha,beta,0.5,1.0,11,1120134,50,0.1,1.0,0.3786467237129937,0.897031824919241,54.13035065107373,1.1064863871295527e-07,True,True,True,2.9114417291285943,2.9115811777819616,2.911578831800119,0.9758368490350058,0.9758068679899718,0.975807214811744,2.240598171357236e-05,8.540148432462701e-08,1.297222026153122e-05,-4.064485281674024e-07,False,False,False
categorical,alpha,beta,0.5,1.0,12,1120135,50,0.1,1.0,0.3103394741169659,1.2572759722273714,52.73180894803961,4.662613299227325e-08,True,True,True,2.8803797456939515,2.8805176889683475,2.8805166844692494,1.2902649186854658,1.2902524512235567,1.2902525961635956,1.989008058712544e-05,2.332668426539124e-08,3.335395950898601e-05,-1.8185340167065078e-07,False,False,False
categorical,alpha,beta,0.5,1.0,13,1120136,50,0.1,1.0,0.381889399162672,1.3275623337286726,52.20328139752171,7.933183977556445e-08,True,True,True,2.9448987953512726,2.9448104682064455,2.9448102252440376,1.0622113427146262,1.0622312815431765,1.0622313052403025,1.8377994864262722e-05,2.873392812570566e-08,-7.093518114231756e-06,-5.522295509763353e-08,False,False,False
categorical,alpha,beta,0.5,1.0,14,1120137,50,0.1,1.0,0.33014703608644075,1.3735171377959317,53.93108240976672,1.0447017114029239e-07,True,True,True,1.316818816184072,1.3168411029985911,1.3168411678176826,1.640565510393986,1.640559169704049,1.6405591512548032,6.655865682342043e-06,7.711540138987e-09,9.652589206154971e-06,2.7982686390259914e-08,False,False,False
categorical,alpha,beta,0.5,1.0,15,1120138,50,0.1,1.0,0.4292797165372444,1.1195742922415368,52.806800118003395,1.0349450821595451e-07,True,True,True,3.6166883231562776,3.6167287165088577,3.6167290665535496,1.0873575214006324,1.0873627511685202,1.0873627253406404,2.3602993205018817e-05,3.8059600889545004e-08,1.7256581898550394e-05,6.704943444901801e-08,False,False,False
categorical,alpha,beta,0.5,1.0,16,1120139,50,0.1,1.0,0.4928492297428681,0.1,55.432448592952674,0.16595345897490388,True,True,True,2.831526626544454,2.831730988573696,2.831729678529405,0.752501895679149,0.752475049145776,0.7524752211698689,2.3657748111549936e-05,1.0493868649421515e-07,4.0998399022385e-05,-2.64580258146907e-07,False,False,False
categorical,alpha,beta,0.5,1.0,17,1120140,50,0.1,1.0,0.6884079464209271,1.330992866816065,52.2798420518687,7.691108345942114e-08,True,True,True,3.4098171094131553,3.409946946529868,3.409946734693583,0.9831927390413958,0.983167522185129,0.9831675260377534,2.077343961666392e-05,5.50665851577266e-08,8.98705188490112e-06,-5.768755073631837e-08,False,False,False
categorical,alpha,beta,0.5,1.0,18,1120141,50,0.1,1.0,0.518826964642508,0.9090178946252457,53.941447317783165,8.178961105344725e-08,True,True,True,3.2386933328128813,3.2386269364722664,3.238626263781139,0.9577614691873274,0.9577655152701273,0.957765591299357,1.2813601373320281e-05,3.968716612198487e-08,-1.5963127658835674e-05,-1.2017687822662992e-07,False,False,False
categorical,alpha,beta,0.5,1.0,19,1120142,50,0.1,1.0,0.4683222216165483,1.068363676544848,52.717879592836,1.4733866845677073e-07,True,True,True,4.025873090070502,4.025986674029125,4.025985491153285,0.8289354312613254,0.8289214924883763,0.828921615290484,9.416735276505113e-06,5.328733231684165e-08,1.2013064605298496e-05,-1.5242906670209777e-07,False,False,False
categorical,alpha,beta,0.5,3.0,0,1130123,50,0.1,1.0,0.5066904295098849,3.516239506793022,38.18226944389068,1.92229283228231e-07,True,True,True,1.5467686312750126,1.5468912279722782,1.54689120305328,1.8673982270195686,1.867368909879426,1.867368916541908,1.189776033294626e-05,8.737020911270705e-10,4.549569630540873e-05,-8.438618692707678e-09,False,False,False
categorical,alpha,beta,0.5,3.0,1,1130124,50,0.1,1.0,0.33474693978028075,2.9195958044841106,45.25920964343028,2.72522305699697e-07,True,True,True,1.5569256618630185,1.5570324547091947,1.5570324896130423,1.7961431250137607,1.7961365545071577,1.796136531399258,5.360543394090218e-05,3.0988646241226844e-08,6.10210145595147e-05,-4.187043600722973e-09,False,False,False
categorical,alpha,beta,0.5,3.0,2,1130125,50,0.1,1.0,0.5731747039597718,2.7654211815167535,36.17315856692106,6.102465762678101e-07,True,True,True,3.1563632823742847,3.1565438415568337,3.1565435031156874,1.248911325723476,1.2488882751951904,1.2488883148439662,5.315539850300124e-06,1.8045100340392e-08,3.060370745089358e-05,-6.157156207109438e-08,False,False,False
categorical,alpha,beta,0.5,3.0,3,1130126,50,0.1,1.0,0.5804572229517533,2.4819504954756706,43.63836553611307,9.247032075678155e-08,True,True,True,2.750820557408158,2.750872028136044,2.750871661071235,1.3235746165284843,1.3235694656382953,1.3235695021902318,6.901000083013544e-06,5.011698316243625e-08,1.2689334866422541e-05,-9.13538400482139e-08,False,False,False
categorical,alpha,beta,0.5,3.0,4,1130127,50,0.1,1.0,0.50495195317564,2.4717034107789777,41.322395385893735,9.247114922463903e-08,True,True,True,3.2885596426169843,3.2885943405152074,3.288593929329788,0.8654762407906004,0.8654518488519566,0.8654518725232203,4.808167085520962e-05,7.205060117076963e-08,-1.7629001185071047e-05,-9.778124621107054e-08,False,False,False
categorical,alpha,beta,0.5,3.0,5,1130128,50,0.1,1.0,0.4554567444829631,3.208768793112777,43.97130660098802,2.17350967475733e-07,True,True,True,0.9549871038261816,0.9549813280059624,0.9549812240014945,1.7540829403732985,1.754090294341833,1.7540903259657648,1.1115278939444597e-05,3.727190869086136e-08,2.3459909783696276e-06,-7.249893485550274e-08,False,False,False
categorical,alpha,beta,0.5,3.0,6,1130129,50,0.1,1.0,0.5547163726640092,2.438707677818657,42.00220926339342,7.851510745212087e-07,True,True,True,3.145225462401047,3.1453800173857775,3.1453799702953305,1.441289193620828,1.441270927143897,1.4412709348300645,7.955327444147373e-06,3.0224379391795668e-09,2.810216830795298e-05,-6.122277795839182e-09,False,False,False
categorical,alpha,beta,0.5,3.0,7,1130130,50,0.1,1.0,0.5798122762463173,3.4470725948867136,27.362570812821083,7.984220822596645e-08,True,True,True,2.5716994010558825,2.571763827486518,2.5717636903931633,1.4371865728060624,1.4371833062622523,1.4371833203121516,1.754594618547238e-05,2.114725768711176e-08,2.12538915462801e-05,-3.713158847062914e-08,False,False,False
categorical,alpha,beta,0.5,3.0,8,1130131,50,0.1,1.0,0.45765106389871635,4.203588609666212,34.28078435208815,6.684575075922176e-07,True,True,True,1.26551743552036,1.265341022831597,1.2653410182873948,1.9336362184628983,1.9337041796200805,1.9337041758759432,1.7443079341507335e-05,1.2848831037494127e-08,-6.117409613892733e-05,-7.901888920969213e-09,False,False,False
categorical,alpha,beta,0.5,3.0,9,1130132,50,0.1,1.0,0.5401880346157044,3.0904529868208086,46.9467101586961,1.139712766797478e-07,True,True,True,1.081300914978957,1.0814458878704307,1.081445547152132,1.8425309986940703,1.8424740633843186,1.8424741901175272,4.3382971181669455e-06,2.378125031437794e-08,6.834532558031015e-05,-1.6915116418658727e-07,False,False,False
categorical,alpha,beta,0.5,3.0,10,1130133,50,0.1,1.0,0.6025610274254771,3.5104992455439947,29.406828051125974,4.04384944877045e-07,True,True,True,2.0493533625932696,2.0494586590300843,2.0494585773048377,1.4415103630458617,1.4414904892128315,1.4414905000720482,5.9218715164463e-06,1.4988254999449998e-08,2.8471032429422394e-05,-2.737436943789362e-08,False,False,False
categorical,alpha,beta,0.5,3.0,11,1130134,50,0.1,1.0,0.6114276756792747,2.364289904816941,42.126126174674525,3.9776144883184363e-07,True,True,True,3.4383693767625845,3.438604667401233,3.43860427109749,1.2241263734676913,1.2240958408838911,1.2240958858474404,4.7202289124964e-06,1.365206755343634e-08,3.3213116388708386e-05,-6.348513181819726e-08,False,False,False
categorical,alpha,beta,0.5,3.0,12,1130135,50,0.1,1.0,0.4954738567367594,3.081615399391231,36.1400396242434,1.0311696255366424e-06,True,True,True,2.5916199282102754,2.5918057328449646,2.591805469205206,1.4097544014397823,1.4097201665510473,1.409720195127656,7.775976037442792e-06,3.6222674490008396e-08,3.220863696640208e-05,-6.882046221790006e-08,False,False,False
categorical,alpha,beta,0.5,3.0,13,1130136,50,0.1,1.0,0.485115439940412,2.8625688754430425,36.491559649991075,3.76441031134239e-08,True,True,True,2.864912427074264,2.864876953228447,2.86487684117716,1.3498418148408136,1.3498433134853547,1.3498433323598118,9.438784977660154e-06,4.681680893919417e-09,-1.0674255001674737e-05,-1.7382056682890834e-08,False,False,False
categorical,alpha,beta,0.5,3.0,14,1130137,50,0.1,1.0,0.5398081001175603,2.7613284877511384,37.34172691281431,4.2395806820094123e-07,True,True,True,3.1975268464195326,3.1975879977140216,3.1975877654967744,1.2398537884380103,1.2398461279297022,1.2398461380759538,1.819389569292478e-06,4.983366450467565e-08,1.0243949830623933e-05,-6.094132487532988e-08,False,False,False
categorical,alpha,beta,0.5,3.0,15,1130138,50,0.1,1.0,0.4237268862695958,5.081908865488811,26.611417884688258,1.6106037728399821e-07,True,True,True,1.0057267846725328,1.0057222528252823,1.0057222315606762,2.1905034873413856,2.1905213164579584,2.190521317096998,3.660232762824096e-05,1.9888780652905115e-08,1.6000068853827543e-05,-2.0407895817697863e-08,False,False,False
categorical,alpha,beta,0.5,3.0,16,1130139,50,0.1,1.0,0.48658623605071605,3.7566167798872674,21.882868671521894,1.587812407147956e-07,True,True,True,2.2651187554945005,2.2651423528881165,2.265142315473288,1.4175828834649138,1.4175758767894349,1.4175758815128574,5.73816905044322e-06,5.738476202524789e-09,2.339861989497649e-06,-1.1079610118258643e-08,False,False,False
categorical,alpha,beta,0.5,3.0,17,1130140,50,0.1,1.0,0.6402007341762846,2.5018133523239503,40.66622899378211,1.5442082517538204e-07,True,True,True,3.116055900026936,3.116164311763701,3.1161641374190046,1.4128160345300773,1.4128013240826411,1.4128013403503967,2.499177939066606e-06,1.8854715675490496e-08,1.7817479211146292e-05,-3.721955010860256e-08,False,False,False
categorical,alpha,beta,0.5,3.0,18,1130141,50,0.1,1.0,0.530248200406319,2.0591788042501773,47.58813817869182,9.016874689252737e-08,True,True,True,2.771471496881454,2.771394584529587,2.771394742608564,1.3777543611770806,1.3777623083487538,1.3777622881080167,1.1732581117038854e-05,1.10819404855819e-08,-1.856857878124174e-05,3.373649803961598e-08,False,False,False
categorical,alpha,beta,0.5,3.0,19,1130142,50,0.1,1.0,0.6134094902661537,3.85938742232449,29.557137527781066,5.01086754415925e-07,True,True,True,1.7352113538488914,1.7352114968020735,1.7352114525348552,1.8132303929870663,1.8132341187845835,1.8132341313210847,8.99955658517385e-06,3.974841324847049e-09,4.360788679491634e-06,-1.1077958106398e-08,False,False,False
categorical,alpha,beta,0.5,8.0,0,1140123,50,0.1,1.0,0.4625695056750874,6.087527594886658,25.786960096355973,1.1688091826610045e-07,True,True,True,0.8199027817078244,0.8199153819841256,0.8199153718163993,2.0791032042026862,2.0791067068216535,2.0791067023155003,2.3418921979612077e-05,2.283544874859146e-08,1.9382844801185684e-05,-1.7588845935279096e-08,False,False,False
categorical,alpha,beta,0.5,8.0,1,1140124,50,0.1,1.0,0.3491456073787836,6.118264396030635,7.63953431566879,4.038038569875505e-08,True,True,True,0.8051271750431674,0.8051598165370657,0.8051598014215804,1.806218675959715,1.8062057368627753,1.8062057337161437,1.0804819261225424e-05,2.6168627451419997e-08,2.562213109857936e-05,-2.2395966858823613e-08,False,False,False
categorical,alpha,beta,0.5,8.0,2,1140125,50,0.1,1.0,0.4419977677999292,6.163104465901499,16.034366776395437,3.015573353264068e-07,True,True,True,0.8457989326530676,0.8458327697571703,0.8458327459343051,2.353920000539106,2.3539170392230666,2.3539170397442963,3.316927682836616e-05,2.6995959242627303e-08,3.656837893117881e-05,-2.7564894367060333e-08,False,False,False
categorical,alpha,beta,0.5,8.0,3,1140126,50,0.1,1.0,0.4336834768167769,5.583953349786678,18.38633361739631,2.799087760110937e-08,True,True,True,0.9256400964696774,0.9257476483520344,0.9257475824058181,2.0012464140356006,2.001205571989804,2.0012055982778927,2.2161189569968613e-05,1.1016900680784786e-08,6.91230378819796e-05,-4.097035244399194e-08,False,False,False
categorical,alpha,beta,0.5,8.0,4,1140127,50,0.1,1.0,0.615316508041268,5.102451954157066,26.99426518973176,5.126316138051079e-08,True,True,True,0.9744381951811968,0.9744191343743523,0.9744191142437617,1.811192380328373,1.8112171345068586,1.8112171346172872,3.7423865995650275e-05,2.051633068925764e-08,8.9177613169511e-06,-2.0531931710365825e-08,False,False,False
categorical,alpha,beta,0.5,8.0,5,1140128,50,0.1,1.0,0.6441468361842024,5.67225384101817,12.248751646265877,2.4398118885712615e-07,True,True,True,0.8034461972862981,0.8034536615408332,0.8034536406570718,2.027807824096113,2.027804434243347,2.027804437138044,1.4704050289715133e-06,1.9340734492707914e-08,5.364882694536277e-06,-2.265984733185178e-08,False,False,False
categorical,alpha,beta,0.5,8.0,6,1140129,50,0.1,1.0,0.4354608085073569,5.998617736294237,8.955008213493057,2.772381238839646e-07,True,True,True,0.8011325058352726,0.8011333601745125,0.801133351510407,1.9192893063755638,1.919291660535345,1.9192916615471072,6.504090733612627e-06,8.532328748061743e-09,3.767090463568934e-06,-9.649975041270409e-09,False,False,False
categorical,alpha,beta,0.5,8.0,7,1140130,50,0.1,1.0,0.578534294710288,5.493657017297047,24.47347605646476,9.167920056166497e-07,True,True,True,0.8940878953114466,0.8941529447756607,0.8941529110816182,2.0686003088360367,2.0685755454713393,2.0685755571225974,1.573373990612374e-05,1.0980106858692598e-08,4.42183188020806e-05,-2.4268633325164046e-08,False,False,False
categorical,alpha,beta,0.5,8.0,8,1140131,50,0.1,1.0,0.4273719416018354,5.557692106824649,14.620956701953101,9.066239545491989e-08,True,True,True,1.0163028257407019,1.016293173902082,1.0162931662822519,2.0129915693141074,2.0130050889930966,2.0130050883522914,2.1660052558993977e-05,9.186295282029528e-09,6.059814618097903e-06,-8.235423010205523e-09,False,False,False
categorical,alpha,beta,0.5,8.0,9,1140132,50,0.1,1.0,0.5427014672427738,6.149615958513989,18.902096307685,2.2753874962197508e-07,True,True,True,0.8090754216254895,0.8089811612900819,0.8089811584118956,2.1393880483632226,2.139441842697715,2.1394418408117324,7.4076080936353235e-06,7.900411422137683e-09,-5.4583268095598214e-05,-5.729109631147367e-09,False,False,False
categorical,alpha,beta,0.5,8.0,10,1140133,50,0.1,1.0,0.4854224223535552,6.168736144636285,16.26574686192771,3.902404408719401e-07,True,True,True,0.7879292596877484,0.7879701720739017,0.7879701404564976,2.215532599701789,2.215546924499037,2.215546918524245,8.486784361058369e-05,5.408382683082481e-08,6.836761351891596e-05,-4.700386568856629e-08,False,False,False
categorical,alpha,beta,0.5,8.0,11,1140134,50,0.1,1.0,0.34574897842627517,6.250237834447317,5.73522850645435,7.930040994295014e-08,True,True,True,0.8137850006178069,0.8137697143325838,0.8137697123842466,1.8650559521666514,1.865073730985514,1.8650737168867553,2.2120643253006658e-05,3.494205329646016e-08,1.6656376233825654e-06,-1.862600829127814e-08,False,False,False
categorical,alpha,beta,0.5,8.0,12,1140135,50,0.1,1.0,0.49934144542447884,5.566623224845299,11.097242882267736,6.315828751912693e-08,True,True,True,0.8918134380570427,0.8918692055824193,0.8918691881124092,1.662042681623432,1.6620101869558042,1.6620101867496873,1.243783452454424e-05,2.0109019863880417e-08,2.510007689515703e-05,-1.9825387553851215e-08,False,False,False
categorical,alpha,beta,0.5,8.0,13,1140136,50,0.1,1.0,0.5271360024763279,5.71765201294889,15.885880940807109,5.232188891647098e-07,True,True,True,0.9720235573992078,0.9720003789098578,0.9720003432140228,2.0861269000539115,2.0861460476607414,2.086146049782533,2.0212057724970043e-05,3.18388728162371e-08,-1.8356731139590465e-06,-3.428129247140532e-08,False,False,False
categorical,alpha,beta,0.5,8.0,14,1140137,50,0.1,1.0,0.5538457911629963,5.477560354473632,19.35503097900685,4.256191939602121e-07,True,True,True,0.9708888901574532,0.9708985828088706,0.9708985392040401,2.057048179446216,2.057050727733106,2.0570507397659323,1.5834165934411405e-05,1.7209305572770902e-08,1.2885990994249141e-05,-3.105852641738238e-08,False,False,False
categorical,alpha,beta,0.5,8.0,15,1140138,50,0.1,1.0,0.4640929952304984,5.835867921183325,16.533382658407135,8.001946674416289e-08,True,True,True,0.8392386218609482,0.8393122793056577,0.8393122628107238,1.5288612937656711,1.528820134588515,1.528820110774893,7.901968352733587e-06,7.450675095689917e-08,4.032981185986273e-05,-4.706935996523498e-08,False,False,False
categorical,alpha,beta,0.5,8.0,16,1140139,50,0.1,1.0,0.5355841212583753,6.217483549567909,13.879513440529738,4.910652045388046e-07,True,True,True,0.7683054244605552,0.7682304376015483,0.7682304397686429,2.081045901146277,2.0810985883068662,2.081098574700422,2.369628511823335e-05,2.8512541991583836e-08,-3.695959688876371e-05,-1.2844104446685378e-08,False,False,False
categorical,alpha,beta,0.5,8.0,17,1140140,50,0.1,1.0,0.4378962991270155,6.226660756261165,26.952476763022716,5.987108307551708e-07,True,True,True,0.7906229815862744,0.7907252742444401,0.7907252228307013,2.238069206734881,2.2380151587626864,2.2380151798424968,4.971656737442939e-06,1.649346844546639e-08,6.710819986111005e-05,-4.0751963581442396e-08,False,False,False
categorical,alpha,beta,0.5,8.0,18,1140141,50,0.1,1.0,0.4326869999216701,6.658349246550062,9.884497350136964,1.5895094291736168e-07,True,True,True,0.7418307129147043,0.7418542032162255,0.7418541933759387,2.03968670807286,2.0396879760421895,2.0396879627305577,3.454190402996043e-05,4.39181800968835e-08,3.3096025008561014e-05,-2.8590031675435057e-08,False,False,False
categorical,alpha,beta,0.5,8.0,19,1140142,50,0.1,1.0,0.4264150922822896,5.777962593634713,6.058600081699469,2.2242061632465247e-07,True,True,True,0.7940831989800131,0.7940637743483951,0.7940637619342487,1.7598038800647642,1.7598180905043561,1.7598180857451566,8.242034691518958e-06,2.661804719913679e-08,-8.12274727657325e-06,-2.1112920300936366e-08,False,False,False
categorical,alpha,beta,0.75,0.25,0,1150123,50,0.1,1.0,0.47664466933622773,0.1,55.566690434180714,1.4738931923830203,True,True,True,1.9904965944416175,1.9905387236811014,1.990540027885474,0.9377651939271107,0.9377607560069582,0.9377604514708701,1.1226778467500801e-05,9.656321001023957e-08,1.6360213429322812e-05,3.0459136723948177e-07,False,False,False
categorical,alpha,beta,0.75,0.25,1,1150124,50,0.1,1.0,0.519847116343286,0.5091151107086123,54.77086808628222,9.298341530198968e-08,True,True,True,5.11387992906021,5.114198633263592,5.1141957940630345,0.5898558233139628,0.589829308550591,0.5898295066566673,1.9125171329375787e-05,1.7201727165918828e-07,3.1466135304469844e-05,-3.2708250330415467e-07,False,False,False
categorical,alpha,beta,0.75,0.25,2,1150125,50,0.1,1.0,0.5006068541070003,0.49476716647101276,55.035928583223765,3.370400129833633e-08,True,True,True,2.8907884038135445,2.890743976150482,2.890744112348259,0.783869608468004,0.7838769244092129,0.7838769625081751,6.475474805472697e-06,1.333155103608979e-07,-6.8550524829902315e-06,9.097818320924489e-08,False,False,False
categorical,alpha,beta,0.75,0.25,3,1150126,50,0.1,1.0,0.5382520624080916,0.29653073819075204,55.31135878242324,7.32410687763558e-08,True,True,True,2.8533831169131205,2.8535122854954236,2.853510340763196,0.7727727715229247,0.7727510537778723,0.7727512940487304,1.1169746270311046e-05,1.7104021040537e-07,1.985917005953297e-05,-4.0490047581442923e-07,False,False,False
categorical,alpha,beta,0.75,0.25,4,1150127,50,0.1,1.0,0.48190187003676044,0.1,55.47110010944872,0.6445067626259688,True,True,True,4.351718920957605,4.3517399978080915,4.351737465898557,0.5715379925466144,0.5715360857100223,0.571536304866868,1.0664063340754198e-05,1.8597669793027128e-07,2.318498665943025e-06,-3.295019723736914e-07,False,False,False
categorical,alpha,beta,0.75,0.25,5,1150128,50,0.1,1.0,0.5174969653634857,1.5078431792857234,50.80814084596284,2.081698323070967e-07,True,True,True,3.179372612045591,3.179383497997606,3.179382887707379,1.0704238075134505,1.0704233639360394,1.070423444530395,3.297092903210672e-06,1.7568680460542455e-08,2.814072914247845e-06,-9.916472265558696e-08,False,False,False
categorical,alpha,beta,0.75,0.25,6,1150129,50,0.1,1.0,0.4958458925826424,0.6341202570824667,54.89271334299028,4.632171911966515e-08,True,True,True,2.3431282445129553,2.3430027088977177,2.343001840126947,0.959539468559196,0.9595638164639799,0.95956398074994,1.0460963750379924e-05,4.1976978130746555e-08,-2.572760185870493e-05,-1.8165262360980705e-07,False,False,False
categorical,alpha,beta,0.75,0.25,7,1150130,50,0.1,1.0,0.5133327116626117,0.1,55.51490572236068,1.0432338761745685,True,True,True,4.019741072600583,4.019833323432329,4.019833910870301,0.6050395824902758,0.6050340219756114,0.6050339174813613,1.1831595753417189e-05,1.0112630427536528e-07,1.6573235292582922e-05,2.5831447203472635e-08,False,False,False
categorical,alpha,beta,0.75,0.25,8,1150131,50,0.1,1.0,0.5078438716849478,0.5110719511232431,55.112975661814566,2.1610313646285633e-08,True,True,True,2.340639978031343,2.3406314833270843,2.340630245609346,0.9037137701374317,0.9037175177486884,0.9037177130613764,5.169281066234061e-06,1.0323173228969424e-07,3.814327982354371e-07,-3.03934598377964e-07,False,False,False
categorical,alpha,beta,0.75,0.25,9,1150132,50,0.1,1.0,0.5641103688274454,0.6520387828165294,54.72351623556315,1.1615798260515799e-07,True,True,True,3.384714296336138,3.384626973329126,3.384624742134874,0.6740641725208134,0.6740722661554308,0.6740725449576298,9.653683065001765e-06,1.404500231642237e-07,-1.6819648536170462e-05,-3.3823155121126547e-07,False,False,False
categorical,alpha,beta,0.75,0.25,10,1150133,50,0.1,1.0,0.5052368929828686,0.36830375506030166,55.04325227199569,6.46750033926856e-07,True,True,True,5.558714178549325,5.558788583412562,5.558785881316624,0.5177826078113085,0.5177868255368129,0.5177869740152241,2.33034297562253e-05,1.9865110963866263e-07,1.792585909754507e-05,-3.15152419716469e-07,False,False,False
categorical,alpha,beta,0.75,0.25,11,1150134,50,0.1,1.0,0.49207756545183584,0.1,55.475366289310024,0.7002363773267475,True,True,True,4.90691531569061,4.906838682100922,4.906837499024229,0.49545511012706434,0.4954598801796233,0.49545995481258875,6.849926483214325e-06,1.0339904806411983e-07,-1.0281046712634634e-05,-1.5518337903586144e-07,False,False,False
categorical,alpha,beta,0.75,0.25,12,1150135,50,0.1,1.0,0.6488660913167335,0.7823729748100139,53.676306980601154,3.8028974747205274e-07,True,True,True,6.181978339869659,6.1819818466545025,6.181980948692271,0.5525808181688455,0.5525813838490166,0.5525814627572149,2.179180742494998e-06,5.322672782479514e-08,1.1641141881568728e-06,-5.440833916736665e-08,False,False,False
categorical,alpha,beta,0.75,0.25,13,1150136,50,0.1,1.0,0.49500759217886464,0.13743380374243905,55.38326722639129,1.93353810462153e-07,True,True,True,4.929101198086635,4.929238665016529,4.9292367035682405,0.5155576704325702,0.5155501720447584,0.515550348550089,1.4097153859857313e-05,1.1647849673437535e-07,1.906090425052298e-05,-1.9471195145115416e-07,False,False,False
categorical,alpha,beta,0.75,0.25,14,1150137,50,0.1,1.0,0.49352650546339627,0.1,55.48849217454202,0.7474372729632555,True,True,True,3.2860993853956684,3.2862733535102873,3.2862726812315146,0.689295083555113,0.6892719994309028,0.6892720474555281,1.087788673878509e-05,1.0142626625159607e-07,2.621334977703782e-05,-1.4928139790981731e-07,False,False,False
categorical,alpha,beta,0.75,0.25,15,1150138,50,0.1,1.0,0.48227749219179467,0.40622395261569705,55.11588039504441,1.1718571004216928e-07,True,True,True,3.475260524273211,3.4752693475823975,3.475267883394474,0.6652874984808806,0.6652860040180941,0.6652861050501863,1.452528434065497e-05,2.0762141410435583e-07,5.133253679900918e-07,-3.0499898429070527e-07,False,False,False
categorical,alpha,beta,0.75,0.25,16,1150139,50,0.1,1.0,0.37148190394919894,0.6308788987688154,54.58495706774808,2.2469334198890888e-08,True,True,True,3.351416572462058,3.3514684285774203,3.3514665563129946,0.8784907639284725,0.8784914012133044,0.8784916331797326,1.90464938852976e-05,7.940983963106578e-08,1.591489719743322e-05,-2.9157896364040425e-07,False,False,False
categorical,alpha,beta,0.75,0.25,17,1150140,50,0.1,1.0,0.46542631481106306,0.6226635427229312,54.49763159065409,1.7189407804214262e-07,True,True,True,4.276311245392473,4.276275204182244,4.2762749779809885,0.7179209178819621,0.7179239250022371,0.7179239255403471,6.281193355252359e-06,5.444897052599572e-08,-5.018344978680034e-06,-5.22772722888476e-08,False,False,False
categorical,alpha,beta,0.75,0.25,18,1150141,50,0.1,1.0,0.5076815110542608,0.5768277150778196,54.787258454648715,7.553172887309251e-08,True,True,True,3.7252543341571887,3.72527147202104,3.7252705923309772,0.7225465511161898,0.7225440177721206,0.7225441083228037,5.15882128857382e-06,5.6423524796978776e-08,1.5519330816005095e-06,-1.3189089997922565e-07,False,False,False
categorical,alpha,beta,0.75,0.25,19,1150142,50,0.1,1.0,0.5563660016196289,1.3928568044530116,50.617968121438025,2.452150820745802e-07,True,True,True,4.373082220998051,4.373076536145508,4.373076130632829,1.0083293121828372,1.0083296706669351,1.0083296983452092,4.49006964987957e-06,3.063212613567448e-08,-9.481090756935373e-07,-6.086359860546509e-08,False,False,False
categorical,alpha,beta,0.75,0.5,0,1160123,50,0.1,1.0,0.5104783491540287,0.1,55.465261104434504,0.5059533521034665,True,True,True,3.2291886908801977,3.229255683239539,3.229253639250604,0.6763111046846915,0.676303700114553,0.6763039254361641,1.0437035266456862e-05,1.7224874944466727e-07,1.1847288980959547e-05,-3.7354887894025524e-07,False,False,False
categorical,alpha,beta,0.75,0.5,1,1160124,50,0.1,1.0,0.6830089077826957,0.8239890397391845,53.789720977352566,2.3190813067753296e-07,True,True,True,5.431263418881182,5.431170732886313,5.43117062524538,0.6207913517450385,0.6207947286469132,0.620794712090672,1.2349479868452507e-05,5.737191068707083e-08,-1.3216497180223996e-05,-3.8880180852629564e-08,False,False,False
categorical,alpha,beta,0.75,0.5,2,1160125,50,0.1,1.0,0.46557639976482296,0.39699948617073405,55.13333514232982,1.8094441967160212e-07,True,True,True,3.473197003851932,3.4731843496112953,3.473183032151697,0.7738395978232685,0.7738434206246598,0.7738435642566828,6.9933011115952625e-06,8.807785155727702e-08,5.437967942611976e-07,-2.1396084548541694e-07,False,False,False
categorical,alpha,beta,0.75,0.5,3,1160126,50,0.1,1.0,0.525556434871709,0.6747355133091371,54.49321172572951,6.786334116113562e-07,True,True,True,3.9953868583687493,3.9955390610219226,3.9955351219380835,0.6288323547900182,0.6288109779729143,0.6288113343251077,1.4522286020427072e-05,2.778014909543012e-07,1.2907296159880843e-05,-5.756052985361748e-07,False,False,False
categorical,alpha,beta,0.75,0.5,4,1160127,50,0.1,1.0,0.5658060944470089,0.868448576841648,53.59583814677215,8.592868015318675e-08,True,True,True,3.8410731483492113,3.8408929921389063,3.840892916353789,0.6769823626458817,0.6770001389757773,0.6770001452914651,1.3107819206420229e-05,1.568007276046176e-08,-2.645037586290755e-05,-1.2459913989459892e-08,False,False,False
categorical,alpha,beta,0.75,0.5,5,1160128,50,0.1,1.0,0.447100669878355,0.28445482296434743,55.3278548555957,4.6062135107726315e-07,True,True,True,1.9353589899822703,1.9353448770657298,1.9353450239981498,0.9709535062998181,0.970957864220022,0.9709578401956932,1.637991298267699e-05,2.6332597850752126e-08,-2.226668087246253e-06,4.826149790915224e-08,False,False,False
categorical,alpha,beta,0.75,0.5,6,1160129,50,0.1,1.0,0.5007921003091653,0.1,55.45675502080108,0.43797829718531794,True,True,True,3.5142341343082952,3.5142250070922607,3.5142248224960246,0.6515204075346877,0.651516791775779,0.6515168170042096,1.0672346365244588e-05,1.5141402949455293e-08,-6.7834960617574325e-06,-2.3482989774947782e-08,False,False,False
categorical,alpha,beta,0.75,0.5,7,1160130,50,0.1,1.0,0.6078608931742728,0.8603156694360354,53.29946733659801,3.02064244394273e-07,True,True,True,5.897378327216332,5.89761702765587,5.897614090049723,0.6095430031065059,0.6095278045693852,0.6095279629279732,1.1292883607499177e-05,1.7591262344850207e-07,2.2661121832356912e-05,-3.1578358772321735e-07,False,False,False
categorical,alpha,beta,0.75,0.5,8,1160131,50,0.1,1.0,0.3361851081855208,1.0960058222144549,53.20263245554127,5.936839576500475e-08,True,True,True,2.343776118127836,2.343986031369426,2.343986626477307,0.95817425934867,0.9581508586515424,0.9581507658770004,3.984722810397471e-05,4.943321765367671e-08,6.276400285543104e-05,1.470764559030613e-07,False,False,False
categorical,alpha,beta,0.75,0.5,9,1160132,50,0.1,1.0,0.3525329499685461,0.7910561996593453,54.50891604568453,3.091677508470435e-07,True,True,True,2.2029445750181256,2.203044235167293,2.2030428558806787,1.087327026918027,1.087309324685097,1.0873095875979781,8.95556697378567e-06,5.5759785622611547e-08,2.4534652496299714e-05,-3.2339267619363454e-07,False,False,False
categorical,alpha,beta,0.75,0.5,10,1160133,50,0.1,1.0,0.6058643211268078,1.0388420087224777,52.56988002413525,4.582116950541812e-07,True,True,True,4.931119544319548,4.931457412577584,4.93145554833265,0.7759173191561896,0.7758926717511581,0.7758927983510396,1.614458970339333e-05,1.0575320500934686e-07,3.9906556970947804e-05,-2.3227780587831148e-07,False,False,False
categorical,alpha,beta,0.75,0.5,11,1160134,50,0.1,1.0,0.5243390414727455,1.3797553986505378,52.62607544726667,3.6532872184021266e-07,True,True,True,2.2758258672564913,2.2759314397527053,2.275929826990406,1.1071985895247398,1.107175856055071,1.1071761275182763,7.034044785141611e-06,1.0006019435828794e-07,1.9818619726663655e-05,-3.9608306678928784e-07,False,False,False
categorical,alpha,beta,0.75,0.5,12,1160135,50,0.1,1.0,0.538869243519315,0.9597209032701889,53.2184092828974,2.2584195953801352e-07,True,True,True,4.529578471970076,4.529573280101314,4.529571986041909,0.8051960188643367,0.8051988350821282,0.8051989422178945,5.314363863786383e-06,6.19128768720374e-08,1.933728668745971e-06,-1.6234667299386274e-07,False,False,False
categorical,alpha,beta,0.75,0.5,13,1160136,50,0.1,1.0,0.5040954002131801,0.5346424620574842,54.84678867729749,8.796105819285989e-08,True,True,True,3.8431386963894676,3.843038018155133,3.8430387988908707,0.6950432035893568,0.6950489041669179,0.6950488012477104,2.1807206351883053e-05,5.668357762917254e-08,-1.954952263361065e-05,8.466572865017952e-08,False,False,False
categorical,alpha,beta,0.75,0.5,14,1160137,50,0.1,1.0,0.4752140474391514,0.1,55.448111467032014,0.3119479750068993,True,True,True,2.2855403836996615,2.285527972431093,2.285528246252081,0.8619208580560527,0.8619284576260334,0.8619283973956698,1.283898781446097e-05,2.482867017255304e-08,3.3694340544343504e-06,5.046367590466616e-08,False,False,False
categorical,alpha,beta,0.75,0.5,15,1160138,50,0.1,1.0,0.6090729307699938,1.078498534740363,53.36264005849987,3.461849132439155e-08,True,True,True,3.201137836697578,3.2013688464709733,3.201367858224605,0.8532816887138941,0.8532507611445602,0.8532508786068174,1.0486705306658012e-05,5.765672612026126e-08,3.638214884915669e-05,-1.7346156511166555e-07,False,False,False
categorical,alpha,beta,0.75,0.5,16,1160139,50,0.1,1.0,0.4802535284487584,0.24526608068382177,55.270455576472244,2.9461830072702267e-07,True,True,True,4.994033036901659,4.994106624994073,4.994103528751628,0.501469427164251,0.5014695989112938,0.5014698322518482,1.814078245543901e-05,2.1573940128665966e-07,1.4581489701015471e-05,-3.51336190362872e-07,False,False,False
categorical,alpha,beta,0.75,0.5,17,1160140,50,0.1,1.0,0.570263515766007,0.8357664756684935,53.839924531165295,9.078556458903106e-08,True,True,True,4.269248602457338,4.269445469126077,4.269444618868585,0.7567501838005323,0.7567272208920492,0.7567273009358951,1.0402426672847291e-05,3.801270074971412e-08,1.9567636705630775e-05,-1.0699553598669809e-07,False,False,False
categorical,alpha,beta,0.75,0.5,18,1160141,50,0.1,1.0,0.49267193055286995,0.1,55.56417481713507,1.594009322758441,True,True,True,5.011698239551341,5.0115977039339406,5.0115978813244295,0.4852975901650443,0.4853092729698354,0.485309210072421,9.14683926678085e-06,1.0469091825044458e-07,-6.647082159361162e-06,-3.701732964600524e-08,False,False,False
categorical,alpha,beta,0.75,0.5,19,1160142,50,0.1,1.0,0.5405359372187089,0.7029741363938649,54.813005534881434,8.533911106286718e-08,True,True,True,2.358980221716002,2.358905559187875,2.358906328692438,0.8199051395236692,0.819916748056663,0.8199166171523595,1.0933481381313903e-05,5.4741080703983045e-08,-1.8110520912273387e-05,1.7550333097915427e-07,False,False,False
categorical,alpha,beta,0.75,1.0,0,1170123,50,0.1,1.0,0.5294312529270383,1.5310848886206685,51.7634728251231,5.265121444615147e-08,True,True,True,2.1903976503067297,2.1905435997088074,2.190543461751262,0.9716176478046538,0.9715989877749944,0.97159898039819,2.4782879799292905e-05,8.709696247731568e-08,4.507461957103942e-05,-7.147153979758514e-08,False,False,False
categorical,alpha,beta,0.75,1.0,1,1170124,50,0.1,1.0,0.5386824107770875,1.541437799185481,49.54055344521438,4.773173065006452e-07,True,True,True,3.9015422255750227,3.901693337205315,3.9016932997802116,1.0899674636460914,1.089952918498874,1.0899529206438596,7.26412019170129e-06,4.863222934410999e-09,2.197766376355048e-05,-7.122508804968675e-09,False,False,False
categorical,alpha,beta,0.75,1.0,2,1170125,50,0.1,1.0,0.5602827907683379,1.2011164659027411,51.35512656745825,1.146447465888519e-07,True,True,True,5.1130230700263315,5.112990077072911,5.112990873773909,0.7761481411888738,0.7761552081475488,0.7761551511582926,1.4537886009548127e-05,3.6173925831094834e-08,1.773594483722718e-06,9.0207677772014e-08,False,False,False
categorical,alpha,beta,0.75,1.0,3,1170126,50,0.1,1.0,0.5830553145539659,1.5032304491129946,49.45031128601,4.642652538964922e-08,True,True,True,4.5730357272506,4.573229069541418,4.5732289554728665,0.7806673395525223,0.780650831842356,0.7806508367652372,9.252700734003206e-06,1.4657408543994434e-08,2.325338998332427e-05,-1.9274992268947244e-08,False,False,False
categorical,alpha,beta,0.75,1.0,4,1170127,50,0.1,1.0,0.5516839210755048,0.8758962059559652,54.404053709906606,7.791709393054201e-08,True,True,True,2.3576536032552666,2.357646811147721,2.357649116183053,0.9624720618869715,0.962467270511699,0.9624668535495127,1.5325106332854678e-05,1.0747308842843198e-07,-7.899515914289168e-06,4.97638815488699e-07,False,False,False
categorical,alpha,beta,0.75,1.0,5,1170128,50,0.1,1.0,0.5333801252231026,1.601022359481782,50.5163417958616,2.0790173589806684e-07,True,True,True,3.2455147054102564,3.2456201460561127,3.2456195992547126,0.9557973634033639,0.9557782845111563,0.9557783710916237,1.3215194080131311e-05,3.726027256106948e-08,1.0453403866961253e-05,-6.879420055838636e-08,False,False,False
categorical,alpha,beta,0.75,1.0,6,1170129,50,0.1,1.0,0.5479419159315995,1.0315463284974342,53.38364378642944,1.523994719510198e-07,True,True,True,3.702151383356429,3.7020693586216056,3.702068572414547,0.973835999605533,0.973854435502021,0.9738545032469912,2.1994403252858473e-05,6.065677884625058e-08,-1.0654751463334833e-06,-1.3437536239280234e-07,False,False,False
categorical,alpha,beta,0.75,1.0,7,1170130,50,0.1,1.0,0.7110801921456729,1.3364418975661245,50.09099185418276,9.164370470750584e-08,True,True,True,5.550596076551174,5.550590423053848,5.550591555728029,0.7900996216022094,0.7901008760199768,0.7901008317125928,1.0777796111285065e-05,1.0604770633361877e-07,5.787154790937166e-07,1.5305295164580457e-07,False,False,False
categorical,alpha,beta,0.75,1.0,8,1170131,50,0.1,1.0,0.7540278483437138,0.998146561169665,52.45198375862561,1.9860273225978183e-07,True,True,True,6.758108853677412,6.758346819087521,6.758346433002621,0.5164970006002765,0.516483211187857,0.5164832274781763,1.129136327748119e-05,2.6584502154361686e-08,1.9297194583600685e-05,-3.8372199639979954e-08,False,False,False
categorical,alpha,beta,0.75,1.0,9,1170132,50,0.1,1.0,0.44145053944443696,1.2995929316127723,51.69764142428566,4.340428793412234e-08,True,True,True,3.592467023872208,3.592596823239617,3.5925949794755017,0.67777006155761,0.6777509422963995,0.6777511081068986,2.4831060911422424e-05,1.6742883315639006e-07,1.3796152217082636e-05,-3.2231582736130804e-07,False,False,False
categorical,alpha,beta,0.75,1.0,10,1170133,50,0.1,1.0,0.34257198326024524,2.5870741354296576,48.637202920035264,2.2026824808563106e-07,True,True,True,1.1759530666397844,1.1760948815475567,1.1760945965093383,1.9959476419162032,1.995902606831728,1.9959027049359808,1.7212816961178097e-05,1.7465266001128466e-08,6.861047948092391e-05,-1.294132161433481e-07,False,False,False
categorical,alpha,beta,0.75,1.0,11,1170134,50,0.1,1.0,0.8142691686463641,1.459261575759326,50.076960610202576,1.0054279002427998e-07,True,True,True,4.963184031690311,4.963394761121392,4.963394456533208,0.8548210175611941,0.8547968103215506,0.8547968175297099,1.4518500628004054e-05,4.5176700499703274e-08,1.4534932375909193e-05,-5.3068205829731596e-08,False,False,False
categorical,alpha,beta,0.75,1.0,12,1170135,50,0.1,1.0,0.7141005566838424,1.6677884703148842,47.020968829372386,7.956938816725583e-08,True,True,True,5.380311996497563,5.380259790893567,5.380259523164635,0.7471291068694583,0.7471250072173424,0.7471250254130523,1.9068873943108072e-05,1.2207528509880429e-08,-1.4451839923879106e-05,-2.881275662502958e-08,False,False,False
categorical,alpha,beta,0.75,1.0,13,1170136,50,0.1,1.0,0.4049886454388001,0.7093872493268102,54.2747809056367,1.220914233886076e-07,True,True,True,4.0499404287650975,4.050141000330852,4.050139544053226,0.895739520026243,0.8957306411831776,0.8957307787470182,2.9467320694706123e-05,6.237502880689506e-08,3.910001366591587e-05,-2.0118604027175024e-07,False,False,False
categorical,alpha,beta,0.75,1.0,14,1170137,50,0.1,1.0,0.5556506848823052,0.4257218240220757,54.840024998934744,5.728578676879117e-08,True,True,True,6.721086575645512,6.721027682872292,6.721027666299504,0.48578895445638726,0.4857935982964498,0.48579357233917636,1.3683171655872158e-05,6.188154019126041e-08,-3.44835888910211e-06,-3.2350229162148025e-08,False,False,False
categorical,alpha,beta,0.75,1.0,15,1170138,50,0.1,1.0,0.9496959069530841,1.8032886474259036,46.887516106542705,1.7489827130714583e-07,True,True,True,5.150395365615776,5.150413155368063,5.150412736549943,0.8354253255356677,0.8354182373671366,0.8354182471101196,1.424279389127923e-05,5.965605453096868e-08,-4.77660626074794e-06,-7.010036284782473e-08,False,False,False
categorical,alpha,beta,0.75,1.0,16,1170139,50,0.1,1.0,0.6527201846341926,0.5477572902122463,54.88285656142009,2.212117078110239e-07,True,True,True,4.360062450749699,4.360020126296797,4.360021111701305,0.5825172680241947,0.5825178852365365,0.5825178154474742,1.0940833578444465e-05,8.552788441093269e-08,-8.851097916817707e-06,1.4566150952077805e-07,False,False,False
categorical,alpha,beta,0.75,1.0,17,1170140,50,0.1,1.0,0.6886635684145039,1.5639540440144353,48.2785449579609,1.158230266464496e-07,True,True,True,5.143260113492876,5.143302196382219,5.143302214460593,0.810960302093751,0.8109515623602839,0.8109515519374206,1.2123238671486223e-05,2.07403233312384e-08,-1.8883653822854285e-06,-8.484832392241515e-09,False,False,False
categorical,alpha,beta,0.75,1.0,18,1170141,50,0.1,1.0,0.656796047621448,1.3654602692683635,52.14177609652865,1.0384677201075996e-07,True,True,True,3.207324089999337,3.2071410837796726,3.207141157477402,0.9098919891695326,0.9099074570964971,0.909907424552836,2.248192409134045e-05,5.166858231503332e-08,-3.9266855509367815e-05,-1.4488016120139946e-08,False,False,False
categorical,alpha,beta,0.75,1.0,19,1170142,50,0.1,1.0,0.5400642992304631,0.7057575387835383,53.98220568224152,2.5618982671915017e-08,True,True,True,5.470731562468921,5.4707863267473,5.4707858028305365,0.3747726796296993,0.374775803206342,0.374775823200243,1.8558254831227068e-05,5.9513665021305236e-08,1.3533765233830763e-05,-7.274744007190748e-08,False,False,False
categorical,alpha,beta,0.75,3.0,0,1180123,50,0.1,1.0,0.7888567588464311,3.4309196820952947,34.433069270350664,4.539794652022614e-07,True,True,True,1.7151626137705616,1.7150910304789788,1.7150908536907548,1.6837279527974907,1.6837495268921079,1.6837495572167527,7.95751599360884e-06,3.424722128455503e-08,-1.6966513449290233e-05,-6.816551234578583e-08,False,False,False
categorical,alpha,beta,0.75,3.0,1,1180124,50,0.1,1.0,0.5754146134497251,3.550246533856066,34.95115694316537,7.998962841891164e-08,True,True,True,1.5792038288585009,1.5792804465372534,1.5792803351062257,1.6671643264822258,1.6671536087461922,1.6671536331079186,2.392528013002442e-05,1.4794896922358366e-08,3.613371243460506e-05,-4.251062790672222e-08,False,False,False
categorical,alpha,beta,0.75,3.0,2,1180125,50,0.1,1.0,0.6574909465549531,3.061852557425904,35.09005649573454,4.005119347441978e-07,True,True,True,2.2783562860685955,2.278523499792289,2.278523304963433,1.3923245407083982,1.3922930350433238,1.392293057604978,5.378992725848604e-06,3.420743274007156e-08,3.705780095231148e-05,-5.95315654550177e-08,False,False,False
categorical,alpha,beta,0.75,3.0,3,1180126,50,0.1,1.0,0.6907860916007746,2.930485942051093,37.40862216419341,1.92824657056728e-07,True,True,True,2.4431291514501723,2.44307502632192,2.4430749857832366,1.4045769329226665,1.4045844502530096,1.4045844558190133,5.198849557269191e-06,3.882207245222857e-09,-1.350980264902546e-05,-1.0185210896906938e-08,False,False,False
categorical,alpha,beta,0.75,3.0,4,1180127,50,0.1,1.0,0.5370600203984093,3.1865661022209615,38.4251075783505,2.577697688787349e-08,True,True,True,2.1975692603160013,2.1976161245812946,2.197615959270662,1.6044065514787544,1.6044017156553718,1.6044017461566538,1.0538024009099004e-05,5.412206244666329e-09,1.5717719314523038e-05,-4.01068120936543e-08,False,False,False
categorical,alpha,beta,0.75,3.0,5,1180128,50,0.1,1.0,0.8697611512647933,3.6595797726043084,34.75500354058401,3.5738727405531664e-08,True,True,True,1.5261889700280074,1.5263212623091513,1.5263211691846752,1.67251511657788,1.6724747018870754,1.6724747220949054,6.722672361029736e-06,1.4608531948277693e-08,4.011081924915061e-05,-3.7747248882169515e-08,False,False,False
categorical,alpha,beta,0.75,3.0,6,1180129,50,0.1,1.0,0.7912261637254254,2.6608972684169636,37.20044510545383,3.362807948187884e-07,True,True,True,3.1337273075507515,3.134006073888047,3.1340057687601615,1.0776392417891896,1.077596174689314,1.0775961965501153,1.4206257745305389e-05,4.783046109941218e-08,3.929781520639608e-05,-7.219216513476567e-08,False,False,False
categorical,alpha,beta,0.75,3.0,7,1180130,50,0.1,1.0,0.7168242174054943,3.078703709567109,37.52848910639549,1.905455361236913e-08,True,True,True,2.1417159567646866,2.1419519459544447,2.1419518605361714,1.436227125765716,1.4361776442609941,1.4361776537374775,6.185043932094833e-06,1.8536363778652535e-08,5.3184242794657166e-05,-2.8968500487280835e-08,False,False,False
categorical,alpha,beta,0.75,3.0,8,1180131,50,0.1,1.0,0.7455214040560691,4.16487535431857,24.890193503415727,5.453556040898466e-07,True,True,True,1.4992085637942374,1.499238233540997,1.4992381976011642,1.7355198301072228,1.735510379934921,1.7355103803679635,2.033260404397416e-06,2.302120057765565e-08,8.886690736176206e-06,-2.3473504029425385e-08,False,False,False
categorical,alpha,beta,0.75,3.0,9,1180132,50,0.1,1.0,0.6478542528413042,3.108740212854047,40.68793058147414,1.5702379965349984e-07,True,True,True,1.4382074104925724,1.4382615662403184,1.4382615562835481,1.7586203638088376,1.7586070545597103,1.7586070627278734,7.811433137705905e-06,1.1898745288497105e-08,2.2333966079202128e-05,2.4811654952827666e-09,False,False,False
categorical,alpha,beta,0.75,3.0,10,1180133,50,0.1,1.0,0.5013261677788347,4.834859897445242,34.331120871152905,9.593452659985508e-08,True,True,True,1.0037115268891061,1.0035754621937014,1.0035754196097015,1.943554259095242,1.9436290216978833,1.943629037735253,3.673585431184597e-05,6.671730957267136e-09,-4.952108574940439e-05,-2.3968581785993592e-08,False,False,False
categorical,alpha,beta,0.75,3.0,11,1180134,50,0.1,1.0,0.7315256084703619,2.805937239480225,34.987849343610065,3.8951704183018146e-07,True,True,True,3.1822718541254815,3.1823157403622537,3.182315813169914,0.8619166377210181,0.8619035479382765,0.8619035443146826,1.6313486191064115e-05,1.4770590966518143e-08,-1.2607064547864866e-06,1.870701282769005e-08,False,False,False
categorical,alpha,beta,0.75,3.0,12,1180135,50,0.1,1.0,0.6597406077305588,3.2926378335365567,33.09010379242595,3.055333763768431e-07,True,True,True,2.33625671875457,2.336249126803674,2.336249121772029,1.5414945676607392,1.541501588184942,1.541501577108733,1.3107912897608197e-05,2.8047414299926584e-08,4.8181443617068e-06,-1.4905687351074448e-08,False,False,False
categorical,alpha,beta,0.75,3.0,13,1180136,50,0.1,1.0,0.6177034057262851,2.7538503651506154,33.01331538764481,2.808096272880708e-07,True,True,True,3.6639060522312135,3.6639770583621756,3.6639769526912254,1.1279935920060056,1.127992999876489,1.1279929989083184,1.8023895165923504e-05,3.12846435193388e-08,1.8668042230274295e-05,-2.995515302472995e-08,False,False,False
categorical,alpha,beta,0.75,3.0,14,1180137,50,0.1,1.0,0.6904460172014538,2.8506094432265128,39.508689886454015,5.92371408435518e-08,True,True,True,2.0769469518465704,2.0769930683920297,2.0769929679795474,1.4516375232906011,1.4516225595373211,1.451622583927429,1.2262394699084066e-05,8.145416661845535e-09,4.95583828552526e-06,-2.0264977251827077e-08,False,False,False
categorical,alpha,beta,0.75,3.0,15,1180138,50,0.1,1.0,0.7855033679601383,2.601298868103311,38.24394145573255,2.7580379833958687e-07,True,True,True,3.311785584213836,3.3117536044529046,3.311753798425296,1.249181442253601,1.2491877532805817,1.2491877312960942,5.809884059444775e-06,9.22099371060926e-09,-2.357298043875744e-06,3.326032071981899e-08,False,False,False
categorical,alpha,beta,0.75,3.0,16,1180139,50,0.1,1.0,0.6421789990322334,4.233426318758611,28.796514664167713,4.44153432734248e-07,True,True,True,1.384575254452294,1.3847037523825085,1.3847036677840405,1.8995246551237226,1.8994857631097326,1.899485787805575,3.4786573659469075e-06,5.10555565288949e-09,4.799369555996691e-05,-3.266285730774143e-08,False,False,False
categorical,alpha,beta,0.75,3.0,17,1180140,50,0.1,1.0,0.7757974534269814,3.072297447948804,27.96889964433048,4.4042237283007805e-07,True,True,True,3.1587430535727212,3.1588870186625835,3.1588868096360807,1.2361672444618392,1.2361534277142334,1.236153449276174,1.4159182195667871e-05,1.779003939652414e-08,2.9627197733361754e-05,-4.134683351253443e-08,False,False,False
categorical,alpha,beta,0.75,3.0,18,1180141,50,0.1,1.0,0.5419135451907289,3.6058228023789387,31.634801864347182,5.36282357788295e-07,True,True,True,2.177645853825354,2.177781314266053,2.1777811996944556,1.4716473575049953,1.4716111499896252,1.4716111721785208,2.1359303755927512e-05,2.49392196566906e-09,2.0490550348029046e-05,-2.706340751501557e-08,False,False,False
categorical,alpha,beta,0.75,3.0,19,1180142,50,0.1,1.0,0.7060963628012887,2.5954608657345273,37.71088730568211,6.326733285474213e-07,True,True,True,3.775396881026443,3.7755401486831777,3.775540038083525,1.2912974795522725,1.2912825851271834,1.2912825935003114,4.123922570185252e-06,1.0218837633799207e-08,2.0779493155487216e-05,-1.9653811023090384e-08,False,False,False
categorical,alpha,beta,0.75,8.0,0,1190123,50,0.1,1.0,0.719573605230417,5.261819406936167,23.065954485052654,2.487128704286093e-07,True,True,True,0.8426515897082977,0.8426843889543008,0.8426843676541829,2.1153153165398844,2.1152955658582493,2.1152955721904614,6.627651480669517e-06,1.0831136207815919e-08,1.616629593570451e-05,-1.798627735638547e-08,False,False,False
categorical,alpha,beta,0.75,8.0,1,1190124,50,0.1,1.0,0.41475811533103396,5.765342109154351,12.094379405872465,7.372252311087518e-08,True,True,True,0.831702653414056,0.8317118656862648,0.831711843794277,1.8322380471345017,1.8322340610748826,1.8322340694872843,1.8998283899932427e-06,7.125428460334194e-09,6.470582590623053e-06,-1.6636464650332528e-08,False,False,False
categorical,alpha,beta,0.75,8.0,2,1190125,50,0.1,1.0,0.6811159159163572,4.945473775200374,19.34111677652501,4.531875497588151e-07,True,True,True,0.9739385459105238,0.9739705278500828,0.9739705019384645,1.949684682756056,1.949663631892576,1.9496636432224683,1.574609829001671e-05,2.1637267818838274e-09,8.587937323056849e-06,-1.35600899398014e-08,False,False,False
categorical,alpha,beta,0.75,8.0,3,1190126,50,0.1,1.0,0.680983409748607,5.674476831503736,20.717301082170447,1.1604269021557064e-07,True,True,True,0.8044032288814784,0.8044590524707249,0.8044590418559997,2.049207062780236,2.0491769024421145,2.049176899881874,6.238354231903298e-07,1.909188398860278e-08,3.46555972825513e-05,-1.6142447378797442e-08,False,False,False
categorical,alpha,beta,0.75,8.0,4,1190127,50,0.1,1.0,0.48661013438371475,5.920763199184519,8.629507148383656,8.95088643312065e-08,True,True,True,0.789346231288583,0.7893518316857591,0.7893518174774409,1.7733165987270052,1.7733088028466295,1.7733088014261815,1.0940782049828984e-05,2.1285937654182288e-08,-1.900017631228934e-06,-1.9635331582890103e-08,False,False,False
categorical,alpha,beta,0.75,8.0,5,1190128,50,0.1,1.0,0.6986028549723848,5.288358527758467,28.28330445243045,1.1164008164157136e-07,True,True,True,0.7952450317455088,0.7952731908191244,0.7952731743543098,2.1310113788290788,2.130997398928499,2.1309974019178095,3.273599179146429e-06,1.3865860644637993e-08,1.929646066400892e-05,-1.7261772455867685e-08,False,False,False
categorical,alpha,beta,0.75,8.0,6,1190129,50,0.1,1.0,0.7934444644732817,5.199306076324804,22.079370289778076,1.2792689408396806e-07,True,True,True,0.8819846944858405,0.8819422300306116,0.8819422151035093,2.0644536957425115,2.064473982926704,2.064473981004568,1.5810222308080315e-06,2.1412155098226397e-08,-2.4810289673382613e-05,-1.913820213417239e-08,False,False,False
categorical,alpha,beta,0.75,8.0,7,1190130,50,0.1,1.0,0.7041453156372445,5.039052119241361,17.106813774965957,2.1073870074631048e-07,True,True,True,0.8946416443750387,0.8947144663262763,0.8947144559708622,2.0309319311489262,2.0309012791591377,2.030901279340482,1.0833787709632135e-05,1.117641799494076e-08,4.609381493381193e-05,-1.1365205665470057e-08,False,False,False
categorical,alpha,beta,0.75,8.0,8,1190131,50,0.1,1.0,0.6265487285565653,4.8092964682456065,18.920494082151524,2.2787742425530793e-07,True,True,True,1.1247891180491763,1.1248305607683848,1.1248305279141586,1.9343121219134152,1.934304085222306,1.9343040887945995,1.833258106893525e-05,2.1029626138842944e-08,2.7566522497579626e-05,-2.5095403088926105e-08,False,False,False
categorical,alpha,beta,0.75,8.0,9,1190132,50,0.1,1.0,0.6669480010022298,5.402126123167696,23.25324049113121,1.3780370642341954e-07,True,True,True,0.8581575445872675,0.8583102694858625,0.8583102405590897,1.9430538380009967,1.9429767302457321,1.9429767386616765,2.084539828967897e-06,1.436409629491928e-08,8.915493785721651e-05,-2.4012784649585228e-08,False,False,False
categorical,alpha,beta,0.75,8.0,10,1190133,50,0.1,1.0,0.3947547417983545,5.764158441762675,4.607157752775735,6.785318580201106e-09,True,True,True,0.8388653964721555,0.8388893895373639,0.8388893736651638,1.7084780516084381,1.7084693776157343,1.708469375961371,8.662660754084701e-06,2.2833393597840982e-08,1.8594268534677383e-05,-2.0825148716596686e-08,False,False,False
categorical,alpha,beta,0.75,8.0,11,1190134,50,0.1,1.0,0.6216324895821816,5.813473968946227,21.221551517149734,3.7687315301543724e-07,True,True,True,0.6820480861999941,0.6819935498939499,0.6819935382367787,2.23238530322764,2.2324254639518504,2.2324254660714162,1.2532868674520948e-05,1.2228608893785588e-08,-3.374072741024747e-05,-1.4652545843318876e-08,False,False,False
categorical,alpha,beta,0.75,8.0,12,1190135,50,0.1,1.0,0.6423824329998904,5.284081675496742,24.879105623379438,2.9595116533488336e-07,True,True,True,0.9285874465709367,0.9285810820354206,0.9285811244771314,1.9458402589004804,1.9458491242072349,1.945849101308797,1.3579374312968934e-05,7.164640971803781e-09,3.3718843432950507e-06,1.9343179502584462e-08,False,False,False
categorical,alpha,beta,0.75,8.0,13,1190136,50,0.1,1.0,0.6042810086005813,5.890260380939807,20.431621660826764,3.4290799108957803e-07,True,True,True,0.6692950287424291,0.6692741694768304,0.6692741261273776,2.21417159487348,2.214195380736968,2.2141953953414553,2.357261007223404e-05,3.114872566055415e-08,-3.829980130376498e-06,-4.795680652591727e-08,False,False,False
categorical,alpha,beta,0.75,8.0,14,1190137,50,0.1,1.0,0.722308810732572,5.047140320869648,27.008457628528387,1.6639969065471938e-07,True,True,True,0.8726290014631486,0.8726268418911493,0.8726268084552832,1.9830201444280442,1.983010749342466,1.9830107652100624,2.4125353660334657e-05,4.232388802403268e-09,-1.3311331407805937e-05,-2.0048094739877342e-08,False,False,False
categorical,alpha,beta,0.75,8.0,15,1190138,50,0.1,1.0,0.621103760760925,5.7010243475432505,21.783465151972106,4.994833126016262e-07,True,True,True,0.800476481487114,0.8004778612641507,0.8004778442988606,2.092192679730015,2.0921973000835012,2.092197306437085,1.2403927497908601e-05,6.685876434258863e-09,7.0291925879928385e-06,-1.3879116522730328e-08,False,False,False
categorical,alpha,beta,0.75,8.0,16,1190139,50,0.1,1.0,0.5055418277434399,5.514453350798021,8.060862272908642,1.5293097728069193e-07,True,True,True,0.9468928724700928,0.9468748180023279,0.9468748123931348,1.7152695483117901,1.7152704564821006,1.715270453436944,1.6993491082248503e-05,1.3229212901276537e-08,-1.8031106643334738e-05,-9.429767189317317e-09,False,False,False
categorical,alpha,beta,0.75,8.0,17,1190140,50,0.1,1.0,0.3756844127206082,5.784941699961986,5.796117643627659,4.409439238016932e-08,True,True,True,0.8311996847557256,0.8312184205647022,0.8312184105761611,1.713251613599375,1.7132479441172657,1.7132479392071511,1.4095806651996745e-05,2.3441134649040443e-08,1.82981122840431e-05,-1.766972435035541e-08,False,False,False
categorical,alpha,beta,0.75,8.0,18,1190141,50,0.1,1.0,0.6110463863379357,5.880423775784994,25.78629788161289,1.3785899865813143e-07,True,True,True,0.7460317413583039,0.7460487144632758,0.746048721844024,2.0979264036376586,2.097921342237139,2.0979213310585836,1.1097801272894083e-05,1.5863422775027444e-08,1.6920795236075037e-05,-2.97666957749243e-09,False,False,False
categorical,alpha,beta,0.75,8.0,19,1190142,50,0.1,1.0,0.7694942219470713,5.097178137211222,22.446254427188276,4.3876138495174833e-07,True,True,True,0.8533372086506461,0.8533981358005777,0.8533980950378641,2.140599282959716,2.1405732311568095,2.1405732396715007,1.1398806262038617e-05,2.8166079895611307e-08,4.136492202633235e-05,-3.7962280430292594e-08,False,False,False
categorical,alpha,beta,0.95,0.25,0,1200123,50,0.1,1.0,0.5309429873731433,0.461891357065907,54.97054812508157,1.1390866590859188e-07,True,True,True,4.3248289685218735,4.324800909705699,4.324802238722951,0.5775557082609535,0.5775541753629423,0.5775540602836817,1.5837008043882445e-05,8.859873545730904e-08,-8.077867782674275e-06,1.7481143288478052e-07,False,False,False
categorical,alpha,beta,0.95,0.25,1,1200124,50,0.1,1.0,0.4857920039122071,0.19047957717770456,55.37462249615898,2.6196295132515637e-07,True,True,True,2.9598627185529574,2.9600253145270785,2.9600256768587756,0.7876596236390139,0.7876363137499759,0.787636252858414,9.861870740556538e-06,3.0326376120127474e-08,2.8147914093779036e-05,5.230430133451591e-08,False,False,False
categorical,alpha,beta,0.95,0.25,2,1200125,50,0.1,1.0,0.4592017504258295,0.4807065962298364,54.98521796725146,1.2271013388819472e-07,True,True,True,3.022078159117826,3.021997340758251,3.0219970504637543,0.6733079718557772,0.6733326011334247,0.6733326469310291,2.9950360050513322e-05,2.328781579259562e-08,1.5691684041030385e-06,-4.333404035605781e-08,False,False,False
categorical,alpha,beta,0.95,0.25,3,1200126,50,0.1,1.0,0.4843853285516716,0.1,55.656080667906636,2.415830497426441,True,True,True,2.9398080968693683,2.9396963894771755,2.9396958059450378,0.7323366595066562,0.7323622646878525,0.7323623577678012,2.504575087199738e-05,4.3977942340643994e-08,-8.611198161645461e-06,-9.133858469567713e-08,False,False,False
categorical,alpha,beta,0.95,0.25,4,1200127,50,0.1,1.0,0.5775076795817728,0.3194346169679083,55.272792940983976,9.909460403165833e-08,True,True,True,3.2319316376421163,3.2319856141226753,3.231984154166026,0.6209424492232626,0.6209366367529499,0.6209367997474067,8.660833994781316e-06,1.294772632123312e-07,9.744936711797436e-06,-2.6406706865600427e-07,False,False,False
categorical,alpha,beta,0.95,0.25,5,1200128,50,0.1,1.0,0.4990886074245001,0.2649098797813106,55.30271239619039,2.383232787117382e-08,True,True,True,3.5733980367454037,3.5732359593432608,3.5732363727024885,0.7079344978877404,0.7079608809425876,0.7079608421155625,1.745268060423791e-05,3.426603368948192e-08,-1.4912094137287113e-05,7.098076792999564e-08,False,False,False
categorical,alpha,beta,0.95,0.25,6,1200129,50,0.1,1.0,0.5047792387787025,0.9802376727436389,54.133546592584075,4.1583447479068616e-08,True,True,True,2.3402008823123417,2.340238030892993,2.3402394490027394,1.0218956411112092,1.0218909753399756,1.021890709521412,9.658667934886411e-06,5.77707585371598e-08,1.0802238477936044e-05,2.9993304906383855e-07,False,False,False
categorical,alpha,beta,0.95,0.25,7,1200130,50,0.1,1.0,0.5584614024649751,0.7374280386814489,53.95146974828411,9.565974336450907e-08,True,True,True,5.308942253629777,5.309198551476983,5.3091987114030355,0.6569129123366891,0.6568953954347889,0.6568953683776266,1.4846807896464542e-05,3.444333422798834e-08,2.810735905711681e-05,-1.028261920055229e-09,False,False,False
categorical,alpha,beta,0.95,0.25,8,1200131,50,0.1,1.0,0.5469107156109408,0.8801413122753733,53.60483734509023,1.17723015519153e-07,True,True,True,4.680498521384611,4.680534199222218,4.680533076998239,0.5552850025330065,0.5552745105964391,0.5552745769103734,1.8676228543854698e-05,1.06729308197908e-07,-4.620077199035677e-06,-1.6341737563152492e-07,False,False,False
categorical,alpha,beta,0.95,0.25,9,1200132,50,0.1,1.0,0.5116259884324281,0.1,55.42920110122029,0.13249161057173944,True,True,True,2.968826217326632,2.9689469850507773,2.9689452515118244,0.710441805340322,0.7104309628861473,0.7104311367722407,1.8860530030167958e-05,2.1642977678427894e-07,2.7811249488252088e-05,-3.836965802861414e-07,False,False,False
categorical,alpha,beta,0.95,0.25,10,1200133,50,0.1,1.0,0.4784462706062052,0.1,55.49407528632847,0.713328944357305,True,True,True,1.3821771441778583,1.3821025793443396,1.3821035997305342,1.0856549572094754,1.085675672996067,1.085675328247102,8.817363345673506e-06,8.94036159954215e-08,-2.9757524750095854e-05,3.413782394545706e-07,False,False,False
categorical,alpha,beta,0.95,0.25,11,1200134,50,0.1,1.0,0.4916007889653133,0.41982765070236233,55.03067108918321,5.169167880969442e-07,True,True,True,4.267741612551428,4.2676587388750065,4.267654799207952,0.5804566786791454,0.5804711846995607,0.5804715062369183,1.7850960853669338e-05,2.9500072026777406e-07,-3.271102620772126e-06,-5.529616871058352e-07,False,False,False
categorical,alpha,beta,0.95,0.25,12,1200135,50,0.1,1.0,0.4911965283778552,0.1,55.44317017857885,0.5243168779146453,True,True,True,7.779153896861632,7.779184600526839,7.7791826267001625,0.3246046092298813,0.3246082827240304,0.32460833848045095,1.2214446468306877e-05,1.5707984097851936e-07,7.986634514622892e-06,-1.8953989666670168e-07,False,False,False
categorical,alpha,beta,0.95,0.25,13,1200136,50,0.1,1.0,0.5523443848017658,1.260723545031223,52.781977147012334,6.028274464869921e-08,True,True,True,3.1047265861700866,3.1048387118704825,3.104839185264962,1.105612912756426,1.105591997293902,1.105591947809585,1.2804036533890267e-05,4.06484849587792e-08,1.212954752816131e-05,9.549896873295438e-08,False,False,False
categorical,alpha,beta,0.95,0.25,14,1200137,50,0.1,1.0,0.5900753784718292,0.7511658773864931,54.062381101798906,5.2455188851160277e-08,True,True,True,5.031547742309875,5.031550406528943,5.0315499146326985,0.5715604037859695,0.5715659346967058,0.5715659808503709,1.50233785294587e-05,3.6489170362572114e-08,6.852573058324651e-06,-4.462599889620833e-08,False,False,False
categorical,alpha,beta,0.95,0.25,15,1200138,50,0.1,1.0,0.47629111711978106,0.7043587201925527,54.621643829808086,1.5732545808677777e-07,True,True,True,3.1227456579384145,3.122673102730547,3.1226732765612892,0.9499076543624375,0.949919786858915,0.9499197675154725,8.686347399884665e-06,1.855359093453286e-08,-9.233247425299851e-06,3.33973204647009e-08,False,False,False
categorical,alpha,beta,0.95,0.25,16,1200139,50,0.1,1.0,0.6130578283915675,0.6682289383104326,54.081393994023905,1.5648080552598201e-07,True,True,True,6.3347818397328,6.3347607466730125,6.334759121962651,0.42578698711842733,0.42578475417889694,0.42578479666879865,8.53755148358865e-06,1.738447724006902e-07,-6.108050897069006e-06,-2.075571359227979e-07,False,False,False
categorical,alpha,beta,0.95,0.25,17,1200140,50,0.1,1.0,0.5159399965502883,0.6793618338034966,54.33996773403767,7.553172887309251e-08,True,True,True,4.298288202949268,4.298482324944408,4.298480871065937,0.6232770686336769,0.623266151655582,0.6232662403305964,2.7297362839791527e-05,1.521253239415738e-07,3.235683379898546e-05,-2.3613981880998836e-07,False,False,False
categorical,alpha,beta,0.95,0.25,18,1200141,50,0.1,1.0,0.5265714212378383,0.2021381416803403,55.34635420765725,6.404745667978754e-08,True,True,True,4.262347276338469,4.262411127956906,4.262408339353944,0.5714846322750007,0.5714827897663437,0.5714830412246512,1.105988676281697e-05,1.8514142263972015e-07,1.2494280397845614e-05,-3.647294875008811e-07,False,False,False
categorical,alpha,beta,0.95,0.25,19,1200142,50,0.1,1.0,0.4468812858302109,1.0284614839095594,53.09006593198084,5.710876416202757e-08,True,True,True,3.5063249651671637,3.5064031185472673,3.5064020799454476,0.8772481298717556,0.8772412089804907,0.8772413298731052,6.9415047837532415e-06,4.3874874512353984e-08,1.4164019830786856e-05,-1.5701876066032128e-07,False,False,False
categorical,alpha,beta,0.95,0.5,0,1210123,50,0.1,1.0,0.5330628203975065,1.751744884032778,50.5229352898596,6.43846933268206e-08,True,True,True,2.1912833106007454,2.191431810539627,2.1914317194910673,1.272507901360746,1.2724792271787384,1.2724792413397379,7.53033063462011e-06,9.199282679515846e-09,3.472856757724685e-05,-2.524406994552919e-08,False,False,False
categorical,alpha,beta,0.95,0.5,1,1210124,50,0.1,1.0,0.49810933993253653,0.7898486775715943,54.087415937444725,7.944109290391274e-08,True,True,True,3.712903379507197,3.7128965106794736,3.7128971131728035,0.8030911975042648,0.8030950439518969,0.8030949888698458,1.0031633475435449e-05,4.329264073603237e-08,2.6772513663786413e-06,9.885486207394933e-08,False,False,False
categorical,alpha,beta,0.95,0.5,2,1210125,50,0.1,1.0,0.6088223023417592,0.6498862252814539,54.21978732466895,2.7731655545276415e-07,True,True,True,6.123816898528924,6.123742788103235,6.12374137848413,0.46725391161449575,0.46725936166239923,0.4672594039050512,7.01693511308593e-06,1.477388770912032e-07,-6.0090281692737335e-06,-1.8155551373411072e-07,False,False,False
categorical,alpha,beta,0.95,0.5,3,1210126,50,0.1,1.0,0.48934839794841095,1.1276785291524385,52.62640475060145,2.0665862037843828e-07,True,True,True,3.6225813777737397,3.6224551724030625,3.6224553093568024,0.7950875250943934,0.7950971676679099,0.7950971506034156,1.87126506216862e-05,1.4804380543953632e-08,-2.3719542340927546e-05,1.8160655201882037e-08,False,False,False
categorical,alpha,beta,0.95,0.5,4,1210127,50,0.1,1.0,0.6627158271332532,0.9613226457214002,52.382909047699215,1.888627403446039e-07,True,True,True,6.671485931578283,6.6714610809435335,6.671460529599316,0.36807775748675653,0.36807977105235007,0.3680797823275436,3.7776535150642948e-06,6.149597584864031e-08,-1.4763675508788765e-06,-6.966115506656934e-08,False,False,False
categorical,alpha,beta,0.95,0.5,5,1210128,50,0.1,1.0,0.98,1.540050313956387,49.39195340305525,2.5064384487905045,True,True,True,5.78520445978509,5.784963070958151,5.784963390839341,0.7454209673740594,0.7454351584322808,0.7454351380603952,1.3918503169886825e-05,1.4415514479794324e-08,-2.5356172066892668e-05,3.184128161137778e-08,False,False,False
categorical,alpha,beta,0.95,0.5,6,1210129,50,0.1,1.0,0.5517423778712357,0.7114976243914022,54.31100977027281,9.532931148469528e-08,True,True,True,4.229928062834617,4.229828270515833,4.229827614099902,0.6993832003385935,0.6993939046838263,0.6993939713454439,1.0577002577253813e-05,4.197361983722812e-08,-1.1346851714222339e-05,-7.84403582088089e-08,False,False,False
categorical,alpha,beta,0.95,0.5,7,1210130,50,0.1,1.0,0.5071893166836998,0.9450433939352585,52.22907942074511,1.5081259105039014e-07,True,True,True,6.639889298349417,6.640024685803197,6.640024346868818,0.4303623839182637,0.4303602650658959,0.4303602618401168,1.6471234106215196e-05,5.762745063049136e-08,1.7895631941655665e-05,-5.4757961720497406e-08,False,False,False
categorical,alpha,beta,0.95,0.5,8,1210131,50,0.1,1.0,0.5755348702477003,1.1786420919025833,52.06338916719069,2.2864879308895555e-07,True,True,True,4.087827745895673,4.08803002681709,4.088027187001159,0.8847369978324499,0.8847220283888365,0.8847222688373189,1.6550980468611535e-05,1.6622116898635215e-07,3.183044653098932e-05,-4.178398071985612e-07,False,False,False
categorical,alpha,beta,0.95,0.5,9,1210132,50,0.1,1.0,0.4129955802972858,1.0982540640337948,52.89493571524654,2.1326946351705532e-07,True,True,True,3.6609320570363746,3.660931485793478,3.660932013162906,0.919477778336876,0.9194805941176094,0.9194805341651885,6.736764089077578e-06,2.3737226536858556e-08,3.160780359223736e-06,7.503055599045183e-08,False,False,False
categorical,alpha,beta,0.95,0.5,10,1210133,50,0.1,1.0,0.6464697038694054,1.4712094362635149,51.782253670558596,1.2074126195871404e-08,True,True,True,2.695997864930928,2.6960280427044108,2.6960271301567054,1.1038295717042867,1.1038194007000484,1.1038195294214006,1.383687470232661e-05,5.0071967353251106e-08,-7.066016891599247e-07,-1.9028269093723793e-07,False,False,False
categorical,alpha,beta,0.95,0.5,11,1210134,50,0.1,1.0,0.25437764291145876,1.222005511678979,54.426925620821656,2.457570966302133e-07,True,True,True,0.8913243869507834,0.8914415561467046,0.8914406292113869,1.6092435579014663,1.6092000381757072,1.6092004552740362,3.233273316490307e-05,8.651614653187968e-08,8.078297690872205e-05,-5.596144845299023e-07,False,False,False
categorical,alpha,beta,0.95,0.5,12,1210135,50,0.1,1.0,0.5082718747113034,1.2119576927197997,52.21896906120882,2.9675148749598274e-07,True,True,True,3.571177887224397,3.5711678074932536,3.5711665442108615,0.9142659851302417,0.9142706924447741,0.9142708371719255,7.951821421082497e-06,4.740507140335921e-08,2.4098476458789264e-06,-1.8712167104695254e-07,False,False,False
categorical,alpha,beta,0.95,0.5,13,1210136,50,0.1,1.0,0.5857926621858631,0.454685008111047,54.93460843907384,2.7056661287843682e-08,True,True,True,5.286858602774501,5.286766380578849,5.2867647648668346,0.4999056728588781,0.49991512784323544,0.4999152182887703,6.7412444175594615e-06,1.3094343504092344e-07,-6.7598503150634315e-06,-2.014851858689326e-07,False,False,False
categorical,alpha,beta,0.95,0.5,14,1210137,50,0.1,1.0,0.4250397842999025,0.441698006572864,55.03280691695903,2.4945009160919024e-07,True,True,True,3.253064341873111,3.2530728567424436,3.253071819339474,0.690309157629893,0.6903110791218828,0.6903111734863471,6.826723420250685e-06,1.2062075697005267e-07,4.619429461172331e-06,-2.1025834229249085e-07,False,False,False
categorical,alpha,beta,0.95,0.5,15,1210138,50,0.1,1.0,0.127953371027157,2.026410133764429,54.850105386028005,4.034766927120509e-07,True,True,True,0.41747509746765477,0.4176233565400802,0.41762319086698163,2.290709129050253,2.2906041104146673,2.2906041851930907,0.00011399712602023461,2.2504039566016415e-07,0.00023385190333158334,-3.106128190211166e-07,False,False,False
categorical,alpha,beta,0.95,0.5,16,1210139,50,0.1,1.0,0.5299784699749996,0.19793872005562804,55.36991394901641,2.9231731603437383e-07,True,True,True,3.2321638270039728,3.232173523465229,3.232173555417924,0.6441231303036322,0.6441250848144559,0.6441251112171464,8.747933801281508e-06,6.8966505068806e-08,5.290482938846708e-06,4.0283048008404876e-08,False,False,False
categorical,alpha,beta,0.95,0.5,17,1210140,50,0.1,1.0,0.7132703050540555,1.005802573334113,52.38492453807435,2.1327984993664397e-07,True,True,True,6.429495760617722,6.429589854004301,6.429588729881348,0.5571686174524089,0.5571594339057515,0.557159503578214,1.1967727318242424e-05,5.513606689444837e-08,3.9669663749464235e-06,-9.462250005753958e-08,False,False,False
categorical,alpha,beta,0.95,0.5,18,1210141,50,0.1,1.0,0.5076302347092707,0.5621171942952793,54.840947703529245,1.8115356374411765e-08,True,True,True,3.5926409134227737,3.5926207319019525,3.5926215991587775,0.7864833961102627,0.7864832854703163,0.7864832131471781,5.858819898949813e-06,8.442789794314407e-08,-5.586721513850534e-06,1.5813437670431085e-07,False,False,False
categorical,alpha,beta,0.95,0.5,19,1210142,50,0.1,1.0,0.5232425491511774,1.214335297569325,52.15831756674105,1.1013412404281553e-07,True,True,True,3.3216189814553743,3.321617035955904,3.3216168875792107,0.7021711208989483,0.7021694159706062,0.7021694382424002,4.7982400980472005e-06,1.27632622045798e-08,-2.567608326842219e-06,-1.902866841874129e-08,False,False,False
categorical,alpha,beta,0.95,1.0,0,1220123,50,0.1,1.0,0.5640006478624984,0.6060400627688642,54.809324910109126,2.45574506987871e-07,True,True,True,3.492569635984128,3.492763546683793,3.4927626370882705,0.7988972888375381,0.7988719570224938,0.7988720414103835,9.265188628800508e-06,8.22708880994707e-08,2.6191786979268272e-05,-1.6326775664765592e-07,False,False,False
categorical,alpha,beta,0.95,1.0,1,1220124,50,0.1,1.0,0.6316115813659869,1.528276642030078,49.11188912137756,1.567509354041745e-07,True,True,True,4.650343748592414,4.650277029799238,4.650276327053887,0.8530528880123779,0.8530574264729376,0.8530574980933533,8.89613711945049e-06,2.576216727901952e-08,-9.190737060293941e-06,-6.86629917368009e-08,False,False,False
categorical,alpha,beta,0.95,1.0,2,1220125,50,0.1,1.0,0.6892521232004301,1.4136568824918283,51.5364604842325,3.014709443958632e-08,True,True,True,3.596585486878046,3.596759876312182,3.5967583189663843,0.9282528241592759,0.9282288600815572,0.9282290330554509,8.741737044385046e-06,6.188245883214485e-08,2.066281686552429e-05,-2.3384229308476279e-07,False,False,False
categorical,alpha,beta,0.95,1.0,3,1220126,50,0.1,1.0,0.4751614822500807,1.8739169623098146,48.0913691572682,3.3349997784808055e-07,True,True,True,2.693806882351453,2.693889491731442,2.693889372957236,1.1264287105059934,1.126419151181972,1.126419165954152,9.294959105575867e-06,1.0677022118406038e-08,1.963327581933072e-05,-2.708313218136027e-08,False,False,False
categorical,alpha,beta,0.95,1.0,4,1220127,50,0.1,1.0,0.4562101756986223,2.1094571700970137,50.04623967802685,3.8577321687227e-07,True,True,True,1.6550272473621277,1.6551104155544805,1.6551102046425332,1.473492320945853,1.4734630870940655,1.4734631293479268,1.724667162006035e-05,3.070466874664813e-08,1.6515094429792043e-05,-7.878419694407057e-08,False,False,False
categorical,alpha,beta,0.95,1.0,5,1220128,50,0.1,1.0,0.6418259556249508,1.6705354986215089,50.54936094572416,2.491722908637889e-07,True,True,True,2.0091783883304495,2.009311558229775,2.00931152698004,1.0965411577734216,1.0965061509696121,1.0965061377232044,1.5764158972940094e-05,4.703965841345444e-08,2.594470259253967e-05,-3.080295130075683e-08,False,False,False
categorical,alpha,beta,0.95,1.0,6,1220129,50,0.1,1.0,0.5580658113457572,1.4139125471331018,52.27666814159861,2.2863800893191302e-07,True,True,True,2.4319058816172805,2.4319848824999646,2.4319850830212877,1.0792114623916906,1.079186555883649,1.0791865109899312,2.507597283063498e-05,2.197957115554036e-08,3.840733960203124e-06,3.076591070794166e-08,False,False,False
categorical,alpha,beta,0.95,1.0,7,1220130,50,0.1,1.0,0.5625327422025596,1.4245126993338177,50.95911359503248,1.4602512762364029e-07,True,True,True,3.795167988307124,3.795335489312943,3.7953346641880543,0.9268945448194116,0.9268677167087627,0.9268678008475204,1.984562653580139e-05,3.7309859548740844e-08,1.312681929732662e-05,-1.2053669706801884e-07,False,False,False
categorical,alpha,beta,0.95,1.0,8,1220131,50,0.1,1.0,0.5382871510075896,1.4910696829484003,49.85400309456833,7.145762638327632e-07,True,True,True,3.7328120792285295,3.7328336517436402,3.732832341118437,0.9571321430019237,0.9571227392584506,0.9571228658060723,1.5917780750459936e-05,7.078223340621624e-08,-5.252731348548423e-06,-2.0541403955576243e-07,False,False,False
categorical,alpha,beta,0.95,1.0,9,1220132,50,0.1,1.0,0.4138743238965814,1.4286151956283846,51.10742213141978,1.7274422166785158e-07,True,True,True,3.771708083435001,3.7719080726692287,3.771906621407672,1.2858950099637823,1.285881096085036,1.2858812478581054,2.153443852133906e-05,4.061785988098736e-08,3.679314799143185e-05,-2.1002015415660935e-07,False,False,False
categorical,alpha,beta,0.95,1.0,10,1220133,50,0.1,1.0,0.4550234543959525,1.4826640041245862,52.10374225345268,1.421287472682233e-07,True,True,True,2.542576812831914,2.5427798739026417,2.5427792259042374,1.3007790961717498,1.3007474670238741,1.3007475574687242,8.031519924829193e-06,4.8761974843890695e-08,4.3295980347579643e-05,-1.507101288211743e-07,False,False,False
categorical,alpha,beta,0.95,1.0,11,1220134,50,0.1,1.0,0.6898350373305904,1.0932723129117332,52.377306876441175,8.129330318114645e-08,True,True,True,5.203065529385089,5.203278584341453,5.203275854604469,0.7200514235588799,0.7200279587263744,0.7200281600333767,1.677595084463773e-05,1.1516030697463562e-07,1.36393865020068e-05,-2.928555318248982e-07,False,False,False
categorical,alpha,beta,0.95,1.0,12,1220135,50,0.1,1.0,0.49587433009016024,0.7731892321609045,54.04323568907676,1.2434497875801753e-07,True,True,True,4.116445565588892,4.116386255802215,4.116385689305265,0.6870830602069122,0.6870926531201107,0.6870927008814894,1.1278589124980188e-05,4.746388460285019e-08,-3.446496464221127e-06,-8.26326598257765e-08,False,False,False
categorical,alpha,beta,0.95,1.0,13,1220136,50,0.1,1.0,0.341667661650698,2.7331494824218296,44.808449208485,1.9163027210651692e-07,True,True,True,1.833091966896036,1.8332312420657786,1.833231155730664,1.6907530361044798,1.690727710101613,1.6907277255043638,1.814995543788465e-05,1.1672571461927506e-08,4.6788391315999434e-05,-2.936143062015617e-08,False,False,False
categorical,alpha,beta,0.95,1.0,14,1220137,50,0.1,1.0,0.5898157687348884,1.8352102106085926,50.189731702722916,9.682727361311388e-08,True,True,True,2.650367958566479,2.6505705980571053,2.650570412407007,0.7933307342219809,0.7932946525209744,0.7932946263282743,1.4767494891863764e-05,1.2966998643451848e-07,3.4813402912448055e-05,-1.0019702756380866e-07,False,False,False
categorical,alpha,beta,0.95,1.0,15,1220138,50,0.1,1.0,0.7342096961806758,0.7795376269868868,53.57793383610991,1.017962516548778e-07,True,True,True,7.127200174352783,7.127363280409653,7.127361560279913,0.43400041861796107,0.433991204290086,0.43399128123885944,9.20808642104127e-06,1.1034371359138526e-07,1.2123611341507967e-05,-1.5275114861879047e-07,False,False,False
categorical,alpha,beta,0.95,1.0,16,1220139,50,0.1,1.0,0.4849164556017695,2.075216229845193,48.63808431526269,7.907307087526111e-08,True,True,True,2.10577874244386,2.1057709885267917,2.1057703748036456,1.3280697012327871,1.3280779462594543,1.328078052612531,1.5658695328564154e-05,4.970834195262665e-08,5.641217413199229e-06,-1.6900472843417447e-07,False,False,False
categorical,alpha,beta,0.95,1.0,17,1220140,50,0.1,1.0,0.7362890262616583,1.9995415586335494,46.30494799213317,5.3323356010154543e-08,True,True,True,3.483486589649045,3.4836368237205146,3.483636560411199,1.1117600343468186,1.1117417717095326,1.1117417903343332,4.350922997971915e-06,3.326961787100631e-08,2.2046790860486e-05,-5.414201353914905e-08,False,False,False
categorical,alpha,beta,0.95,1.0,18,1220141,50,0.1,1.0,0.6277422711421202,0.8251136939933733,53.645457931779376,3.6677359834852983e-07,True,True,True,5.501083093677144,5.501116241423718,5.501115743275015,0.4839309432121384,0.4839236939973191,0.48392365888959216,1.068583926187681e-05,1.7558889446607955e-07,-2.4512821283906305e-06,-1.30973383249966e-07,False,False,False
categorical,alpha,beta,0.95,1.0,19,1220142,50,0.1,1.0,0.67417436076274,1.6673778759862394,47.83032941600012,2.078592975032446e-07,True,True,True,4.6790807818877385,4.679366015280494,4.679364567545798,0.9486959736855443,0.9486647990186675,0.948664916326316,1.2939887749320347e-05,5.258956570036441e-08,2.4891928291026488e-05,-1.7433156074275757e-07,False,False,False
categorical,alpha,beta,0.95,3.0,0,1230123,50,0.1,1.0,0.7299853783033371,3.3556082382658046,34.66972676458649,1.9846338116567107e-07,True,True,True,1.9587373497017797,1.9587705089310103,1.9587704072386174,1.519788433733652,1.5197813062493117,1.5197813196754573,1.0755425063339215e-06,2.1314555052202108e-08,8.686457931617042e-06,-3.645902069138174e-08,False,False,False
categorical,alpha,beta,0.95,3.0,1,1230124,50,0.1,1.0,0.95047822881542,3.1518261271692913,35.86622563007459,3.869726559805661e-07,True,True,True,2.140196159989106,2.140361759148164,2.1403616980182774,1.5139645995360405,1.5139257424358776,1.5139257443967853,1.2621219707622889e-05,2.4149501820440064e-08,3.261050597558324e-05,-2.630295625749568e-08,False,False,False
categorical,alpha,beta,0.95,3.0,2,1230125,50,0.1,1.0,0.8061937572516539,3.478044026480221,36.62822710497083,1.7072593804974347e-07,True,True,True,1.6314392127534056,1.631274807666026,1.6312748648161461,1.5307905932758237,1.5308247894258527,1.530824786267212,2.229869330619371e-05,2.7996348506750818e-08,-6.137694677477157e-05,3.139750504033145e-08,False,False,False
categorical,alpha,beta,0.95,3.0,3,1230126,50,0.1,1.0,0.896537227576096,2.2966991384040143,41.026126880594,1.4998116778514808e-07,True,True,True,3.523086602443561,3.523260210549904,3.5232596527308955,1.1171089193836157,1.1170846261422818,1.1170846712130917,9.402125062055005e-06,5.7659901038456116e-08,2.1200997956327683e-05,-1.064349959278843e-07,False,False,False
categorical,alpha,beta,0.95,3.0,4,1230127,50,0.1,1.0,0.6654011582947232,4.442323127891605,28.754863593016474,5.245877117574656e-07,True,True,True,1.1991219693995576,1.1991931340220772,1.1991930958342072,2.020009808748221,2.019986776327961,2.01998678397947,6.458740743142151e-06,1.4278799883309896e-08,3.280542577144274e-05,-2.3035511276248144e-08,False,False,False
categorical,alpha,beta,0.95,3.0,5,1230128,50,0.1,1.0,0.7374558001266414,3.536295518736309,30.8189846461171,1.4019785523860209e-07,True,True,True,1.9444832028287975,1.944404123348788,1.9444040078258593,1.6514127783176675,1.6514342343133273,1.651434253808674,9.091396647144891e-06,1.494026260846679e-08,-1.6004303507344275e-05,-3.696817785225903e-08,False,False,False
categorical,alpha,beta,0.95,3.0,6,1230129,50,0.1,1.0,0.7992574129260026,1.892016669366083,44.0680310377993,5.425020522858859e-07,True,True,True,5.543959180537482,5.5439437242185585,5.54394348806252,0.9354706770410439,0.9354688430446798,0.9354688670101383,8.553213040543285e-06,1.3596578983865499e-08,-4.91443294237115e-06,-1.5005866771389265e-08,False,False,False
categorical,alpha,beta,0.95,3.0,7,1230130,50,0.1,1.0,0.8392014596830788,2.6306736703626616,41.84005775200822,2.6542791007760398e-08,True,True,True,2.6032415586012196,2.6033884547021513,2.603388270956098,1.2216899982155662,1.221662304960182,1.2216623303290288,9.580062341984768e-06,1.2919778849693974e-08,2.450214524429839e-05,-4.1372615555701486e-08,False,False,False
categorical,alpha,beta,0.95,3.0,8,1230131,50,0.1,1.0,0.8115051272132506,3.9594777732170585,31.293766777607964,4.3918999076337766e-07,True,True,True,1.3814778972583845,1.3813856337604473,1.381385655890089,1.7091055378912847,1.7091347185220223,1.7091347041551863,3.254922022949786e-06,1.717433865348409e-08,-3.319339147367373e-05,-5.205436082178494e-10,False,False,False
categorical,alpha,beta,0.95,3.0,9,1230132,50,0.1,1.0,0.7045239568880008,3.5917370617375655,30.508361450032442,1.6342482922482304e-07,True,True,True,2.013780511319517,2.0138721252155003,2.0138720807486665,1.4355429251650447,1.4355185739719556,1.4355185857636124,1.0794738824644073e-05,5.1406366976430625e-09,1.7448599724190217e-05,-8.504617454718755e-09,False,False,False
categorical,alpha,beta,0.95,3.0,10,1230133,50,0.1,1.0,0.886754130403622,4.583216294566021,24.70514716122467,1.678859425419207e-07,True,True,True,0.9467834341630016,0.9468752170346467,0.9468751533721084,2.033682202440013,2.033630126151419,2.033630154317495,2.3015814815187096e-05,3.6956114046076175e-09,3.694723186242754e-05,-3.4806955540034323e-08,False,False,False
categorical,alpha,beta,0.95,3.0,11,1230134,50,0.1,1.0,0.8964471672439666,2.6579360485555705,33.49246432294068,2.805818689109824e-07,True,True,True,3.6605080937139807,3.66052910422305,3.6605288564192224,1.1049466660158427,1.1049479791848298,1.1049479772107884,8.984908602883968e-06,7.304336419458905e-08,7.181635751862814e-06,-6.996887691457232e-08,False,False,False
categorical,alpha,beta,0.95,3.0,12,1230135,50,0.1,1.0,0.9161651037866793,2.9901183453030264,34.28791261167506,2.021198120596476e-07,True,True,True,2.720564022934547,2.7207119723212267,2.7207117070567706,1.4558201198578136,1.4557993266567304,1.455799364232923,6.899379664253438e-06,1.1540247466615918e-08,3.038710710967507e-05,-5.42369917866381e-08,False,False,False
categorical,alpha,beta,0.95,3.0,13,1230136,50,0.1,1.0,0.7102932968418463,4.157809124076898,21.8759568909134,7.960471599539651e-08,True,True,True,1.6123574859933372,1.6122933178545018,1.6122932648554487,1.52128622868842,1.521300759437189,1.5213007677323183,7.044141217672462e-06,1.3827695691242479e-08,-2.3092682901904027e-05,-2.332172499563967e-08,False,False,False
categorical,alpha,beta,0.95,3.0,14,1230137,50,0.1,1.0,0.6662403000682474,3.5821891194692848,40.945954461587704,4.858149128433052e-07,True,True,True,0.8993819196243303,0.899432464864011,0.899432331217517,1.9006191610043384,1.9005936737137257,1.9005937354309674,2.6450395178629442e-06,8.230812759602581e-09,2.6777530997890153e-05,-7.753521913400618e-08,False,False,False
categorical,alpha,beta,0.95,3.0,15,1230138,50,0.1,1.0,0.8382524458924985,3.4131538670489485,32.880955865573675,2.1316536207895563e-07,True,True,True,2.0788745683266843,2.078945432095686,2.0789453553357444,1.579839928117366,1.5798202945024715,1.5798203053324338,1.1178043155700383e-05,1.2074154454822752e-08,1.1458494029170652e-05,-2.4454081426483754e-08,False,False,False
categorical,alpha,beta,0.95,3.0,16,1230139,50,0.1,1.0,0.8263305251213402,2.9208184990920913,34.268823267092415,1.2163418164822048e-09,True,True,True,3.0342391009676097,3.0341149904265046,3.034114892351892,1.1957389174430322,1.19575424879637,1.195754265822897,6.28489178215097e-06,8.50681274673883e-09,-2.326603425473195e-05,-1.2721443454211112e-08,False,False,False
categorical,alpha,beta,0.95,3.0,17,1230140,50,0.1,1.0,0.98,3.5053449070995946,35.773836182565525,1.858838697188503,True,True,True,1.5506929104815472,1.5507604766648906,1.5507604626562737,1.7047759161306204,1.7047471849014422,1.704747176542901,2.2629292668611107e-05,2.857108550497764e-08,1.0473952087863836e-05,-1.865651455545958e-08,False,False,False
categorical,alpha,beta,0.95,3.0,18,1230141,50,0.1,1.0,0.7933831593104043,4.496266798537949,18.449625134756026,8.556116568299742e-08,True,True,True,1.2558740790661354,1.2559051538454276,1.2559050852674922,1.814387391976534,1.8143787979364299,1.8143788137100914,4.953954460285458e-06,1.8377832504056966e-08,1.4812542264763806e-05,-3.644429469318311e-08,False,False,False
categorical,alpha,beta,0.95,3.0,19,1230142,50,0.1,1.0,0.9731381181454157,2.394524566580007,42.30228374129082,3.794886583566921e-07,True,True,True,3.4311243256469632,3.4311907084683155,3.4311906232140266,1.1823903984762791,1.1823819947999088,1.1823820007343435,2.1496137717065553e-06,1.1318973042867173e-08,9.653958656485884e-06,-1.8014581826264475e-08,False,False,False
categorical,alpha,beta,0.95,8.0,0,1240123,50,0.1,1.0,0.8782571456282184,4.685521273914312,27.073711077497943,3.035766046134619e-07,True,True,True,0.91188897583459,0.9119400202655461,0.9119399813784058,1.8072197013664917,1.8071797003192633,1.8071797035599437,3.621360636455512e-05,3.544314414552585e-08,9.88319980876895e-06,-3.891124222832332e-08,False,False,False
categorical,alpha,beta,0.95,8.0,1,1240124,50,0.1,1.0,0.98,4.420891694501934,30.79602974981791,1.1105764752272769,True,True,True,0.8475882881263643,0.8475549526766057,0.8475549208333821,2.0196263687486407,2.0196290699629413,2.019629075986416,3.315279676741256e-05,2.428924639822246e-08,-3.625128830364588e-05,-3.063590625629331e-08,False,False,False
categorical,alpha,beta,0.95,8.0,2,1240125,50,0.1,1.0,0.7584413935918694,4.892160099375201,25.01009857079464,2.0761127825150946e-07,True,True,True,0.9164933875207759,0.9165792738512211,0.9165792591799957,1.933425435404679,1.9333798057080638,1.9333798082254106,1.1465256847295458e-05,1.0397190505292086e-08,4.1161264601186076e-05,-1.3108298446695699e-08,False,False,False
categorical,alpha,beta,0.95,8.0,3,1240126,50,0.1,1.0,0.7527494603121913,5.249433194833678,19.57354045659924,2.8967980414612013e-07,True,True,True,0.8954805790531305,0.8955598490309877,0.8955598075196478,1.9618180113944121,1.961779586561205,1.9617795933033557,1.1537306579052012e-06,3.0835596209802176e-08,4.4241542614287255e-05,-3.859020480945219e-08,False,False,False
categorical,alpha,beta,0.95,8.0,4,1240127,50,0.1,1.0,0.8796852517433413,4.6987086166487435,21.52920070840869,1.5305129595046803e-07,True,True,True,0.9722977713257196,0.9723322923234987,0.972332252421371,1.9343935962705805,1.9343692774210706,1.934369293625499,2.0529028320938635e-05,4.813785015352688e-09,7.483431069488233e-06,-2.2381506425972475e-08,False,False,False
categorical,alpha,beta,0.95,8.0,5,1240128,50,0.1,1.0,0.98,4.431594620784134,28.668821706417702,2.041516347972563,True,True,True,0.854698219382634,0.8549255263427935,0.8549254537580376,1.9020186395033865,1.90188604992465,1.9018860813103302,3.955165090124493e-05,1.347698221667332e-08,0.00011321644348072368,-4.8767752502953954e-08,False,False,False
categorical,alpha,beta,0.95,8.0,6,1240129,50,0.1,1.0,0.8046046693908601,4.6782910290179345,31.933352614545484,6.243557623682038e-07,True,True,True,0.8667566320850565,0.866736585628314,0.8667365256943651,2.0849220226929575,2.084928588971728,2.084928615234138,8.118624364029176e-06,8.910362642247715e-09,-1.5607599081590706e-05,-3.8913263722406555e-08,False,False,False
categorical,alpha,beta,0.95,8.0,7,1240130,50,0.1,1.0,0.8270832323705829,4.899064267803184,22.72985545100204,2.7180091667116707e-07,True,True,True,0.9016428398075182,0.901703208906796,0.9017031801220535,2.068887809524752,2.068857489806783,2.068857495888913,3.0796328192614823e-06,1.8003430885270685e-08,3.202053263251514e-05,-2.4920325358834816e-08,False,False,False
categorical,alpha,beta,0.95,8.0,8,1240131,50,0.1,1.0,0.98,4.378388681014732,31.85783541360025,0.6758981516696849,True,True,True,0.8451224152104128,0.8451838308087238,0.8451837283614623,2.0999712744121486,2.0999350873692437,2.099935129752267,1.069726594038769e-05,2.375221278955393e-08,3.093372272644501e-05,-7.241774113708743e-08,False,False,False
categorical,alpha,beta,0.95,8.0,9,1240132,50,0.1,1.0,0.9695240579103251,4.383791110512572,31.820120672174884,5.133672865066069e-07,True,True,True,0.8548474148751589,0.8548728014907926,0.8548727700838634,2.046517073423652,2.0464900655291043,2.0464900742319374,3.253174215897348e-05,1.715879150133673e-08,-1.423899909980264e-06,-2.671921350838602e-08,False,False,False
categorical,alpha,beta,0.95,8.0,10,1240133,50,0.1,1.0,0.7160065993448825,5.123836595237605,22.36225987482869,2.4715898780425e-07,True,True,True,0.8379888480252844,0.8379961629611704,0.8379961575515444,2.1325305339439216,2.1325332998396167,2.132533299011123,1.5092754156053311e-05,8.370083979383605e-09,1.1906064333544464e-05,-7.409269642266736e-09,False,False,False
categorical,alpha,beta,0.95,8.0,11,1240134,50,0.1,1.0,0.98,4.372980736893024,31.921155350192684,3.5427870184179255,True,True,True,0.8535598293595492,0.8535453092533095,0.8535453190520697,1.9450408261844618,1.945031650534294,1.9450316408398975,3.81602334753241e-05,1.1962989557862749e-08,-2.7574917652373188e-05,3.189839503647818e-10,False,False,False
categorical,alpha,beta,0.95,8.0,12,1240135,50,0.1,1.0,0.722338165874408,5.512695718491484,22.292155176302455,9.729008537920642e-07,True,True,True,0.754935670741301,0.7547858109445041,0.7547858106188569,2.149927320704879,2.1500156604688385,2.150015650157611,5.225690371781127e-06,2.419556732261731e-08,-9.68338066513752e-05,-1.2302681540177218e-08,False,False,False
categorical,alpha,beta,0.95,8.0,13,1240136,50,0.1,1.0,0.98,4.420278717569808,29.81074229600004,5.802202872828843,True,True,True,0.8715185547507889,0.8716016540883772,0.8716016590536092,2.1015641323369385,2.101511018926415,2.1015110153143786,2.7034162303381336e-05,4.384129676643397e-09,3.419796877324188e-05,1.538161598091392e-09,False,False,False
categorical,alpha,beta,0.95,8.0,14,1240137,50,0.1,1.0,0.9032370723467619,4.5282374149675215,28.185781998478678,8.324063243702916e-08,True,True,True,0.9129472041909301,0.9130100453372966,0.9130099977572357,2.0252218035064606,2.0251910129835715,2.025191029297746,2.181532154004225e-06,1.4721877088092154e-08,3.334867601623159e-05,-3.333101616931344e-08,False,False,False
categorical,alpha,beta,0.95,8.0,15,1240138,50,0.1,1.0,0.8556544896887129,4.0494664193147045,23.2879410620109,1.90838072430843e-07,True,True,True,1.5851953100007343,1.5852618174318882,1.5852617883323648,1.7583913340954573,1.7583714730644624,1.7583714770703616,3.899798011853828e-06,9.215165451713074e-09,1.9074873105040524e-05,-1.3744326565756637e-08,False,False,False
categorical,alpha,beta,0.95,8.0,16,1240139,50,0.1,1.0,0.6565512391158719,5.022017438772527,25.60225651776676,7.54062464564907e-07,True,True,True,1.0160677593136613,1.016113162806434,1.016113125898269,1.7549861793064527,1.7549681822285494,1.7549681834897233,3.6367760663927855e-06,3.345912732941009e-08,2.3929726037152932e-05,-3.487091149168009e-08,False,False,False
categorical,alpha,beta,0.95,8.0,17,1240140,50,0.1,1.0,0.9266570254817313,4.874051760452119,18.78075090701775,9.416580287373871e-08,True,True,True,0.8367306735846868,0.8368313214106553,0.8368313147106845,1.907034788463437,1.9069865952680811,1.9069865884657116,9.411366582213971e-06,2.369938795451234e-08,6.47794657240297e-05,-1.5837873235113875e-08,False,False,False
categorical,alpha,beta,0.95,8.0,18,1240141,50,0.1,1.0,0.9665317681256629,4.374422787214513,31.81106568624792,1.6654524817416237e-07,True,True,True,0.8574632320817468,0.8575329381656153,0.8575328733163815,2.0450372876397296,2.0449920331696605,2.044992059803916,2.30109058175044e-05,1.4813924555988195e-08,2.9143982004598e-05,-4.495920791214303e-08,False,False,False
categorical,alpha,beta,0.95,8.0,19,1240142,50,0.1,1.0,0.8082432521053395,5.197888983317923,17.511463410879212,2.596903427673356e-07,True,True,True,0.8514924820873842,0.8515623324928526,0.8515623127047584,1.9756070228794091,1.9755732687765735,1.9755732706721991,4.421636730428697e-06,1.8889575138303694e-08,4.3147642696084176e-05,-2.105497998172723e-08,False,False,False
ces,alpha,rho,0.05,-0.7,0,2000123,50,0.1,1.0,0.045409493254972226,-0.011539338614264563,-45.80189091606786,9.262624992464292e-06,True,True,True,4.754355649816306,4.747808452823535,4.7478636737691655,2.827234073269978,2.8278422539191492,2.827837207503933,2.2537197007447348e-05,2.3660454576309068e-08,-0.0006720288521506745,5.8208605864251695e-06,False,False,False
ces,alpha,rho,0.05,-0.7,1,2000124,50,0.1,1.0,0.055616168157695066,-0.22849313694377552,-45.25140128587801,3.909284800770857e-06,True,True,True,4.333461539270566,4.333049399392612,4.333054225058763,2.7343424323961774,2.7343930346142824,2.7343925487583545,2.1600907184592817e-05,1.4407798974787462e-08,-3.629862983700605e-05,5.543253109863144e-07,False,False,False
ces,alpha,rho,0.05,-0.7,2,2000125,50,0.1,1.0,0.08913614317732758,0.06613455979745773,-42.795506680957466,2.7018200898215792e-05,True,True,True,6.435082672116589,6.43960361199513,6.439561316516065,2.514993508717691,2.5146921904321404,2.514695028159242,9.006553274430368e-06,4.0795677408741436e-08,0.00035209257513457715,-3.3009927520311066e-06,False,False,False
ces,alpha,rho,0.05,-0.7,3,2000126,50,0.1,1.0,0.06639344694293088,-0.030772172105995,-37.44052595367344,2.0366838689093548e-05,True,True,True,5.358568794968408,5.366336696644973,5.366283454279494,2.5435121021785077,2.5428865236293863,2.54289082647999,9.719311326500735e-06,3.291043721888321e-08,0.0007233810933513496,-4.967757085694302e-06,False,False,False
ces,alpha,rho,0.05,-0.7,4,2000127,50,0.1,1.0,0.043364604410089026,0.08889750545009774,-39.21389638373141,2.0588826379244305e-06,True,True,True,4.120763992432168,4.125790725387877,4.125715359877438,2.4451137285424704,2.4445853913629976,2.444593306843561,5.218099566136184e-06,7.74287473627371e-08,0.0006016864775659769,-9.154058233207252e-06,False,False,False
ces,alpha,rho,0.05,-0.7,5,2000128,50,0.1,1.0,0.09212345508795369,0.03848571147046662,-50.95861277108666,3.1490513357090435e-06,True,True,True,5.229614567949882,5.225930092938226,5.225894062066586,2.6568601326356336,2.657174805419317,2.6571777933436485,2.0101240806511436e-05,2.4504799565481166e-08,-0.00034596300890399334,-3.4546820515402032e-06,False,False,False
ces,alpha,rho,0.05,-0.7,6,2000129,50,0.1,1.0,0.08144150194947916,-0.13524440514956065,-38.37550086316463,8.214454855097374e-07,True,True,True,5.646943580161163,5.648953918800894,5.648934989587857,2.6073723138671863,2.6072275576219823,2.607229008111222,2.2941564028463958e-05,1.8667932522545197e-08,0.00018760360009650867,-1.68099177244585e-06,False,False,False
ces,alpha,rho,0.05,-0.7,7,2000130,50,0.1,1.0,0.05704784982236459,-0.017076398852492847,-39.79940731951817,3.5621159285316546e-07,True,True,True,4.415144565127432,4.427466946853448,4.4274512265712636,2.5801051442698224,2.5789005525868087,2.57890206036694,1.590219895429995e-05,7.940337690370755e-08,0.0013983954608676186,-1.8147369331700247e-06,False,False,False
ces,alpha,rho,0.05,-0.7,8,2000131,50,0.1,1.0,0.03765089056109449,-0.1853033448221387,-47.12492962134923,9.72737157432169e-06,True,True,True,4.468072549868358,4.4670974593276505,4.467091999739371,2.8452128185468286,2.8453199401971427,2.8453204663460236,2.8784758140171502e-05,1.8415468811161403e-08,-9.554704953984583e-05,-6.164274708453377e-07,False,False,False
ces,alpha,rho,0.05,-0.7,9,2000132,50,0.1,1.0,0.0583368603390461,-0.0447855255236293,-41.04360804502066,6.686182602927313e-06,True,True,True,4.778669511615845,4.781848456929805,4.7818042692250335,2.5852096736553785,2.584926595234138,2.5849306039175746,1.381446957715595e-05,3.1803052271719183e-08,0.0003344836463128331,-4.625591586204791e-06,False,False,False
ces,alpha,rho,0.05,-0.7,10,2000133,50,0.1,1.0,0.06670087778277424,-0.1563260439649322,-43.94475708868903,7.482322025893641e-07,True,True,True,5.240112678459359,5.241616932231474,5.241618667107379,2.656512365825922,2.656394085237146,2.6563939396622485,1.48696127956475e-05,1.085647375312488e-08,0.0001510117837781877,1.6338170638618976e-07,False,False,False
ces,alpha,rho,0.05,-0.7,11,2000134,50,0.1,1.0,0.05216829770474333,-0.02563146154694344,-49.693700562960856,5.563554158309669e-06,True,True,True,4.649576195230643,4.6437835807398615,4.643838859692954,2.66434849113315,2.6648967336448637,2.664891555363494,1.6080893315864703e-05,3.367716393905658e-08,-0.0006094842026413971,5.942073151743443e-06,False,False,False
ces,alpha,rho,0.05,-0.7,12,2000135,50,0.1,1.0,0.07742143820621358,-0.15352999614337495,-47.15366429083946,5.442799097829025e-06,True,True,True,5.1157516450157114,5.115576363599735,5.115575349143951,2.5584850477684955,2.558506754747642,2.5585068357825898,1.5822136427150954e-05,1.6729526755707052e-08,-9.377597592674647e-06,-1.05012318840636e-07,False,False,False
ces,alpha,rho,0.05,-0.7,13,2000136,50,0.1,1.0,0.03939548547317961,-0.0935340472678153,-35.48193954543991,5.050979386571648e-07,True,True,True,4.173870885761763,4.174952489152321,4.174931454309138,2.7257099302623073,2.725604743459756,2.725606928425626,1.728279284563238e-05,1.6686528976031103e-08,0.00013547959021309453,-2.5228208997418733e-06,False,False,False
ces,alpha,rho,0.05,-0.7,14,2000137,50,0.1,1.0,0.11728336160217302,-0.32218330977429094,-43.28845132820197,2.9518005471825363e-06,True,True,True,6.251499119397022,6.251490244228499,6.25149063494788,2.4487902790114684,2.4487980195278523,2.4487979890771236,1.6448856515270695e-05,1.1427509131036155e-08,7.519353871998646e-06,2.7442503380825656e-08,False,False,False
ces,alpha,rho,0.05,-0.7,15,2000138,50,0.1,1.0,0.06257486319407132,-0.42882005795684786,-40.43669242364454,7.33024363157351e-06,True,True,True,5.463699879024726,5.463090941815083,5.463094668674962,2.708692613462774,2.708754712100916,2.708754409278846,3.1675788456481064e-05,2.2500860740168133e-08,-3.96303983194457e-05,3.3355185280470323e-07,False,False,False
ces,alpha,rho,0.05,-0.7,16,2000139,50,0.1,1.0,0.046803707437595675,-0.16356093653211287,-25.242819142306438,5.103084896591099e-06,True,True,True,4.467485226818934,4.46553423105467,4.465543476882656,2.663097882909985,2.6632947219994283,2.6632938251925946,1.659883416028798e-05,1.0582943378486544e-08,-0.00020914807693017679,1.037997254371703e-06,False,False,False
ces,alpha,rho,0.05,-0.7,17,2000140,50,0.1,1.0,0.03687535555812954,-0.11004338442799923,-38.55061341909894,5.176334309621279e-06,True,True,True,4.361656131043923,4.360060590122235,4.360080648472922,2.7727394083875243,2.772907906325228,2.772905904853227,2.2556134946911344e-05,1.6031256953579854e-08,-0.0001695911211783141,2.296184838712634e-06,False,False,False
ces,alpha,rho,0.05,-0.7,18,2000141,50,0.1,1.0,0.07248802116261834,-0.01628642426333844,-38.929595122422555,3.144731628087423e-06,True,True,True,5.2580893738589305,5.257302350664567,5.257242691436893,2.6402042033587545,2.640275329786693,2.6402802659343556,1.4557054472401543e-05,3.5037208138570234e-08,-7.346741956837377e-05,-5.664992755782805e-06,False,False,False
ces,alpha,rho,0.05,-0.7,19,2000142,50,0.1,1.0,0.04891092294506729,-0.06534674022951573,-49.04095231439268,3.844272602975633e-06,True,True,True,4.437170376276479,4.435346946446431,4.4353307425045925,2.731429057976714,2.731615361408422,2.731616947229683,1.8214626091528074e-05,1.4454082667404769e-08,-0.00019836662606564914,-1.8276275994821845e-06,False,False,False
ces,alpha,rho,0.05,-0.3,0,2010123,50,0.1,1.0,0.07084447315974794,0.011290332490089091,-51.00464143892643,9.102611266188721e-06,True,True,True,6.1222380665392055,6.102113186083064,6.102031422999487,2.663177793041256,2.6646156424351286,2.6646214851504038,1.975282859256026e-05,6.144550532420116e-08,-0.001643878951348654,-6.672557631759446e-06,False,False,False
ces,alpha,rho,0.05,-0.3,1,2010124,50,0.1,1.0,0.06068271372727945,-0.07624020528699396,-37.69235707068641,2.614203472209206e-06,True,True,True,5.362518929811386,5.364644391279589,5.364630059117856,2.67171106242521,2.67154900189655,2.6715501570858984,2.3378288776686132e-05,2.025964359568214e-08,0.00020835580661326958,-1.341638544261059e-06,False,False,False
ces,alpha,rho,0.05,-0.3,2,2010125,50,0.1,1.0,0.0604537149303448,-0.056155386784083064,-48.078456058657046,1.0189222470484836e-05,True,True,True,4.998196490148581,4.999851257079653,4.999854647504696,2.6696935455069077,2.6695568579665325,2.6695565605684677,1.6564536029484687e-05,1.7262569679213805e-08,0.0001739863786625051,3.357127766889789e-07,False,False,False
ces,alpha,rho,0.05,-0.3,3,2010126,50,0.1,1.0,0.028242164512355252,-0.02133983250358034,-41.822146261049554,2.2263228734459216e-05,True,True,True,4.371815364133894,4.374505878906962,4.374530306037832,2.920875588222003,2.9206172834689337,2.9206148598513075,2.1370286917533806e-05,1.6725081533986655e-08,0.00032064281632671054,2.793666368461345e-06,False,False,False
ces,alpha,rho,0.05,-0.3,4,2010127,50,0.1,1.0,0.04376805271454425,0.17538133328720917,-44.009037704890304,4.576248269388719e-06,True,True,True,3.7518212153420882,3.7513488178574126,3.7513500532976845,2.7760132318413104,2.7760740714388836,2.7760739287662797,1.4733116585240405e-05,8.459211844491795e-09,-5.5710190693503137e-05,1.6507432576418068e-07,False,False,False
ces,alpha,rho,0.05,-0.3,5,2010128,50,0.1,1.0,0.05822474174426647,-0.17437122090244772,-38.860478141054735,5.5461149135338446e-06,True,True,True,4.450951972850159,4.451686109292224,4.451680953395388,2.633585074977625,2.6335204511641326,2.6335209523924608,1.633894309049804e-05,1.0507350673413623e-08,8.994355083302707e-05,-5.81129896204402e-07,False,False,False
ces,alpha,rho,0.05,-0.3,6,2010129,50,0.1,1.0,0.07193650067832413,0.027467440265479124,-34.310711520810464,5.1449953626682336e-05,True,True,True,4.900167684229588,4.90326914034513,4.903068336685338,2.6915571586327003,2.6912895644780597,2.691307335093152,1.6839409611240806e-05,9.177353728303495e-08,0.00030415451956500306,-2.0494677944071782e-05,False,False,False
ces,alpha,rho,0.05,-0.3,7,2010130,50,0.1,1.0,0.027532158931199865,0.0023596472215922917,-41.71381406206501,5.703770891660099e-06,True,True,True,3.8305856384760775,3.921606298086798,3.92088324101111,2.756802405696236,2.7466113416539075,2.7466913931186165,5.087169517479521e-05,3.541274724428109e-07,0.01165851186713951,-9.223212818199045e-05,False,False,False
ces,alpha,rho,0.05,-0.3,8,2010131,50,0.1,1.0,0.044983431097303614,0.26190054121059797,-37.36656642001706,1.3143504213156516e-06,True,True,True,4.173518506588234,4.172636126821154,4.172624793228831,2.787308246766301,2.787404383203467,2.7874055610364152,1.0342169015548227e-05,9.537706496698942e-09,-0.00010212480426474713,-1.36014417506658e-06,False,False,False
ces,alpha,rho,0.05,-0.3,9,2010132,50,0.1,1.0,0.03921230714046139,0.038819428428588536,-46.586327965664104,1.2695068434793217e-05,True,True,True,4.359929763773452,4.360274175590409,4.360344842620413,2.6029321880637037,2.6029022203384065,2.6028951667861606,1.0812886086511538e-05,5.324628131596739e-08,5.2576251633240645e-05,8.086181779276558e-06,False,False,False
ces,alpha,rho,0.05,-0.3,10,2010133,50,0.1,1.0,0.05923276566195396,-0.03830183288982726,-37.406759547340336,2.4870137669069087e-06,True,True,True,4.729011142292543,4.728161748467303,4.7281228706821254,2.6334200075818024,2.6335059314307,2.6335094975991207,1.858532661044599e-05,2.5899497098251053e-08,-8.482298851220094e-05,-4.1169311870703496e-06,False,False,False
ces,alpha,rho,0.05,-0.3,11,2010134,50,0.1,1.0,0.04407423162722306,0.2040894477091745,-48.16538457226901,6.733306315983403e-07,True,True,True,3.981294747123702,3.9827153148873364,3.982711332351107,2.722461935499997,2.7223110972966764,2.7223115314725583,1.0008241488212456e-05,9.361631845075242e-09,0.0001825878655452584,-5.000920779707485e-07,False,False,False
ces,alpha,rho,0.05,-0.3,12,2010135,50,0.1,1.0,0.02,-0.10149758799344132,-40.416010864915414,11.39639734404342,True,True,True,3.875350657258919,3.8760533151066894,3.876047986826373,2.659597520514745,2.659524086380703,2.6595246786949227,1.249545110704334e-05,1.5216610603508683e-08,9.60613028198054e-05,-6.927404143652893e-07,False,False,False
ces,alpha,rho,0.05,-0.3,13,2010136,50,0.1,1.0,0.06253418809635997,0.11642516558473764,-44.240350829806054,1.116097597492115e-05,True,True,True,4.562763390815666,4.564214827558416,4.564188967354607,2.693692172961068,2.6935581719640327,2.6935606274247843,1.0094686177515832e-05,1.8376421970744413e-08,0.00016094090123885962,-2.8389227324510102e-06,False,False,False
ces,alpha,rho,0.05,-0.3,14,2010137,50,0.1,1.0,0.10534623651706823,-0.08190826862582376,-46.97487705270555,1.372056412899676e-05,True,True,True,6.289766123541725,6.290395126326838,6.29037193658674,2.5518830087416724,2.5518481492957013,2.55184974850619,1.9885158270873475e-05,1.8232653886927902e-08,5.8020361528576814e-05,-1.8453792307582262e-06,False,False,False
ces,alpha,rho,0.05,-0.3,15,2010138,50,0.1,1.0,0.021196471553532405,-0.1060298429420439,-48.61480368915905,1.3365705960633437e-05,True,True,True,4.379619635434758,4.3792057587648685,4.379200057885257,2.9050667864441513,2.9051191016265143,2.905119662365825,2.6438832891388098e-05,2.0356440482232985e-08,-3.4931215481037725e-05,-6.562326078096703e-07,False,False,False
ces,alpha,rho,0.05,-0.3,16,2010139,50,0.1,1.0,0.0850022602779503,0.06966552002065741,-45.189262274111336,1.1529840595633186e-05,True,True,True,6.175308288408823,6.185160612924778,6.185129168285798,2.747699056427189,2.7470157581513592,2.747017965062952,2.1678272620567066e-05,1.5650526607864536e-08,0.0008049478196241466,-2.5430960377548217e-06,False,False,False
ces,alpha,rho,0.05,-0.3,17,2010140,50,0.1,1.0,0.09755583336476704,0.22104247440883296,-43.13762470926649,4.760031799628348e-06,True,True,True,6.779330484773562,6.779709744742991,6.779711050140243,2.5311000417257286,2.5310787818238043,2.5310786968423105,7.135632640323753e-06,6.440739830159721e-09,3.156034765794402e-05,9.470613093753855e-08,False,False,False
ces,alpha,rho,0.05,-0.3,18,2010141,50,0.1,1.0,0.0544226885481605,-0.4260934875043318,-42.923949668924074,2.699057164763759e-06,True,True,True,5.376928166842956,5.377256383534917,5.377247633787683,2.801459527040104,2.801448143206277,2.801448842404324,3.505624622505711e-05,2.5605136530424754e-08,4.7111490495410635e-05,-8.221966965038519e-07,False,False,False
ces,alpha,rho,0.05,-0.3,19,2010142,50,0.1,1.0,0.046222869289582226,0.3463907155636601,-35.76326383312768,1.3777660003342156e-06,True,True,True,3.9544959647736433,3.9562203581630273,3.9562088346616737,2.695356902783777,2.6951695059993788,2.695170770012836,4.925537697492493e-06,8.20000288807672e-09,0.00021875788054614986,-1.4575101516811628e-06,False,False,False
ces,alpha,rho,0.05,-0.1,0,2020123,50,0.1,1.0,0.05781614287565122,-0.057181050059465936,-46.03294472719419,9.125772856028147e-07,True,True,True,5.122249667109988,5.122818678400146,5.122811743441234,2.630810597662739,2.630766440888991,2.6307670328603265,9.471313513481372e-06,1.5416696189527725e-08,5.957046591476001e-05,-6.722076264509269e-07,False,False,False
ces,alpha,rho,0.05,-0.1,1,2020124,50,0.1,1.0,0.059264968159184264,-0.023192106767924565,-47.20289650553276,1.5899644456819217e-05,True,True,True,4.568495187082118,4.565809503486568,4.565736574086198,2.6834620336939823,2.683728044919156,2.683734986753393,2.474188717162672e-05,3.95566926263438e-08,-0.0002897676181561337,-7.980985365918514e-06,False,False,False
ces,alpha,rho,0.05,-0.1,2,2020125,50,0.1,1.0,0.10475248416663506,0.0043525809362352005,-40.404471848764864,1.3165469643958465e-05,True,True,True,4.931525298602403,4.922322949800403,4.921857034924701,2.293417416788619,2.2942291150219254,2.2942702626329816,2.0345599947224762e-05,4.906290643539225e-07,-0.0009805509240692345,-4.7284997386043415e-05,False,False,False
ces,alpha,rho,0.05,-0.1,3,2020126,50,0.1,1.0,0.03734859105289183,-0.04629000651958558,-38.123286373322365,1.2579353956183678e-05,True,True,True,4.586183881581079,4.584971557041692,4.584929306602295,2.742846481344096,2.7429699070435767,2.7429739009178764,2.0278921526633317e-05,2.9770648548040292e-08,-0.00012689553303601997,-4.616908718446666e-06,False,False,False
ces,alpha,rho,0.05,-0.1,4,2020127,50,0.1,1.0,0.02510900156321174,0.010294724006385935,-38.49598662833292,6.491947304141506e-06,True,True,True,3.930512598079274,3.9310833685468456,3.931199103024655,2.6329669560709053,2.632908503127074,2.632895706963673,1.1007477311938975e-05,7.902700501066947e-08,9.261659343451356e-05,1.4708299765686661e-05,False,False,False
ces,alpha,rho,0.05,-0.1,5,2020128,50,0.1,1.0,0.05770803168529048,-0.07932652529577915,-42.485589994925405,1.4854592227017646e-06,True,True,True,5.218396516618804,5.217816796660606,5.217803386350584,2.679839431373177,2.679898507341322,2.6798996176855674,2.5253915522927174e-05,2.0506526032198843e-08,-4.437580984983924e-05,-1.2917720724203718e-06,False,False,False
ces,alpha,rho,0.05,-0.1,6,2020129,50,0.1,1.0,0.02,0.12275851731302077,-43.28918873177398,59.16929263705129,True,True,True,3.9066615361713852,3.9082165952064685,3.9082158415872716,2.68894550314723,2.688775337354003,2.6887754198648417,6.518521055573751e-06,8.636412154511782e-09,0.00020196552988238636,-9.783533982954395e-08,False,False,False
ces,alpha,rho,0.05,-0.1,7,2020130,50,0.1,1.0,0.03297204765822336,0.23356573262549582,-45.34149276861144,4.0954946112980347e-07,True,True,True,3.347394098378383,3.3474850348493765,3.347485213729429,2.7938607771619592,2.7938538486399533,2.793853822270587,1.1781800539411157e-05,1.2761492341868662e-08,1.9212300955473438e-05,2.307829305436826e-08,False,False,False
ces,alpha,rho,0.05,-0.1,8,2020131,50,0.1,1.0,0.046081005033425514,0.003851577337747877,-35.9284960226542,3.866297117920965e-05,True,True,True,4.746851264687139,4.816950318793031,4.816136172119553,2.565475924695121,2.5591243195819815,2.559197618554164,6.38964783198756e-05,5.317262048336962e-07,0.007262308891924363,-8.464276231734402e-05,False,False,False
ces,alpha,rho,0.05,-0.1,9,2020132,50,0.1,1.0,0.0493072669123442,0.18932622874872795,-45.93671750388036,3.1551557973151203e-06,True,True,True,4.70159178930664,4.69882003900007,4.698844677691236,2.647290070521368,2.6475494639484904,2.6475471880278025,7.753705498632442e-06,1.4713026108335846e-08,-0.00028844724272403255,2.6233268712871904e-06,False,False,False
ces,alpha,rho,0.05,-0.1,10,2020133,50,0.1,1.0,0.07649297908787986,0.10519252463243609,-44.612046813189274,1.0674352765984203e-06,True,True,True,5.301085852501043,5.299195148872625,5.299227128213236,2.5301615020284096,2.5303215910481667,2.5303189748679307,1.2092940601178976e-05,2.2168103637671288e-08,-0.00016939503827728686,3.022747264935788e-06,False,False,False
ces,alpha,rho,0.05,-0.1,11,2020134,50,0.1,1.0,0.06891030807209438,-0.1811865940068549,-52.99646397141411,5.559060410311261e-07,True,True,True,5.076278560978932,5.0761655221706015,5.076151074849234,2.628806863849954,2.628825681009857,2.6288269113447487,2.1301407983665374e-05,1.859204533184898e-08,-2.0338765978067386e-06,-1.4296378552103306e-06,False,False,False
ces,alpha,rho,0.05,-0.1,12,2020135,50,0.1,1.0,0.10678989165452259,0.07070196191997136,-47.41369236831913,1.457911802211469e-07,True,True,True,7.559016836289419,7.559410054958669,7.559415734444349,2.411251261881066,2.4112312130201268,2.411230885059399,5.956616178455822e-06,1.1801877149038795e-08,2.9310093744072674e-05,3.7373432348886126e-07,False,False,False
ces,alpha,rho,0.05,-0.1,13,2020136,50,0.1,1.0,0.05181922347237381,0.12682401970590795,-49.24607805773023,1.4045707334202681e-05,True,True,True,4.38333831977853,4.382875129150087,4.382877239265227,2.547894270120317,2.547943758700262,2.547943552422472,8.548214970326716e-06,1.0336711869274668e-08,-4.845653669605099e-05,2.439592137193358e-07,False,False,False
ces,alpha,rho,0.05,-0.1,14,2020137,50,0.1,1.0,0.07760288224983089,0.11437331222648914,-52.08743801275885,6.768874340847676e-06,True,True,True,5.961550712518821,5.961640173033045,5.961629340055858,2.4696882946038836,2.4696846285026735,2.469685414910358,6.593452253209652e-06,1.2637484176736119e-08,9.873651478642387e-06,-9.117298986893729e-07,False,False,False
ces,alpha,rho,0.05,-0.1,15,2020138,50,0.1,1.0,0.07657329367302504,0.24191847645215797,-48.88875017759515,2.4626072511065517e-06,True,True,True,4.816227118621127,4.818286496989571,4.8182784322466,2.6098982699206044,2.609716902762332,2.6097176272128153,1.0275251948841143e-05,1.0103644614762072e-08,0.00021785384867456514,-8.397251747283008e-07,False,False,False
ces,alpha,rho,0.05,-0.1,16,2020139,50,0.1,1.0,0.048927511142859204,0.02260268081639205,-44.90877350384753,9.469013717818414e-06,True,True,True,4.493824613979352,4.517743158293692,4.517699822043544,2.6647118427406964,2.6624108759073573,2.662415020902249,1.6002711849326965e-05,5.2946908036945825e-08,0.002654515229856713,-4.8203997664586495e-06,False,False,False
ces,alpha,rho,0.05,-0.1,17,2020140,50,0.1,1.0,0.04665686395671434,0.049807898957199954,-43.98320565108732,1.3107516967240358e-05,True,True,True,4.803207309690834,4.8004734161515135,4.80050799173579,2.712438873864423,2.712693087215121,2.712689965768187,1.6121446409080746e-05,2.3778470435844225e-08,-0.0002730601305600544,3.6088118164911975e-06,False,False,False
ces,alpha,rho,0.05,-0.1,18,2020141,50,0.1,1.0,0.029384054154017836,0.0056395137236210325,-35.214200695473856,3.823287782115405e-06,True,True,True,4.077980447640357,4.007809866135839,4.007990532356925,2.7818225430119603,2.7893637897398658,2.7893442049637907,3.462382914560579e-05,8.060043668031336e-08,-0.008652242609677785,2.252971820126959e-05,False,False,False
ces,alpha,rho,0.05,-0.1,19,2020142,50,0.1,1.0,0.05093367606415576,-0.033477416574159244,-45.772836043467656,4.003947720358175e-06,True,True,True,5.26984419045181,5.270525288256267,5.270512500300897,2.695503476765626,2.6954547236645245,2.6954557700222552,1.7239673858762402e-05,2.1833078711871572e-08,7.188530376822655e-05,-1.2216542444321021e-06,False,False,False
ces,alpha,rho,0.05,0.3,0,2030123,50,0.1,1.0,0.062490370267362365,0.29158804746022227,-23.30103062855774,5.362250232860847e-06,True,True,True,4.7960235017298185,4.796608965739039,4.79662424179909,2.6473005000530723,2.647248328917547,2.6472469450176774,2.1995562426989152e-06,1.0640526813661335e-08,6.359259223387426e-05,1.5914837590003117e-06,False,False,False
ces,alpha,rho,0.05,0.3,1,2030124,50,0.1,1.0,0.031065434255601872,0.08629497303745993,-41.64349445064615,5.329502747503084e-06,True,True,True,4.160252461648753,4.159536743320185,4.159505163917346,2.6072081554417212,2.6072865417502364,2.6072898316032256,8.883069785973434e-06,2.659062663409008e-08,-8.561095556558485e-05,-3.804493651671237e-06,False,False,False
ces,alpha,rho,0.05,0.3,2,2030125,50,0.1,1.0,0.02,0.1376604440563477,-38.515162292786314,9.634124168655948,True,True,True,3.6532251606565493,3.6547222759610096,3.654714050909251,2.8009159237518344,2.800742569995541,2.8007435441688484,1.1229495735079896e-05,1.2776391524306018e-08,0.0002090126627507516,-1.1289712276152386e-06,False,False,False
ces,alpha,rho,0.05,0.3,3,2030126,50,0.1,1.0,0.025558252807757698,0.08908910248129473,-43.90300915376082,4.27779921676843e-06,True,True,True,3.977974096133509,3.973891022600716,3.9738875328643024,2.71372625557948,2.714178655167666,2.7141790394865732,1.5056763765439673e-05,1.4451128702444462e-08,-0.0005065389013196864,-4.3570299368411725e-07,False,False,False
ces,alpha,rho,0.05,0.3,4,2030127,50,0.1,1.0,0.02601149432041119,-0.01825119996743361,-29.540844997981345,6.307059062298649e-05,True,True,True,4.303889520141463,4.302455128431377,4.302504230014379,2.882274885546368,2.8824295067690344,2.8824245462001175,2.3034545287017823e-05,2.7987697730182027e-08,-0.0001496179669970843,5.701325591189743e-06,False,False,False
ces,alpha,rho,0.05,0.3,5,2030128,50,0.1,1.0,0.14723594751280647,0.8,-41.12272364302084,0.2820111078026939,True,True,True,8.366864239465224,8.36675670679203,8.366758109144612,2.3387784647717993,2.3387843661948464,2.3387842932611176,8.827883826110937e-07,1.2854157575221855e-09,-5.974383476825551e-06,8.364198578192372e-08,False,False,False
ces,alpha,rho,0.05,0.3,6,2030129,50,0.1,1.0,0.056756687897454514,0.15175815648649563,-36.1183948740765,2.9267137983208202e-06,True,True,True,4.698856311055192,4.698250542084119,4.698249817405325,2.568758388549316,2.568818315895443,2.5688183797185067,9.186535786660928e-06,8.96388734202564e-09,-6.001355502149863e-05,-8.076538904333574e-08,False,False,False
ces,alpha,rho,0.05,0.3,7,2030130,50,0.1,1.0,0.0837968585716911,-0.023579507847005715,-43.705517737011995,2.2789556133968373e-05,True,True,True,6.531122225892817,6.538128190899056,6.538056368071661,2.516223931194276,2.515764080300534,2.5157688378370566,1.4656113441515274e-05,4.801181284284812e-08,0.000537198808451933,-5.507971771123721e-06,False,False,False
ces,alpha,rho,0.05,0.3,8,2030131,50,0.1,1.0,0.07568878061559807,0.15831803969074562,-46.72028274851008,2.7906334148973826e-07,True,True,True,5.004155140600636,5.006630634774592,5.006611374354584,2.58550954811781,2.5852995563590295,2.585301220495689,1.163626896317271e-05,2.1031176057832413e-08,0.0002508723893441811,-1.9310816767870165e-06,False,False,False
ces,alpha,rho,0.05,0.3,9,2030132,50,0.1,1.0,0.0516338994346327,-0.001017139214811287,-42.87562296424119,1.9212003424342436e-05,True,True,True,5.020204758268861,4.942789917433958,4.9431016540870125,2.609494142641941,2.6162697717212215,2.6162419635506797,7.211920274590449e-05,9.76285524843246e-07,-0.00770900607950864,3.105163852978876e-05,False,False,False
ces,alpha,rho,0.05,0.3,10,2030133,50,0.1,1.0,0.02355358436123149,0.12299235485157227,-40.77627745044739,3.6736777345281623e-06,True,True,True,3.8190926679596937,3.822972471545635,3.8229918332381434,2.847710842286803,2.847275654713847,2.8472734527123604,1.4151766602813122e-05,1.2168755175792112e-08,0.0005168822076342394,2.5294042558243746e-06,False,False,False
ces,alpha,rho,0.05,0.3,11,2030134,50,0.1,1.0,0.05449513471274309,0.2010397586879539,-39.42491023652247,2.176535176227729e-06,True,True,True,4.587278801486378,4.587043448219633,4.5870449535417634,2.65773971043952,2.65776694928653,2.6577668049185963,1.180226680274172e-05,1.060064253992073e-08,-1.978511439659769e-05,1.6195849639188964e-07,False,False,False
ces,alpha,rho,0.05,0.3,12,2030135,50,0.1,1.0,0.058764049666939676,0.322978096045503,-32.872012180641924,3.668630611997385e-06,True,True,True,4.049748369432717,4.0501828853520765,4.050174412948985,2.6811729865215015,2.6811291393632786,2.6811300461784278,6.734769127847438e-06,7.924088134428043e-09,5.576003596274859e-05,-1.0478495831023338e-06,False,False,False
ces,alpha,rho,0.05,0.3,13,2030136,50,0.1,1.0,0.028172600210619635,0.01334031667558274,-48.169985974651176,0.00024151258433394792,True,True,True,4.451453839385457,4.442083788465903,4.442055298366878,2.6388117888200298,2.6397318177477294,2.639734632817887,1.4245680580492665e-05,7.013637334842775e-08,-0.0010511105108648167,-3.1727301674777664e-06,False,False,False
ces,alpha,rho,0.05,0.3,14,2030137,50,0.1,1.0,0.05099218652717985,0.17633611650242906,-42.1456787725443,2.2327328657986503e-06,True,True,True,4.144817411282135,4.144965106061919,4.144962095226592,2.6747604630190036,2.674747724412192,2.674748037978656,6.411557515630297e-06,1.0117607783065218e-08,2.0601728174085565e-05,-3.653772822076462e-07,False,False,False
ces,alpha,rho,0.05,0.3,15,2030138,50,0.1,1.0,0.05720310961111176,-0.11738793259565353,-42.67664108088164,1.5226754268216033e-05,True,True,True,4.823615637494302,4.825706895921575,4.825686303591237,2.6351491077899634,2.6349690229438196,2.634970871591772,1.9132064065121385e-05,1.8217507489025545e-08,0.00022398264155043535,-2.138889797720367e-06,False,False,False
ces,alpha,rho,0.05,0.3,16,2030139,50,0.1,1.0,0.03690751634052049,0.059325746059062615,-45.534312583174746,2.94969602573813e-06,True,True,True,4.2012733605212675,4.203465300626235,4.203457870973734,2.393620309286286,2.3933958381441327,2.393396606867525,5.431097909005101e-06,9.234886102302603e-09,0.0002622818313540165,-8.824826096542893e-07,False,False,False
ces,alpha,rho,0.05,0.3,17,2030140,50,0.1,1.0,0.0697408569943252,0.24401717984814988,-39.70254290211631,1.6239788042214108e-06,True,True,True,5.179473202991596,5.180282710195468,5.180268771478799,2.566660122049902,2.566594785423735,2.5665959501124047,6.164530387198119e-06,1.4448708667804685e-08,7.97078022714004e-05,-1.3498313293780484e-06,False,False,False
ces,alpha,rho,0.05,0.3,18,2030141,50,0.1,1.0,0.04088558777732163,-0.057184199633966794,-41.616270560617494,4.4159893904257786e-05,True,True,True,4.383664290120956,4.384015789529257,4.384018805975036,2.754239770940222,2.7542159241239546,2.754215626268836,2.5716483365461764e-05,1.2740630021456103e-08,5.307118532726918e-05,3.451367973639208e-07,False,False,False
ces,alpha,rho,0.05,0.3,19,2030142,50,0.1,1.0,0.027801537318722782,0.01362012959938947,-46.047224318568794,4.3123527628270577e-05,True,True,True,4.037047793089379,4.024257409609259,4.024293382809272,2.6940678107871396,2.69545420332098,2.6954503036285398,2.3247081264139775e-05,5.271042222527571e-08,-0.0015726884680518083,4.4493634163700335e-06,False,False,False
ces,alpha,rho,0.05,0.7,0,2040123,50,0.1,1.0,0.06461923963317918,0.36251804859139625,-37.486686104110795,1.5206278589397965e-06,True,True,True,4.158181197042479,4.158254159126941,4.158257392046944,2.6734135564436476,2.6734073826756184,2.673407042872142,3.5813399611808758e-06,7.391733133286417e-09,1.0824924160601768e-05,3.862570068235982e-07,False,False,False
ces,alpha,rho,0.05,0.7,1,2040124,50,0.1,1.0,0.08096805552898868,0.18480162756909202,-41.93614260793731,7.633134110252198e-06,True,True,True,5.258895545123957,5.258226930814115,5.258231705736532,2.644358856730852,2.6444199200509293,2.6444195224283717,1.3866091756600763e-05,1.1759238818286271e-08,-5.639571441662383e-05,4.50305734034373e-07,False,False,False
ces,alpha,rho,0.05,0.7,2,2040125,50,0.1,1.0,0.045560541673868964,0.14933945559856635,-43.36970015488532,4.339963679014354e-06,True,True,True,4.451428940957353,4.451893817015995,4.4518950594250475,2.5644647972855203,2.564421696026946,2.5644215751166395,5.295183628074844e-06,2.2958353899177552e-09,5.4945256138694276e-05,1.3987110492053034e-07,False,False,False
ces,alpha,rho,0.05,0.7,3,2040126,50,0.1,1.0,0.031404426511445545,-0.006236314769843401,-44.285205235765844,1.1863137124105407e-05,True,True,True,4.417975109110677,4.41892257745405,4.418572197485772,2.9438783095410637,2.943800474032182,2.9438348609050564,3.805980363260932e-05,1.4848549849431872e-07,8.511855980231076e-05,-3.970460726776537e-05,False,False,False
ces,alpha,rho,0.05,0.7,4,2040127,50,0.1,1.0,0.042278396678216805,0.2250100075558065,-42.851600069378584,8.788928253162696e-08,True,True,True,3.7332378434459237,3.7324503084957312,3.732436663598159,2.690453561444568,2.690549398636689,2.690550980793614,1.0138803217705377e-05,1.651340688989259e-08,-0.0001024720950724145,-1.8342291596695759e-06,False,False,False
ces,alpha,rho,0.05,0.7,5,2040128,50,0.1,1.0,0.07746757521796875,0.18725009538959952,-38.48157858488078,2.8570202427310994e-06,True,True,True,5.046441983022648,5.046230360374131,5.046213295175597,2.4838020372891845,2.483822093379916,2.483823558677982,4.284068057198312e-06,1.4328289020029153e-08,-2.0540262703150347e-05,-1.6947905763231574e-06,False,False,False
ces,alpha,rho,0.05,0.7,6,2040129,50,0.1,1.0,0.06182460845542448,0.18157477776087444,-43.5276010831581,8.828504929119453e-06,True,True,True,3.7524099365493666,3.7529747894230945,3.752972065416969,2.847144048986126,2.847083218633469,2.8470835315457883,1.0751075738153131e-05,8.116401814152852e-09,8.012026176373865e-05,-3.6557249671886893e-07,False,False,False
ces,alpha,rho,0.05,0.7,7,2040130,50,0.1,1.0,0.07149090057548801,-0.04324311059323057,-34.02612280834274,2.630277670871691e-06,True,True,True,5.007269731794835,5.006847759711811,5.006804174332453,2.656355835712591,2.6563997344354022,2.656403507320059,1.717780020859864e-05,2.6686040407770036e-08,-3.809666611687135e-05,-4.361497616400811e-06,False,False,False
ces,alpha,rho,0.05,0.7,8,2040131,50,0.1,1.0,0.07917224427639212,0.23702280126993194,-50.099859197273716,1.0628790736245147e-06,True,True,True,5.641668665188256,5.641467884374515,5.641451854714558,2.5657494285369005,2.565768280080354,2.5657695117970687,7.916699849071648e-06,1.1901100652490174e-08,-1.530923401560358e-05,-1.4233365490667893e-06,False,False,False
ces,alpha,rho,0.05,0.7,9,2040132,50,0.1,1.0,0.06151802756421712,-0.004593172152549962,-42.584222032425075,6.639162097025096e-05,True,True,True,4.7606537152600525,4.724148946474854,4.7237931577490055,2.5955993841722433,2.598950809055066,2.5989834807604186,2.962572963239918e-05,2.1002805569297332e-07,-0.0038767968018191823,-3.7700911654781066e-05,False,False,False
ces,alpha,rho,0.05,0.7,10,2040133,50,0.1,1.0,0.04305015013484312,0.22563310717766594,-41.15370734049793,1.1593811749663373e-05,True,True,True,4.093181993648191,4.094429766668817,4.094417705861304,2.6719682382292564,2.6718396434957623,2.671840919710647,9.108997375964836e-06,1.2428865312338779e-08,0.0001552688301913463,-1.4763699809350328e-06,False,False,False
ces,alpha,rho,0.05,0.7,11,2040134,50,0.1,1.0,0.04776869563956822,0.21948794563203614,-49.52403989052405,2.6912433403932506e-06,True,True,True,4.340458270740349,4.340611160996539,4.340600501267884,2.7900005633100164,2.7899900559871758,2.789991121391253,1.1461850611965623e-05,9.772404836124658e-09,2.1897603268428156e-05,-1.2292240896272233e-06,False,False,False
ces,alpha,rho,0.05,0.7,12,2040135,50,0.1,1.0,0.06698972033632294,0.30197153669066024,-46.19415537095523,7.886864333165814e-07,True,True,True,4.871639699751219,4.872633537689411,4.8726209871226125,2.603512950645473,2.603424496350193,2.603425612736159,6.79202268540586e-07,8.710726936543809e-09,0.00010085679234350664,-1.2904420501058667e-06,False,False,False
ces,alpha,rho,0.05,0.7,13,2040136,50,0.1,1.0,0.03725028324281675,0.054756829038024535,-52.76777427919949,8.746868379442785e-06,True,True,True,4.262060734247244,4.262381703759777,4.262398716870036,2.5998354301820017,2.599806536753993,2.5998048116658317,8.799470620068505e-06,2.4035832035085594e-08,4.404626954368496e-05,2.0053671860864597e-06,False,False,False
ces,alpha,rho,0.05,0.7,14,2040137,50,0.1,1.0,0.08765506460444261,-0.23859200378502093,-48.511425969712704,1.7305362781329226e-06,True,True,True,5.069432077004454,5.070186393406232,5.070174990925188,2.3892564186505143,2.38919491481869,2.389195887257041,7.228747167629272e-06,1.5289106424040846e-08,7.684768185356461e-05,-1.129368889962734e-06,False,False,False
ces,alpha,rho,0.05,0.7,15,2040138,50,0.1,1.0,0.0709253479554127,0.26500207683998384,-47.1346008071191,2.65789525347317e-07,True,True,True,5.0546268202711895,5.05382438189709,5.053823648104954,2.5324586868232175,2.5325286527385056,2.532528716490595,2.3913988894290817e-06,5.435797315554765e-09,-7.828640187312885e-05,-7.17981194497952e-08,False,False,False
ces,alpha,rho,0.05,0.7,16,2040139,50,0.1,1.0,0.04929901770181778,0.11247152186868857,-45.227177131576184,9.983378296410664e-07,True,True,True,4.118169649670356,4.117853182480963,4.117864323292978,2.658015762448825,2.658053158604209,2.6580519842216996,9.284240223152925e-06,1.178225157041582e-08,-3.244217348452594e-05,1.353428849881766e-06,False,False,False
ces,alpha,rho,0.05,0.7,17,2040140,50,0.1,1.0,0.0427068458689438,-0.05383669283212212,-47.599107570311254,2.1978021207987703e-05,True,True,True,4.500181740017845,4.498651675427415,4.4986725541119785,2.5464410425462436,2.546593561966691,2.5465915405031456,1.1177462004958475e-05,2.377520441394002e-08,-0.00016215017169685098,2.3137915974302814e-06,False,False,False
ces,alpha,rho,0.05,0.7,18,2040141,50,0.1,1.0,0.027620001748828303,0.08968099453973798,-43.45953200893515,4.24215436106894e-06,True,True,True,3.9637296554367567,3.960281970155756,3.960289725813596,2.766061886332752,2.766444548775142,2.76644369892249,1.1084431580576807e-05,9.122175859861326e-09,-0.00042865053868723635,9.799290623391244e-07,False,False,False
ces,alpha,rho,0.05,0.7,19,2040142,50,0.1,1.0,0.05723287811014955,0.2102449260281565,-42.55740844408442,3.48741330953507e-06,True,True,True,4.6110699002331375,4.613568008985212,4.6135374736423325,2.6014047617866947,2.601171060956395,2.6011739308117594,3.808433833160558e-06,2.012223962045385e-08,0.0002692440667857454,-3.314574840374007e-06,False,False,False
ces,alpha,rho,0.25,-0.7,0,2050123,50,0.1,1.0,0.2213238253517511,-0.4733455623578572,-41.64264645389189,1.2225737974501557e-05,True,True,True,14.058923574151173,14.059870330340662,14.059863043369162,2.255337245735359,2.255322100432684,2.2553223177896133,3.252199232462524e-05,2.0954374304523363e-08,4.963502951227383e-05,-2.680402815258276e-07,False,False,False
ces,alpha,rho,0.25,-0.7,1,2050124,50,0.1,1.0,0.24902572949680063,-0.11756019287403822,-52.37682901022091,2.8176401740009783e-07,True,True,True,10.264272079873729,10.26462182352285,10.2646189464003,2.1975308324873204,2.197524170772188,2.1975242900647998,1.8817798965691397e-05,9.448336854798018e-09,2.6260769345753943e-05,-1.4295437722466886e-07,False,False,False
ces,alpha,rho,0.25,-0.7,2,2050125,50,0.1,1.0,0.25891036887247665,-0.5823240466438784,-38.53836514108052,1.547780804490627e-06,True,True,True,11.738283091963522,11.738234948906678,11.7382320543859,2.353295623055187,2.3533108945562122,2.353310996145042,3.1109980366548836e-05,1.5232724403847078e-08,1.3350954972679574e-05,-1.2963066353677277e-07,False,False,False
ces,alpha,rho,0.25,-0.7,3,2050126,50,0.1,1.0,0.24754534470129294,-0.7978035093626025,-44.68157117873127,3.416890603644046e-07,True,True,True,13.887549517279906,13.88810357084762,13.888103733472539,2.123202016116651,2.1231982938947067,2.1231982801489853,3.130781008737057e-05,2.1640101580728905e-08,3.5605426326412726e-05,-4.115683793770586e-09,False,False,False
ces,alpha,rho,0.25,-0.7,4,2050127,50,0.1,1.0,0.24291865652504815,-0.18399201267811482,-33.3469235010766,9.922838696831163e-06,True,True,True,15.998851726604729,16.00078857264929,16.000772812547112,2.18556702138076,2.185520703614513,2.1855211287051426,1.4418811720225525e-05,1.1078198426444665e-08,6.723338495717712e-05,-4.955546550888812e-07,False,False,False
ces,alpha,rho,0.25,-0.7,5,2050128,50,0.1,1.0,0.22414355944111905,-0.8,-40.67764437651785,0.26811768457074964,True,True,True,11.780658330219044,11.780763323873789,11.780759375527035,2.255988212765934,2.2559989107315164,2.2559990475123426,3.356209972953173e-05,2.2285573652192938e-08,2.105114682393605e-05,-1.7767734306062266e-07,False,False,False
ces,alpha,rho,0.25,-0.7,6,2050129,50,0.1,1.0,0.26685003209834296,-0.31499065181185076,-44.327411022401115,4.990706706823911e-06,True,True,True,16.198526749317278,16.19761566617899,16.19761399064548,2.145602701021974,2.1456351836510823,2.145635225744358,1.8545375260203607e-05,9.542999791179199e-09,-1.8904369440519986e-05,-5.4981548203159036e-08,False,False,False
ces,alpha,rho,0.25,-0.7,7,2050130,50,0.1,1.0,0.2735470018651721,-0.38535970965673205,-50.235291324709095,1.1591051655911166e-06,True,True,True,12.1114098138616,12.111185745046326,12.111184506805103,2.1399950250344926,2.14000528832826,2.140005330052742,5.257666163996413e-06,7.82491592772706e-09,-6.73895846148298e-06,-5.420239546083394e-08,False,False,False
ces,alpha,rho,0.25,-0.7,8,2050131,50,0.1,1.0,0.26301789502573186,-0.32011577963831633,-29.712969535275175,2.3368843479966597e-06,True,True,True,12.608145864859615,12.60871879532833,12.608717424484189,2.1898472804214486,2.189835804866698,2.189835848859803,1.9020131855030693e-05,1.0082545524033103e-08,3.217046837988846e-05,-5.8072995301472474e-08,False,False,False
ces,alpha,rho,0.25,-0.7,9,2050132,50,0.1,1.0,0.27892715392859146,-0.2538822631937257,-49.32662653717818,3.483393640140158e-06,True,True,True,14.29533133369385,14.295853261268032,14.29584669799971,2.1145788846985885,2.1145668002361946,2.114566995723311,8.704622045142983e-06,1.0549223384776565e-08,2.236289351031928e-05,-2.3404018634209933e-07,False,False,False
ces,alpha,rho,0.25,-0.7,10,2050133,50,0.1,1.0,0.23537466960311537,-0.4007121961381782,-46.631032773168045,2.011287826735236e-07,True,True,True,11.104363375763395,11.104406655447912,11.10440767376657,2.1078189419553026,2.1078205177831935,2.10782047340147,7.586922650435294e-06,1.2185290869543125e-08,5.7523775396362e-06,4.060765945723688e-08,False,False,False
ces,alpha,rho,0.25,-0.7,11,2050134,50,0.1,1.0,0.2689373905564377,-0.3292983375666508,-44.83174181381704,5.6400412239145494e-06,True,True,True,13.821102271514654,13.820888620231122,13.820885715837829,2.1765712487715283,2.176587737286094,2.1765878245252956,2.2515160682669658e-05,1.2058461614736162e-08,3.414938120727129e-06,-1.0970737207571801e-07,False,False,False
ces,alpha,rho,0.25,-0.7,12,2050135,50,0.1,1.0,0.22025110589435154,-0.5510350514404655,-37.872708252800315,1.2208638352430664e-05,True,True,True,16.531116486143542,16.530927746710503,16.530927278551697,2.1560573705944064,2.1560749075583585,2.156074912748243,2.8948116592149443e-05,1.945732651913283e-08,8.750543230462426e-06,-2.2345105321619485e-08,False,False,False
ces,alpha,rho,0.25,-0.7,13,2050136,50,0.1,1.0,0.24947694722157043,-0.2699626799703722,-39.25854302474605,1.916230480533287e-06,True,True,True,10.477912770129922,10.479395441958875,10.479386909509786,2.196585786925175,2.196528011693121,2.196528361932461,8.509762242802901e-06,1.081769882342604e-08,7.456731284349871e-05,-4.109843416699732e-07,False,False,False
ces,alpha,rho,0.25,-0.7,14,2050137,50,0.1,1.0,0.2612975251503232,-0.7490301874568078,-42.77603193779787,2.2853643651040143e-07,True,True,True,11.085270201340665,11.085624113425604,11.085621232979038,2.2226345875044475,2.222634596185681,2.2226347018598833,3.195922409848797e-05,1.8200763263550625e-08,3.17976488304339e-05,-1.3817432176210787e-07,False,False,False
ces,alpha,rho,0.25,-0.7,15,2050138,50,0.1,1.0,0.2366064399283974,-0.32721612516575804,-37.95272993524233,2.447249883530066e-07,True,True,True,11.272016565418532,11.272273244951961,11.272272924129403,2.076691786228934,2.07668584531893,2.076685854734849,9.186122480698611e-06,8.696116024049432e-09,1.5913788864452272e-05,-1.762073509326001e-08,False,False,False
ces,alpha,rho,0.25,-0.7,16,2050139,50,0.1,1.0,0.2553612432885542,-0.5501391182299182,-46.24482821415915,7.475480289028967e-06,True,True,True,13.67896430371786,13.678896412914778,13.678893731799972,2.116551311819379,2.116560127615747,2.1165602068216582,1.534886196605151e-05,1.4854338350342979e-08,5.081579992349816e-06,-1.0481458190270132e-07,False,False,False
ces,alpha,rho,0.25,-0.7,17,2050140,50,0.1,1.0,0.24190246977452567,-0.7111271123816675,-36.970713387298616,2.1543041748082505e-07,True,True,True,12.620555104193343,12.620755444355224,12.6207551183312,2.1565446212614625,2.1565476449203316,2.1565476492800437,2.2822594518790164e-05,1.800495131964683e-08,1.9334293348549636e-05,-2.0813068601910345e-08,False,False,False
ces,alpha,rho,0.25,-0.7,18,2050141,50,0.1,1.0,0.2648161647330634,-0.2903362754174999,-45.14132762164601,5.008546393147715e-06,True,True,True,9.610029309111834,9.610768981783316,9.610764757608766,2.25637334208423,2.2563497866982023,2.2563499737173474,2.280028938387576e-05,1.2648454890813122e-08,4.9622511966163074e-05,-2.2421148315743267e-07,False,False,False
ces,alpha,rho,0.25,-0.7,19,2050142,50,0.1,1.0,0.24754353465241788,-0.7397792920120358,-42.83546919803955,8.698489883474339e-06,True,True,True,12.32173312508523,12.322270790576836,12.322269404993927,2.3007387193206075,2.3007388796262003,2.300738917583736,4.408165106280746e-05,2.7298729662939377e-08,4.375040248305595e-05,-6.874520153132835e-08,False,False,False
ces,alpha,rho,0.25,-0.3,0,2060123,50,0.1,1.0,0.24379906676356322,-0.17072166063999492,-47.973739244437496,4.9997272828975e-06,True,True,True,9.052666834713094,9.052809903103746,9.052808420418486,2.2027335238345804,2.2027341633449016,2.202734231425592,1.7310037261898972e-05,8.078535316764526e-09,1.6454742450378035e-05,-8.540099827314407e-08,False,False,False
ces,alpha,rho,0.25,-0.3,1,2060124,50,0.1,1.0,0.2809878099165169,0.02323971317773825,-35.66398643755563,4.900965622620717e-06,True,True,True,16.974110775916603,16.974987805443927,16.974911685963,2.03753031191127,2.0375098676457766,2.0375117823384103,4.585170384712541e-06,8.86150480756832e-08,2.585014003386732e-05,-2.2798528718226407e-06,False,False,False
ces,alpha,rho,0.25,-0.3,2,2060125,50,0.1,1.0,0.24702618289876435,-0.1824496621667799,-52.44704542807024,1.7181379555373985e-05,True,True,True,16.365559035162256,16.36716188788401,16.3671450808957,2.2231577995151475,2.223124513306794,2.2231249545007423,2.1342498682139125e-05,1.6055343505466558e-08,5.909471393295007e-05,-5.189297098695533e-07,False,False,False
ces,alpha,rho,0.25,-0.3,3,2060126,50,0.1,1.0,0.2913950032288353,-0.07760192468970578,-45.42425583440099,2.446282654765511e-06,True,True,True,16.06028108502902,16.063961711459175,16.063946300454358,2.0821116825462216,2.0820165799541797,2.08201698911143,1.0336923769113775e-05,1.9905162067657905e-08,0.00011917026126440078,-4.882934518946058e-07,False,False,False
ces,alpha,rho,0.25,-0.3,4,2060127,50,0.1,1.0,0.291232516132941,0.0719494915303565,-40.2588988112673,2.4624176050968253e-07,True,True,True,12.649091442523218,12.648477324890665,12.648490537497343,2.060757260838454,2.060780593626684,2.0607801364575242,5.552342454082465e-06,1.2325127405259162e-08,-2.1170384286506305e-05,5.182645779200357e-07,False,False,False
ces,alpha,rho,0.25,-0.3,5,2060128,50,0.1,1.0,0.2721926248358409,-0.14748080812069445,-37.47649294246206,3.4354759643766764e-06,True,True,True,14.767552643287859,14.767573802090226,14.767561721012651,2.130854552397393,2.130861762025596,2.1308621137195063,1.8027507429736537e-05,1.1743199022802405e-08,9.32000106246278e-06,-4.13179165548172e-07,False,False,False
ces,alpha,rho,0.25,-0.3,6,2060129,50,0.1,1.0,0.2582744517339176,0.07997484448362524,-37.4098280737855,8.676713854865358e-06,True,True,True,15.086196144057531,15.082134626818963,15.08211459484647,2.1544248976757423,2.15454713609172,2.154547714847121,1.2358249883476893e-05,1.325830857415467e-08,-0.00012918670856265635,-6.61876235596992e-07,False,False,False
ces,alpha,rho,0.25,-0.3,7,2060130,50,0.1,1.0,0.2760480285936149,-0.15978235247226716,-43.2960383304866,1.9452040159188693e-06,True,True,True,16.734826181868037,16.734851332834342,16.734839026325545,2.0723376795224753,2.072339433881059,2.07233974771632,5.726148533216798e-06,1.4549474699810247e-08,3.148624450943771e-06,-3.7406609720846973e-07,False,False,False
ces,alpha,rho,0.25,-0.3,8,2060131,50,0.1,1.0,0.23620990022386315,-0.1592910957324534,-40.200915279261885,5.649261613841339e-06,True,True,True,8.31668569908105,8.316848438377171,8.316842651075186,2.280918337058027,2.2809178125791867,2.2809181109671632,1.8419073033334295e-05,1.3066860442069012e-08,1.8611465272044825e-05,-3.5232115891403737e-07,False,False,False
ces,alpha,rho,0.25,-0.3,9,2060132,50,0.1,1.0,0.21382040335891045,-0.3110499763578962,-50.13701875989268,7.910763815832771e-06,True,True,True,10.966632209364011,10.967918974324729,10.967910279028635,2.280092870193795,2.28005199864249,2.280052339187368,2.329127756497156e-05,1.2872637884039347e-08,6.987183692075405e-05,-4.007271456885064e-07,False,False,False
ces,alpha,rho,0.25,-0.3,10,2060133,50,0.1,1.0,0.22515780881958167,-0.4328619477946086,-45.44204824469262,4.940511759960693e-06,True,True,True,9.500842469961373,9.501419727892127,9.50141447792229,2.2470115404439257,2.246997330978635,2.2469975643469375,2.8111713088325356e-05,1.7778640667805988e-08,4.4113636576526005e-05,-2.838707899854853e-07,False,False,False
ces,alpha,rho,0.25,-0.3,11,2060134,50,0.1,1.0,0.2836039121333212,0.020578591942774956,-45.1646903139273,2.535265992672606e-05,True,True,True,22.52404133326366,22.540054185364053,22.540006719506287,2.1022517813902444,2.101949541033999,2.1019504642099798,1.596328481648168e-05,2.8849479049049967e-08,0.00036166003534532365,-1.0430014754092554e-06,False,False,False
ces,alpha,rho,0.25,-0.3,12,2060135,50,0.1,1.0,0.29983953512595457,-0.14332243741098125,-45.43605315877153,6.296985308953364e-06,True,True,True,14.93284158857679,14.93386831843622,14.933848000407647,2.073353416429315,2.0733266729994355,2.073327256051881,7.189043393548178e-06,2.174750409720574e-08,3.727535013808847e-05,-6.892705144423417e-07,False,False,False
ces,alpha,rho,0.25,-0.3,13,2060136,50,0.1,1.0,0.26084323081022887,-0.38219739499415384,-46.57276022362553,1.769379818720762e-06,True,True,True,14.682008797425553,14.682361257427832,14.682355389124233,2.025887061903327,2.0258834202391403,2.025883588509695,1.563661005083511e-05,1.3939478436798251e-08,1.9607387606868087e-05,-2.059553594335739e-07,False,False,False
ces,alpha,rho,0.25,-0.3,14,2060137,50,0.1,1.0,0.2795782324163372,-0.07203544800307912,-46.36703403865954,3.6494134810937427e-06,True,True,True,19.073628199621357,19.07514666723065,19.07511531184807,2.129137643337148,2.129112617964525,2.129113324680136,2.2086315770542874e-05,2.273435235265417e-08,4.996600176099264e-05,-8.301469236471348e-07,False,False,False
ces,alpha,rho,0.25,-0.3,15,2060138,50,0.1,1.0,0.2885810918952442,-0.2248427420999662,-40.35231115229013,1.6233996772706208e-07,True,True,True,16.569543465062495,16.567842835610396,16.56784424583789,2.050860707264396,2.0509083277040023,2.050908290073805,7.256646114904492e-06,4.176477678257144e-09,-4.777428181768073e-05,4.179498347411936e-08,False,False,False
ces,alpha,rho,0.25,-0.3,16,2060139,50,0.1,1.0,0.24268327065802878,-0.13184022854644453,-46.29400313182395,1.1952495218809899e-05,True,True,True,12.406350515082865,12.4080702805716,12.408045307621205,2.257618191860097,2.2575640802448342,2.257564948330552,1.4065529156467465e-05,1.9177824328362895e-08,7.529864741684378e-05,-1.013219140588717e-06,False,False,False
ces,alpha,rho,0.25,-0.3,17,2060140,50,0.1,1.0,0.24861132386219317,-0.22655252134643752,-35.78057361969801,1.31065766209536e-07,True,True,True,14.075812172648158,14.076685196368105,14.076681029493205,2.0904201367001067,2.0903978593576182,2.090397985240136,1.0764607597947369e-05,9.790518312128036e-09,3.622222645560669e-05,-1.510849472197151e-07,False,False,False
ces,alpha,rho,0.25,-0.3,18,2060141,50,0.1,1.0,0.2570217003920528,-0.2550005038193772,-47.82955795098498,3.2797397356234683e-06,True,True,True,13.945744197637978,13.946131062174025,13.946127638437241,2.122643867383757,2.1226365022314777,2.122636603991589,1.0819856419489365e-05,1.2853057916784545e-08,1.913251649909853e-05,-1.2834161822183887e-07,False,False,False
ces,alpha,rho,0.25,-0.3,19,2060142,50,0.1,1.0,0.26887016445135037,-0.6120620881392749,-48.103357549920304,4.619955479386295e-06,True,True,True,11.014625292219737,11.014721192005076,11.014715616878034,2.1535131603435564,2.153516992897597,2.1535172075773614,1.7520134430358038e-05,1.4051477746415865e-08,1.2859946004084577e-05,-2.589932677210527e-07,False,False,False
ces,alpha,rho,0.25,-0.1,0,2070123,50,0.1,1.0,0.24680183375800496,-0.11330838469754903,-47.92751765573792,5.94153311944429e-06,True,True,True,19.91169975408087,19.912235675772997,19.912237337990373,2.0981822549357974,2.098178540505741,2.098178502463754,1.8381965385623996e-05,9.18503442965553e-09,2.2677836170714727e-05,3.9679726171470975e-08,False,False,False
ces,alpha,rho,0.25,-0.1,1,2070124,50,0.1,1.0,0.27858798383277555,-0.5392228394475884,-43.18899680500411,1.848189813014462e-06,True,True,True,11.78650071536915,11.786462328660296,11.786459329767538,2.1089857491572452,2.1089962398220954,2.1089963444075295,2.088551981380551e-05,1.4453406652654762e-08,8.686955219161518e-06,-1.340269619731771e-07,False,False,False
ces,alpha,rho,0.25,-0.1,2,2070125,50,0.1,1.0,0.26045418722042724,-0.09071083214344265,-42.71289693751029,1.2711997277106322e-05,True,True,True,10.85823664781079,10.859268198156105,10.859265979828823,2.198439351042981,2.1984031321223734,2.1984032172324395,1.1607158463057518e-05,9.184683445925874e-09,5.31922664066542e-05,-1.0629306501641622e-07,False,False,False
ces,alpha,rho,0.25,-0.1,3,2070126,50,0.1,1.0,0.25606720789133697,-0.25163650400350923,-41.89896520923155,1.8836225590581033e-05,True,True,True,13.529688080352754,13.529785492380771,13.52979250759075,2.100859612086003,2.1008628822951274,2.1008626533615304,1.472085069006909e-05,1.1500261041718635e-08,1.1219745410073756e-05,2.5493152122635365e-07,False,False,False
ces,alpha,rho,0.25,-0.1,4,2070127,50,0.1,1.0,0.2868202939300736,0.12273791762068029,-48.629040384237136,1.4292236404816543e-05,True,True,True,14.11634387136123,14.116882964553561,14.116891497626838,2.131647443569738,2.131634547046953,2.131634279008578,8.487539999691428e-06,1.4918574542606112e-08,2.3636761227407987e-05,2.958679701237088e-07,False,False,False
ces,alpha,rho,0.25,-0.1,5,2070128,50,0.1,1.0,0.27024320000496677,0.04802381459741299,-45.58958611839677,1.194435864832242e-06,True,True,True,16.192130623114565,16.19321143060719,16.193194794976414,2.0300137780184953,2.029985335031527,2.0299857682202336,1.831706205906616e-06,3.157159524030794e-08,3.347191472613531e-05,-5.285948887490122e-07,False,False,False
ces,alpha,rho,0.25,-0.1,6,2070129,50,0.1,1.0,0.24510588145494697,-0.30678173414393595,-43.356784812474245,1.700429124533242e-06,True,True,True,13.807676498114331,13.80764990254653,13.807643906594345,2.195205091755705,2.1952126705930737,2.195212854778436,1.5515189186704534e-05,1.2581200724532593e-08,6.577116089090396e-06,-2.221974284566386e-07,False,False,False
ces,alpha,rho,0.25,-0.1,7,2070130,50,0.1,1.0,0.28132960027299414,-0.1908160668308498,-37.48266342973288,2.5593745396810675e-06,True,True,True,12.413560481442053,12.413417607876998,12.413413317642105,2.1164070643534663,2.116413619373402,2.1164137661578386,3.6259203505307744e-06,8.637023222357449e-09,-4.1394166601094184e-06,-1.7662094364823133e-07,False,False,False
ces,alpha,rho,0.25,-0.1,8,2070131,50,0.1,1.0,0.25154175312006355,0.06223198109069922,-40.72179241366398,1.7886810833296237e-06,True,True,True,13.550901278796701,13.557851527903368,13.557796570235931,2.0904816140142937,2.090262657042666,2.0902644057347177,9.616831775150688e-06,4.267705270451801e-08,0.00025864406083542235,-2.0403196714369187e-06,False,False,False
ces,alpha,rho,0.25,-0.1,9,2070132,50,0.1,1.0,0.2584100383683293,0.09591467957223042,-46.4191159826581,1.1449443208558521e-06,True,True,True,18.671637905349534,18.672097655051648,18.672090435741843,2.1462170965967067,2.1462113999455252,2.1462115661743755,1.1513535943841349e-05,9.310690137173767e-09,1.7868817380417568e-05,-1.952582877606801e-07,False,False,False
ces,alpha,rho,0.25,-0.1,10,2070133,50,0.1,1.0,0.2803381449055466,0.2292573726112204,-54.41009329121552,3.605418051051651e-06,True,True,True,17.016183176869873,17.01678690944934,17.016780280473245,2.041101570719708,2.041089162658428,2.0410893306495863,6.913641755767834e-06,7.2305209921352965e-09,2.0997819916601657e-05,-1.9614820701008284e-07,False,False,False
ces,alpha,rho,0.25,-0.1,11,2070134,50,0.1,1.0,0.25042075889340426,0.22389687758493768,-41.29958938012484,6.109495226125858e-06,True,True,True,20.264057915016476,20.26377910709803,20.26377950750738,2.150342178230856,2.1503531319125755,2.150353123883418,1.1467455747484799e-05,6.9104841959838355e-09,-1.1374272901321092e-06,1.0515947224121192e-08,False,False,False
ces,alpha,rho,0.25,-0.1,12,2070135,50,0.1,1.0,0.2413266830949234,-0.13300477440550126,-46.45100969100443,2.987027348788714e-07,True,True,True,17.100130907171447,17.101109767138475,17.10111245061434,2.0895168297107927,2.089498883623901,2.0894988104529664,1.592234816778096e-05,1.4598332146158382e-08,3.6652677387394306e-05,7.26770679193578e-08,False,False,False
ces,alpha,rho,0.25,-0.1,13,2070136,50,0.1,1.0,0.24316681153365788,-0.012674126073870614,-38.563110959096534,2.2189676281775463e-06,True,True,True,12.191481680580146,12.211647854681987,12.211673616544813,2.231489383467558,2.2307748130086513,2.2307739017786146,1.2475377440681321e-05,1.7440337015075414e-08,0.0008311343611211441,1.0605193878632235e-06,False,False,False
ces,alpha,rho,0.25,-0.1,14,2070137,50,0.1,1.0,0.2782692444023363,0.1476048572856669,-41.378506867396304,6.350885864553012e-06,True,True,True,17.60028888518974,17.59984402789244,17.599821139955658,2.132786813902339,2.13280182250243,2.1328023838365415,9.277623760613693e-06,1.3097800551146877e-08,-8.650801490261983e-06,-6.54203546446297e-07,False,False,False
ces,alpha,rho,0.25,-0.1,15,2070138,50,0.1,1.0,0.23570752425064903,-0.15648997232755252,-49.27625434002863,1.5780608687885552e-07,True,True,True,13.495863718420528,13.495402989305667,13.495392899791009,2.213917765925526,2.2139432946365907,2.2139436149692435,2.4691205120473932e-05,1.6176724636515473e-08,-5.1269400174192015e-06,-3.788297178175526e-07,False,False,False
ces,alpha,rho,0.25,-0.1,16,2070139,50,0.1,1.0,0.26490984353945124,0.04014277790571476,-42.64507306788168,9.809670380527818e-06,True,True,True,14.926119215174168,14.93084712938144,14.93088071856435,2.0887229064417387,2.0885911811852798,2.0885902087309236,1.3815926805879339e-05,2.404773296111388e-08,0.0001661800243084599,1.1300681919124145e-06,False,False,False
ces,alpha,rho,0.25,-0.1,17,2070140,50,0.1,1.0,0.2450733647918805,0.08311428554756528,-44.27061583812159,4.23211713978851e-06,True,True,True,11.519345588984613,11.52046665965673,11.520386342844866,2.1614352824696192,2.1613978123453497,2.1614008312370236,1.1133020300528565e-05,5.2382683134495526e-08,5.068082093373505e-05,-3.4960598824795852e-06,False,False,False
ces,alpha,rho,0.25,-0.1,18,2070141,50,0.1,1.0,0.21306308546327507,-0.2258546072287807,-47.140913305264256,1.5232744115713186e-05,True,True,True,13.45388380116487,13.455346614116788,13.455336781815651,2.352633954611847,2.3525985983238398,2.3525989114942067,2.7444821661059775e-05,1.5432829053659893e-08,6.76464046804881e-05,-3.7018518384002164e-07,False,False,False
ces,alpha,rho,0.25,-0.1,19,2070142,50,0.1,1.0,0.2613339862625174,-0.31679172476782763,-48.56792969732966,1.0630289859428179e-05,True,True,True,14.740236637320699,14.741175936853422,14.741171587831746,2.114552148255014,2.1145304594317933,2.1145305829197745,1.3781895118992814e-05,1.2247571867725868e-08,3.8598438855785844e-05,-1.528546746953907e-07,False,False,False
ces,alpha,rho,0.25,0.3,0,2080123,50,0.1,1.0,0.2283300299756483,0.20678009703131042,-43.32031596655853,1.4356938409541374e-05,True,True,True,10.240557369179616,10.24131741031799,10.241299489788569,2.2582019863833316,2.258173910919819,2.2581746655755133,9.76212711424844e-06,1.6025859350538096e-08,4.101190305760838e-05,-8.809986411506543e-07,False,False,False
ces,alpha,rho,0.25,0.3,1,2080124,50,0.1,1.0,0.260467251509067,0.2353495380550254,-48.114185791409575,1.2076770706178275e-06,True,True,True,17.562630962875293,17.56286585915625,17.56287130341174,2.065008723351127,2.065004800236354,2.0650046674540237,4.458816368907639e-06,6.5682165488509055e-09,9.015150617130985e-06,1.571153873669573e-07,False,False,False
ces,alpha,rho,0.25,0.3,2,2080125,50,0.1,1.0,0.2375586221630848,0.2786145264874494,-48.49294484943089,7.921409136294359e-06,True,True,True,10.607939082061982,10.608247484553592,10.608253389654834,2.203324903835166,2.2033162939645354,2.20331605271029,9.367842788173627e-06,7.084734864146745e-09,1.9438795078485782e-05,2.788975450584985e-07,False,False,False
ces,alpha,rho,0.25,0.3,3,2080126,50,0.1,1.0,0.27863705401849526,0.3805005590629576,-44.285127156528524,6.182711989701865e-06,True,True,True,19.08838442378147,19.08772521205159,19.08772009935949,2.009497695640924,2.0095129425695815,2.009513058162426,1.6428564336939063e-06,4.222715870536878e-09,-1.711639747981053e-05,-1.347712057508943e-07,False,False,False
ces,alpha,rho,0.25,0.3,4,2080127,50,0.1,1.0,0.24339195927424304,0.2209666014620762,-46.26160900759733,3.3039110257565837e-06,True,True,True,16.536442872382928,16.53584788342065,16.535846309938485,2.126573272973778,2.126589596022622,2.1265896357116167,1.9215470177853545e-06,4.39312195263354e-09,-1.723797355168699e-05,-4.9462180129467015e-08,False,False,False
ces,alpha,rho,0.25,0.3,5,2080128,50,0.1,1.0,0.264713330019125,0.21663093755153506,-45.154907522341794,1.6910954429470203e-06,True,True,True,14.796411091711645,14.795968578580668,14.795967480249834,2.107442696264084,2.1074574638583448,2.107457493812729,4.145519798198597e-06,7.818295847649858e-09,-1.2945159603816592e-05,-3.9745508217947645e-08,False,False,False
ces,alpha,rho,0.25,0.3,6,2080129,50,0.1,1.0,0.2690530840031913,0.2485243761489453,-43.90129639751837,3.736309776360573e-06,True,True,True,11.598686156868258,11.598412328316218,11.598400378827149,2.1332623923820457,2.1332735210516325,2.133273967995753,2.132300643834215e-06,9.073924863663903e-09,-1.1312214439840318e-05,-5.157064748573248e-07,False,False,False
ces,alpha,rho,0.25,0.3,7,2080130,50,0.1,1.0,0.22485393601734313,0.24599336736371866,-43.75999741872273,1.5527350444606174e-06,True,True,True,14.016977803681915,14.016809451778249,14.016815467584559,2.100665901261303,2.1006710411042246,2.1006708538021064,1.2019880761000113e-06,5.273275005058025e-09,-5.879634521477328e-06,2.135455119400831e-07,False,False,False
ces,alpha,rho,0.25,0.3,8,2080131,50,0.1,1.0,0.24703092342548283,0.37806533456066066,-48.38533677845569,8.569202100988224e-06,True,True,True,18.90316408138919,18.902824996963027,18.9028175195808,2.0679414241981084,2.0679484245005155,2.067948594576778,2.279045820363352e-06,5.439064230624138e-09,-1.00784989172098e-05,-1.99762112629287e-07,False,False,False
ces,alpha,rho,0.25,0.3,9,2080132,50,0.1,1.0,0.27750531748645874,0.247817148215491,-32.29066080810296,2.097187678370132e-06,True,True,True,15.460569798384482,15.46003016557592,15.460035597624275,2.155762202063874,2.1557805765361877,2.155780422796721,7.430118145027265e-06,5.901057356780572e-09,-1.357566566184687e-05,1.7436162380590758e-07,False,False,False
ces,alpha,rho,0.25,0.3,10,2080133,50,0.1,1.0,0.23898984626473235,0.3672725018276717,-47.718936209659184,2.7173034561617644e-07,True,True,True,15.189660124913708,15.189993843071884,15.189984315021041,2.1029926163292627,2.102982966021296,2.102983237261988,1.2150013493639802e-06,6.425696089071902e-09,1.054453709059544e-05,-3.149811860225782e-07,False,False,False
ces,alpha,rho,0.25,0.3,11,2080134,50,0.1,1.0,0.29305121530980877,0.6813263955460338,-42.539331937317485,4.576393067624766e-06,True,True,True,13.384700447412529,13.384596455926262,13.384589897485382,2.051689269538236,2.0516933428283117,2.051693555318343,1.621533249159834e-06,4.615661121710786e-09,-3.3252722388965594e-06,-2.453610790098537e-07,False,False,False
ces,alpha,rho,0.25,0.3,12,2080135,50,0.1,1.0,0.2535398573913777,0.09697541869759385,-40.23109738689027,1.6434041310481297e-05,True,True,True,11.803568658490573,11.806781242327943,11.806751022997675,2.148266108548859,2.1481506392861522,2.1481517394507503,6.613368040861815e-06,3.2364633506241613e-08,0.00013790174092775942,-1.2928812722634575e-06,False,False,False
ces,alpha,rho,0.25,0.3,13,2080136,50,0.1,1.0,0.2321357291861627,0.28029821778573566,-47.91835235859063,1.587629794493092e-07,True,True,True,11.56384814561677,11.564911940687844,11.564905413077776,2.2252302932078405,2.225192972819385,2.2251932167302835,6.161309589797367e-06,5.7696098492551316e-09,4.873863611720708e-05,-2.8361967707724034e-07,False,False,False
ces,alpha,rho,0.25,0.3,14,2080137,50,0.1,1.0,0.27400407869367505,0.5975997876551453,-32.81527726331934,2.1560318468291566e-06,True,True,True,11.731593081606107,11.731439091430742,11.731448018203281,2.090960952605251,2.090966890192776,2.0909665610974906,7.517020741993451e-07,7.038960453365024e-09,-5.908253299935495e-06,3.820420850786377e-07,False,False,False
ces,alpha,rho,0.25,0.3,15,2080138,50,0.1,1.0,0.2978298080896012,0.27478769195572006,-40.94544086491707,7.883582924938415e-07,True,True,True,19.660848359751043,19.661387582835527,19.661379364123412,2.010432421012996,2.010421178053399,2.0104213568989038,1.7781287068128816e-06,7.66644305421466e-09,1.4269815792999907e-05,-2.1210941270055628e-07,False,False,False
ces,alpha,rho,0.25,0.3,16,2080139,50,0.1,1.0,0.22146482798700218,0.13095490957850067,-47.6663170342917,6.247712416650335e-06,True,True,True,12.631221843871712,12.632061614908814,12.632044163321664,2.188713663651986,2.188688759932735,2.1886893552809767,9.167354851614258e-06,1.4708643537276638e-08,3.71139648578378e-05,-6.961121528092917e-07,False,False,False
ces,alpha,rho,0.25,0.3,17,2080140,50,0.1,1.0,0.24730753261347255,0.03336052087059564,-43.34385322929949,2.3493620371603809e-07,True,True,True,14.125081584204636,14.128945938852853,14.128916418724069,2.191007110568991,2.190892675907486,2.1908935730332724,1.0175639162059156e-05,2.7196850390895753e-08,0.0001407393755741282,-1.0564848977878682e-06,False,False,False
ces,alpha,rho,0.25,0.3,18,2080141,50,0.1,1.0,0.3020240962075856,0.021367551954090337,-37.68338175767366,5.2869003835020556e-05,True,True,True,14.557466179343908,14.553941655475244,14.554000706502176,2.0194823402111,2.0195811998213475,2.019579479280884,1.7381966993141924e-05,1.077208536722433e-07,-0.00012624752486090074,2.0765370152275864e-06,False,False,False
ces,alpha,rho,0.25,0.3,19,2080142,50,0.1,1.0,0.2971817160814924,-0.0028688154487637534,-49.84597403220412,2.0525845939461212e-05,True,True,True,17.551840299130554,17.606927306593388,17.606400051355624,2.0255533342908563,2.024194478791851,2.024207496024737,4.561737457181367e-05,2.8583742721998966e-07,0.001554216896629157,-1.4959702539840691e-05,False,False,False
ces,alpha,rho,0.25,0.7,0,2090123,50,0.1,1.0,0.23801952579697,0.3165936368101567,-47.733027158497165,5.159452827044938e-06,True,True,True,22.861962568560422,22.861915277758804,22.861912504804693,2.0670514105919677,2.06705376548841,2.067053817239258,3.4017325310879766e-06,4.956375393289562e-09,5.809251248933833e-07,-6.171106292640616e-08,False,False,False
ces,alpha,rho,0.25,0.7,1,2090124,50,0.1,1.0,0.2676261309369704,0.6628839045077403,-40.799079529064045,7.681756516207788e-06,True,True,True,15.434694144077522,15.435843550056966,15.43583682223297,2.1799030707248455,2.1798720766914506,2.1798722655533846,3.302535875120715e-06,4.047381773805854e-09,3.8564588940914746e-05,-2.1842198094645937e-07,False,False,False
ces,alpha,rho,0.25,0.7,2,2090125,50,0.1,1.0,0.2112064834500991,0.7439777181141954,-42.70159701701574,1.7374077587483787e-06,True,True,True,9.37804726815397,9.378230910171707,9.37823179171343,2.2909661526069756,2.290958640315305,2.290958599412716,2.6285667192689535e-06,3.009381669315849e-09,1.0979987621340115e-05,4.690787847039246e-08,False,False,False
ces,alpha,rho,0.25,0.7,3,2090126,50,0.1,1.0,0.29064366342007625,0.7317755069614956,-41.295162470973224,8.919009680591609e-07,True,True,True,17.495095018821193,17.495310168749175,17.495307106638588,2.061901981703201,2.06189696916763,2.061897044540322,7.633847314917132e-07,3.2026513250496688e-09,6.438509359441014e-06,-8.824864750067718e-08,False,False,False
ces,alpha,rho,0.25,0.7,4,2090127,50,0.1,1.0,0.26292489782909645,0.2971143263452916,-48.40457753341497,5.53915802194053e-07,True,True,True,12.358213619545893,12.357689526902377,12.357698551889305,2.177008743433705,2.177028291926054,2.177027974714233,2.66893325468138e-06,5.729746830125734e-09,-1.953820283517871e-05,3.651095852319486e-07,False,False,False
ces,alpha,rho,0.25,0.7,5,2090128,50,0.1,1.0,0.2264151442435646,0.6534398586593705,-47.01056275407774,5.643951694606357e-06,True,True,True,12.32433792242552,12.324579477178395,12.324577349254811,2.10984692708715,2.1098362802371353,2.1098363541601475,5.257119050879554e-06,3.4327825488662028e-09,7.254434741810201e-06,-8.754989266890334e-08,False,False,False
ces,alpha,rho,0.25,0.7,6,2090129,50,0.1,1.0,0.25581473636164875,0.7422913900427955,-49.27084643772688,7.832161770628698e-06,True,True,True,13.765474071778836,13.765665547278227,13.765666848269202,2.166381509641467,2.166376258457852,2.1663762171819045,1.9049898335252613e-06,2.608310428708848e-09,7.911080764699818e-06,4.69891503485087e-08,False,False,False
ces,alpha,rho,0.25,0.7,7,2090130,50,0.1,1.0,0.23109218007651516,0.6214927118851987,-48.04311601829715,5.529960610984848e-06,True,True,True,19.862078342477364,19.862207795213468,19.862203764094087,2.0574512827340596,2.0574475015559806,2.057447588944911,2.5169484861248356e-06,2.5648982784179003e-09,2.061975173717201e-06,-1.0234404612674552e-07,False,False,False
ces,alpha,rho,0.25,0.7,8,2090131,50,0.1,1.0,0.2578962832207211,0.4707393714933267,-37.18373128903684,1.6623131737673794e-06,True,True,True,8.573298652928,8.57358528497741,8.573586969546845,2.091061571548267,2.091048023730485,2.0910479392946866,2.256085101842049e-06,3.4293159365024033e-09,1.793432428343067e-05,9.927333621817525e-08,False,False,False
ces,alpha,rho,0.25,0.7,9,2090132,50,0.1,1.0,0.20428760589120884,0.5795497144892517,-48.38240939843882,4.957378809552851e-06,True,True,True,9.656090497995136,9.656408316607425,9.65640434918392,2.260870121372405,2.260857515631442,2.2608576943972003,4.009741139893645e-06,4.0110348411621424e-09,1.819531323121737e-05,-2.0504752740180265e-07,False,False,False
ces,alpha,rho,0.25,0.7,10,2090133,50,0.1,1.0,0.2770860181269322,0.41761985636846366,-43.30518749551217,2.675957619819125e-06,True,True,True,15.45120992398914,15.451170278788062,15.451163015355533,2.054301312121007,2.0543019884504226,2.054302192564793,1.4409037553256698e-06,4.336916384570432e-09,-2.0222760070964796e-06,-2.350942338580353e-07,False,False,False
ces,alpha,rho,0.25,0.7,11,2090134,50,0.1,1.0,0.20112097920709465,0.22820791473611604,-44.62351202201448,2.920237718719295e-06,True,True,True,9.28467926636633,9.284506963770552,9.284505179340826,2.3592216629727574,2.35923570713022,2.3592357875889496,1.4078875967921383e-05,9.79402671874037e-09,-2.4885338945068725e-06,-9.956282553957863e-08,False,False,False
ces,alpha,rho,0.25,0.7,12,2090135,50,0.1,1.0,0.21495445289402731,0.036216374184588965,-50.542103974960945,5.070520285900522e-06,True,True,True,8.976582757267723,8.981944640340943,8.981848678162576,2.2919325348450266,2.291676607145824,2.29168123568537,8.424986793249745e-06,6.062424426084692e-08,0.00029713783131768423,-5.355151770913835e-06,False,False,False
ces,alpha,rho,0.25,0.7,13,2090136,50,0.1,1.0,0.24411275949641534,0.6057726297453894,-40.67684423219228,2.9781362772767656e-06,True,True,True,17.398517754146628,17.39951671898641,17.39950934175799,2.141419954019609,2.141396596166889,2.1413967794337117,3.768255359783922e-06,5.618036247370016e-09,3.031029672939667e-05,-2.12996788206965e-07,False,False,False
ces,alpha,rho,0.25,0.7,14,2090137,50,0.1,1.0,0.2570511828587667,0.5096009323821944,-42.038223466861425,2.26649210988089e-06,True,True,True,21.875920411382346,21.87560940959438,21.87561465111597,2.03279270281113,2.0327997454138815,2.032799643193296,2.1491085060217383e-06,6.479936031943467e-09,-5.986711499872399e-06,1.2191991771715038e-07,False,False,False
ces,alpha,rho,0.25,0.7,15,2090138,50,0.1,1.0,0.2497370073306985,0.48753907590155104,-53.351821916358425,4.4204967415094355e-06,True,True,True,13.751700180401762,13.751841221120367,13.751838685059687,2.145958207411392,2.1459519849809134,2.1459520640376355,4.367646095958002e-06,2.722214142299394e-09,2.9989495260451804e-06,-9.339868256574846e-08,False,False,False
ces,alpha,rho,0.25,0.7,16,2090139,50,0.1,1.0,0.23089515590561854,0.642418309020995,-41.53092905101367,7.533847468260417e-07,True,True,True,19.536626034548387,19.53687389688674,19.536868233278515,2.066979540992196,2.066973962629057,2.0669740884019943,6.334297690036733e-07,2.700325803102677e-09,6.11955932328101e-06,-1.4509186740951918e-07,False,False,False
ces,alpha,rho,0.25,0.7,17,2090140,50,0.1,1.0,0.24500748085305984,0.4040876138780593,-38.923029103258905,2.085551868426913e-06,True,True,True,10.254953657640968,10.254557096025382,10.254549823469294,2.1944342391637477,2.194451681492778,2.194451987936243,1.5683921472172427e-06,6.1021353218317654e-09,-1.894617024333911e-05,-3.563965336184083e-07,False,False,False
ces,alpha,rho,0.25,0.7,18,2090141,50,0.1,1.0,0.26726272887255953,0.5867545551579164,-47.897607061083875,1.5233645186044488e-06,True,True,True,14.438450383591332,14.438728229011097,14.438725031234277,2.0969713790374995,2.096962394387581,2.0969624886629967,1.5974703776750914e-06,4.746681369023538e-09,8.786358378642944e-06,-1.1293363400000089e-07,False,False,False
ces,alpha,rho,0.25,0.7,19,2090142,50,0.1,1.0,0.2181016940187265,0.3973061864377481,-37.62547977991409,3.889376197491837e-06,True,True,True,17.204738234945935,17.204995239214625,17.204992440553163,2.143715983758627,2.1437084927860908,2.1437085632498234,2.779736705871571e-06,2.2640284080241594e-09,6.232039844178416e-06,-8.15412803945037e-08,False,False,False
ces,alpha,rho,0.5,-0.7,0,2100123,50,0.1,1.0,0.512688727205056,-0.38697374304202137,-50.14593048380127,8.592457457372157e-06,True,True,True,15.741919862493084,15.742132190235303,15.742133397573358,1.9662716050667202,1.9662583985709061,1.9662583616358897,1.697908091436524e-05,8.50718706441574e-09,-1.6824132842430117e-06,3.417168414898697e-08,False,False,False
ces,alpha,rho,0.5,-0.7,1,2100124,50,0.1,1.0,0.47025717513821835,-0.4067596543618786,-52.553070755739824,1.7820462808680472e-06,True,True,True,20.43321980473555,20.433328313691625,20.433326530458828,1.9512392914127143,1.9512309866913191,1.9512310201723924,1.3978440637440238e-05,1.0225677289492498e-08,-4.299483357783629e-06,-4.872428860380751e-08,False,False,False
ces,alpha,rho,0.5,-0.7,2,2100125,50,0.1,1.0,0.5078647156087462,-0.39221377385190254,-47.213488631901484,6.822782897962519e-07,True,True,True,12.66341893868771,12.66389963597238,12.66390083754496,1.9605829404110464,1.960562505283796,1.9605624596496722,9.237877198837207e-06,1.026027976961281e-08,1.4474331791802797e-05,4.234349404441673e-08,False,False,False
ces,alpha,rho,0.5,-0.7,3,2100126,50,0.1,1.0,0.5433807484570062,-0.16305016886786433,-34.5210145598797,3.6949332465870303e-06,True,True,True,18.55366490057439,18.554437585507735,18.554423035585913,1.9550142804700532,1.9549944874170442,1.9549948241862476,4.1387718033719995e-06,1.2411893430066738e-08,1.846102959390805e-05,-3.9645520288900116e-07,False,False,False
ces,alpha,rho,0.5,-0.7,4,2100127,50,0.1,1.0,0.5300708321925179,-0.23545360812146626,-50.83118499652557,3.492425969206894e-06,True,True,True,19.705804301732034,19.706545603703848,19.706532141516387,1.9264609025802002,1.9264459483509129,1.9264462411703527,3.390355573747603e-06,1.2064107873418024e-08,2.005504556024107e-05,-3.4601217890894986e-07,False,False,False
ces,alpha,rho,0.5,-0.7,5,2100128,50,0.1,1.0,0.5181591747846235,-0.5516623234456242,-38.11958962783902,1.6671466192711085e-06,True,True,True,18.231028358181963,18.23109236216354,18.23108399127628,1.9330287176037004,1.9330273963137674,1.9330275901529863,2.356709624832443e-06,1.392574749910959e-08,1.7535306966465214e-06,-2.3598891374376763e-07,False,False,False
ces,alpha,rho,0.5,-0.7,6,2100129,50,0.1,1.0,0.4958517964276443,-0.40209142113826013,-43.543205809317854,3.57739921293516e-06,True,True,True,12.274613100681549,12.274783497198227,12.274782275942796,1.9526721956986048,1.9526669476688807,1.952666989152938,2.5842655228443128e-06,4.1263068752112824e-09,7.788180894863217e-06,-5.1732747863297845e-08,False,False,False
ces,alpha,rho,0.5,-0.7,7,2100130,50,0.1,1.0,0.5027500978121174,-0.605718015010992,-40.56565347977818,1.7901905310162352e-06,True,True,True,19.853122914223242,19.85256502135453,19.852560826234484,1.9272036661320335,1.9272174970605742,1.9272175840719254,4.4988492636940636e-06,1.1271661762972032e-08,-1.2289101341877995e-05,-1.1113825593156434e-07,False,False,False
ces,alpha,rho,0.5,-0.7,8,2100131,50,0.1,1.0,0.4802683863500467,-0.7806323414817471,-41.35546330242392,8.286281022897839e-07,True,True,True,21.09702998247167,21.096833931345714,21.0968325143081,1.905902461386197,1.9059088803593536,1.905908903133046,6.279030732169269e-06,1.4853909697449605e-08,-1.943706919860233e-06,-4.0949082347196963e-08,False,False,False
ces,alpha,rho,0.5,-0.7,9,2100132,50,0.1,1.0,0.49285140670696415,-0.24256547342143597,-44.30960514644322,1.0104519797084337e-06,True,True,True,18.54715878515817,18.547077768994985,18.547078213885772,1.9161486620476131,1.9161498398444397,1.9161498248718807,2.523773564741653e-06,1.049460966409344e-08,-3.005388713006596e-06,6.749310443865397e-09,False,False,False
ces,alpha,rho,0.5,-0.7,10,2100133,50,0.1,1.0,0.485005820396682,-0.5330539452711176,-45.404961298758906,7.270921703903249e-07,True,True,True,19.712734866634914,19.71254296486652,19.712541414458897,1.9229252844872335,1.9229312523764408,1.922931282887399,4.548708679254243e-06,8.458090902832481e-09,-2.907698281262583e-06,-4.352377658278783e-08,False,False,False
ces,alpha,rho,0.5,-0.7,11,2100134,50,0.1,1.0,0.49032214812385794,-0.31539763606235116,-46.88286310187864,2.6058615988080544e-07,True,True,True,25.379473888441392,25.378630816879895,25.37863198042438,1.9137231957072074,1.9137376424204846,1.913737618329953,2.316694721508036e-06,9.640327957538464e-09,-1.656868450083948e-05,1.811216066016641e-08,False,False,False
ces,alpha,rho,0.5,-0.7,12,2100135,50,0.1,1.0,0.5024880936205331,-0.45036890718275785,-34.98671075850704,2.6290465297472684e-06,True,True,True,23.8140881871295,23.81439474295735,23.81439279594937,1.8811693642525984,1.8811658635809771,1.8811658939783007,5.4000245668376406e-06,1.1836667615296274e-08,8.795735588762454e-06,-4.6761400085415517e-08,False,False,False
ces,alpha,rho,0.5,-0.7,13,2100136,50,0.1,1.0,0.4592992804256068,-0.43811244619883144,-55.51706172449299,7.049500708457115e-06,True,True,True,26.878048211250032,26.877501264628677,26.877499904197204,1.8541922737708125,1.8542057714067393,1.8542057882667338,1.1037491501183072e-05,1.203707669936841e-08,-4.840878766287915e-06,-3.12052108597527e-08,False,False,False
ces,alpha,rho,0.5,-0.7,14,2100137,50,0.1,1.0,0.526271411891711,-0.7113655231543126,-45.343997475683004,7.134370100881763e-06,True,True,True,13.962494989812923,13.963004769227034,13.962999972290614,2.017633476053949,2.017626650214088,2.0176267931378873,2.079574379731729e-05,1.482312213357188e-08,2.8472420524394693e-05,-1.7899910176311096e-07,False,False,False
ces,alpha,rho,0.5,-0.7,15,2100138,50,0.1,1.0,0.5077094458569822,-0.34396520685758797,-40.02797629859296,4.163562170385828e-06,True,True,True,15.791825375086896,15.7916261040055,15.791622096344055,1.9482565117571702,1.9482588120299649,1.9482589171035145,7.481208265375516e-06,1.2213283858371688e-08,-1.0103228689217758e-05,-1.32813596565029e-07,False,False,False
ces,alpha,rho,0.5,-0.7,16,2100139,50,0.1,1.0,0.4746117484516774,-0.6800156829066585,-51.91832023432128,1.2809491335957508e-08,True,True,True,23.917676899591918,23.91749612067103,23.91749422133231,1.8633435216912588,1.863346724283214,1.863346751732575,3.3963563411854343e-06,1.630686696047399e-08,-3.919099448523866e-06,-4.780986984087576e-08,False,False,False
ces,alpha,rho,0.5,-0.7,17,2100140,50,0.1,1.0,0.4810601840021259,-0.641064356954467,-54.287963728690094,3.516468748833182e-07,True,True,True,18.495118795673257,18.49534803710554,18.495343352070332,1.9505893616519447,1.9505866265860983,1.9505867319327672,6.438321955732949e-06,1.1125522308891495e-08,9.113737320376458e-06,-1.3202404147705238e-07,False,False,False
ces,alpha,rho,0.5,-0.7,18,2100141,50,0.1,1.0,0.5337260616640449,-0.6144694647651169,-38.60120940395772,8.16243216135939e-07,True,True,True,17.96760861865024,17.96716705818031,17.967165147258267,1.9486916785729527,1.9487076582699794,1.9487076987961378,1.2400534206151752e-05,1.3188300027002193e-08,-6.238055874518977e-06,-5.969887695300713e-08,False,False,False
ces,alpha,rho,0.5,-0.7,19,2100142,50,0.1,1.0,0.47857345201999685,-0.4033384032760174,-47.394669151313636,3.0169401073833017e-06,True,True,True,22.607448886543857,22.607698352192518,22.607698834581203,1.8530207666424523,1.8530162858798243,1.8530162709598001,2.5392599218157946e-06,1.3032450944725843e-08,5.880096608734675e-06,4.160057187618804e-09,False,False,False
ces,alpha,rho,0.5,-0.3,0,2110123,50,0.1,1.0,0.5171248998624005,-0.21745084256969383,-45.49943026549921,2.2359527886180164e-07,True,True,True,22.869053513800026,22.868734442865016,22.86873255271647,1.8655986039239836,1.865606759848618,1.8656067938616598,5.232440820170438e-06,4.565663971295549e-09,-4.605818311631538e-06,-4.349312376916714e-08,False,False,False
ces,alpha,rho,0.5,-0.3,1,2110124,50,0.1,1.0,0.5498677407634892,-0.4078414902504708,-41.19380101992652,3.6577426033755244e-07,True,True,True,23.179367739761968,23.179524129741747,23.179521742656544,1.8746928440909905,1.874688747783039,1.8746887879568621,3.6472251358124878e-06,1.0675655809283723e-08,1.974145362737545e-06,-5.673067704492496e-08,False,False,False
ces,alpha,rho,0.5,-0.3,2,2110125,50,0.1,1.0,0.4992515640280449,-0.21574872971630132,-41.70684367447923,1.8544008353210572e-06,True,True,True,19.324327510969436,19.324051851525773,19.324053565849326,1.9258638688361638,1.9258661799475278,1.9258661383400923,9.142699615191707e-06,7.316946519466001e-09,-1.1563416229876111e-05,4.081216786744335e-08,False,False,False
ces,alpha,rho,0.5,-0.3,3,2110126,50,0.1,1.0,0.47061885047141866,-0.344952942555781,-42.71088110325284,7.056395937920965e-06,True,True,True,20.819827214344638,20.820453158314283,20.820446716726437,1.8654928379626066,1.8654805545445654,1.8654806832644455,2.5995909496790487e-06,1.3669574508950577e-08,1.576134848590982e-05,-1.6119330581432223e-07,False,False,False
ces,alpha,rho,0.5,-0.3,4,2110127,50,0.1,1.0,0.558100144544236,-0.20856092675163776,-44.79709116717354,2.2609331405046361e-07,True,True,True,16.9131917453024,16.91327430399449,16.91327529840654,1.9462418176420186,1.9462367340657976,1.9462367066180195,6.887735274005004e-06,4.529380792481814e-09,-9.441815151944866e-07,2.719434633036144e-08,False,False,False
ces,alpha,rho,0.5,-0.3,5,2110128,50,0.1,1.0,0.525126062314369,-0.6198163404875413,-45.12987123974704,1.3418632956722178e-06,True,True,True,20.28768625954459,20.287442699096932,20.287442631951365,1.9481512720793925,1.948155480534355,1.948155476655853,3.4559558356280394e-06,1.225127355352229e-08,-7.168018136383125e-06,-7.775000199217175e-09,False,False,False
ces,alpha,rho,0.5,-0.3,6,2110129,50,0.1,1.0,0.4727968599809648,-0.38727336508588095,-47.078990742852056,2.8553962357490548e-06,True,True,True,17.30308044077447,17.303155333440948,17.303157258179702,1.9458330732340456,1.9458328092478976,1.9458327581003587,4.191762600833558e-06,6.699293842512144e-09,4.07670101765234e-06,5.2350500823195034e-08,False,False,False
ces,alpha,rho,0.5,-0.3,7,2110130,50,0.1,1.0,0.5123512654366523,-0.06104489805094498,-52.74559470739962,3.441917711138235e-07,True,True,True,23.092346526036472,23.0933951867972,23.093379393385426,1.9628016128272232,1.9627781595845912,1.9627784485604365,8.640181166946227e-06,1.9985664581689368e-08,1.8057843448104904e-05,-3.511975137371337e-07,False,False,False
ces,alpha,rho,0.5,-0.3,8,2110131,50,0.1,1.0,0.44891827826355246,-0.5220966563818653,-46.26941500536489,1.375014940641308e-06,True,True,True,19.437261458040346,19.436944228621794,19.436947498822942,1.8810549970164716,1.8810662512964875,1.881066174417985,9.87354622428572e-06,9.1622675715321e-09,-3.2841123172033804e-06,7.97370134364428e-08,False,False,False
ces,alpha,rho,0.5,-0.3,9,2110132,50,0.1,1.0,0.45235146701015244,0.0014045387890295484,-39.37243815255663,5.644349748444555e-06,True,True,True,15.524884593947737,15.728308723186052,15.728483479011754,1.9755337533334552,1.9698563153285427,1.9698518505069438,0.00015229571110771624,9.297093427414782e-07,0.006487576347041113,5.97053263362568e-06,False,False,False
ces,alpha,rho,0.5,-0.3,10,2110133,50,0.1,1.0,0.45821465919767335,-0.4349241498890594,-43.16903046857773,2.565098641040421e-06,True,True,True,23.520283096878703,23.520546004615543,23.520542475842873,1.915579559017894,1.9155806995659581,1.9155807593684118,1.390746352039213e-05,1.2656087919137974e-08,1.2409778243238634e-05,-8.117926597606129e-08,False,False,False
ces,alpha,rho,0.5,-0.3,11,2110134,50,0.1,1.0,0.49085217685816246,-0.46152893484265467,-44.28489201470539,9.038462494028717e-06,True,True,True,22.202552732509755,22.203099586892634,22.203095021667266,1.8960619103602092,1.8960472161037285,1.8960472998956321,9.509921486820324e-06,1.2968000777021668e-08,7.603413742174325e-06,-1.0914310166754149e-07,False,False,False
ces,alpha,rho,0.5,-0.3,12,2110135,50,0.1,1.0,0.5111403963142357,-0.4327759448878874,-52.086121476960066,5.318630709128048e-06,True,True,True,22.06915567799143,22.068870652042325,22.068870865591965,1.8868400266250769,1.8868456038996844,1.886845595919667,2.95678070884e-06,8.699305689163529e-09,-6.49364658045215e-06,4.89173146434041e-10,False,False,False
ces,alpha,rho,0.5,-0.3,13,2110136,50,0.1,1.0,0.5047509451604965,-0.12061549824891521,-46.61522167118274,1.9543154706234228e-07,True,True,True,23.787777534118117,23.788324560466965,23.788312877348,1.9032559094467323,1.9032445276827552,1.9032447331458184,3.4356662640383744e-06,1.930922264640768e-08,9.637525252514934e-06,-2.5458031416292215e-07,False,False,False
ces,alpha,rho,0.5,-0.3,14,2110137,50,0.1,1.0,0.5182328866459666,-0.43364131649836307,-48.54720997309914,2.889952971201417e-06,True,True,True,17.995724058339988,17.995428466546937,17.995430017728683,1.9353337730268314,1.9353360361032192,1.9353359942204604,1.1377404075586401e-05,1.0472034709592877e-08,-1.3782360824166062e-05,3.7979340561378194e-08,False,False,False
ces,alpha,rho,0.5,-0.3,15,2110138,50,0.1,1.0,0.47997293548288106,-0.3035268786384652,-51.75068715609553,3.7380896317816196e-06,True,True,True,14.470839132899782,14.471321950173436,14.471315890327212,2.0085051539029215,2.0084963535201354,2.0084965315101786,1.3136919775212986e-05,9.930835654513373e-09,2.3018641044814103e-05,-2.1383010562203708e-07,False,False,False
ces,alpha,rho,0.5,-0.3,16,2110139,50,0.1,1.0,0.46682826997061566,-0.11459719795178279,-44.374994877246216,2.0603904707530584e-05,True,True,True,22.808196336168226,22.808748203028234,22.80872846377888,1.916570975364619,1.916560678035966,1.9165610511388178,1.173085347649192e-06,1.2245681068050225e-08,1.1904583885780085e-05,-4.3587433395941844e-07,False,False,False
ces,alpha,rho,0.5,-0.3,17,2110140,50,0.1,1.0,0.4968285423150582,-0.041196557755916886,-49.042189304213245,1.9097455331362398e-05,True,True,True,13.708513577328679,13.708009499778294,13.708026802329892,2.0439335710351245,2.043947221820466,2.0439466685194607,5.799195837832071e-06,1.6486249676174808e-08,-2.0430549881211846e-05,6.252099069570249e-07,False,False,False
ces,alpha,rho,0.5,-0.3,18,2110141,50,0.1,1.0,0.49801466543707945,-0.08878608520536554,-36.765957618837305,3.091065072760018e-07,True,True,True,17.834975754150715,17.834090213778047,17.834082231032063,1.9269324047932956,1.926952000503143,1.9269521940975731,4.990002319778678e-06,5.7996237735402754e-09,-2.73174625391448e-05,-2.2472789851235575e-07,False,False,False
ces,alpha,rho,0.5,-0.3,19,2110142,50,0.1,1.0,0.5045533316101597,-0.5041492233767876,-43.85549093774373,3.0884669962448746e-06,True,True,True,22.215904009402248,22.216189456879295,22.216186219866984,1.8977513605307683,1.8977470205500868,1.8977470784968808,3.844120661049186e-06,1.2436886040699092e-08,7.773128267274387e-06,-7.899140541667293e-08,False,False,False
ces,alpha,rho,0.5,-0.1,0,2120123,50,0.1,1.0,0.5128187189473087,-0.2985592199543968,-45.27713544560071,9.637013354344693e-06,True,True,True,28.713640967032198,28.715523601554857,28.715514145740123,1.8689175063634083,1.8688843031104803,1.8688844411651386,1.1094062997614293e-05,1.2389939643178872e-08,2.716670007174571e-05,-1.7035154087352566e-07,False,False,False
ces,alpha,rho,0.5,-0.1,1,2120124,50,0.1,1.0,0.5004665473330548,-0.07929329824552467,-54.875695176307325,8.214762155791623e-07,True,True,True,24.700495472167812,24.701494664090447,24.70149349636867,1.878734250901509,1.8787164101406348,1.878716426883183,1.7105321959641261e-06,8.74921962801332e-09,1.9883551878763228e-05,-2.7997757001685386e-08,False,False,False
ces,alpha,rho,0.5,-0.1,2,2120125,50,0.1,1.0,0.46074035126667306,-0.4432192851442378,-40.26111715426447,6.689347593846924e-06,True,True,True,20.876004779523807,20.875840090604086,20.875831181751064,1.9247374545250155,1.9247380672869787,1.924738246598265,6.995122268641759e-06,1.4774173377729907e-08,-7.40378725794244e-06,-2.2031457547200262e-07,False,False,False
ces,alpha,rho,0.5,-0.1,3,2120126,50,0.1,1.0,0.5171625846937142,-0.02672979250324303,-47.238403620061085,3.985658673816102e-06,True,True,True,19.423052423166034,19.423472363339602,19.42340474324975,1.976265920373509,1.9762501831435488,1.976251679580814,1.466360868408959e-05,5.1367071506138e-08,1.7437917136930992e-06,-1.7585284837196014e-06,False,False,False
ces,alpha,rho,0.5,-0.1,4,2120127,50,0.1,1.0,0.5026097963066849,-0.2867796320730275,-46.91166491054325,8.014484257344698e-06,True,True,True,14.68102628334002,14.680950082974238,14.68094723575085,1.9578028378496848,1.957804323253975,1.9578044045856546,2.222374279045665e-06,7.007253159614975e-09,-3.5805797864441047e-06,-1.0030345265477081e-07,False,False,False
ces,alpha,rho,0.5,-0.1,5,2120128,50,0.1,1.0,0.47659169390144235,-0.16806358850903852,-49.35266497090734,2.9808305190290458e-06,True,True,True,15.342811424439974,15.342655727479906,15.342641598639224,1.9823329531870721,1.982338592545472,1.9823389878722588,3.215863069656154e-06,1.4357832121776014e-08,-4.121126877976167e-06,-4.657498848814612e-07,False,False,False
ces,alpha,rho,0.5,-0.1,6,2120129,50,0.1,1.0,0.4777039297536962,-0.40603654654069166,-41.66128454441046,1.2631133771722126e-06,True,True,True,20.53048431506538,20.53024908316731,20.530250750624305,1.9126922613022508,1.9126973941119312,1.912697354912621,2.4580433625899584e-06,9.176820679778623e-09,-5.5122991682310385e-06,3.608963794476949e-08,False,False,False
ces,alpha,rho,0.5,-0.1,7,2120130,50,0.1,1.0,0.48357693477282165,-0.027843898005814573,-45.03560504812296,3.7947638919126933e-06,True,True,True,25.89916641522962,25.901963694855016,25.90181835610413,1.9181164686910475,1.9180752801136787,1.9180777028222218,1.339906968698155e-05,7.521689230712329e-08,5.7758737270319216e-05,-2.8218788159506403e-06,False,False,False
ces,alpha,rho,0.5,-0.1,8,2120131,50,0.1,1.0,0.485215538740775,-0.0950479473322216,-51.19973020315239,4.0497819402909735e-06,True,True,True,25.402466570813292,25.40315928671208,25.403145501028913,1.8880603839704058,1.8880478899944404,1.888048121457217,1.9766326521851742e-06,1.2021664775488308e-08,1.2608843427130978e-05,-2.7619471154594066e-07,False,False,False
ces,alpha,rho,0.5,-0.1,9,2120132,50,0.1,1.0,0.5212106133917275,-0.055672202440316954,-49.620634721902434,4.537128340814405e-06,True,True,True,16.556953676878113,16.55583359908468,16.555805933739975,1.9670076543473713,1.9670373674283417,1.9670380829935947,2.077141921230927e-06,2.9525385163322694e-08,-3.429104177143927e-05,-8.472094776834638e-07,False,False,False
ces,alpha,rho,0.5,-0.1,10,2120133,50,0.1,1.0,0.5075023158221328,0.023229976003946873,-44.85810170098458,1.7348480391674794e-05,True,True,True,29.32876338741242,29.32394805821633,29.32387290913759,1.8851966448906718,1.8852676252907534,1.8852687092433549,2.586035502565558e-06,7.62456224834887e-08,-8.379358005328186e-05,-1.3147770872024012e-06,False,False,False
ces,alpha,rho,0.5,-0.1,11,2120134,50,0.1,1.0,0.47182764548518286,-0.06836076852212865,-35.04788395153054,1.1276635575339107e-05,True,True,True,20.09531748177333,20.09703220526473,20.097032282874228,1.8979793973912527,1.8979422817455525,1.8979422822248022,2.822188857438581e-06,7.25132957768618e-09,4.259931178296483e-05,4.4134971233233955e-09,False,False,False
ces,alpha,rho,0.5,-0.1,12,2120135,50,0.1,1.0,0.4958103521742669,-0.061793157914259524,-50.985537012619915,4.9404593872995334e-06,True,True,True,20.50523134460696,20.50609282428415,20.506052735620393,1.9203269464723283,1.9203116830842049,1.92031252901611,7.013150612026081e-06,2.4554504509568686e-08,2.3458119933650323e-05,-9.810503556195727e-07,False,False,False
ces,alpha,rho,0.5,-0.1,13,2120136,50,0.1,1.0,0.49888529554403066,0.3334722296036557,-43.46021385635893,1.920927679140295e-06,True,True,True,24.125360216430444,24.12464111671012,24.124637278931974,1.9212556609606635,1.9212682713548463,1.921268341198671,1.391796924519196e-06,2.622720077927386e-09,-1.536765923049188e-05,-7.867058826604989e-08,False,False,False
ces,alpha,rho,0.5,-0.1,14,2120137,50,0.1,1.0,0.48474136310736543,-0.1931042046322907,-40.43386555171015,2.4567984809039264e-06,True,True,True,20.541029405899003,20.54022445814497,20.54022809838279,1.975423143352227,1.9754442330372337,1.9754441542240748,9.530004687516472e-06,5.136527561552937e-09,-1.4821196138825599e-05,8.648780891462593e-08,False,False,False
ces,alpha,rho,0.5,-0.1,15,2120138,50,0.1,1.0,0.5148280520482786,-0.04019593099464779,-48.16589860575987,4.205094023992933e-06,True,True,True,24.96689828519844,24.970086342658572,24.970018436027782,1.9871748210950508,1.9871235379942394,1.9871247144781738,9.698978340728866e-06,2.9944857516904184e-08,6.727632118952442e-05,-1.36504577596952e-06,False,False,False
ces,alpha,rho,0.5,-0.1,16,2120139,50,0.1,1.0,0.5164802930460871,0.09369862368064094,-43.77835127400812,5.33698127693726e-06,True,True,True,24.410476982327896,24.409372301569373,24.409376172207146,1.8637367109954983,1.8637568761693903,1.8637568095579136,1.9711304369053384e-06,5.630586817302196e-09,-2.1957497182256702e-05,8.188247591078834e-08,False,False,False
ces,alpha,rho,0.5,-0.1,17,2120140,50,0.1,1.0,0.5219698424261712,-0.008026056253479477,-47.556995391881244,1.0582043211650505e-05,True,True,True,17.61459125279625,17.610206918220968,17.610022724670163,2.0801436883688758,2.080245433528451,2.0802499339006992,1.7715870174040584e-05,1.3407341553996925e-07,-0.00013707439018162404,-5.278286479892813e-06,False,False,False
ces,alpha,rho,0.5,-0.1,18,2120141,50,0.1,1.0,0.5816134567243207,-0.44142957470630273,-47.026210838927085,2.9273433716307823e-06,True,True,True,12.440388171914915,12.440848126001223,12.440850003296543,2.0310118751954365,2.030991680113631,2.0309916121353244,9.57028729618589e-06,5.880838788178122e-09,1.379415161295583e-05,7.2634769310298e-08,False,False,False
ces,alpha,rho,0.5,-0.1,19,2120142,50,0.1,1.0,0.4927609728222198,-0.1366634396340884,-44.47440037591355,1.6925223420479923e-05,True,True,True,20.44379410185077,20.444896611283824,20.444876114657024,1.879204414153282,1.8791808656929323,1.8791812931192362,1.1267804903952956e-06,2.2648103848963297e-08,2.6305748320964994e-05,-5.104380136344844e-07,False,False,False
ces,alpha,rho,0.5,0.3,0,2130123,50,0.1,1.0,0.4597385724937839,0.1786160782607659,-48.892327568548886,1.0768993063642694e-05,True,True,True,28.331685636693592,28.33089033633647,28.330879150691526,1.91544100250332,1.915455199154813,1.91545536667902,4.698610989705116e-06,1.0373643478899891e-08,-1.1928903980162886e-05,-2.0195221850372036e-07,False,False,False
ces,alpha,rho,0.5,0.3,1,2130124,50,0.1,1.0,0.4941760967288776,0.16869377229299215,-45.296790420249216,8.896591643573639e-06,True,True,True,26.473979681095912,26.474382311155722,26.474368001700498,1.8210516628045326,1.821046928425069,1.8210471595154551,4.3519579507633e-06,1.2018663290269914e-08,9.483299500345765e-06,-2.7444945516208463e-07,False,False,False
ces,alpha,rho,0.5,0.3,2,2130125,50,0.1,1.0,0.5204879052310547,0.09938386134757846,-46.64075627243427,3.6579979463050444e-06,True,True,True,9.932881430827418,9.93171229567543,9.931730608654162,2.041720727276461,2.0417702775844733,2.0417694825434793,3.7923989672342114e-06,2.2655271222246616e-08,-5.97349888238341e-05,9.285629047894872e-07,False,False,False
ces,alpha,rho,0.5,0.3,3,2130126,50,0.1,1.0,0.4856761542477542,0.24914815938754845,-42.19035668868352,1.4407804637029868e-05,True,True,True,25.93705521323314,25.93809290455414,25.938077020642837,1.9256477132797738,1.9256323172122323,1.92563258049247,4.630694435616272e-06,9.681856500367305e-09,2.1972618824861456e-05,-3.0926537419873057e-07,False,False,False
ces,alpha,rho,0.5,0.3,4,2130127,50,0.1,1.0,0.48198748101871314,0.2795875605446953,-37.02466142508286,1.2307832905067255e-06,True,True,True,20.011109044987926,20.010330860696275,20.010333677884105,1.8991645054868125,1.899181312058637,1.8991812508666723,1.1023024488070377e-06,1.846289696192676e-09,-1.9468752832096925e-05,7.033680304857626e-08,False,False,False
ces,alpha,rho,0.5,0.3,5,2130128,50,0.1,1.0,0.4944282714288688,0.33041040303091695,-41.15505742003431,2.402921697826495e-06,True,True,True,17.786706699046995,17.785999567851267,17.785984497885444,1.968140672697245,1.9681576159732015,1.9681579815123829,9.319639060212745e-07,1.0725717752506443e-08,-2.0676736681934926e-05,-4.264515496288368e-07,False,False,False
ces,alpha,rho,0.5,0.3,6,2130129,50,0.1,1.0,0.4654761190873564,0.2056698297038454,-45.524414061562695,8.93243787683285e-06,True,True,True,24.866650954617867,24.866788862678803,24.86678551904201,1.8863389150326757,1.886333718003891,1.8863337757747711,6.562350051537243e-06,2.2959220208447036e-09,-5.053625713458132e-07,-6.795077212018441e-08,False,False,False
ces,alpha,rho,0.5,0.3,7,2130130,50,0.1,1.0,0.47550946189202836,0.3380409504097923,-45.231307449183284,8.564103534309966e-07,True,True,True,35.80179899360348,35.80299592199202,35.80299292112054,1.8514819312118436,1.8514648466226808,1.8514648814933867,6.004912515632964e-06,3.817103656355222e-09,1.3718485035951744e-05,-4.366983574755068e-08,False,False,False
ces,alpha,rho,0.5,0.3,8,2130131,50,0.1,1.0,0.5141075915877363,0.18837981875875373,-49.33154887427576,3.1832334387457467e-06,True,True,True,22.230541794965124,22.23064726907466,22.23063608920721,1.9352332643530354,1.9352329649564817,1.9352331825766202,4.131487663520108e-06,6.119107065857403e-09,4.147495332063045e-06,-2.523590509895257e-07,False,False,False
ces,alpha,rho,0.5,0.3,9,2130132,50,0.1,1.0,0.5185680704945265,-0.13711545380288315,-42.180882428442814,1.2955329812464025e-06,True,True,True,16.23851239406164,16.23905031158225,16.239062664884983,1.9770700312687755,1.977053001804155,1.9770526716723813,6.336067420847543e-06,8.547554903295084e-09,1.3900227379792796e-05,3.8063729590476214e-07,False,False,False
ces,alpha,rho,0.5,0.3,10,2130133,50,0.1,1.0,0.5276626261082706,0.2967340571655099,-47.598954128430194,7.35025465540673e-07,True,True,True,24.307659875632567,24.307726922397702,24.307736632727416,1.8820477867445797,1.8820458945454541,1.8820457236969408,2.0418626936025945e-06,8.068086821711353e-09,7.825564409813524e-07,2.0277831680459713e-07,False,False,False
ces,alpha,rho,0.5,0.3,11,2130134,50,0.1,1.0,0.5237057340356549,0.6611500314943851,-42.20420882383424,1.79305427692396e-06,True,True,True,17.63796280754896,17.63807136691992,17.63807357343693,2.0247466786657085,2.0247453410161484,2.0247452865366937,3.0749074111228976e-06,2.027938758812367e-09,4.677203129688223e-06,6.237787886220758e-08,False,False,False
ces,alpha,rho,0.5,0.3,12,2130135,50,0.1,1.0,0.5272934963934094,0.5216038275993083,-44.84800565253401,2.7951729823535524e-06,True,True,True,20.59836140535507,20.59856460457537,20.598559181552776,1.9815939683118011,1.9815920865148333,1.9815922013083358,5.549079980420656e-06,3.7223888337580585e-09,7.567166022681704e-06,-1.3111099406160065e-07,False,False,False
ces,alpha,rho,0.5,0.3,13,2130136,50,0.1,1.0,0.4570502985515725,0.10141850611402689,-51.765006642963044,2.634053894797481e-06,True,True,True,21.740788732856576,21.74207911248787,21.74205347685801,1.9420077057198626,1.9419850495363722,1.9419855557251278,7.200264685546749e-06,1.934160882488214e-08,3.2670970597337146e-05,-5.963084035442989e-07,False,False,False
ces,alpha,rho,0.5,0.3,14,2130137,50,0.1,1.0,0.5159853446714482,0.17209369901870405,-51.03181210667831,8.209843964383951e-07,True,True,True,19.765071396108446,19.76490208504758,19.764896201321044,1.8999671950259767,1.899972037140422,1.8999721650165518,2.6843815887076187e-06,5.022979212986953e-09,-3.1419842372315543e-06,-1.5046279600028356e-07,False,False,False
ces,alpha,rho,0.5,0.3,15,2130138,50,0.1,1.0,0.49980912582108994,0.32580520819514824,-37.18535010368525,7.669864524759936e-06,True,True,True,19.98149029659753,19.980759535912917,19.980743491059687,1.9058856205167827,1.9059041221896411,1.9059044679163624,6.065483482875031e-06,1.3033761496634602e-08,-1.5676694580690764e-05,-4.0498290587720476e-07,False,False,False
ces,alpha,rho,0.5,0.3,16,2130139,50,0.1,1.0,0.494245089466779,0.005640396948948951,-35.63690051484637,2.433440304732343e-06,True,True,True,16.124455246482306,16.13905025885741,16.138569918220828,1.9110877331107603,1.9107086194539475,1.9107214945165993,5.756849145644625e-05,3.911404162971231e-07,0.0004533273861468956,-1.4940112670558392e-05,False,False,False
ces,alpha,rho,0.5,0.3,17,2130140,50,0.1,1.0,0.5189200515108511,0.3672562326939848,-37.82154822206958,8.548951996190243e-06,True,True,True,16.91078829338043,16.911113660137403,16.91110317125149,2.014201583988926,2.0141901891029033,2.014190457630125,7.015309574108797e-06,6.484914412498907e-09,5.810073147927142e-06,-3.1108307041449734e-07,False,False,False
ces,alpha,rho,0.5,0.3,18,2130141,50,0.1,1.0,0.5017390608620977,-0.295713197861093,-47.08979661767474,3.465804666750614e-06,True,True,True,16.8773653636407,16.878518755248223,16.878510124220295,1.966357915591879,1.9663266545573146,1.9663268730750576,4.062160928320575e-06,9.90247427139681e-09,3.208683806121826e-05,-2.5978397388826124e-07,False,False,False
ces,alpha,rho,0.5,0.3,19,2130142,50,0.1,1.0,0.5264980258255415,0.052378861938437646,-36.754146855093126,1.3779695436891884e-05,True,True,True,21.54033898682328,21.541755431964674,21.54175405194259,1.9073273362688974,1.907298681519228,1.907298716019374,1.008398681439813e-06,1.6252216656564227e-08,3.274128793862019e-05,-2.4342895699192013e-08,False,False,False
ces,alpha,rho,0.5,0.7,0,2140123,50,0.1,1.0,0.45745693840091683,0.7563587961531402,-45.75197278271209,2.1437116730181187e-06,True,True,True,18.17939760961545,18.179721929848217,18.179719976985048,1.984686282628986,1.9846787166276105,1.9846787631157035,4.915425018638375e-07,1.6327243627554947e-09,9.075249280954267e-06,-5.3898467911039916e-08,False,False,False
ces,alpha,rho,0.5,0.7,1,2140124,50,0.1,1.0,0.4868768580561914,0.28667423381810325,-36.54101197138625,2.9306011906176833e-06,True,True,True,21.13341834814731,21.133823224664347,21.13381874339263,2.0029059384042878,2.0029019119537197,2.0029020032215503,9.8916983698936e-06,4.668382153931976e-09,1.4415345006568714e-05,-1.0696669505705358e-07,False,False,False
ces,alpha,rho,0.5,0.7,2,2140125,50,0.1,1.0,0.4977873501848877,0.6742182287363861,-47.47269065299034,7.378704927843483e-07,True,True,True,17.37742342404214,17.377291046988717,17.377292946908987,1.9523349500094014,1.9523387189982215,1.9523386715117501,1.1428181353696318e-06,2.1715371062315966e-09,-3.223918305650386e-06,5.4662685045059334e-08,False,False,False
ces,alpha,rho,0.5,0.7,3,2140126,50,0.1,1.0,0.5367218101794293,0.6758480529791425,-44.587542805981634,3.0627606495062744e-07,True,True,True,15.906554797032506,15.90685970682355,15.906861376094922,1.9353748329920417,1.9353658861115364,1.9353658404181526,1.5128275809143236e-06,1.3205866330648003e-09,8.920487374552977e-06,5.233388833403296e-08,False,False,False
ces,alpha,rho,0.5,0.7,4,2140127,50,0.1,1.0,0.5049286899063411,0.5239633556961187,-44.12762155307729,1.0846518645982226e-05,True,True,True,37.68233637302796,37.68265796625205,37.68265334119766,1.859592262527608,1.8595903242141794,1.8595903772199482,4.099253821033823e-06,3.0074235658066152e-09,6.241008819074523e-06,-6.17118089962787e-08,False,False,False
ces,alpha,rho,0.5,0.7,5,2140128,50,0.1,1.0,0.48510338249596785,0.39693883045873984,-48.8792883148326,1.3968988278163507e-07,True,True,True,26.85663943403052,26.856938131452758,26.856928204459496,1.8597993753753417,1.859795202090181,1.8597953607751596,1.8364379025429023e-06,6.636560697449708e-09,6.130254909919586e-06,-1.869321408776159e-07,False,False,False
ces,alpha,rho,0.5,0.7,6,2140129,50,0.1,1.0,0.48105212568894457,0.7406008836019873,-49.99859978644848,3.3233049206598197e-06,True,True,True,23.26877883881705,23.26863606659884,23.268635004643745,1.9027285553949607,1.9027312727235006,1.9027312922683806,3.356955754268223e-07,9.333408282394575e-10,-3.030500508316436e-06,-2.3137033622333547e-08,False,False,False
ces,alpha,rho,0.5,0.7,7,2140130,50,0.1,1.0,0.5346444766525632,0.664132626866431,-41.616613044389936,1.516147358435379e-06,True,True,True,24.780253770362464,24.77994024713303,24.7799409780226,1.913779869740903,1.9137849730289571,1.9137849599184187,1.0458651746601242e-06,8.472113055445287e-10,-6.7624409680888675e-06,1.4401145165265916e-08,False,False,False
ces,alpha,rho,0.5,0.7,8,2140131,50,0.1,1.0,0.4813193939852004,0.3931789918733811,-36.419582391135044,1.3803790004585845e-06,True,True,True,31.61599457842074,31.61591776815443,31.61591152873513,1.8842333313844342,1.8842351353476259,1.884235219920945,1.9421924485165164e-06,3.669433894468943e-09,-4.525704611069159e-07,-9.998196048854879e-08,False,False,False
ces,alpha,rho,0.5,0.7,9,2140132,50,0.1,1.0,0.451776070087516,0.47230192976938035,-42.506371235615205,2.2861926457830136e-07,True,True,True,22.443957260724932,22.44348096101494,22.44348291540207,1.9498430192953085,1.9498500773990095,1.9498500396183802,5.0793452633468585e-06,1.6196879827142552e-09,-1.3052434020721648e-05,4.3583831654814276e-08,False,False,False
ces,alpha,rho,0.5,0.7,10,2140133,50,0.1,1.0,0.508306313779434,0.5337417528163818,-47.28744696059834,1.5259473922192372e-06,True,True,True,32.932335648606326,32.93204038962963,32.93204023703301,1.8780261800401963,1.8780308062042348,1.8780308076983325,1.799767362563761e-06,1.506630332885068e-09,-3.6425106983983824e-06,-2.913537855420145e-09,False,False,False
ces,alpha,rho,0.5,0.7,11,2140134,50,0.1,1.0,0.47086382670120863,0.537328219854389,-41.4966725612139,7.13830714359899e-06,True,True,True,20.7362895793665,20.736716189382065,20.736710214132813,1.9341117294154402,1.9341030293264758,1.9341031530469008,7.200441499687238e-07,4.703227146092918e-09,1.0410843238162215e-05,-1.4570992590279275e-07,False,False,False
ces,alpha,rho,0.5,0.7,12,2140135,50,0.1,1.0,0.45334952157864666,0.3891135864232638,-46.92262212953939,8.626952292898438e-06,True,True,True,26.757459642848694,26.75798533757762,26.757984366188847,1.836775847676331,1.8367685332477146,1.836768547386121,2.8884344723404474e-06,4.1061823043378384e-09,1.120539516819008e-05,-2.0025318292482552e-08,False,False,False
ces,alpha,rho,0.5,0.7,13,2140136,50,0.1,1.0,0.4921979005464726,0.6617312790480727,-43.43421743972988,6.050262007314366e-07,True,True,True,24.23860765868876,24.23861945342835,24.238621617984407,1.9141369733834845,1.9141352860890355,1.9141352472247184,3.4174235845219143e-06,2.8585176598360264e-09,-1.4114022732769627e-06,4.455775126643857e-08,False,False,False
ces,alpha,rho,0.5,0.7,14,2140137,50,0.1,1.0,0.5393617072609437,0.37404950656290087,-46.535476596591145,5.7134053898855325e-06,True,True,True,19.875794241758996,19.875668578449357,19.875669642403423,2.022667997290329,2.022667360538611,2.0226673369470523,7.798657683029706e-06,3.6934030701363007e-09,-7.0291673921474285e-06,2.636969043123827e-08,False,False,False
ces,alpha,rho,0.5,0.7,15,2140138,50,0.1,1.0,0.5020087422572004,0.6248521221267591,-46.379047660287306,7.48502054623235e-07,True,True,True,24.677103047604465,24.676883908289092,24.67688427707554,1.9389675392246744,1.9389701968307937,1.9389701904261794,2.782783844561516e-06,1.6337924966827176e-09,-5.813055373948828e-06,7.57103180148988e-09,False,False,False
ces,alpha,rho,0.5,0.7,16,2140139,50,0.1,1.0,0.5428978621934962,0.6821358205406595,-40.0043133611809,4.494238972717855e-06,True,True,True,23.883098483577,23.883373243715674,23.883370915418414,1.9023685444867031,1.9023642112359949,1.9023642524045614,1.5443823361784392e-06,2.960320726111401e-09,6.465381261477887e-06,-5.0089056458091363e-08,False,False,False
ces,alpha,rho,0.5,0.7,17,2140140,50,0.1,1.0,0.49106268017156957,0.5118545555911467,-47.83199033406174,7.479706905907087e-07,True,True,True,22.446756064923186,22.44719652856932,22.447194743332645,1.9622382634585955,1.9622288172026179,1.9622288511705153,2.258774311784942e-06,1.6741832802571155e-09,8.706576778649833e-06,-4.042350809640993e-08,False,False,False
ces,alpha,rho,0.5,0.7,18,2140141,50,0.1,1.0,0.5027241441278305,0.5984262193191994,-37.90985563463501,1.259425724605078e-06,True,True,True,23.49662650808181,23.496393906819826,23.496392500702076,1.9440486109132042,1.944053974467943,1.944053999674854,2.4967217120592124e-06,2.8838700694107442e-09,-3.755198974886298e-06,-3.082345045868351e-08,False,False,False
ces,alpha,rho,0.5,0.7,19,2140142,50,0.1,1.0,0.4683493510294845,0.8,-50.685823603668844,2.9135836250463414,True,True,True,24.058703698901272,24.058861725320405,24.05885422138896,1.9030462886008404,1.9030436599423342,1.903043794239319,5.190555550073153e-07,4.755445942718298e-09,3.3847076821302835e-06,-1.5728378599533244e-07,False,False,False
ces,alpha,rho,0.75,-0.7,0,2150123,50,0.1,1.0,0.7899280521834239,-0.3270796625770331,-43.17196649052417,4.145280073862149e-06,True,True,True,8.977631552453806,8.977945927021665,8.977940054810318,2.261481556422755,2.2614606142203533,2.2614608958534737,1.3214900772780944e-05,7.849308150458673e-09,1.0576496109138134e-05,-3.2982880071585896e-07,False,False,False
ces,alpha,rho,0.75,-0.7,1,2150124,50,0.1,1.0,0.7135718972719953,-0.22819510792614048,-37.987752670790826,3.3837131315469522e-06,True,True,True,14.092093081142567,14.092161826714175,14.092154689520237,2.1440433258301117,2.1440362846590393,2.1440365009934466,1.1359823148345802e-05,1.0200438148473692e-08,-3.485553037307909e-06,-2.574014459355567e-07,False,False,False
ces,alpha,rho,0.75,-0.7,2,2150125,50,0.1,1.0,0.7391916755771316,-0.469985058265998,-42.68898988942371,4.618664423253167e-07,True,True,True,12.450906427000305,12.450866208339368,12.450864449177416,2.2570053872723164,2.2569968500915336,2.2569969070469003,2.2925312785250806e-05,1.2057034343224661e-08,-1.313469321928551e-05,-7.571603788392167e-08,False,False,False
ces,alpha,rho,0.75,-0.7,3,2150126,50,0.1,1.0,0.7214600704003422,-0.2698443516193687,-44.65649614047167,4.992700468874305e-06,True,True,True,14.611701875400948,14.611487255710756,14.611482337416794,2.06271484563081,2.0627154913606685,2.0627156330429606,1.321602011301225e-05,1.2083521292878157e-08,-1.4118377009708638e-05,-1.7348690306562276e-07,False,False,False
ces,alpha,rho,0.75,-0.7,4,2150127,50,0.1,1.0,0.7464604913499094,-0.5780694066332555,-37.2585532432077,2.3424429080937534e-06,True,True,True,10.80867147737807,10.80821439111379,10.8082166131347,2.183728587768806,2.183741693106483,2.1837416005355146,1.2164096126913776e-05,1.010977633558666e-08,-2.710265449934468e-05,9.901002329115727e-08,False,False,False
ces,alpha,rho,0.75,-0.7,5,2150128,50,0.1,1.0,0.7244708940575793,-0.6409524549973704,-39.68765226905794,8.545439628945194e-07,True,True,True,13.616629878793564,13.616939519689447,13.61694172998417,2.0841274987922365,2.0841164210595826,2.0841163458858607,3.175215919981434e-06,1.1652932395239028e-08,1.006170986528332e-05,7.577253313684196e-08,False,False,False
ces,alpha,rho,0.75,-0.7,6,2150129,50,0.1,1.0,0.7518477805312641,0.02369249552665465,-50.83901392279348,4.508472340940503e-05,True,True,True,13.704032033584568,13.699392273501402,13.69936606310478,2.0862194057474293,2.086362328129653,2.0863631559293587,1.0211664336552435e-05,1.726013696457419e-08,-0.0001750410440450878,-9.602147059695199e-07,False,False,False
ces,alpha,rho,0.75,-0.7,7,2150130,50,0.1,1.0,0.7745368004244585,-0.8,-46.467275616452135,0.051682299330405135,True,True,True,12.64470773192433,12.64472840863703,12.6447269768898,2.2183470389851956,2.2183317866680023,2.2183318265282903,3.353100711054929e-05,2.344313433134744e-08,-1.59920115265777e-05,-6.733793611601868e-08,False,False,False
ces,alpha,rho,0.75,-0.7,8,2150131,50,0.1,1.0,0.7543030287410389,-0.5472570053492903,-48.76826926116565,3.6984346629621436e-06,True,True,True,13.507598779071381,13.507238102694613,13.507238641161518,2.2763165251367563,2.27631595672468,2.276315933381314,2.8068339829805175e-05,1.634302221488243e-08,-2.7343514041433536e-05,1.2990021502901072e-08,False,False,False
ces,alpha,rho,0.75,-0.7,9,2150132,50,0.1,1.0,0.7337379909355891,-0.4945191752632873,-47.26876934858957,2.9478961535160405e-07,True,True,True,11.992499726446368,11.992973550307264,11.99296659731074,2.1319145492397853,2.131893433618792,2.1318936803930906,9.137798506099591e-06,1.3282703782047805e-08,1.490333223586049e-05,-2.956466076398101e-07,False,False,False
ces,alpha,rho,0.75,-0.7,10,2150133,50,0.1,1.0,0.7605931724570525,-0.5921281322819233,-29.06515909106196,7.158916412535804e-07,True,True,True,12.277439868307805,12.277615659102054,12.27761044445633,2.145225309943402,2.145208101380696,2.145208277462116,2.5343851207401773e-05,2.1067057943262624e-08,-5.716002920763685e-06,-2.220067507607837e-07,False,False,False
ces,alpha,rho,0.75,-0.7,11,2150134,50,0.1,1.0,0.7271810703375602,-0.4782438639277181,-45.35799223466007,1.3237136558474084e-06,True,True,True,14.340250939374474,14.339730192573157,14.339732518154605,2.1690284458178777,2.169036818405236,2.1690367433742863,1.7048129797928855e-05,1.2339464566927663e-08,-2.6599213384770337e-05,7.579490812759104e-08,False,False,False
ces,alpha,rho,0.75,-0.7,12,2150135,50,0.1,1.0,0.6826018300124854,-0.03954432530201667,-36.93247678238898,1.1237550106842055e-05,True,True,True,15.179672397510737,15.179892762274166,15.179941129101651,2.1437283031462715,2.1437143000085195,2.1437129160015,1.7894320741955316e-05,2.2893194789827364e-08,-1.1876373662289552e-08,1.5928409879961691e-06,False,False,False
ces,alpha,rho,0.75,-0.7,13,2150136,50,0.1,1.0,0.731932751613657,-0.5193884573815838,-47.18820027323257,6.146194664324867e-07,True,True,True,12.437943072179985,12.43865392950655,12.438650091176667,2.14087677983089,2.1408456725659266,2.1408458018521017,1.449664545041353e-05,1.2202418515391029e-08,2.1177391857918337e-05,-1.5973464684293504e-07,False,False,False
ces,alpha,rho,0.75,-0.7,14,2150137,50,0.1,1.0,0.7490777428472811,-0.2831394199301078,-46.901193466248145,5.090775898252813e-06,True,True,True,12.16106742569466,12.160682676476846,12.16066880634465,2.1477856496262886,2.147797053073455,2.1477975433680694,5.405551258813926e-06,1.488943067370609e-08,-1.90856801651762e-05,-5.760999499671016e-07,False,False,False
ces,alpha,rho,0.75,-0.7,15,2150138,50,0.1,1.0,0.7554948348284167,-0.3558400776672107,-42.53499268975523,1.7518625319913875e-06,True,True,True,12.36608363973775,12.365799094210127,12.365795046353737,2.2144911576942357,2.214493276288754,2.214493414480241,1.8164151405983424e-05,1.1333236570462908e-08,-2.073954389913979e-05,-1.6824411375182535e-07,False,False,False
ces,alpha,rho,0.75,-0.7,16,2150139,50,0.1,1.0,0.7077032685498554,0.12006951153689704,-43.6939437061609,1.1146069444606846e-06,True,True,True,10.13306046101867,10.1342819177898,10.13426110119878,2.1800050603846546,2.179949671759633,2.179950557527979,7.943907413862281e-06,2.202795718702506e-08,5.573166721717371e-05,-1.0343001832779919e-06,False,False,False
ces,alpha,rho,0.75,-0.7,17,2150140,50,0.1,1.0,0.7348514597876401,-0.6315749556913153,-43.7866932590744,4.4099610363332454e-06,True,True,True,14.28100374623733,14.28158477361436,14.281584530787557,2.2274691849147086,2.2274398760910388,2.2274398777213027,2.683675539383976e-05,1.521008418842035e-08,6.926348135039007e-06,-1.5125884544886503e-08,False,False,False
ces,alpha,rho,0.75,-0.7,18,2150141,50,0.1,1.0,0.7593305631194878,-0.36112167039028076,-40.24126138119225,2.442598525099569e-06,True,True,True,12.044414931335488,12.044104894920418,12.044106861875575,2.1138551445255955,2.1138594059202145,2.1138593302683804,1.5942076330776526e-05,1.2997440266886461e-08,-2.0759098006806198e-05,7.621528652634879e-08,False,False,False
ces,alpha,rho,0.75,-0.7,19,2150142,50,0.1,1.0,0.7524451496631571,-0.646799117825147,-46.099480027497,3.6257074936411665e-06,True,True,True,15.974904273722855,15.975214783887735,15.975211472189939,2.07266203345543,2.072645889017139,2.0726459725929574,1.7761109688830245e-05,1.6501486073723673e-08,7.391300727022099e-07,-1.11082037790311e-07,False,False,False
ces,alpha,rho,0.75,-0.3,0,2160123,50,0.1,1.0,0.7204219818671014,-0.15706971699000885,-42.49756135696367,3.2591786682581348e-06,True,True,True,20.60307558036391,20.602112783438415,20.602113329537698,2.1373585870089746,2.1373702610933303,2.137370244950407,1.9895248413138965e-05,1.3349303814088888e-08,-3.3283621810653585e-05,7.921727274151635e-09,False,False,False
ces,alpha,rho,0.75,-0.3,1,2160124,50,0.1,1.0,0.7502685196971625,0.04759887401288533,-46.346961323504765,1.5074620048494233e-05,True,True,True,15.761260886565454,15.76790101951102,15.767867139840845,2.149515665412168,2.149326909884552,2.1493278404514666,1.3964006385184726e-05,1.7423236892035946e-08,0.00020281567940827472,-1.077295628704178e-06,False,False,False
ces,alpha,rho,0.75,-0.3,2,2160125,50,0.1,1.0,0.7066809651734427,-0.14222067284820275,-46.15367571137568,6.1308269072610065e-06,True,True,True,12.900480373441278,12.899536206864797,12.899539154355589,2.0589170953514024,2.0589431398563325,2.058943039972056,1.3245740639290631e-05,6.59590523396668e-09,-4.309281624870209e-05,1.1349982287356397e-07,False,False,False
ces,alpha,rho,0.75,-0.3,3,2160126,50,0.1,1.0,0.7173179323400545,-0.4287968545286549,-44.64093176273199,2.850890581644078e-06,True,True,True,13.598267520512142,13.598048262336468,13.598052226674413,2.1416640348030613,2.1416626982380613,2.1416625678809527,1.9216640417150815e-05,1.0448813243176646e-08,-1.7521427935207612e-05,1.4145806659371374e-07,False,False,False
ces,alpha,rho,0.75,-0.3,4,2160127,50,0.1,1.0,0.740484591767538,-0.061091851520854716,-50.166550550374524,7.0313158298848916e-06,True,True,True,17.636070495288973,17.634578005605242,17.634576408400395,2.1262321277715976,2.1262640543223794,2.12626408934473,1.1164548266639202e-05,1.2569469445447408e-08,-4.792414282661639e-05,-5.025136573522104e-08,False,False,False
ces,alpha,rho,0.75,-0.3,5,2160128,50,0.1,1.0,0.7584949976136591,-0.10624837880764292,-44.81717555379311,2.9476820646851165e-07,True,True,True,10.25809581742776,10.259333031643346,10.259320288324306,2.063694735893723,2.0636410939461975,2.063641632597171,3.092480793074248e-06,1.091907896916502e-08,5.8221742385455855e-05,-6.219755590564091e-07,False,False,False
ces,alpha,rho,0.75,-0.3,6,2160129,50,0.1,1.0,0.7598854238581038,-0.23715912431649863,-38.9378752284176,9.379433253147401e-08,True,True,True,14.663521999616266,14.662875330818805,14.662874465902508,2.1836459489891817,2.183657260510839,2.183657282670258,1.8088450849462944e-05,1.0649304468590492e-08,-3.1112086652740345e-05,-3.347484778259968e-08,False,False,False
ces,alpha,rho,0.75,-0.3,7,2160130,50,0.1,1.0,0.7014806569926564,-0.11449146784950985,-36.48964958238357,9.03437485440535e-06,True,True,True,15.480520889510148,15.480107088750295,15.480083813342645,1.9850155111463363,1.9850287381202116,1.9850293843903128,4.248682870862713e-06,2.1992178196685418e-08,-1.2262180689504021e-05,-7.59524084514851e-07,False,False,False
ces,alpha,rho,0.75,-0.3,8,2160131,50,0.1,1.0,0.7527552542009897,-0.24583221398005226,-51.17225215119609,2.5911073679326737e-06,True,True,True,17.39116582396077,17.391081695353172,17.391074371063727,2.20158521257487,2.2015770525456944,2.2015772304632963,2.3743702301728928e-05,1.4647100051481125e-08,-1.4448342852801943e-05,-2.1631691282664178e-07,False,False,False
ces,alpha,rho,0.75,-0.3,9,2160132,50,0.1,1.0,0.7223312583140031,0.008259616598553295,-46.60716206028333,2.992976801690074e-05,True,True,True,17.62261812813956,17.60967650935005,17.609415427715852,2.035332474208788,2.0356463392768074,2.0356527476732302,1.4153554090642267e-05,1.536784922211475e-07,-0.00038074296371348737,-7.448203255933095e-06,False,False,False
ces,alpha,rho,0.75,-0.3,10,2160133,50,0.1,1.0,0.7595624862311997,0.19447196947729942,-51.033030144154466,3.856979188893804e-06,True,True,True,14.711970782875978,14.712435534574276,14.712430181877645,2.168194703299914,2.168177357902074,2.168177514868192,8.406045412926363e-06,6.004002155830621e-09,1.1436803198705547e-05,-1.8310738880700228e-07,False,False,False
ces,alpha,rho,0.75,-0.3,11,2160134,50,0.1,1.0,0.7767464013118384,-0.18256711288509841,-39.11300960283456,6.377683129336416e-06,True,True,True,12.820293646239413,12.819790113457255,12.819785029334444,2.2145012903456505,2.2145118592704924,2.2145120291992657,1.4971463444555023e-05,8.065769051681768e-09,-2.73100216787725e-05,-2.0094628183642271e-07,False,False,False
ces,alpha,rho,0.75,-0.3,12,2160135,50,0.1,1.0,0.7766184431454405,-0.49818611033010285,-48.59645374410098,3.304398072056274e-06,True,True,True,15.880785733254543,15.880976855220283,15.880967613755676,2.2769021883170693,2.276884027405115,2.276884273226355,2.988644689413046e-05,1.938957448983828e-08,-9.17271061240399e-06,-2.989084251225904e-07,False,False,False
ces,alpha,rho,0.75,-0.3,13,2160136,50,0.1,1.0,0.7785002206027877,-0.2979109373450621,-41.35887544573436,1.5954888659556812e-06,True,True,True,10.198463524831944,10.198339252842791,10.198345910962203,2.217753725725133,2.217755174631201,2.2177548881088955,8.885568685516615e-06,1.0308988057146634e-08,-1.0194331480306573e-05,3.2299189456352906e-07,False,False,False
ces,alpha,rho,0.75,-0.3,14,2160137,50,0.1,1.0,0.7723857866802637,0.03549776711429027,-46.8798309571832,1.5525805907796674e-06,True,True,True,10.028675177413104,10.027760964970676,10.02774085753114,2.246565449239087,2.2465997236481132,2.2466005991973304,1.2739330480093045e-05,1.639820758879451e-08,-5.2701291551215945e-05,-9.97166104355074e-07,False,False,False
ces,alpha,rho,0.75,-0.3,15,2160138,50,0.1,1.0,0.757335212389473,0.15379913249184554,-48.104680044916215,3.782665865139353e-06,True,True,True,11.125951046479686,11.126836564196202,11.126829975597069,2.1679390269690826,2.1679018449262624,2.1679020976949523,6.062129544935858e-06,1.1814617828630818e-08,3.6478592903677054e-05,-3.0112534687987136e-07,False,False,False
ces,alpha,rho,0.75,-0.3,16,2160139,50,0.1,1.0,0.7323855300122947,-0.14646785156252615,-34.19463125107244,2.888434877661229e-06,True,True,True,11.13107601266481,11.129842563416995,11.129817921355087,2.132970307720192,2.133014417369745,2.1330153746617753,9.30537128461521e-06,1.9706745523556786e-08,-6.114628355291529e-05,-1.1119323239938694e-06,False,False,False
ces,alpha,rho,0.75,-0.3,17,2160140,50,0.1,1.0,0.7629188309666041,-0.3577871191107956,-45.027615710987575,7.865095081471955e-06,True,True,True,16.282254757946934,16.283070793931042,16.283061689266415,2.1296733716437446,2.129640497117973,2.1296407341638353,2.5639630220396085e-05,1.672907853561541e-08,1.1982426656231837e-05,-2.862401373704415e-07,False,False,False
ces,alpha,rho,0.75,-0.3,18,2160141,50,0.1,1.0,0.7140335666693264,-0.01482208767283618,-44.14390477758059,4.188687093736081e-06,True,True,True,18.978905529529808,18.988948535169705,18.98875073989219,2.0986402896543317,2.098402210749234,2.098406687690613,2.088814747924671e-05,1.3643991006334844e-07,0.000249666194029885,-5.262121497651151e-06,False,False,False
ces,alpha,rho,0.75,-0.3,19,2160142,50,0.1,1.0,0.7278949921725943,-0.16337494968634478,-44.983901613151495,4.760238621150469e-07,True,True,True,13.952631873986581,13.952122672095365,13.952108535380292,2.065688294390441,2.065694321872198,2.0656947572869053,2.2639414996164865e-05,1.6670271307733303e-08,-3.0068254723403243e-05,-5.119412236354037e-07,False,False,False
ces,alpha,rho,0.75,-0.1,0,2170123,50,0.1,1.0,0.7575269112960136,-0.5834415003444314,-47.54711801836072,5.181149053631526e-06,True,True,True,10.41444945494903,10.414112029523928,10.414109878067165,2.2382752044852414,2.2382796165577314,2.238279701652809,2.227969486920932e-05,1.2780501075298648e-08,-2.7429297084324844e-05,-1.0862120802812569e-07,False,False,False
ces,alpha,rho,0.75,-0.1,1,2170124,50,0.1,1.0,0.7504022717808798,0.20036927138156332,-42.010179099576796,1.9011651418004348e-05,True,True,True,14.070926867405893,14.070834903909226,14.070827254086147,2.1737112185378,2.1737101779166195,2.1737104112544827,9.035669544749691e-06,1.0385342173744455e-08,-8.008815903792765e-06,-2.7502518662458897e-07,False,False,False
ces,alpha,rho,0.75,-0.1,2,2170125,50,0.1,1.0,0.7328717954887556,-0.42393377393993426,-50.177795050948,3.4389827988917607e-07,True,True,True,22.584872940810726,22.585068386089674,22.58506842747336,2.0464623977869767,2.046450873441782,2.0464508674917536,1.790169590474401e-05,1.3886431018816519e-08,-4.619134521988144e-06,-5.0178741162199e-09,False,False,False
ces,alpha,rho,0.75,-0.1,3,2170126,50,0.1,1.0,0.747488158433097,0.273629726697638,-49.377945031067256,1.582023042148678e-06,True,True,True,16.943175440991073,16.943548367131914,16.94353968674053,2.1040859949274013,2.104073260741619,2.1040734801939265,7.413843563412658e-06,9.300899490167878e-09,7.089730040377162e-06,-2.596588117853571e-07,False,False,False
ces,alpha,rho,0.75,-0.1,4,2170127,50,0.1,1.0,0.7391007142896907,-0.5489921018468777,-38.830590272972785,2.377532692194091e-06,True,True,True,15.181214253320835,15.181227593809526,15.181224920686287,2.1892953320095097,2.1892811520172852,2.1892812209654413,3.1863363520278525e-05,1.9069349083199175e-08,-1.5543271310036744e-05,-9.670134915040762e-08,False,False,False
ces,alpha,rho,0.75,-0.1,5,2170128,50,0.1,1.0,0.7472769291703629,-0.032751517754323466,-47.76751951857788,3.3058377813452687e-06,True,True,True,18.635897431678426,18.644946553896197,18.64485806112078,2.076476688482805,2.0762602361528932,2.07626228743038,1.3656578490989846e-05,4.597414838361292e-08,0.00023387239750860545,-2.3845977565883913e-06,False,False,False
ces,alpha,rho,0.75,-0.1,6,2170129,50,0.1,1.0,0.7579155396932393,-0.011735008800210124,-48.06846920262976,7.67298071872428e-06,True,True,True,12.66222642852556,12.660833677844792,12.66098785444454,2.1327565877612664,2.1328037797264345,2.132798486499938,3.340527622780679e-06,9.032930459805279e-08,-4.958353216721889e-05,6.083318169203267e-06,False,False,False
ces,alpha,rho,0.75,-0.1,7,2170130,50,0.1,1.0,0.7526496319318705,-0.09664410939366136,-45.3263290377239,6.894553276496284e-07,True,True,True,10.26102318081207,10.25814705316509,10.25814281229937,2.154006563297096,2.1541305551320606,2.1541307343249962,6.172091711770885e-06,5.918929444824941e-09,-0.00013779190539509045,-2.0711100034986885e-07,False,False,False
ces,alpha,rho,0.75,-0.1,8,2170131,50,0.1,1.0,0.7378447638278295,-0.18464611225292588,-44.95410826760051,1.0576411317660611e-06,True,True,True,18.451844911908026,18.45281635272357,18.45280982328363,2.1075145313793153,2.1074832756114383,2.1074834249775343,1.93829350331169e-05,1.3046840106392766e-08,1.6479554666659624e-05,-1.8188115546990957e-07,False,False,False
ces,alpha,rho,0.75,-0.1,9,2170132,50,0.1,1.0,0.7653368727436316,0.2942851378168931,-48.45750141086383,1.119786947522334e-06,True,True,True,13.425156060210902,13.424964809091305,13.424963578510493,2.1020981207713487,2.1021057205876925,2.1021057602262854,3.3612227375745347e-06,2.8158402716524325e-09,-5.542245411049862e-06,-4.6027999189846014e-08,False,False,False
ces,alpha,rho,0.75,-0.1,10,2170133,50,0.1,1.0,0.7163229658749928,-0.1177385368425898,-43.683833510154194,1.0577735896669614e-05,True,True,True,6.676398698308628,6.675694249805138,6.675709327871259,2.4252877870090455,2.4253245588790637,2.42532357817504,2.0993000395683127e-05,1.3176286259607304e-08,-6.205406221937437e-05,1.1295716078052465e-06,False,False,False
ces,alpha,rho,0.75,-0.1,11,2170134,50,0.1,1.0,0.7584180548304837,-0.20665748109104945,-46.38058272974477,1.788995068688081e-06,True,True,True,9.122575430672043,9.122208622502596,9.122211255905306,2.360635382595682,2.3606453579846582,2.3606452297452445,1.734248292658635e-05,9.681860634432823e-09,-2.8584017456978472e-05,1.4103925849440202e-07,False,False,False
ces,alpha,rho,0.75,-0.1,12,2170135,50,0.1,1.0,0.7011945634734211,0.08692799476564043,-43.651609623541646,1.2886755736500585e-06,True,True,True,20.983030755912527,20.985440851101092,20.985454952392665,1.9829181732462646,1.98286576060539,1.9828654682631068,5.961302648810207e-06,7.94089490070658e-09,5.484575625303023e-05,3.3538422172796345e-07,False,False,False
ces,alpha,rho,0.75,-0.1,13,2170136,50,0.1,1.0,0.7473574180746483,-0.02455877088276917,-41.91116437416402,1.9592950207971823e-06,True,True,True,12.08016942403376,12.08310781441399,12.083144822118285,2.1198683824363305,2.1197608124898966,2.1197594722262467,5.082817617411354e-06,3.294160478649056e-08,0.00012088649295094456,1.519723483056623e-06,False,False,False
ces,alpha,rho,0.75,-0.1,14,2170137,50,0.1,1.0,0.7302273389208392,0.10932072160607251,-45.246064677542925,1.2262978027091477e-05,True,True,True,15.415038234434448,15.414807968164236,15.414806771596423,2.1456285165563087,2.1456303898613345,2.145630418176387,1.0664465857106261e-05,1.414945527983487e-08,-1.2826183464653695e-05,-4.502566497421867e-08,False,False,False
ces,alpha,rho,0.75,-0.1,15,2170138,50,0.1,1.0,0.7642646686436572,-0.33879706801674114,-48.707598076527724,9.23883175095e-07,True,True,True,13.744012394128474,13.744118586706074,13.744115682499922,2.217958187909338,2.2179466505597385,2.217946738229517,1.888016473018383e-05,1.2221161753287759e-08,-5.666805151349763e-06,-1.1037183611506407e-07,False,False,False
ces,alpha,rho,0.75,-0.1,16,2170139,50,0.1,1.0,0.7513743432669235,0.11435520882596831,-45.273440065349696,5.926234182303947e-06,True,True,True,11.179640696929829,11.177684579732622,11.177675796848417,2.2226051964537903,2.222677125659572,2.222677470225062,9.427772785183669e-06,1.0479931297725263e-08,-9.256419033931707e-05,-3.8905628230168077e-07,False,False,False
ces,alpha,rho,0.75,-0.1,17,2170140,50,0.1,1.0,0.7376319396085519,-0.1544447814514159,-47.999903265058215,1.5115575539106027e-06,True,True,True,12.267031347901874,12.266592161770328,12.26660386887347,2.076167034171942,2.0761791723384246,2.0761787575425106,7.90019134862749e-06,9.415516047090303e-09,-2.1351375870892753e-05,4.768373074170995e-07,False,False,False
ces,alpha,rho,0.75,-0.1,18,2170141,50,0.1,1.0,0.7335311233734014,0.026769316195460576,-51.11579883424081,5.662129553883891e-06,True,True,True,15.325118995809555,15.333148643609404,15.333105332826964,2.095818286721879,2.0955895127530733,2.0955907530703954,5.101121523331523e-06,3.879072285691878e-08,0.00025903370674740245,-1.3966861729386437e-06,False,False,False
ces,alpha,rho,0.75,-0.1,19,2170142,50,0.1,1.0,0.7142069856250096,-0.035956401419153884,-40.84689357071946,6.462987712737936e-06,True,True,True,19.881549541257996,19.883578729802853,19.883474821478302,2.0576019475932985,2.057554789755053,2.057557044473476,6.7262244413538236e-06,5.725829791040014e-08,4.5136217913466226e-05,-2.6300092912379114e-06,False,False,False
ces,alpha,rho,0.75,0.3,0,2180123,50,0.1,1.0,0.7481450706260975,0.3935357142948572,-46.58543824166312,8.044523735559909e-07,True,True,True,12.461206176470112,12.4619641339786,12.461969880952077,2.137015222131158,2.136986193619368,2.1369859927235244,6.252211155263158e-06,6.404140829093532e-09,2.763308467024217e-05,2.298711336834458e-07,False,False,False
ces,alpha,rho,0.75,0.3,1,2180124,50,0.1,1.0,0.7093438806432334,0.11148767780227328,-46.78024186857485,5.477331720424924e-06,True,True,True,21.661735074206813,21.66157285800971,21.661552465233054,2.002005451981073,2.002008770089024,2.002009176838958,9.477546050237394e-07,1.072678286347068e-08,-4.1416596729959565e-06,-4.7313868378751067e-07,False,False,False
ces,alpha,rho,0.75,0.3,2,2180125,50,0.1,1.0,0.7524676710138786,0.08584416290848856,-48.71125140612652,1.7706776298378887e-06,True,True,True,15.912606427097451,15.913706277310775,15.913704893506429,2.0654146043779993,2.065379748811243,2.065379786993946,1.120316064848981e-05,6.0270976967458695e-09,2.8943828496608148e-05,-4.2997307048153743e-08,False,False,False
ces,alpha,rho,0.75,0.3,3,2180126,50,0.1,1.0,0.7356666700447532,0.30223095222596985,-46.05965822204667,7.631705308696613e-06,True,True,True,10.375540460418684,10.376026515374885,10.37601688690402,2.1861650120400626,2.1861423771513535,2.1861427785594585,5.342958421000958e-06,8.0354244689124e-09,2.0319938386137437e-05,-4.6581583745819444e-07,False,False,False
ces,alpha,rho,0.75,0.3,4,2180127,50,0.1,1.0,0.7479950181672579,0.33079263224834626,-47.14654758203049,3.285904862316649e-06,True,True,True,8.859052272125874,8.859719839850579,8.8597113726487,2.1392160612335887,2.139182708174924,2.1391831210467105,1.5541752673134675e-06,9.03107577194798e-09,3.6471977324481486e-05,-4.803605904157848e-07,False,False,False
ces,alpha,rho,0.75,0.3,5,2180128,50,0.1,1.0,0.7301615082392062,0.683890372077556,-39.8054234553955,1.9552839924325858e-06,True,True,True,11.551336856698002,11.55149551880944,11.551494903057089,2.1377401312968227,2.137733546278912,2.1377335698626387,1.6435354806500213e-06,1.9970525148776306e-09,6.127859947469005e-06,-2.6153223586788954e-08,False,False,False
ces,alpha,rho,0.75,0.3,6,2180129,50,0.1,1.0,0.7091174064146663,0.427323645222415,-39.63211235764731,1.4060310429742674e-06,True,True,True,13.098349949792288,13.098011921479323,13.098010054715457,2.1427309610480236,2.142744789614379,2.1427448513998493,6.13212433253663e-06,1.1529240997425692e-09,-9.957935780846583e-06,-7.138955027130578e-08,False,False,False
ces,alpha,rho,0.75,0.3,7,2180130,50,0.1,1.0,0.7901294524405295,-0.22745229160099778,-39.9123977460647,7.678046357147608e-06,True,True,True,8.450019094640261,8.449718029580556,8.44970824134707,2.3175404095787155,2.317547808938198,2.317548309589098,1.8715158536716893e-05,1.0493187753652765e-08,-2.7692742442297913e-05,-5.820145076995686e-07,False,False,False
ces,alpha,rho,0.75,0.3,8,2180131,50,0.1,1.0,0.7524691641947627,0.013837297210207773,-44.13763985014552,2.3645277990172e-06,True,True,True,14.924406304414862,14.933900871875426,14.933946016860181,2.1325692018295146,2.1322858417376476,2.1322845098935,1.729415796877361e-05,5.272683393807835e-08,0.0003112342331661466,1.4896399633812507e-06,False,False,False
ces,alpha,rho,0.75,0.3,9,2180132,50,0.1,1.0,0.792401581886679,-0.20007273941110115,-55.866461760068006,7.354790068771461e-06,True,True,True,9.185678019037951,9.185878802200902,9.185873658567244,2.2979061243631973,2.297887725541329,2.297887965959521,2.064663484984175e-05,1.1825474567458525e-08,3.9246049965413476e-07,-2.831585774742962e-07,False,False,False
ces,alpha,rho,0.75,0.3,10,2180133,50,0.1,1.0,0.761972997392069,-0.3379720269236737,-38.93212576391897,8.100265097678155e-07,True,True,True,8.811375988473912,8.811203277587463,8.811197901849287,2.20915624330533,2.2091598859165194,2.2091601463781183,1.1233277097479496e-05,1.2528821118634566e-08,-1.5717614793686607e-05,-3.102353005601799e-07,False,False,False
ces,alpha,rho,0.75,0.3,11,2180134,50,0.1,1.0,0.7842251828078345,0.457458299798662,-42.96898208129103,4.1331804326035955e-06,True,True,True,10.181421185646151,10.181297090730077,10.181287626897426,2.1843419538939184,2.184347783871698,2.184348185744526,1.2523032163337753e-06,7.523542923745435e-09,-5.94329146963446e-06,-4.6685838128723844e-07,False,False,False
ces,alpha,rho,0.75,0.3,12,2180135,50,0.1,1.0,0.7140221906688826,0.4124306714340944,-48.64558794298505,2.6131362325353318e-06,True,True,True,21.508660192552288,21.50839355547772,21.508389100022768,2.0749148023059645,2.074919101603676,2.0749191918744456,2.503339557878038e-06,3.432034349777991e-09,-7.5502799816717925e-06,-1.0322155219455453e-07,False,False,False
ces,alpha,rho,0.75,0.3,13,2180136,50,0.1,1.0,0.7252398431593411,-0.0027503120239519355,-46.90375650638263,4.234540895650405e-05,True,True,True,19.39870844329777,19.440367844289643,19.44037032707434,2.116878437976526,2.115941821896321,2.115941697902896,2.0673908066121707e-05,1.611906272874046e-07,0.0010668979673766898,-1.5039873346722743e-08,False,False,False
ces,alpha,rho,0.75,0.3,14,2180137,50,0.1,1.0,0.7550011674786391,0.07860550761226145,-36.649308044965885,4.416127424967536e-06,True,True,True,9.361031444804178,9.363759644773099,9.36375045195179,2.2186335392469823,2.218504350605409,2.218504771695498,6.334461742063977e-06,1.4696612907690475e-08,0.00014216891109697372,-4.969472939819752e-07,False,False,False
ces,alpha,rho,0.75,0.3,15,2180138,50,0.1,1.0,0.7553787238579429,0.059589278435255015,-47.49835178529222,4.5742316501012835e-06,True,True,True,17.279156094569434,17.27689086827515,17.27692151293733,2.0654786680290647,2.0655363264904283,2.0655355583454837,4.049918132931438e-06,1.6191713562371215e-08,-6.383334800830198e-05,8.893759684269753e-07,False,False,False
ces,alpha,rho,0.75,0.3,16,2180139,50,0.1,1.0,0.7377708439661057,0.3228909667119101,-40.69801568378289,2.9947690516952766e-06,True,True,True,21.545906376294646,21.5453639513665,21.545365141058387,2.0380694928836385,2.038079612330492,2.0380795888262218,1.8955104180686656e-06,3.940373408398277e-09,-1.3497028056974614e-05,2.8157707276932342e-08,False,False,False
ces,alpha,rho,0.75,0.3,17,2180140,50,0.1,1.0,0.7262536859345539,0.32722215287858897,-49.36728141661978,2.892932231823954e-06,True,True,True,17.78032748495616,17.780552679289205,17.780558284525142,2.069460858718434,2.069455179449707,2.069455043020797,6.960461378075766e-07,3.0451819734316542e-09,6.284960477387358e-06,1.581756805535406e-07,False,False,False
ces,alpha,rho,0.75,0.3,18,2180141,50,0.1,1.0,0.7626285725492519,-0.08428696851469562,-41.59505691681893,1.5342623443138722e-07,True,True,True,10.928058529716527,10.931641028615774,10.931629492064584,2.291916047616657,2.2917654875863382,2.291765942043001,1.931666057901854e-05,1.2279247679904903e-08,0.0001539012547624452,-5.321236997701817e-07,False,False,False
ces,alpha,rho,0.75,0.3,19,2180142,50,0.1,1.0,0.778148151256945,-0.0959826726790123,-51.3313900834066,2.7066199412209234e-06,True,True,True,11.512404201180422,11.511493210358427,11.51148973485233,2.282415633241704,2.282442698591807,2.2824428255589826,1.6926625436966008e-05,1.1536880503390452e-08,-4.812997524794582e-05,-1.5573986189565403e-07,False,False,False
ces,alpha,rho,0.75,0.7,0,2190123,50,0.1,1.0,0.764479323232086,0.5573113330053778,-49.736761932469214,2.85037475344072e-07,True,True,True,16.609739831868406,16.609576397641202,16.609579275450166,2.10574735853458,2.105751051366902,2.105750975440046,1.56210522436461e-06,3.84796829255199e-09,-5.502332172113711e-06,8.584799360278339e-08,False,False,False
ces,alpha,rho,0.75,0.7,1,2190124,50,0.1,1.0,0.7170816234013663,0.3774399101282776,-50.46279296975689,4.4741629754500893e-07,True,True,True,9.389757334619212,9.389977287140317,9.389971029167103,2.1412526267362857,2.141242374439197,2.1412426613535667,3.583108500919103e-07,7.549843206160278e-09,1.1284931161981149e-05,-3.3613027738965684e-07,False,False,False
ces,alpha,rho,0.75,0.7,2,2190125,50,0.1,1.0,0.7200976691570751,0.7560232426781783,-32.13920603550963,1.8538119891331437e-06,True,True,True,21.6534305649835,21.65408236684448,21.654079446404197,2.0461427249035458,2.046129434141833,2.0461294922061724,9.167012064176397e-07,2.313287008712764e-09,1.4731524970557075e-05,-6.801885277241126e-08,False,False,False
ces,alpha,rho,0.75,0.7,3,2190126,50,0.1,1.0,0.7411485461476697,0.5632320035843766,-45.35251412409643,3.9274763648339855e-07,True,True,True,12.7445156710699,12.74464032982475,12.744638903151527,2.1865440152780664,2.1865385650382976,2.186538614010919,2.952470215544633e-06,3.521652781374127e-09,3.4509351891642837e-06,-5.556118765071005e-08,False,False,False
ces,alpha,rho,0.75,0.7,4,2190127,50,0.1,1.0,0.7363091481926188,0.6314969624696329,-44.150554504241235,2.4003018095075627e-06,True,True,True,14.9642699439849,14.96411437865265,14.964112748440234,2.1284738891352393,2.1284771234894904,2.1284771710543415,3.1621389048128427e-06,3.2960684786816094e-09,-6.726331442052924e-06,-5.4180404163162166e-08,False,False,False
ces,alpha,rho,0.75,0.7,5,2190128,50,0.1,1.0,0.7610360360416506,0.4405457737575612,-46.993377988610526,4.8182997372087685e-06,True,True,True,10.168773227543706,10.16925654550899,10.169252446260511,2.260414230212662,2.2603917997896152,2.260391974502783,4.267551837127771e-06,3.79274925810732e-09,2.150255917143795e-05,-2.0195619043761326e-07,False,False,False
ces,alpha,rho,0.75,0.7,6,2190129,50,0.1,1.0,0.7837598667675237,0.1363229383597936,-40.49398608509553,1.0106921572582474e-05,True,True,True,10.847330548546394,10.849043408544551,10.849000183379946,2.315003398857123,2.314929989509371,2.3149317124571755,1.1487213413067143e-05,2.660221082080997e-08,7.137740180951369e-05,-2.000628384735137e-06,False,False,False
ces,alpha,rho,0.75,0.7,7,2190130,50,0.1,1.0,0.7569648487900227,0.5411244687947011,-48.10331308947203,7.908370973102675e-06,True,True,True,19.994889628290238,19.994624477236453,19.99462836100438,2.1973844609172204,2.19738793322181,2.197387849100882,5.619441024085108e-06,4.798216838711985e-09,-9.165997852278451e-06,9.739279249743049e-08,False,False,False
ces,alpha,rho,0.75,0.7,8,2190131,50,0.1,1.0,0.7856592989597427,0.4024849513074566,-44.31835711259804,2.3862073237903657e-06,True,True,True,9.355164835106326,9.355004077521869,9.35499915786062,2.265831920362817,2.2658371886275352,2.2658374173776616,5.18450833139408e-06,5.7598602612650585e-09,-1.1381193473880558e-05,-2.6252735096932156e-07,False,False,False
ces,alpha,rho,0.75,0.7,9,2190132,50,0.1,1.0,0.7110804226716669,0.4656935908590969,-48.31490161149307,6.225668243975335e-06,True,True,True,15.545500496578615,15.54545771729065,15.545450141891743,2.072310987265089,2.0723115764069253,2.0723117879993502,1.4032906161299906e-06,4.585761327319042e-09,-2.3173066665549413e-06,-2.4370159934505864e-07,False,False,False
ces,alpha,rho,0.75,0.7,10,2190133,50,0.1,1.0,0.7371360757119624,0.19769327728875177,-41.547325864019385,1.3661738145577368e-05,True,True,True,12.531213222788473,12.531846100491997,12.53183041444837,2.0981639611697394,2.098144499657311,2.0981450385099754,5.7237014171245845e-06,1.4839197783239736e-08,2.746561683153459e-05,-6.313182865369527e-07,False,False,False
ces,alpha,rho,0.75,0.7,11,2190134,50,0.1,1.0,0.7541274186098276,0.4607615100581817,-38.14499587783856,2.904112551176156e-07,True,True,True,14.209922309669345,14.208825317454767,14.208825002740065,2.095168180441243,2.095201633123539,2.0952016422330293,6.570082843825756e-07,1.9810555213827255e-09,-3.869984747240096e-05,-1.1661548171559843e-08,False,False,False
ces,alpha,rho,0.75,0.7,12,2190135,50,0.1,1.0,0.7280215334196658,0.5007181242499974,-46.200903331980605,1.975427012673041e-06,True,True,True,16.44848240080957,16.448851547713783,16.448848407962597,2.128861575639944,2.128851624691727,2.1288517071254835,5.349850704277969e-07,2.110510164957964e-09,1.088993308684394e-05,-9.597430761232317e-08,False,False,False
ces,alpha,rho,0.75,0.7,13,2190136,50,0.1,1.0,0.7629256570271769,0.18734095884227916,-37.76374901495199,6.960223092408127e-06,True,True,True,11.864434764499673,11.862411902905174,11.862406634052983,2.1850594746753114,2.185131709875769,2.185131902433017,4.4335198662303555e-06,5.225804720185347e-09,-8.757109480228564e-05,-2.2247402853281528e-07,False,False,False
ces,alpha,rho,0.75,0.7,14,2190137,50,0.1,1.0,0.7440779582406124,0.35009772222018304,-45.79884982603414,2.6683221293844497e-06,True,True,True,11.488259202650978,11.488222552142348,11.488216511810615,2.1527869693490462,2.1527885250200733,2.1527887535140438,4.0440598810295856e-07,4.402032770582615e-09,-1.6619518774518838e-06,-2.6272143571759443e-07,False,False,False
ces,alpha,rho,0.75,0.7,15,2190138,50,0.1,1.0,0.7438551375425826,0.38855720656012993,-50.90277223930834,9.11748437681729e-06,True,True,True,11.783073873203778,11.783225880085217,11.78322755219582,2.1286501177629606,2.128644367602544,2.1286443059293756,3.7945858694050657e-07,2.142753466196526e-09,6.351145835026273e-06,7.090214637628378e-08,False,False,False
ces,alpha,rho,0.75,0.7,16,2190139,50,0.1,1.0,0.7630845838237558,0.04055962034686114,-42.22886961264412,4.016197858664494e-06,True,True,True,7.945358030771946,7.947574359206437,7.947598836736539,2.24168683007597,2.2415635100986835,2.2415621768403886,5.48906201787844e-06,2.0677560744142042e-08,0.0001384749566355481,1.5448992272126816e-06,False,False,False
ces,alpha,rho,0.75,0.7,17,2190140,50,0.1,1.0,0.7414525667002241,0.47549946047710484,-47.59877560770881,3.245378180043423e-06,True,True,True,10.86958211936897,10.869083442913693,10.869083518749617,2.1134809712671307,2.1135007183637895,2.1135007156647356,9.031620411871101e-07,1.6426355407210575e-09,-2.3140659969556054e-05,3.8698146909155184e-09,False,False,False
ces,alpha,rho,0.75,0.7,18,2190141,50,0.1,1.0,0.7551976290418886,0.6960683530309866,-45.684156177127306,8.458145055074613e-07,True,True,True,17.4081396090734,17.40847960519152,17.408473593830124,2.098659689997196,2.0986512087053515,2.0986513582248465,4.876376857341582e-07,3.159134079669908e-09,9.593059921542135e-06,-1.73171635253766e-07,False,False,False
ces,alpha,rho,0.75,0.7,19,2190142,50,0.1,1.0,0.7792373661983829,0.3618409481132769,-53.37806635162853,5.169802694917626e-06,True,True,True,10.962571711516224,10.962899872322229,10.962894989931616,2.216703845497949,2.2166892695018694,2.216689461843644,3.8061052305668484e-06,5.520215159700774e-09,1.2929057469079908e-05,-2.2391421339307271e-07,False,False,False
ces,alpha,rho,0.95,-0.7,0,2200123,50,0.1,1.0,0.9076887954799386,-0.06547265068360503,-42.41858829284279,9.637697657955101e-06,True,True,True,5.556768719695138,5.557133802232079,5.55716543373042,2.4870919797184734,2.4870560397559287,2.4870535658681163,1.7503889017369664e-05,2.0356894934104583e-08,2.716480835118773e-05,2.8438678754127977e-06,False,False,False
ces,alpha,rho,0.95,-0.7,1,2200124,50,0.1,1.0,0.9462813374495339,-0.16295781114108557,-49.34963216440057,9.103785649350546e-06,True,True,True,5.370506844384816,5.370005212180486,5.3699945877119255,2.742473743813997,2.7425031259103165,2.7425039810826246,2.6199530838814963e-05,1.7571418746269924e-08,-6.057590865538032e-05,-9.939322964669373e-07,False,False,False
ces,alpha,rho,0.95,-0.7,2,2200125,50,0.1,1.0,0.9416827183230551,-0.15613075429484452,-46.241147187158845,1.300336886613206e-06,True,True,True,4.853393044652576,4.853458599177463,4.853469987100259,2.823010717557246,2.82299197447659,2.8229909534463635,3.010350354997598e-05,1.6663039577681947e-08,-6.901067948206219e-06,1.1708448610647793e-06,False,False,False
ces,alpha,rho,0.95,-0.7,3,2200126,50,0.1,1.0,0.9437123525866872,-0.14013986912235452,-48.00295508831525,9.243885181758804e-08,True,True,True,4.573395100108666,4.5739254270285326,4.57392001553604,2.7939147369016837,2.7938548594928907,2.7938553721706194,2.2305101423636522e-05,1.168126774345466e-08,4.642311701985591e-05,-5.928764323925861e-07,False,False,False
ces,alpha,rho,0.95,-0.7,4,2200127,50,0.1,1.0,0.945248331768464,-0.25460015392698016,-41.84078799527984,2.2760587105123504e-06,True,True,True,4.768205159939168,4.7677591805907396,4.767759369999659,2.821014758895127,2.8210431418281883,2.821043120691574,2.8559704344667614e-05,1.7368222014443525e-08,-6.084383512927616e-05,1.5392600971608772e-08,False,False,False
ces,alpha,rho,0.95,-0.7,5,2200128,50,0.1,1.0,0.9438553477023142,0.04395704088984664,-51.33685254175247,2.3688529356077427e-06,True,True,True,4.640820388369656,4.646397537134959,4.646305119400385,2.5956633938123193,2.5951377085189304,2.5951463394954115,1.1291507502005942e-05,5.469978461074779e-08,0.0005858665315656708,-9.953609946933284e-06,False,False,False
ces,alpha,rho,0.95,-0.7,6,2200129,50,0.1,1.0,0.9521810897901277,-0.14819732714697312,-44.51757302729059,1.0729534106462683e-05,True,True,True,4.721836863735793,4.721818182058215,4.721804971925401,2.6869939248612296,2.686986889125611,2.686988098214001,2.064351334191945e-05,1.93260682807373e-08,-1.3462309354395074e-05,-1.4056687263064305e-06,False,False,False
ces,alpha,rho,0.95,-0.7,7,2200130,50,0.1,1.0,0.9604535713999998,0.08405938955189449,-40.22113513252587,1.973326757797207e-05,True,True,True,4.14989110628227,4.149336002180757,4.149281356365567,2.783567144867852,2.783618484935601,2.7836241951726897,1.6198055875550795e-05,3.304010635872686e-08,-8.126075093883856e-05,-6.595706793177669e-06,False,False,False
ces,alpha,rho,0.95,-0.7,8,2200131,50,0.1,1.0,0.9074351208146559,-0.321900542661113,-46.58537439856274,8.46402625613164e-06,True,True,True,6.952567883552647,6.951919397733443,6.951916911063036,2.620845260676271,2.6208687339170846,2.6208688823087787,3.964996073323722e-05,2.5705929982994496e-08,-6.643948601947613e-05,-1.8685333458279274e-07,False,False,False
ces,alpha,rho,0.95,-0.7,9,2200132,50,0.1,1.0,0.9202699906788894,-0.18202146108867742,-34.28182343601604,4.288774386361733e-06,True,True,True,4.873228402728372,4.872172593531402,4.872170897027197,2.797642717018921,2.797722921220909,2.7977230695613353,3.247236037033942e-05,1.673393195924762e-08,-0.00012451737172369803,-1.7741965052664455e-07,False,False,False
ces,alpha,rho,0.95,-0.7,10,2200133,50,0.1,1.0,0.9300086551935398,-0.11164541549594782,-42.75747393735272,9.040075251623781e-06,True,True,True,4.314149986209949,4.313946492719573,4.3139326259343145,2.6733562130535846,2.6733690695659065,2.6733704629600257,1.782189021177251e-05,1.5047465819122704e-08,-3.397856409748101e-05,-1.6102091606740032e-06,False,False,False
ces,alpha,rho,0.95,-0.7,11,2200134,50,0.1,1.0,0.9324961699941023,0.12249315231710715,-40.94258706633204,3.2049849049314293e-06,True,True,True,4.861093568166956,4.859335298155301,4.85936693544975,2.6419958219626682,2.6421470360573887,2.6421442134750674,1.3789651423043464e-05,2.1064725641661407e-08,-0.00018441535220148353,3.260982637698362e-06,False,False,False
ces,alpha,rho,0.95,-0.7,12,2200135,50,0.1,1.0,0.9443797401938836,-0.14145793268521278,-38.52548022149807,9.3755487982266e-06,True,True,True,5.286001752614232,5.2854811859008946,5.2854822774666665,2.81745637039258,2.8174891162355475,2.8174890245632223,2.3445002781128507e-05,1.3802052180820486e-08,-6.068406320025588e-05,1.0097986802293235e-07,False,False,False
ces,alpha,rho,0.95,-0.7,13,2200136,50,0.1,1.0,0.944183147742171,-0.22997538019517821,-41.47039113255632,5.30088215882199e-06,True,True,True,4.515455324636315,4.516705261065709,4.516694514036067,2.609188921677009,2.609061017857202,2.609062047553538,1.8054638038258353e-05,1.4206755946421359e-08,0.0001283259953837046,-1.1939169368702096e-06,False,False,False
ces,alpha,rho,0.95,-0.7,14,2200137,50,0.1,1.0,0.9376108977568842,0.006049607052571221,-41.69503317969889,6.938298081421318e-05,True,True,True,4.925681420290619,4.9371870434881435,4.937413820405878,2.474337314893284,2.4733223496939263,2.4733023648764187,9.39059579846709e-06,1.7956117931948414e-07,0.0011875212363534615,2.2922987390927574e-05,False,False,False
ces,alpha,rho,0.95,-0.7,15,2200138,50,0.1,1.0,0.9287569561221449,0.05720935698412512,-29.70713017097003,5.25721502263983e-06,True,True,True,6.2004091088330915,6.200547149129148,6.200515353119911,2.6330664911300694,2.6330518463689883,2.633054070983214,1.1975648661110883e-05,1.4675013352615931e-08,2.835675328327625e-06,-2.5667674172780153e-06,False,False,False
ces,alpha,rho,0.95,-0.7,16,2200139,50,0.1,1.0,0.8900466289165739,0.09065975436007291,-42.47864181817478,7.753444969800422e-06,True,True,True,8.39511481598799,8.393764369375738,8.393714777474438,2.5303352498837666,2.530399341676557,2.5304019024438893,1.3928417064225177e-05,2.1852457623131305e-08,-9.00455506354092e-05,-2.960008743002618e-06,False,False,False
ces,alpha,rho,0.95,-0.7,17,2200140,50,0.1,1.0,0.8932602663568212,-0.024023244444169263,-47.45741416752579,7.65966387409359e-06,True,True,True,5.588612660297086,5.583792061772036,5.583843415615484,2.359448814730829,2.3598183508593706,2.3598143746505142,1.2755851693218051e-05,5.9011108183234494e-08,-0.0004328840875160722,4.6191257681016396e-06,False,False,False
ces,alpha,rho,0.95,-0.7,18,2200141,50,0.1,1.0,0.9437447508151396,-0.11082601004585434,-43.501315085956215,1.5537101866732304e-06,True,True,True,5.7698079596009535,5.770347475570915,5.770328795750619,2.760590589042741,2.7605391601804943,2.760540561098645,2.539015830396625e-05,1.912453274084908e-08,3.266836166204712e-05,-1.6243475329247303e-06,False,False,False
ces,alpha,rho,0.95,-0.7,19,2200142,50,0.1,1.0,0.9232844791920604,-0.06679099806850555,-47.04695511796341,2.9316109821534233e-06,True,True,True,5.664821567575351,5.669739282180712,5.669700328331021,2.5238877425446136,2.5235057319455376,2.52350870628315,1.2844503310633714e-05,3.244782143453907e-08,0.00042448592900257154,-3.4461742899338788e-06,False,False,False
ces,alpha,rho,0.95,-0.3,0,2210123,50,0.1,1.0,0.9588024707844636,-0.12967251835159826,-50.14091574525285,1.318122321251364e-05,True,True,True,4.8402207830719455,4.8395207358383905,4.839525651507626,2.7717825343095215,2.771834677417206,2.771834232672003,2.494002840106724e-05,1.770068846385706e-08,-8.410604714015335e-05,5.037023598220003e-07,False,False,False
ces,alpha,rho,0.95,-0.3,1,2210124,50,0.1,1.0,0.9440979035842039,-0.016061401790281694,-49.03100734354688,4.999742429830102e-07,True,True,True,4.678861572859884,4.684214402737173,4.684049773504084,2.6773515525682328,2.6768472241270924,2.6768624860477055,1.8455054045722245e-05,7.409445117689646e-08,0.0005451866448566989,-1.7575219700916023e-05,False,False,False
ces,alpha,rho,0.95,-0.3,2,2210125,50,0.1,1.0,0.93890840371527,0.1295450581092119,-46.87324731475083,1.6883063960847267e-05,True,True,True,4.318717643897264,4.319730593920264,4.319735121182483,2.5893519712029978,2.589244428388845,2.5892439728194634,1.3922884176722862e-05,1.4551990935285744e-08,0.00011123160176396141,5.235485431853704e-07,False,False,False
ces,alpha,rho,0.95,-0.3,3,2210126,50,0.1,1.0,0.9448794856340311,0.1132087432201275,-42.7929253535117,4.493866839778177e-07,True,True,True,4.44235654035206,4.445237272806563,4.445218323177661,2.6890086672909836,2.6887227361841783,2.6887245851158057,1.0755696292724336e-05,1.3716352350065383e-08,0.0003169346677367457,-2.1342539469060284e-06,False,False,False
ces,alpha,rho,0.95,-0.3,4,2210127,50,0.1,1.0,0.9012019372695926,-0.2119553011714929,-47.33972266541443,1.9987620517028514e-05,True,True,True,5.254037909762634,5.254639243522425,5.2546378610545785,2.417607429117451,2.4175530091880018,2.417553120395574,1.0981379857068096e-05,1.041280462178606e-08,5.165686543762149e-05,-1.3506230800430785e-07,False,False,False
ces,alpha,rho,0.95,-0.3,5,2210128,50,0.1,1.0,0.9605638991772599,0.09210913850285965,-51.950812146584994,1.6984089502360272e-06,True,True,True,4.274753647240272,4.273439432097954,4.273452746159619,2.7451331778661925,2.745260541268952,2.7452591847493646,1.4938469746950803e-05,1.3127981508086297e-08,-0.0001592974132123004,1.5537819564315214e-06,False,False,False
ces,alpha,rho,0.95,-0.3,6,2210129,50,0.1,1.0,0.957772143027134,-0.15827812181734696,-37.0978520717999,4.5266089621893176e-07,True,True,True,4.416949504829348,4.416495843658621,4.4164991823311155,2.7134960881338444,2.7135327320653277,2.7135324014457933,1.8617971976095823e-05,1.316374403175853e-08,-6.015123415892276e-05,3.753149968588332e-07,False,False,False
ces,alpha,rho,0.95,-0.3,7,2210130,50,0.1,1.0,0.9174374262092223,0.2687612358499577,-44.99202714114175,2.556070710746129e-06,True,True,True,5.332538250026341,5.332898736373175,5.332912394145436,2.6098855294374945,2.6098533534970687,2.609852241457301,6.834241182345513e-06,8.785661141015864e-09,3.1835817267733546e-05,1.2807546170279238e-06,False,False,False
ces,alpha,rho,0.95,-0.3,8,2210131,50,0.1,1.0,0.9442445026806469,0.05944006631298358,-44.04158585062556,4.217388459648072e-05,True,True,True,4.68339141738925,4.677620619357337,4.677647685219084,2.5656285440865516,2.5661608877019084,2.5661583781648383,7.96442073898681e-06,1.797332680935008e-08,-0.0006171630944180606,2.8970175449671842e-06,False,False,False
ces,alpha,rho,0.95,-0.3,9,2210132,50,0.1,1.0,0.894465774114304,-0.012443419211171402,-50.53620668676364,7.962905061072055e-06,True,True,True,5.759469821107694,5.759052654119138,5.758920532070759,2.5546972115213853,2.554722527586325,2.554732471154122,1.581289081509827e-05,7.877808606174641e-08,-5.4781854267105246e-05,-1.1493936497686263e-05,False,False,False
ces,alpha,rho,0.95,-0.3,10,2210133,50,0.1,1.0,0.9580885411228025,-0.03703706711290938,-38.46432389061051,2.518823888974532e-06,True,True,True,4.596317020949027,4.598490019777301,4.598488928293853,2.562293847724091,2.562083120094405,2.5620832083337013,1.3085554325857195e-05,3.616582140250427e-08,0.00022991293402441215,-1.357677135160884e-07,False,False,False
ces,alpha,rho,0.95,-0.3,11,2210134,50,0.1,1.0,0.9775645503499779,-0.0006239395069079362,-42.51593223680441,0.0006913234063295337,True,True,True,4.111524273687279,4.110378210208546,4.113850147964864,2.8102325842961364,2.8103388714809054,2.8099729997440615,4.981431341370661e-05,2.2814447997765398e-06,0.00026667864488416626,0.0004230940416718454,False,False,False
ces,alpha,rho,0.95,-0.3,12,2210135,50,0.1,1.0,0.9794113390681103,0.06621571223212934,-37.941129120514795,5.412743218454856e-06,True,True,True,3.835628755059405,3.8379411059098003,3.8379652851349055,2.777200336255719,2.776932476289955,2.776929735710794,1.5378909609920362e-05,1.513759358711228e-08,0.0002974389575527425,3.14482289809348e-06,False,False,False
ces,alpha,rho,0.95,-0.3,13,2210136,50,0.1,1.0,0.9214100977482468,-0.3156647609320068,-39.41441287458231,5.316152589510416e-06,True,True,True,5.400092383162185,5.400063404641837,5.40006002641093,2.492798189136985,2.4927958141753477,2.492796083350384,1.0882698474924341e-05,9.644852436621184e-09,-8.41628283154705e-06,-3.1569194902658637e-07,False,False,False
ces,alpha,rho,0.95,-0.3,14,2210137,50,0.1,1.0,0.9574456954027384,-0.032757116752376164,-45.71217878808354,6.769201584014896e-06,True,True,True,4.787195584443959,4.78612289790596,4.786183158143231,2.5494712614208455,2.5495612250330035,2.5495557604773817,1.7166043910514725e-05,3.774525173271164e-08,-0.00011422553641438071,6.2992349469936926e-06,False,False,False
ces,alpha,rho,0.95,-0.3,15,2210138,50,0.1,1.0,0.9417642830468509,0.032908705530408824,-50.08503136216041,1.7047035693169846e-05,True,True,True,4.387578634363574,4.385428099429768,4.385377908433342,2.6486795594270442,2.6488869465391525,2.648891905582373,1.5497363908343195e-05,3.7055431406682897e-08,-0.0002572342540005934,-5.735703965115135e-06,False,False,False
ces,alpha,rho,0.95,-0.3,16,2210139,50,0.1,1.0,0.98,-0.014487555324068526,-33.92938237061108,42.45715075157366,True,True,True,4.266858195361884,4.2670677261604695,4.267157880544336,2.613284440493837,2.6132565356786945,2.613247385932447,1.5146506515005564e-05,7.89658099046061e-08,2.7572455049806877e-05,1.0593689879101476e-05,False,False,False
ces,alpha,rho,0.95,-0.3,17,2210140,50,0.1,1.0,0.9204832839704152,-0.15062390478020776,-50.49718831784689,1.0450354238914433e-06,True,True,True,5.458576707221641,5.459471976412307,5.459460928393966,2.4577784597910464,2.4577041143216567,2.4577049898497596,7.331042090588824e-06,1.2594654053956975e-08,7.738898160880581e-05,-1.0156553571505356e-06,False,False,False
ces,alpha,rho,0.95,-0.3,18,2210141,50,0.1,1.0,0.9419032926745022,0.050355151067243385,-26.28975647355984,2.884681243335429e-05,True,True,True,4.757539153703188,4.760494892049373,4.760477439228624,2.697729885341171,2.6974525748719094,2.6974541610095075,1.800940608415433e-05,2.2222940508738646e-08,0.0002999761597877182,-1.8400761376824448e-06,False,False,False
ces,alpha,rho,0.95,-0.3,19,2210142,50,0.1,1.0,0.974203607438619,-0.0865056364856201,-49.92140333051063,4.586719846764906e-06,True,True,True,4.123713565726363,4.125337356371777,4.125332259558517,2.804787007261505,2.8046083963793302,2.8046089300608275,1.8179665253269074e-05,1.4081288922366128e-08,0.00018743706767310186,-6.210672864881417e-07,False,False,False
ces,alpha,rho,0.95,-0.1,0,2220123,50,0.1,1.0,0.9490267599490315,0.1654820979171165,-47.0763482829805,1.2585083913373556e-06,True,True,True,4.25468499024959,4.252728855071042,4.252729130936723,2.672388964396333,2.672585006161446,2.672584976437219,8.760921724590906e-06,8.23782943498466e-09,-0.00023413393633830992,3.064663900431697e-08,False,False,False
ces,alpha,rho,0.95,-0.1,1,2220124,50,0.1,1.0,0.9536043944452045,-0.0012408169766986586,-44.93662414130727,0.00015891057948938032,True,True,True,4.472537444857625,4.5430018532179215,4.54348883451832,2.754795218596299,2.7480161140604675,2.747969707467545,5.405671775822604e-05,4.006637955431328e-07,0.007881113990123367,5.3760417614512335e-05,False,False,False
ces,alpha,rho,0.95,-0.1,2,2220125,50,0.1,1.0,0.98,0.018578581860181572,-45.68348159428292,10.349511530449758,True,True,True,4.234982116194262,4.253671128759345,4.253535505710392,2.759399844664506,2.757479762837431,2.7574935927785957,2.212958032176465e-05,6.897280461228896e-08,0.0021767619848276354,-1.5961964713540056e-05,False,False,False
ces,alpha,rho,0.95,-0.1,3,2220126,50,0.1,1.0,0.9341000620379464,-0.16886580276164387,-51.98695478604329,2.3380743151181897e-06,True,True,True,4.902014378497476,4.9019297190552376,4.90192235006031,2.632699837632559,2.632697671332247,2.632698318053535,2.2645907590334366e-05,2.0180361964506612e-08,-2.052325215373685e-05,-7.587202190961762e-07,False,False,False
ces,alpha,rho,0.95,-0.1,4,2220127,50,0.1,1.0,0.974079518632788,-0.017719942145730288,-49.532711283665286,3.674655070458873e-06,True,True,True,4.254885355153611,4.258824560055997,4.258767477343987,2.691183481598427,2.6907767050063494,2.6907825253396758,1.276965945274655e-05,2.772554016438538e-08,0.0004503577968577588,-6.70257943369279e-06,False,False,False
ces,alpha,rho,0.95,-0.1,5,2220128,50,0.1,1.0,0.9372120862832081,0.16471740688401368,-38.41623591916337,4.5922174172280066e-07,True,True,True,5.0398623755145655,5.04005978455382,5.040060270996803,2.746614246486647,2.7465918792425357,2.7465918349631564,1.273484475799186e-05,1.2465866307685584e-08,1.3463058003537753e-05,4.55367938911877e-08,False,False,False
ces,alpha,rho,0.95,-0.1,6,2220129,50,0.1,1.0,0.932856407159797,-0.22961465919477256,-34.87250117359037,4.789585118872506e-06,True,True,True,4.871849493566961,4.871953479839048,4.871949487617699,2.5692173189488186,2.5691995703000003,2.569199921811118,1.978553056891628e-05,1.4717296967757121e-08,4.954589059025238e-07,-4.147374923491043e-07,False,False,False
ces,alpha,rho,0.95,-0.1,7,2220130,50,0.1,1.0,0.9342277821801849,-0.2639963472362857,-40.50995109933853,4.3257115798261905e-06,True,True,True,4.461855404451465,4.462164859833013,4.462156600735927,2.7300638584435233,2.730024330593062,2.730025131263359,2.193080155096498e-05,1.4342476525103797e-08,2.291612435811885e-05,-9.291130353972221e-07,False,False,False
ces,alpha,rho,0.95,-0.1,8,2220131,50,0.1,1.0,0.9298363557281125,-0.3032364933585819,-39.94302806397069,2.9490605245117826e-06,True,True,True,5.116436891234069,5.117100657045152,5.117096399344785,2.554304558614263,2.5542391612743565,2.5542395179979773,2.110960792490219e-05,1.5528611261705773e-08,5.4010798216097555e-05,-4.213603759239959e-07,False,False,False
ces,alpha,rho,0.95,-0.1,9,2220132,50,0.1,1.0,0.9563239763258646,-0.2357035348085478,-42.368402052556384,1.0199506236615263e-06,True,True,True,4.467996752831863,4.4682105492652004,4.468208040450178,2.741797749991091,2.741767831620043,2.741768071828927,2.1300904232870556e-05,1.4884312905014688e-08,1.3119751365309185e-05,-2.849303939456149e-07,False,False,False
ces,alpha,rho,0.95,-0.1,10,2220133,50,0.1,1.0,0.9253347763163863,0.08982209289608542,-42.7734034866514,2.231206017335993e-06,True,True,True,6.134318966726355,6.13420156436298,6.13416886693009,2.4819471121624765,2.4819532245082283,2.481955531590555,5.878185295047964e-06,2.6366464415150185e-08,-1.4775935269994989e-05,-2.6742361427523065e-06,False,False,False
ces,alpha,rho,0.95,-0.1,11,2220134,50,0.1,1.0,0.98,-0.07173502568360121,-47.565219962939786,1.377977095984957,True,True,True,4.210160468166148,4.211747718772332,4.211732566573472,2.784698535635456,2.7845273465516285,2.784528902133333,1.771239890134381e-05,2.1271802907343026e-08,0.0001780383312919298,-1.8066804727823182e-06,False,False,False
ces,alpha,rho,0.95,-0.1,12,2220135,50,0.1,1.0,0.9382517104278262,-0.15545564224854075,-37.32705167935841,2.2525577575844678e-06,True,True,True,4.7240943738228465,4.7248447237408016,4.724839258948635,2.6251282644351446,2.625051912423991,2.625052408486021,1.7368400751622883e-05,1.796724359619408e-08,7.03330486189202e-05,-5.85495925520263e-07,False,False,False
ces,alpha,rho,0.95,-0.1,13,2220136,50,0.1,1.0,0.9706421532350014,0.09134586584692725,-42.74438456137968,5.788557970226957e-06,True,True,True,4.0384846510581704,4.035983207581087,4.0359954318090905,2.791235504907038,2.791498909574161,2.7914975972183544,1.31654541384646e-05,1.0952661873468839e-08,-0.00031481968457569565,1.5179003725052098e-06,False,False,False
ces,alpha,rho,0.95,-0.1,14,2220137,50,0.1,1.0,0.9434836256856208,0.09685587268432597,-52.65327021706291,3.2943637913364383e-06,True,True,True,4.041500586438515,4.044358034894144,4.044324620390886,2.56990703395695,2.569596273616639,2.569599859318582,9.434775123607638e-06,2.376154363340361e-08,0.00034486687361123813,-4.13384645980841e-06,False,False,False
ces,alpha,rho,0.95,-0.1,15,2220138,50,0.1,1.0,0.92366505567427,0.17782232000073034,-42.114046612571435,4.007846833301914e-06,True,True,True,4.756911650873945,4.757253010831543,4.757243189785407,2.6262930867265486,2.626260706479297,2.6262616033768182,2.8068513804344678e-06,7.478294932256736e-09,3.34472770902039e-05,-1.031847070009917e-06,False,False,False
ces,alpha,rho,0.95,-0.1,16,2220139,50,0.1,1.0,0.9398191042356127,0.30251094453595967,-41.90434890111572,1.3328616056076497e-05,True,True,True,4.3978453804865225,4.398683257121552,4.398676582222856,2.6475109554790204,2.6474232264967004,2.6474238827172463,1.2565305744415692e-05,1.2668410212579567e-08,8.873795695762965e-05,-7.619758832788648e-07,False,False,False
ces,alpha,rho,0.95,-0.1,17,2220140,50,0.1,1.0,0.9595044254230594,0.027299069685336737,-51.633181832272044,6.821653977252721e-05,True,True,True,4.30605880906001,4.308667107919883,4.308601739677812,2.592394496919285,2.5921290397149073,2.592135626157468,6.034458351392874e-06,3.922888498528643e-08,0.0002923368346614552,-7.588530166913188e-06,False,False,False
ces,alpha,rho,0.95,-0.1,18,2220141,50,0.1,1.0,0.9125646575684573,-0.22363260368090937,-49.44556551889547,3.301090475430539e-06,True,True,True,5.901190952730273,5.901695496195559,5.90168106684755,2.629365204396622,2.629317940277704,2.6293189973573234,2.3681780649386455e-05,1.7250642296652777e-08,2.9852155819298787e-05,-1.2279447005880684e-06,False,False,False
ces,alpha,rho,0.95,-0.1,19,2220142,50,0.1,1.0,0.9201459825115131,0.24582708232176245,-40.21085365721655,2.8216621836944228e-06,True,True,True,4.8887609289164,4.889201331680542,4.889201532228999,2.4139223588332723,2.4138836997212825,2.413883678811032,1.1348971585942023e-06,8.937559205372198e-09,4.558968137757802e-05,1.694483842129557e-08,False,False,False
ces,alpha,rho,0.95,0.3,0,2230123,50,0.1,1.0,0.9554925125666399,0.24162916054034547,-39.5084276207659,2.184514501120965e-06,True,True,True,3.7390985284562075,3.738444308818042,3.738430377827816,2.588229441568737,2.5883026187402596,2.588304235945764,6.832424691711524e-06,1.0622736981101331e-08,-9.259873063172108e-05,-1.8645440391651391e-06,False,False,False
ces,alpha,rho,0.95,0.3,1,2230124,50,0.1,1.0,0.98,0.04794722428441653,-49.99461545044144,11.774665207298193,True,True,True,4.156892152434405,4.1637943839952625,4.163768582261565,2.8596631802169328,2.858934447957911,2.8589371317800962,2.005145355792158e-05,2.4803996677074705e-08,0.000816962899797602,-3.1068424775071435e-06,False,False,False
ces,alpha,rho,0.95,0.3,2,2230125,50,0.1,1.0,0.9333371138036872,0.38146507359571685,-42.75195921065375,2.5555966226369497e-06,True,True,True,5.134185987580465,5.133018394433371,5.1330116549057765,2.6878314353271646,2.687927823302356,2.6879283940645617,5.879375087475927e-06,6.293406356956467e-09,-0.00011712640396410734,-6.55862130827245e-07,False,False,False
ces,alpha,rho,0.95,0.3,3,2230126,50,0.1,1.0,0.9560051709037735,0.2521420325028267,-44.36973599719552,1.78918907703654e-06,True,True,True,4.375793450728597,4.375258228161399,4.375252577516775,2.6516004442741914,2.651649211387597,2.6516497692939422,1.0734932188668942e-05,1.2211711011755639e-08,-6.68258577647407e-05,-6.491871005209759e-07,False,False,False
ces,alpha,rho,0.95,0.3,4,2230127,50,0.1,1.0,0.9049437216933088,0.49288285672596455,-39.528825011149635,2.07157025572446e-08,True,True,True,5.102129887295379,5.102050662658191,5.102047724811815,2.6258348292480025,2.6258396842779246,2.625839935083694,4.664660402642388e-06,5.076412893208294e-09,-1.0225384727391429e-05,-2.870661290899079e-07,False,False,False
ces,alpha,rho,0.95,0.3,5,2230128,50,0.1,1.0,0.947588285501665,0.051622336872101555,-44.55866027759808,2.2887704605435026e-05,True,True,True,4.8169610216577174,4.822216752025529,4.822163275052569,2.8278827742475943,2.8274007798465624,2.8274055934302487,2.0437932096194436e-05,2.1251540615331515e-08,0.0005300291237091415,-5.547925908899742e-06,False,False,False
ces,alpha,rho,0.95,0.3,6,2230129,50,0.1,1.0,0.9649810152347712,0.08042462251409228,-44.235469963335206,2.9207028556134318e-05,True,True,True,4.010929270066815,4.012386152735126,4.012376425774758,2.9300136201562847,2.9298489407402872,2.9298499884185327,1.669449337075769e-05,1.7165079827882423e-08,0.0001723500245347509,-1.218052140927739e-06,False,False,False
ces,alpha,rho,0.95,0.3,7,2230130,50,0.1,1.0,0.9645836784723105,0.12796943656639853,-45.154600435797065,2.2172834734674994e-05,True,True,True,3.9261008904125716,3.926696962993952,3.926698217113872,2.729570138910122,2.7294992288337037,2.729499087366993,1.202693586899696e-05,1.1015609986893382e-08,7.032978914622845e-05,1.5651329476895626e-07,False,False,False
ces,alpha,rho,0.95,0.3,8,2230131,50,0.1,1.0,0.9413845733133196,0.1275528057906132,-47.41844466501784,8.466701092594017e-06,True,True,True,4.324177566257635,4.323493342069698,4.323505481965142,2.537772911885922,2.537838732842525,2.5378375133846127,7.003765957243072e-06,1.2696161968321076e-08,-8.106162316323662e-05,1.4039336519999779e-06,False,False,False
ces,alpha,rho,0.95,0.3,9,2230132,50,0.1,1.0,0.931358513169118,0.026035591676515764,-49.61570830578765,2.233559472916243e-05,True,True,True,5.725739944877168,5.720179099192497,5.720259927695419,2.6629809140170804,2.6633960273860158,2.663389889211,1.599365281698886e-05,3.141637438458053e-08,-0.00048669274546853103,7.063479742441814e-06,False,False,False
ces,alpha,rho,0.95,0.3,10,2230133,50,0.1,1.0,0.9477095604773522,0.3724272898541539,-43.68709723979002,1.019681124876193e-05,True,True,True,3.7182312299635694,3.7184700860363322,3.718462844290663,2.8535172007707965,2.853484614673335,2.8534854601439386,1.1824209611284873e-05,8.620156182612009e-09,2.5746846844754145e-05,-9.741246600469822e-07,False,False,False
ces,alpha,rho,0.95,0.3,11,2230134,50,0.1,1.0,0.9745215582193251,0.04868023949113895,-42.20418999513514,5.805568983549999e-06,True,True,True,4.342150877889699,4.331911516760999,4.331897758616483,2.598957444033468,2.599979263168901,2.5999806428265417,1.0429092650802408e-05,1.3930327790169319e-08,-0.0011860907531016096,-1.5876139940473877e-06,False,False,False
ces,alpha,rho,0.95,0.3,12,2230135,50,0.1,1.0,0.9631205428023973,-0.00044251811002125115,-41.83722812793493,3.387595655395917e-05,True,True,True,4.206273228755046,4.500815333562985,4.497968776900862,2.7136514142210792,2.6842174801870526,2.6844920091676623,0.000205643237148207,1.457359034023296e-06,0.03347786942943998,-0.00031659046982923655,False,False,False
ces,alpha,rho,0.95,0.3,13,2230136,50,0.1,1.0,0.9313551876497369,0.4902596773379852,-38.35745623965441,1.5778888963735368e-06,True,True,True,4.444503504383216,4.44567982094867,4.445675912171838,2.600316595178906,2.6002007368115656,2.6002011177763587,3.0197814736127156e-06,5.6890878269114795e-09,0.00013080518824892806,-4.406288525160562e-07,False,False,False
ces,alpha,rho,0.95,0.3,14,2230137,50,0.1,1.0,0.9363853358015886,-0.07682650316447688,-41.12874766081857,1.9289725477060958e-05,True,True,True,5.35897072955068,5.3584552806880605,5.358434420420542,2.708640822985198,2.708675223997198,2.7086769087002502,1.7360906516210807e-05,2.020603369645979e-08,-5.853668434951942e-05,-1.9533843911290205e-06,False,False,False
ces,alpha,rho,0.95,0.3,15,2230138,50,0.1,1.0,0.8755461358668026,0.16908709772743047,-37.54405568472363,9.902484387835046e-06,True,True,True,5.14771915336407,5.145759904830346,5.145747083329563,2.5914334065266154,2.5915947257788496,2.5915958012817173,9.911709827827497e-06,1.8789165861079023e-08,-0.0001962054157189641,-1.2534479054693293e-06,False,False,False
ces,alpha,rho,0.95,0.3,16,2230139,50,0.1,1.0,0.9618023563306741,-0.00938690566474376,-48.769019282972344,1.3955850257026855e-05,True,True,True,4.3188256697166345,4.310121616008131,4.310187188270954,2.6398431294984834,2.640712909247616,2.6407063137599365,1.5798147904578826e-05,4.6252203049995125e-08,-0.001008417655881999,7.6201012788601474e-06,False,False,False
ces,alpha,rho,0.95,0.3,17,2230140,50,0.1,1.0,0.9531561570433653,0.0222309737398151,-41.5085659818849,2.814668662059372e-06,True,True,True,4.419815573215255,4.420248311270046,4.420224156222467,2.6806872669391977,2.6806381118117835,2.68064048022744,1.536299092953698e-05,1.5993994524756497e-08,3.857398648676735e-05,-2.7379115365988582e-06,False,False,False
ces,alpha,rho,0.95,0.3,18,2230141,50,0.1,1.0,0.9327730862372687,-0.11345803679920344,-42.60227715674665,4.579497542912425e-06,True,True,True,6.06185665398938,6.0633502676918205,6.063343575647405,2.6010651519028274,2.600948653049277,2.600949131429586,2.226650998898815e-05,1.6481289004375987e-08,0.0001116878730798021,-5.529325122211048e-07,False,False,False
ces,alpha,rho,0.95,0.3,19,2230142,50,0.1,1.0,0.9250385223418349,0.48908248075775945,-40.16083606393474,1.704931636977858e-05,True,True,True,4.98834188584987,4.987659892680104,4.98766682534298,2.6795054579750133,2.679563928504081,2.679563324480661,2.498340243261978e-06,5.043110714080517e-09,-6.871551534004539e-05,6.945544086534028e-07,False,False,False
ces,alpha,rho,0.95,0.7,0,2240123,50,0.1,1.0,0.9491232175527529,0.1446981390512175,-49.47512181244053,1.3723986251881943e-05,True,True,True,4.781031407850912,4.782363993910151,4.782356368732074,2.8553583045781687,2.8552294466088006,2.855230135576469,1.8727844266077464e-05,1.4603834140442158e-08,0.00012953026182316307,-8.012349255182016e-07,False,False,False
ces,alpha,rho,0.95,0.7,1,2240124,50,0.1,1.0,0.9666057123422808,0.12606655865653468,-42.976734148967694,3.6587862913964927e-06,True,True,True,3.9462878139374777,3.9456426855230307,3.945625272226642,2.8135128477834446,2.813577596899175,2.813579511983002,1.5105908346855903e-05,1.0039113914838104e-08,-9.115395958048111e-05,-2.2084858599669133e-06,False,False,False
ces,alpha,rho,0.95,0.7,2,2240125,50,0.1,1.0,0.9262227241328558,0.1578087318686898,-30.6495584746868,6.662074702999274e-06,True,True,True,4.749185878954839,4.749642153283541,4.749596701202276,2.6707165544329734,2.67067095396995,2.670675107860435,9.014901552315203e-06,2.246510157034427e-08,3.8782849134832986e-05,-4.7872827835249154e-06,False,False,False
ces,alpha,rho,0.95,0.7,3,2240126,50,0.1,1.0,0.9261422471104733,0.21422192858681663,-45.99057283284774,2.440014539969504e-05,True,True,True,4.974364682351163,4.974106436840048,4.974103320478329,2.704731316807498,2.7047491103984016,2.7047493816891905,1.1322974229782195e-05,7.139203600904402e-09,-3.174517622994699e-05,-3.1418203150224144e-07,False,False,False
ces,alpha,rho,0.95,0.7,4,2240127,50,0.1,1.0,0.9436887655110016,0.061582923958551784,-48.462287431466564,3.2073528392651185e-06,True,True,True,4.555711951669375,4.555643629324304,4.555619905358844,2.7809583042178394,2.7809563639802124,2.7809586288214545,1.9908996090810847e-05,1.7924799638356258e-08,-1.9831084429711154e-05,-2.600117774420596e-06,False,False,False
ces,alpha,rho,0.95,0.7,5,2240128,50,0.1,1.0,0.9090358134326497,0.7454286133575542,-47.671237487290774,2.5764107155280094e-06,True,True,True,5.282736040570536,5.282684591549633,5.282680976099088,2.5398556727815866,2.539860795167255,2.5398610923174285,2.1796313516174114e-06,1.9836987731890867e-09,-4.184058937539703e-06,-3.422898942062602e-07,False,False,False
ces,alpha,rho,0.95,0.7,6,2240129,50,0.1,1.0,0.9669193930791131,-0.05718072266834478,-35.082009199891615,4.57089027135455e-06,True,True,True,4.502467386896449,4.501169216075684,4.501163430477397,2.5903512438142364,2.590474291364313,2.5904748462108174,5.113310291589403e-06,1.2034567717016153e-08,-0.000147348724929941,-6.465647217623882e-07,False,False,False
ces,alpha,rho,0.95,0.7,7,2240130,50,0.1,1.0,0.98,0.03528356921509946,-33.20257667365841,5.2200856686118655,True,True,True,4.178669217453403,4.185935681079736,4.185911157884319,2.757464151601982,2.756702967103793,2.7567055085084786,1.562928837807571e-05,1.3840241926942898e-08,0.0008581532132616587,-2.9325909025601504e-06,False,False,False
ces,alpha,rho,0.95,0.7,8,2240131,50,0.1,1.0,0.98,0.10741187560274115,-40.628977506355966,21.937561118789972,True,True,True,3.686527498411687,3.6842076437350033,3.684207036406631,2.6527572824378156,2.653029500985151,2.6530295704548914,3.0725600160021284e-06,1.0319645054225248e-08,-0.00031615885300340096,-8.486642144589496e-08,False,False,False
ces,alpha,rho,0.95,0.7,9,2240132,50,0.1,1.0,0.9245500708472635,0.1913982620762588,-46.50082428654364,4.016491691983153e-06,True,True,True,5.340092628694363,5.341862099750652,5.3418573236312215,2.6712414351310074,2.671091525911646,2.6710919121992514,1.4394976234568727e-05,1.0058288262017265e-08,0.0001582622571589809,-4.493629717217118e-07,False,False,False
ces,alpha,rho,0.95,0.7,10,2240133,50,0.1,1.0,0.9289257563270479,0.13993718899587593,-37.12535775940038,1.0297232787564377e-06,True,True,True,4.428964847627228,4.430745022977251,4.430707448469978,2.4297771575548195,2.4296037943365008,2.4296074723440126,3.1252519158423443e-06,3.440115169652633e-08,0.0001980208578444831,-4.245977201833284e-06,False,False,False
ces,alpha,rho,0.95,0.7,11,2240134,50,0.1,1.0,0.9153331010834579,0.2619362818129997,-53.99597397760494,8.747542958250514e-07,True,True,True,3.8311588414024778,3.830118306592763,3.8301215380248133,2.7653487383062036,2.7654607893422667,2.7654604229196607,1.428420385967225e-05,1.0171520428597666e-08,-0.00014220946655285616,4.218299096692135e-07,False,False,False
ces,alpha,rho,0.95,0.7,12,2240135,50,0.1,1.0,0.9457084297702018,0.09159051799161728,-50.042787048314224,8.673338358764108e-06,True,True,True,4.751141472756048,4.7507891348108355,4.750782754991865,2.5933099733639002,2.5933380382202715,2.5933386186280805,1.0027012547249444e-05,1.1236278225423596e-08,-4.2525156786155094e-05,-6.746783967059855e-07,False,False,False
ces,alpha,rho,0.95,0.7,13,2240136,50,0.1,1.0,0.9576671015204137,0.14043490795290586,-42.19218106219419,6.174162558207874e-07,True,True,True,4.191732542530059,4.192700431788336,4.192672909398375,2.704276416031457,2.704171947295502,2.7041747963689984,9.748861219231132e-06,1.639398212746755e-08,0.00010731935066132792,-3.284263257796738e-06,False,False,False
ces,alpha,rho,0.95,0.7,14,2240137,50,0.1,1.0,0.9663575586830453,0.11907975249349016,-42.58872067913296,4.34181294303507e-06,True,True,True,4.558881234343922,4.561046332097608,4.561021173376633,2.661910952041552,2.661702361050469,2.661704750951639,6.161131513112241e-06,2.048834886477908e-08,0.0002318921281414532,-2.7645374842677484e-06,False,False,False
ces,alpha,rho,0.95,0.7,15,2240138,50,0.1,1.0,0.9236755554506465,0.17905200453890469,-42.206840423984445,6.0932778630165294e-06,True,True,True,5.563754336771805,5.563755985821809,5.563729159663595,2.551499576329455,2.5514965947786945,2.551498683966491,7.250783385236332e-06,1.9733258082618785e-08,-5.552582344137136e-06,-2.4163367200458197e-06,False,False,False
ces,alpha,rho,0.95,0.7,16,2240139,50,0.1,1.0,0.9399942925532062,0.20129784128444078,-42.39967119993057,3.584751479789696e-06,True,True,True,4.769145804233647,4.768288931135274,4.768280095742017,2.6048446603021644,2.604920241777252,2.6049210446183246,5.982525803658408e-06,9.202370383651494e-09,-9.35985396992578e-05,-9.286451572165788e-07,False,False,False
ces,alpha,rho,0.95,0.7,17,2240140,50,0.1,1.0,0.973630160834322,0.15265936009489878,-38.88938045263022,1.3716695794406193e-06,True,True,True,3.5740902125403538,3.573630689906133,3.5736383577595916,2.838170534574363,2.8382222509963713,2.8382213165429637,9.711526986792077e-06,1.0307534539087958e-08,-6.7968209471303e-05,1.0698444157242193e-06,False,False,False
ces,alpha,rho,0.95,0.7,18,2240141,50,0.1,1.0,0.9441739197594893,0.18670028662948368,-45.34144486798733,3.0164401216394804e-06,True,True,True,5.236273818783581,5.236522366136225,5.236511977019345,2.657259780710778,2.6572343964249443,2.6572352547523876,1.1308206445549502e-05,1.3539526608968968e-08,1.7244800282867345e-05,-9.957885751532558e-07,False,False,False
ces,alpha,rho,0.95,0.7,19,2240142,50,0.1,1.0,0.9558388096971059,0.22683946159384874,-47.168159299626275,1.125890782860623e-06,True,True,True,4.055315318720142,4.05631859363781,4.056307567356663,2.6968008796544094,2.696689867469427,2.696691045782394,8.631422744503736e-06,1.165038068430892e-08,0.00011819769414245229,-1.3617183682868017e-06,False,False,False
