model,param1_name,param2_name,param1,param2,replicate,seed,n_trials,sigma,prior_scale,theta_map_1,theta_map_2,objective_map,gradient_norm,original_pd,fd_pd,ad_pd,original_min_eig,fd_min_eig,ad_min_eig,original_log10_condition,fd_log10_condition,ad_log10_condition,original_ad_rel_error,fd_ad_rel_error,delta_loge_original_ad,delta_loge_fd_ad,original_numerical_failure,fd_numerical_failure,structural_laplace_failure
binary,alpha,beta,0.05,0.25,0,123,100,0.1,1.0,0.41531948223555315,0.6214687099169747,68.15412691606011,1.4387393840789702e-07,True,True,True,6.435646142098439,6.435762103584083,6.435760423667328,0.5349761870420335,0.534974444353125,0.5349745355691635,2.235561994618965e-05,9.062682214245348e-08,1.585610444010399e-05,-1.560121063448605e-07,False,False,False
binary,alpha,beta,0.05,0.25,1,124,100,0.1,1.0,0.5279339879558659,0.43399394971819255,68.94555059063545,7.105427357601002e-08,True,True,True,9.0871628446585,9.086784105091507,9.086783361811781,0.22350981194250272,0.22353122208509305,0.2235312364283249,4.888207599161895e-05,8.634471827268962e-08,-1.7095343167738974e-05,-6.528462392907386e-08,False,False,False
binary,alpha,beta,0.05,0.25,2,125,100,0.1,1.0,0.48610921342568975,0.1,69.88264220462747,1.2238258975117333,True,True,True,9.92029786361104,9.920241349348487,9.920239755416414,0.22660291308613484,0.22661379661718598,0.22661381566656258,1.7051149147599222e-05,1.3061838627800146e-07,6.694537404428047e-06,-1.387433314903319e-07,False,False,False
binary,alpha,beta,0.05,0.25,3,126,100,0.1,1.0,0.5942185057679366,0.6055857763103376,68.38239570400496,1.2224639458285406e-07,True,True,True,7.948241126187958,7.948530681220419,7.948528044614818,0.31666196147065007,0.3166602311138613,0.31666029511495347,4.475661401457138e-05,2.216253211042658e-07,3.417924020254759e-05,-2.5802589220802474e-07,False,False,False
binary,alpha,beta,0.05,0.25,4,127,100,0.1,1.0,0.4832483361233835,0.1,70.16815727719339,3.9062724326299834,True,True,True,6.663963889626269,6.663877958318033,6.663876637456987,0.36981618697204327,0.369821331448289,0.36982140269789543,1.3209599489764185e-05,8.445571631563484e-08,-7.088392976584146e-06,-1.1618294593063183e-07,False,False,False
binary,alpha,beta,0.05,0.25,5,128,100,0.1,1.0,0.47207184632339244,0.1,69.80999768369736,0.2569586712297679,True,True,True,5.082075939444934,5.082131567311628,5.082129963895591,0.5421077913253699,0.5420979786755032,0.5420980728869172,1.2431897294100023e-05,1.4645979906612306e-07,-5.584319779927682e-07,-2.0703583913928014e-07,False,False,False
binary,alpha,beta,0.05,0.25,6,129,100,0.1,1.0,0.3425333368379805,0.617724885622275,68.76471040620049,5.1237965343830033e-08,True,True,True,4.315467888490305,4.3156134216995605,4.3156070780549305,0.7959356391325147,0.7959265436303344,0.7959270550493941,1.74070897459758e-05,3.7604247179998364e-07,2.2370332857235553e-05,-8.811369696104521e-07,False,False,False
binary,alpha,beta,0.05,0.25,7,130,100,0.1,1.0,0.4237755772099935,0.4836733718098868,68.81504039394174,1.0173423748423966e-07,True,True,True,6.81278877471837,6.812827252298021,6.8128235791333465,0.4749296311790868,0.4749290880533947,0.47492921067766536,8.114916116528347e-06,2.987712448426462e-07,4.624555188570412e-06,-3.97977984789577e-07,False,False,False
binary,alpha,beta,0.05,0.25,8,131,100,0.1,1.0,0.4798861982199676,0.1,69.87581023406453,1.036684807331769,True,True,True,7.5273459858927,7.5272689242973305,7.527266786617849,0.3900887163751469,0.390099949114797,0.39010003549132777,2.7347834593937726e-05,1.3548113465574972e-07,2.510018347834375e-06,-1.8454676364854095e-07,False,False,False
binary,alpha,beta,0.05,0.25,9,132,100,0.1,1.0,0.5243327578476559,0.1,69.90607056729434,1.3757638726020005,True,True,True,8.764055971669434,8.764786304173551,8.76478560686316,0.3210546557226033,0.3210236804212535,0.32102369597291025,3.766084629333192e-05,5.51511982901551e-08,4.760594728736578e-05,-6.165366528421146e-08,False,False,False
binary,alpha,beta,0.05,0.25,10,133,100,0.1,1.0,0.5128768011824124,0.1,69.91737818942731,1.4081174768421527,True,True,True,7.565085727891977,7.5653244915681945,7.565319448575352,0.31978395725575187,0.3197614208374233,0.31976160745905535,2.712004352126877e-05,3.586019212666553e-07,5.163019423548576e-06,-4.517371934298353e-07,False,False,False
binary,alpha,beta,0.05,0.25,11,134,100,0.1,1.0,0.509228425507271,0.1,69.80746595871682,0.2735327342407337,True,True,True,6.920741046342092,6.9215991277319455,6.921594707697101,0.37867650865223035,0.37863203114553334,0.3786321863008388,6.592505149351773e-05,3.6267502160412127e-07,7.231265884399818e-05,-4.5995685127309116e-07,False,False,False
binary,alpha,beta,0.05,0.25,12,135,100,0.1,1.0,0.4937836150805929,0.1,69.85280795599543,0.8619518752084925,True,True,True,9.368441207613353,9.368634636869682,9.368630949187292,0.25174945694017614,0.25176015150721254,0.2517601888270764,5.610177373761236e-05,3.3249120098931796e-07,3.260860680143196e-05,-3.5065404802026023e-07,False,False,False
binary,alpha,beta,0.05,0.25,13,136,100,0.1,1.0,0.46090109229497656,0.1,70.12493555902192,3.412536507596606,True,True,True,4.399186417853078,4.398970838940754,4.3989691800374695,0.6462266107884282,0.6462507354190624,0.6462508291960416,1.4873771870128531e-05,1.9421111932195548e-07,-2.1500108800864837e-05,-2.691470086801928e-07,False,False,False
binary,alpha,beta,0.05,0.25,14,137,100,0.1,1.0,0.4577622924997516,0.2736439607524012,69.49941127396251,1.8812616950290427e-07,True,True,True,7.329980457434046,7.330168511690644,7.330170118687567,0.39646393100058863,0.39644578252056906,0.39644571213332386,1.983069869438759e-05,1.0367163387028208e-07,4.8991475694037945e-06,1.381942240641365e-07,False,False,False
binary,alpha,beta,0.05,0.25,15,138,100,0.1,1.0,0.501659338339378,0.13664222447789673,69.73917485347768,1.5888218580782546e-08,True,True,True,8.062808725047846,8.06290255451314,8.062902157534781,0.29838914293445906,0.29837989073430204,0.2983799196581692,1.0779618909972937e-05,3.210086052981018e-08,9.693253986142736e-07,-1.5935341934891767e-08,False,False,False
binary,alpha,beta,0.05,0.25,16,139,100,0.1,1.0,0.46834183126782203,0.4103070493950439,69.02523031598805,1.7288250917028506e-07,True,True,True,7.937794974182118,7.938221595303656,7.9382198376955415,0.41674853570475523,0.41673025168289557,0.4167303231406423,2.4023230570986725e-05,9.573904245078314e-08,3.255470117835557e-05,-1.3914207386278576e-07,False,False,False
binary,alpha,beta,0.05,0.25,17,140,100,0.1,1.0,0.47369508575603153,0.16878949599594173,69.72372952577669,3.4532669361120913e-07,True,True,True,5.8394521396053,5.839534773933407,5.839532200572208,0.47647619065073615,0.4764712040403799,0.4764713264109971,4.952227210892969e-06,2.1982135350139708e-07,8.110098917768482e-06,-2.9979486271258793e-07,False,False,False
binary,alpha,beta,0.05,0.25,18,141,100,0.1,1.0,0.4969706801404286,0.1,69.88759816048608,1.126390941408418,True,True,True,7.862296747892389,7.862566991509521,7.862560813733913,0.3168045578003892,0.3167905703391052,0.31679072510415024,2.1287748115182323e-05,5.18162387216367e-07,1.7660304791888848e-05,-6.075404002103824e-07,False,False,False
binary,alpha,beta,0.05,0.25,19,142,100,0.1,1.0,0.5183036218764161,0.1,70.01660426815712,2.356506570322385,True,True,True,6.574371307114581,6.574728017475457,6.574727522116365,0.3905683532938896,0.39054776865512125,0.3905478299566776,2.35374690096324e-05,9.463359191879756e-08,3.055253445438666e-05,-4.76688910566736e-09,False,False,False
binary,alpha,beta,0.05,0.5,0,10123,100,0.1,1.0,0.5575898016301768,0.2357437660288539,69.54983596140421,3.553424150496195e-07,True,True,True,9.78103604567852,9.781669143249363,9.781664559897742,0.31753213032415617,0.3175051291605482,0.31750521377759616,2.8095084438658747e-05,3.2009081442208487e-07,3.326756643673434e-05,-3.71146526845223e-07,False,False,False
binary,alpha,beta,0.05,0.5,1,10124,100,0.1,1.0,0.5127009176800389,0.7419901625868364,68.32305307796577,1.3500311979441904e-07,True,True,True,4.99387859563656,4.994032390749177,4.994035275756661,0.7172942232325635,0.7172785684796577,0.7172783198280601,1.0129298448892276e-05,1.0980721675982594e-07,1.3064471900747776e-05,2.9142007917926094e-07,False,False,False
binary,alpha,beta,0.05,0.5,2,10125,100,0.1,1.0,0.4830236534011895,0.1,69.92684475668781,1.4135426411599854,True,True,True,5.422970285375733,5.423132180401921,5.423127417650582,0.5086630385962864,0.5086584370592163,0.5086587311401651,2.4618077208026028e-05,3.240597605012072e-07,2.4015753581352328e-05,-5.396560709414189e-07,False,False,False
binary,alpha,beta,0.05,0.5,3,10126,100,0.1,1.0,0.45630941655476887,0.1,70.2244963091297,4.2679357434849425,True,True,True,2.011016885128009,2.0109234069192894,2.010918357232699,0.9691288773824843,0.9691663894528174,0.9691673925331935,3.996772681372209e-05,3.346932518318998e-07,-4.653060955206456e-06,-1.3562924436882895e-06,False,False,False
binary,alpha,beta,0.05,0.5,4,10127,100,0.1,1.0,0.5029757964386312,0.1,69.87662457107346,1.1239837505172923,True,True,True,10.103857474571406,10.103992072801905,10.103988143182509,0.20255230488445933,0.20256564899155122,0.20256572436213194,5.750361212343047e-05,2.7871546357327963e-07,2.8382207943877802e-05,-3.021440022621391e-07,False,False,False
binary,alpha,beta,0.05,0.5,5,10128,100,0.1,1.0,0.5941656251428632,0.46234723476779876,68.65180115143075,1.9328852131274406e-07,True,True,True,11.247805377519056,11.24773982641998,11.247741939203697,0.17022650465852293,0.17022410908358823,0.17022407805402254,3.304034178306894e-05,1.4431232411836302e-07,-8.43380918524872e-06,1.5211661263947462e-07,False,False,False
binary,alpha,beta,0.05,0.5,6,10129,100,0.1,1.0,0.39737564620912796,0.3474483759339904,69.27854121892929,2.2311494473267972e-07,True,True,True,5.083802036355378,5.083729895870304,5.0837311754798895,0.5640373196779594,0.5640529488101529,0.5640528562956696,3.2682362087116844e-05,1.157162682870653e-07,3.948535862718927e-06,1.4519558533265808e-07,False,False,False
binary,alpha,beta,0.05,0.5,7,10130,100,0.1,1.0,0.2742212091527238,1.5488228580364272,64.34915906121618,2.127778074387071e-07,True,True,True,3.5974547485222437,3.597679193047634,3.5976782176189444,1.1377485578477537,1.1377377250715819,1.1377378108566403,3.765666465260316e-05,7.729673665475368e-08,4.9743807821300834e-05,-1.723635421058134e-07,False,False,False
binary,alpha,beta,0.05,0.5,8,10131,100,0.1,1.0,0.5223201694240133,0.3692916603484613,69.2742379531445,2.5121479338940403e-07,True,True,True,7.6543676477972085,7.654495040068167,7.654489872160096,0.25456459576712925,0.2545649663030141,0.25456509443325814,1.879553124987287e-05,4.741165202433034e-07,1.6541907370992703e-05,-5.276316699109884e-07,False,False,False
binary,alpha,beta,0.05,0.5,9,10132,100,0.1,1.0,0.49038597177861976,0.5025940482104345,68.85880734431088,1.2570784244981419e-07,True,True,True,7.097835911007492,7.0976338740916125,7.097632684409096,0.522567747140365,0.5225697241798335,0.5225698122687756,3.181397856409596e-05,6.704188557851316e-08,-2.6255034654809606e-05,-6.620064141316107e-08,False,False,False
binary,alpha,beta,0.05,0.5,10,10133,100,0.1,1.0,0.3782341262426273,1.3538779523387856,65.53739298600894,1.430275407462349e-07,True,True,True,3.631777761600682,3.63177460370319,3.631774328139914,0.9681181650817745,0.9681257135316526,0.9681257324660517,2.4039847831572792e-05,3.441648760810176e-08,7.766878709958291e-06,-5.4076622291177046e-08,False,False,False
binary,alpha,beta,0.05,0.5,11,10134,100,0.1,1.0,0.4680684545458521,0.1,69.85948539559348,0.6625963209218172,True,True,True,3.5565514047749507,3.5566172150494038,3.5566126762884824,0.729977434294615,0.7299788885610463,0.7299793376436874,2.1482918702409454e-05,3.359550187424631e-07,1.941895118307002e-05,-7.591207662471788e-07,False,False,False
binary,alpha,beta,0.05,0.5,12,10135,100,0.1,1.0,0.42867717928317706,0.342694464973151,69.0885034794336,1.780614992148581e-07,True,True,True,8.177085914944684,8.17696065002063,8.176961693551704,0.33065657502786083,0.33065265834713387,0.33065256900174694,2.3157463327133095e-05,1.1114146048500911e-07,-1.9803624624614713e-05,2.4755763661232777e-08,False,False,False
binary,alpha,beta,0.05,0.5,13,10136,100,0.1,1.0,0.5297520914894965,0.44775323995139565,68.78029423904965,2.4542026777638945e-07,True,True,True,10.162171146374922,10.162048866090231,10.16204505372828,0.1811678023901967,0.181180233216798,0.1811802637701862,1.5315018601603884e-05,3.3011961036998003e-07,1.9385748970535133e-06,-3.399810140081172e-07,False,False,False
binary,alpha,beta,0.05,0.5,14,10137,100,0.1,1.0,0.5304086990882334,0.4220238027497431,68.70389962973009,3.568311379208842e-07,True,True,True,12.27989742789571,12.279671854259092,12.279670394816188,0.22062194826481213,0.22063067398609526,0.22063064509556016,1.2474173366272921e-05,1.7523387581939168e-07,-8.475764715853984e-06,-1.5211178094887146e-07,False,False,False
binary,alpha,beta,0.05,0.5,15,10138,100,0.1,1.0,0.5219054915135307,0.19716139039079783,69.58751109417712,7.311688450861804e-07,True,True,True,11.563179418184315,11.56404062599572,11.564035249061199,0.17027891450854832,0.1702540701706244,0.17025416970228988,5.565537631487741e-05,3.289261699347304e-07,4.5522206633563655e-05,-3.5038026169331715e-07,False,False,False
binary,alpha,beta,0.05,0.5,16,10139,100,0.1,1.0,0.04277906930391368,1.4611046751731993,67.96194955214673,5.19060818418563e-07,True,True,True,0.9942894313386355,0.9954793625656569,0.9954684185837394,2.794459901920854,2.794275868412096,2.7942780320781537,0.0007680873602159763,6.030304730892723e-06,0.000975670750193558,-8.502728178427787e-06,False,False,False
binary,alpha,beta,0.05,0.5,17,10140,100,0.1,1.0,0.4970819583503345,0.3712235396490471,68.93502025981729,2.2469334198890888e-08,True,True,True,12.397660337467412,12.39747997175675,12.397476273376782,0.09579446998874282,0.09580689399918736,0.09580689481975899,1.717832129905007e-05,2.972195132070222e-07,-5.421744617706281e-07,-2.97372409363561e-07,False,False,False
binary,alpha,beta,0.05,0.5,18,10141,100,0.1,1.0,0.491427881407092,0.4642267778142088,68.820092003561,0.0,True,True,True,8.469795800367317,8.469905129089923,8.469902272971705,0.31962038946954885,0.3196190445524921,0.31961912355439526,1.951087255583112e-05,2.09558153965534e-07,1.1113340789847825e-05,-2.4625356331853254e-07,False,False,False
binary,alpha,beta,0.05,0.5,19,10142,100,0.1,1.0,0.3788557351578775,0.573193610946661,68.99017595362457,4.5396952955807387e-07,True,True,True,2.9532218740674714,2.953301533172804,2.9532959664741285,0.696548654865158,0.696545302106015,0.696545900009486,2.2114487201909508e-05,6.531254712787804e-07,2.1916709684433044e-05,-1.1965469468577794e-06,False,False,False
binary,alpha,beta,0.05,1.0,0,20123,100,0.1,1.0,0.3201632688129962,0.4629710049247856,69.0419579188604,1.4667158017059434e-06,True,True,True,4.4225512894981325,4.42288793743666,4.4228921020212,0.7008481170217802,0.7007990274368792,0.700798696235106,3.904852498297678e-05,2.565961830335152e-07,2.0161671599794317e-05,5.602879014077189e-07,False,False,False
binary,alpha,beta,0.05,1.0,1,20124,100,0.1,1.0,0.5206743890834316,0.7881466548194939,66.76094091299805,3.0145775206728484e-08,True,True,True,8.716860902320281,8.71679947652779,8.716796784837832,0.42929777690173754,0.42929591611159135,0.42929602834139713,1.988421829448404e-05,1.5027279024516462e-07,-9.368701753942332e-06,-1.7958407738660753e-07,False,False,False
binary,alpha,beta,0.05,1.0,2,20125,100,0.1,1.0,0.4747062194287455,0.35000405863736056,69.22640569166899,2.137541195635794e-07,True,True,True,8.641589489756017,8.641613475547823,8.641615520070923,0.2771140408302402,0.27709861520783124,0.27709859987866003,3.322329602954278e-05,2.0964526231525877e-07,-1.4764843228931568e-05,2.1894204849104426e-07,False,False,False
binary,alpha,beta,0.05,1.0,3,20126,100,0.1,1.0,0.49552598584777974,0.718773378789347,68.18467070221416,2.5618982671915017e-08,True,True,True,5.498490443181735,5.498566805751009,5.498563938588075,0.6057457212485186,0.6057254790506353,0.6057256931900402,3.246564338509027e-05,1.5399566460092972e-07,-9.691774010889276e-06,-2.749012679714724e-07,False,False,False
binary,alpha,beta,0.05,1.0,4,20127,100,0.1,1.0,0.14624332889415756,0.8549943284177342,68.27424424500838,1.5888218580782548e-07,True,True,True,3.5665214948463544,3.5669593409028844,3.5669542231200166,1.347999079838146,1.3479736347887359,1.3479742135430328,6.572877699135926e-05,1.2062413296777433e-07,9.269488246843594e-05,-7.684601825985737e-07,False,False,False
binary,alpha,beta,0.05,1.0,5,20128,100,0.1,1.0,0.35538723582612125,0.7766864586236819,67.11149641385279,2.4716267618779977e-07,True,True,True,6.304779670043551,6.304866083428856,6.304862793200066,0.49803804901726195,0.4980340304943226,0.4980342179425407,6.453553222545288e-06,1.876120178963916e-07,8.773374617021545e-06,-3.0604786616095225e-07,False,False,False
binary,alpha,beta,0.05,1.0,6,20129,100,0.1,1.0,0.43636431450494695,0.44317908073507983,69.01357970958361,7.675177253299112e-07,True,True,True,6.64193549487287,6.641927743968715,6.64192245964531,0.45423770321264206,0.45425425529594604,0.4542545362082156,3.688600575058108e-05,3.0788580561887416e-07,1.7417135794062233e-05,-4.721889723668937e-07,False,False,False
binary,alpha,beta,0.05,1.0,7,20130,100,0.1,1.0,0.5169126434314085,1.3090670938804,63.70910789641384,4.650313436534621e-08,True,True,True,5.508962940720339,5.509020272617426,5.509017725423318,0.8020122753791495,0.8020107356861732,0.8020109002003509,1.0367181111727567e-05,1.1134468700908211e-07,8.361366482745325e-06,-2.729640584675508e-07,False,False,False
binary,alpha,beta,0.05,1.0,8,20131,100,0.1,1.0,0.5405964702059394,0.4678972373756505,68.87747025091961,1.8879589810561616e-07,True,True,True,8.399194284661041,8.399111755632058,8.399108704654331,0.24164513231781523,0.2416493606603616,0.24164939703275545,1.2137840405061711e-05,3.046872033735287e-07,-5.279190745000051e-06,-3.213748414054862e-07,False,False,False
binary,alpha,beta,0.05,1.0,9,20132,100,0.1,1.0,0.44938551512263347,0.8330273748997228,66.95970024906943,3.177643716156509e-08,True,True,True,7.27959161392786,7.279330154179834,7.2793295667714135,0.5858524730404536,0.5858689955324192,0.585869020703155,1.0169833323220275e-05,4.279077388016699e-08,-1.6946955071261982e-05,-5.171652617264044e-08,False,False,False
binary,alpha,beta,0.05,1.0,10,20133,100,0.1,1.0,0.5047633654976764,0.1,69.81559448375313,0.4168331173564433,True,True,True,8.183474760041644,8.18352599173378,8.183521920360011,0.28259218294106586,0.2825849768883628,0.28258503169331006,2.2412458326947505e-05,4.0201540677763417e-07,-2.47032274103276e-06,-4.3441210095807037e-07,False,False,False
binary,alpha,beta,0.05,1.0,11,20134,100,0.1,1.0,0.41504444093087084,0.7452129998852836,66.18109987467844,1.9652641023440268e-07,True,True,True,10.161815104003798,10.161904152242112,10.161902038909718,0.22686505799090248,0.22686980158060427,0.2268698654224135,1.98028402174502e-05,1.237084844116405e-07,1.4089780322024126e-05,-1.3446559421481652e-07,False,False,False
binary,alpha,beta,0.05,1.0,12,20135,100,0.1,1.0,0.3929898851399409,1.3478496034069898,61.42766580951489,2.2806635470774826e-07,True,True,True,7.933761476697665,7.933704231464689,7.933703344932078,0.8915650348186462,0.8915805309291995,0.8915805679862985,2.9039596913538618e-05,3.059478181385975e-08,1.0556055251242924e-05,-6.90790216140158e-08,False,False,False
binary,alpha,beta,0.05,1.0,13,20136,100,0.1,1.0,0.3167483428623403,1.029942896933834,64.76008656201999,3.44942781718969e-08,True,True,True,6.5628551299218945,6.562963351715996,6.562963557495371,0.3671418855857377,0.3671385847976867,0.3671385298546629,3.4660019605614085e-05,1.8102258531800322e-07,1.2657838212248862e-05,-3.190085351434391e-08,False,False,False
binary,alpha,beta,0.05,1.0,14,20137,100,0.1,1.0,0.44911277503630465,0.2912891613106305,69.46960885017378,3.056159864571351e-07,True,True,True,7.2148189511487075,7.214879561095966,7.214882247063527,0.4957324060979539,0.49572393197182857,0.49572376712519195,1.09345049683433e-05,1.1346827509000638e-07,-1.1729807170013373e-06,1.824949293904865e-07,False,False,False
binary,alpha,beta,0.05,1.0,15,20138,100,0.1,1.0,0.4291620369261486,0.27991743303137206,69.52277475752905,2.5618982671915016e-07,True,True,True,5.812885523116423,5.813026526778145,5.813019944961732,0.5113069736905296,0.5112964972456446,0.5112968588444539,6.969192518203348e-06,4.3953150711554697e-07,1.14793909204991e-05,-7.159475643447877e-07,False,False,False
binary,alpha,beta,0.05,1.0,16,20139,100,0.1,1.0,0.3100748276398719,0.498433950750269,69.02647082026901,7.12281438155046e-07,True,True,True,3.623119381065442,3.6234513138013944,3.623451359478149,0.7979087152598452,0.7978698086791504,0.7978697510985135,4.020270379468464e-05,1.5955193762644355e-07,4.676444139306568e-05,-5.368629274471459e-08,False,False,False
binary,alpha,beta,0.05,1.0,17,20140,100,0.1,1.0,0.5312593363629438,0.722647767402028,67.35157472384027,1.711213510985814e-07,True,True,True,8.506337682467882,8.50605991668842,8.506057912808293,0.5341311213067916,0.534149066809725,0.5341491802418227,1.650400507517995e-05,7.395439934164578e-08,-1.2098978402264038e-05,-1.049891409365955e-07,False,False,False
binary,alpha,beta,0.05,1.0,18,20141,100,0.1,1.0,0.47431436945604794,0.4121633043673142,69.03963824157576,3.330467747348952e-07,True,True,True,8.038854932122607,8.039083914450053,8.039080281213877,0.3495219831352269,0.3495121829716621,0.34951237006229674,1.8812100562661336e-05,2.2230349940180618e-07,1.696463424138983e-05,-2.3655059067095863e-07,False,False,False
binary,alpha,beta,0.05,1.0,19,20142,100,0.1,1.0,0.6769891175046703,0.668601334825544,68.26605647661913,5.272399465380076e-07,True,True,True,7.764350196371677,7.7641562496309895,7.764151169371515,0.35411959297530093,0.35413355321718054,0.35413378985066724,1.4133092636516906e-05,2.908305224913127e-07,-9.289011146051962e-06,-3.8188800033367443e-07,False,False,False
binary,alpha,beta,0.05,3.0,0,30123,100,0.1,1.0,0.19061632939155956,1.9242913506619543,55.33213212080539,6.057445002610693e-07,True,True,True,5.614383618927931,5.614480205842096,5.614479585641939,0.9279216467285795,0.9278981182663676,0.9278981273895947,3.86351335189469e-05,9.015367679713282e-08,-9.984775992677442e-06,-9.996090000186086e-08,False,False,False
binary,alpha,beta,0.05,3.0,1,30124,100,0.1,1.0,0.06889793283333871,2.2864027742192516,61.649006764586744,1.6431622273205927e-07,True,True,True,2.184203884870639,2.1845322523072745,2.184531852069612,2.2732143756617833,2.273355144929112,2.273354257277833,0.0004728998041433306,2.2285926356607393e-06,0.00031118750387548744,-1.2051606717022878e-06,False,False,False
binary,alpha,beta,0.05,3.0,2,30125,100,0.1,1.0,0.040044052541195134,1.996622865816768,65.61252012967608,1.4211032951190628e-06,True,True,True,1.6182433980404012,1.6185727240182237,1.618569880991942,2.9554233834771164,2.955577635165773,2.955576440576194,0.0005543028383369731,4.508963084307275e-06,0.00037794459798590196,-3.1318256503709563e-06,False,False,False
binary,alpha,beta,0.05,3.0,3,30126,100,0.1,1.0,0.042931994712437326,2.8214306677296634,50.513051869671685,5.3424425733468986e-08,True,True,True,2.22873416756986,2.229873141446889,2.2298674894731505,3.075473374106493,3.075629004846064,3.0756273104230973,0.0008628342408434525,6.438548190933369e-06,0.0006856012358937846,-4.485441309043381e-06,False,False,False
binary,alpha,beta,0.05,3.0,4,30127,100,0.1,1.0,0.06389294949332555,2.795056848025293,52.99097326811613,1.7767660731130458e-07,True,True,True,2.9830195313445897,2.9830584975456573,2.9830593281552917,2.430878689006958,2.431108782171876,2.4311075314508632,0.0005404025286586652,2.6016670505712125e-06,0.0002768056273652064,-1.1615035333534252e-06,False,False,False
binary,alpha,beta,0.05,3.0,5,30128,100,0.1,1.0,0.20735632899594958,3.0277617133794172,51.65696405531804,3.231603316675947e-08,True,True,True,3.1245779753534433,3.1245410423244215,3.124541063844322,1.8507005021786171,1.8507409810386948,1.8507409641072106,8.136768591522109e-05,3.281637724501588e-08,3.477016875308436e-05,-1.2605710253410507e-08,False,False,False
binary,alpha,beta,0.05,3.0,6,30129,100,0.1,1.0,0.16326162645634174,2.232466160586306,57.27577163120074,1.5940300536701486e-07,True,True,True,4.3769276843466605,4.377248097304347,4.37724789184403,1.5727491316053621,1.572755439008599,1.5727554159101536,8.771884935135681e-05,1.0021211223282574e-07,8.039044803354045e-05,-7.353130371257066e-08,False,False,False
binary,alpha,beta,0.05,3.0,7,30130,100,0.1,1.0,0.04171613759667553,3.21506832432325,62.10320321489674,1.4567639123707088e-06,True,True,True,0.6736903272755764,0.6745560913509409,0.6745495045314184,3.423794587908184,3.423632022910804,3.4236333985255722,0.0009033494412588117,6.600994735410666e-06,0.0010889409828394037,-8.180985453520861e-06,False,False,False
binary,alpha,beta,0.05,3.0,8,30131,100,0.1,1.0,0.04093695116115642,3.353520655763875,45.23559910155217,5.62770481448701e-07,True,True,True,1.6608459416337402,1.6615234996821304,1.6615175920898726,3.3592381115785495,3.3594517858309305,3.359450281262647,0.0008927155196365363,7.0216789696893225e-06,0.0006485902507549213,-5.2877319305366655e-06,False,False,False
binary,alpha,beta,0.05,3.0,9,30132,100,0.1,1.0,0.14137428330642599,2.4560347548319257,54.46063273807976,6.576960442998368e-08,True,True,True,4.194019890406395,4.194068996591711,4.194069002072963,1.5356526209853942,1.5357108280960154,1.5357107309314852,0.00014580925994957825,2.2261839729226385e-07,7.861140620946117e-05,-1.1055789173042285e-07,False,False,False
binary,alpha,beta,0.05,3.0,10,30133,100,0.1,1.0,0.41644589207084315,2.529068082511495,44.7534302755089,2.4227376605413834e-07,True,True,True,4.698571700216787,4.698723181801444,4.698723011351711,0.7433705327459716,0.7433300916232796,0.7433301053008561,6.110705211272708e-05,7.999594521560367e-09,-1.4340689787673e-05,-2.052886571846102e-08,False,False,False
binary,alpha,beta,0.05,3.0,11,30134,100,0.1,1.0,0.0599010646257135,2.5536409981498434,50.92141992445912,2.877832596263767e-07,True,True,True,2.377757183596905,2.3791630445838465,2.3791583063890736,2.5851510166737133,2.5852111390487478,2.585210198132248,0.0007264346649580068,4.163735885436532e-06,0.0006572239779174538,-3.074810628334035e-06,False,False,False
binary,alpha,beta,0.05,3.0,12,30135,100,0.1,1.0,0.030824610807015523,3.5718540931735023,48.46019501802363,1.7067311896959097e-05,True,True,True,1.2768211415245172,1.2777309984947358,1.277717863105339,3.7942584469886693,3.7944234344833556,3.7944230938369694,0.0010807277863579998,1.106640894683519e-05,0.0008916180913516314,-1.0672482808615769e-05,False,False,False
binary,alpha,beta,0.05,3.0,13,30136,100,0.1,1.0,0.09781596138656305,3.151380457936075,46.2791845518291,9.877470485340347e-07,True,True,True,3.486699267800274,3.486862142591591,3.4868623464509803,2.00947627256813,2.00955878312503,2.0095585609416586,0.00023623983967211207,4.544265329478202e-07,0.00014150853957772824,-1.9733305833824488e-07,False,False,False
binary,alpha,beta,0.05,3.0,14,30137,100,0.1,1.0,0.04805440842507387,3.130408009629391,50.831116556896184,1.9160050319276934e-06,True,True,True,1.5836010886777403,1.584474586746799,1.5844706229587968,3.1605685721032497,3.1606230998794196,3.160622207470971,0.000672528658978924,4.558287889247753e-06,0.0006106859967829337,-3.5290682163235942e-06,False,False,False
binary,alpha,beta,0.05,3.0,15,30138,100,0.1,1.0,0.051396790960326726,3.5638637453571724,55.45071897873985,5.30776181879768e-06,True,True,True,1.6678249504480638,1.6680988932510799,1.668100042748546,2.9020887393758805,2.9022461606428798,2.9022444148105975,0.0005233150249779678,3.330824404446071e-06,0.00034415511780849783,-1.3208576206125144e-06,False,False,False
binary,alpha,beta,0.05,3.0,16,30139,100,0.1,1.0,0.061778625352213096,2.9959007862351843,59.8810835659045,6.858470205837728e-07,True,True,True,1.1564552414560092,1.1567931829773213,1.1567921628408564,2.67567402700263,2.675793571435557,2.6757925174036568,0.0005647376833093997,3.3114031472002185e-06,0.00042771443773403917,-2.095365360332835e-06,False,False,False
binary,alpha,beta,0.05,3.0,17,30140,100,0.1,1.0,0.024999839569520354,3.6669670000919528,57.70458167666895,3.725731338835512e-05,True,True,True,0.7364731545175334,0.7375227127675453,0.7375045628679032,4.211613623408439,4.211497192988062,4.2115028330597735,0.001143814915511993,1.1624509684982529e-05,0.0012719378713867968,-1.81162058083828e-05,False,False,False
binary,alpha,beta,0.05,3.0,18,30141,100,0.1,1.0,0.0755823538201996,3.3634570240123143,53.66502551450634,6.394919515358122e-06,True,True,True,1.954588620644854,1.9547758205057177,1.9547759045065871,2.565050207997511,2.5651550741219658,2.5651545005187253,0.00033608321898034074,1.277995952715912e-06,0.00021588414618634033,-6.17413014936119e-07,False,False,False
binary,alpha,beta,0.05,3.0,19,30142,100,0.1,1.0,0.16971619876366598,2.0171532064728313,62.22459532343255,3.4151496929049166e-07,True,True,True,2.16165946140807,2.1619289463050437,2.161927754309485,1.8427884129698517,1.8428185196032594,1.8428186451774913,0.00019613301201353928,2.693051246815687e-07,0.000158912737148853,-4.067848848876565e-07,False,False,False
binary,alpha,beta,0.05,8.0,0,40123,100,0.1,1.0,0.05053329822130014,5.262547796158338,40.43214119230369,9.060637227154928e-07,True,True,True,1.3251793864392667,1.325265142966546,1.3252654176616627,3.222089881988516,3.2222402506475976,3.222238939773663,0.00040805584136425485,2.8115472580363587e-06,0.00023652744492608235,-1.3019238167544245e-06,False,False,False
binary,alpha,beta,0.05,8.0,1,40124,100,0.1,1.0,0.17257593682702813,4.9796473138549,12.675142019350293,3.2164424557962725e-07,True,True,True,1.391198628332911,1.3912400738486015,1.3912400677938332,1.9382839037951631,1.938325615166515,1.9383255259144536,0.0001256418368840689,2.0985248582965967e-07,7.770566800857637e-05,-1.0710729902996263e-07,False,False,False
binary,alpha,beta,0.05,8.0,2,40125,100,0.1,1.0,0.11747714183156656,5.743211589586406,10.71008767921852,4.4892254574915405e-07,True,True,True,0.9333577399936185,0.9333370476383143,0.9333370542840731,2.5518361440861437,2.5519528329480363,2.5519525329490933,0.0002458716603036973,6.837153619490682e-07,0.00011183470413911323,-3.3826612089171704e-07,False,False,False
binary,alpha,beta,0.05,8.0,3,40126,100,0.1,1.0,0.19071255965810543,5.4454919997290085,10.875627375500017,2.418875608710255e-07,True,True,True,0.9999459750450401,0.9999531513893068,0.9999531155018345,1.7573466978767642,1.7574208408008178,1.7574207196437523,0.00017772938607562918,3.151393437165681e-07,9.236152569336298e-05,-1.753763818612697e-07,False,False,False
binary,alpha,beta,0.05,8.0,4,40127,100,0.1,1.0,0.14020042867724883,5.323606460007895,10.556831048389643,9.826272871537544e-07,True,True,True,0.9662454981273705,0.9663283614908778,0.9663282992166881,2.294837730357342,2.294905313859203,2.29490508700832,0.00024092444210796157,5.870291775139765e-07,0.00016323717403032845,-3.256158613851312e-07,False,False,False
binary,alpha,beta,0.05,8.0,5,40128,100,0.1,1.0,0.27920019060639784,4.788752629414995,23.20526795782441,1.0288778577272198e-07,True,True,True,1.2993066233205268,1.2993110246794697,1.2993110078721721,1.6397237973993928,1.639732083353479,1.6397320812250185,2.244554230012032e-05,1.8221265649540214e-08,1.291163290417785e-05,-1.538602845130299e-08,False,False,False
binary,alpha,beta,0.05,8.0,6,40129,100,0.1,1.0,0.054167167496349325,5.662947360327223,25.326517338454313,5.211867252618934e-06,True,True,True,0.9975674355170767,0.9976324938073702,0.9976323662214946,3.345297073910445,3.3455669717487515,3.3455652006470693,0.0006822790434128785,4.20615096083341e-06,0.00037377923289128034,-2.1669448280192682e-06,False,False,False
binary,alpha,beta,0.05,8.0,7,40130,100,0.1,1.0,0.08893301699268119,6.222665766309163,19.452941000005303,1.3262844727042015e-06,True,True,True,0.9685099400407784,0.968528156998217,0.9685281476426431,2.8947677846761297,2.8948945359563893,2.894894069156511,0.0003095578623115303,1.084525184585542e-06,0.0001641898067639147,-5.470827986187032e-07,False,False,False
binary,alpha,beta,0.05,8.0,8,40131,100,0.1,1.0,0.0919325590145058,6.0032608690794556,12.192599035355784,2.1203493292930335e-07,True,True,True,0.9146268695475652,0.9146355803718228,0.9146355410758602,2.78071004301033,2.780861044220445,2.7808604906254,0.00035588433298848915,1.317732918855951e-06,0.00018269011929028522,-6.803133683064289e-07,False,False,False
binary,alpha,beta,0.05,8.0,9,40132,100,0.1,1.0,0.17505800886790543,5.645043690312919,8.211844875880082,4.786416946211013e-07,True,True,True,0.9784352472703064,0.97845495315179,0.9784549347005047,2.0323373210431774,2.032401616435882,2.03240148561165,0.00016793225020430942,3.201760869533e-07,9.399332896187218e-05,-1.694745375147022e-07,False,False,False
binary,alpha,beta,0.05,8.0,10,40133,100,0.1,1.0,0.05506285877030525,5.140536821030023,35.90505667634931,2.6087598513946636e-06,True,True,True,0.8618583844059728,0.8619606709349678,0.8619601088905523,3.5325842997796815,3.532759783393341,3.5327588244672787,0.0005198064301504869,2.8603038186113008e-06,0.00031895124070757674,-1.7560580687359106e-06,False,False,False
binary,alpha,beta,0.05,8.0,11,40134,100,0.1,1.0,0.08227828569019262,5.958218557534886,13.732685754727148,1.1295009024825155e-07,True,True,True,1.0078689103808909,1.0079832523627623,1.0079832880104334,2.9224795008309896,2.9225938732311234,2.92259317708927,0.0003751704418514506,1.5675721463732514e-06,0.00024435281914314544,-7.660975889223209e-07,False,False,False
binary,alpha,beta,0.05,8.0,12,40135,100,0.1,1.0,0.4106202822055833,4.293854607086516,17.982984084896056,7.798429015557025e-08,True,True,True,1.9644637309625939,1.9645118391388607,1.9645118792971619,1.456588898958683,1.4565724323653717,1.4565724272973173,1.3453342719206958e-05,9.282902200829771e-09,5.545656872385507e-06,1.4607060450089193e-08,False,False,False
binary,alpha,beta,0.05,8.0,13,40136,100,0.1,1.0,0.09502740268138332,5.57237845772015,28.96418217508434,4.93295594807395e-07,True,True,True,1.0792666319756494,1.0792670470877952,1.0792669620385456,2.8185804850386904,2.8186826088242403,2.8186823126685,0.00023481188543532591,7.60867819772531e-07,0.00011753921263846223,-4.197646852333037e-07,False,False,False
binary,alpha,beta,0.05,8.0,14,40137,100,0.1,1.0,0.06052740974776113,6.565194612341968,27.83119046217677,9.663655303480518e-06,True,True,True,0.9659857821144388,0.9659840974234187,0.965984233418474,3.338562126263032,3.3387352445769043,3.3387343712036355,0.00039492745495528557,1.8703433742220742e-06,0.0001967010864731833,-8.647241962478347e-07,False,False,False
binary,alpha,beta,0.05,8.0,15,40138,100,0.1,1.0,0.06065057643992497,5.481166583119224,22.73031560622073,1.6560680904130774e-06,True,True,True,1.1201306562781448,1.1202427817600256,1.12024267815694,3.193018372177129,3.193237023551441,3.1932356080430795,0.0006000935916802905,3.35200840544563e-06,0.0003501049008285406,-1.7221469370554132e-06,False,False,False
binary,alpha,beta,0.05,8.0,16,40139,100,0.1,1.0,0.06371151814201294,5.809197262542954,17.22858855459983,3.814482999869458e-07,True,True,True,1.0344915695743522,1.0345812940207448,1.0345814839713214,3.071844210251104,3.0720639216835095,3.0720624317117418,0.0005892288729904268,3.24719198329758e-06,0.0003381494742100699,-1.5317920052382306e-06,False,False,False
binary,alpha,beta,0.05,8.0,17,40140,100,0.1,1.0,0.09838670650083854,5.025065407183078,37.128141220493745,8.989591733705274e-07,True,True,True,1.2278156837156395,1.2282640736781019,1.2282637590157466,2.747644732229823,2.7476059082062556,2.747605663465325,0.0002749920814030601,8.201228906067631e-07,0.00031989079064942416,-5.379530563232038e-07,False,False,False
binary,alpha,beta,0.05,8.0,18,40141,100,0.1,1.0,0.09548196216283165,6.714771985969067,18.882648957161365,2.193828832928815e-06,True,True,True,0.9168831763133604,0.9169161812056303,0.9169161575709073,2.701879159907078,2.7020127554063404,2.7020122639193827,0.0003423951400613055,1.157569685779648e-06,0.00018921206793365286,-5.91621589052238e-07,False,False,False
binary,alpha,beta,0.05,8.0,19,40142,100,0.1,1.0,0.11094889210632307,5.745595507271123,16.507363426927245,9.578518957517185e-08,True,True,True,0.8835178248828508,0.883575930249003,0.883575918747685,2.6963384917968303,2.6964042221727724,2.6964039655783147,0.0002165260376951284,6.03863943464012e-07,0.00014113022137607345,-3.084320709945132e-07,False,False,False
binary,alpha,beta,0.25,0.25,0,50123,100,0.1,1.0,0.44971152539298614,0.6077703024939184,67.70594855940922,3.7719045849334515e-07,True,True,True,10.398151794299228,10.398343747875014,10.398339375312267,0.441527906864524,0.44154114719729043,0.441541280650398,4.699857762959815e-05,1.7976928065368244e-07,3.343681905221274e-05,-2.6686221588079206e-07,False,False,False
binary,alpha,beta,0.25,0.25,1,50124,100,0.1,1.0,0.1469375445794883,1.7286494736990805,63.517446356968875,2.9232064039400866e-07,True,True,True,3.4127349221375685,3.4131471399993742,3.413146368048285,1.7523838361989597,1.7523931335365532,1.7523931561284707,0.00014286720582098447,1.7878569638116703e-07,0.000131284628935191,-2.0016000235045794e-07,False,False,False
binary,alpha,beta,0.25,0.25,2,50125,100,0.1,1.0,0.46618124137981665,0.1,70.17648822869346,3.925067382226644,True,True,True,4.821564485811183,4.8216115811671445,4.82160925917385,0.604225117603079,0.6042279716787702,0.6042281388376343,2.3213730251848628e-05,1.6382950890942579e-07,1.2764347019356137e-05,-2.8913169103361724e-07,False,False,False
binary,alpha,beta,0.25,0.25,3,50126,100,0.1,1.0,0.5359903228498287,0.6609493177528263,67.28104018102113,4.766465574234764e-08,True,True,True,10.886915027650941,10.88726187853328,10.887256315424473,0.24846526958407264,0.24846313976679968,0.24846328976181684,3.9275800584357684e-05,2.9055107443589633e-07,2.9068591373970776e-05,-3.3828608536623506e-07,False,False,False
binary,alpha,beta,0.25,0.25,4,50127,100,0.1,1.0,0.504410097251732,0.1,69.9464601465803,1.6755453060569168,True,True,True,7.187495970606423,7.1876068853913395,7.187601826224419,0.2670329561488585,0.26704737694115227,0.2670475207478874,7.184186162975063e-05,4.6877923636523815e-07,3.149575226757406e-05,-5.383102603673251e-07,False,False,False
binary,alpha,beta,0.25,0.25,5,50128,100,0.1,1.0,0.5782530160864006,0.21774834378738328,69.64056210315101,4.0525859593569745e-07,True,True,True,6.9468504521379755,6.947470373038407,6.94746451588015,0.45060711110563734,0.4505722219361644,0.4505724984495961,3.4106774542571554e-05,3.422951975714778e-07,4.8541353748987603e-05,-5.247159435839421e-07,False,False,False
binary,alpha,beta,0.25,0.25,6,50129,100,0.1,1.0,0.5087742973678062,0.1,69.79557163769925,0.18746585084426906,True,True,True,7.559273275756378,7.559216133295131,7.559212348233572,0.2999510769987902,0.2999617756635138,0.2999619450948494,2.203750992502042e-05,2.629330983796596e-07,4.452354588124763e-06,-3.05656527643805e-07,False,False,False
binary,alpha,beta,0.25,0.25,7,50130,100,0.1,1.0,0.46779254330458614,0.22779521905509073,69.61363333194396,5.1237965343830033e-08,True,True,True,7.189368279734573,7.18885581588775,7.188858393127824,0.4367777689305429,0.4367975674725044,0.4367974815333621,5.508049714437697e-05,1.9640761498224526e-07,-4.822985252417311e-05,2.5956374827273976e-07,False,False,False
binary,alpha,beta,0.25,0.25,8,50131,100,0.1,1.0,0.44516542105385076,0.7231283620199973,67.27158002218194,2.5618982671915017e-08,True,True,True,8.247106084258485,8.247353995674167,8.247347588047754,0.5421258656139802,0.5421197166215171,0.5421200372396576,1.733554712557075e-05,2.2124851572820723e-07,2.257286588758234e-05,-4.07806197699756e-07,False,False,False
binary,alpha,beta,0.25,0.25,9,50132,100,0.1,1.0,0.4728193501230934,0.1,70.28291067912467,4.965580643556696,True,True,True,4.839431334009662,4.839484296632849,4.839480803047352,0.5751054863190611,0.5751162611345837,0.5751164985419401,3.4657037464409576e-05,2.5208719347436446e-07,2.2900314462503957e-05,-4.4856703595996805e-07,False,False,False
binary,alpha,beta,0.25,0.25,10,50133,100,0.1,1.0,0.5504250970843224,0.4498129326492475,68.7842655208306,1.9184653865522705e-07,True,True,True,10.184870691214552,10.18493502430206,10.184937810391446,0.3465841292808516,0.3465803692663434,0.34658022221919205,9.639148376749588e-06,1.4112143006251572e-07,2.0918936201042015e-06,1.0425570451388921e-07,False,False,False
binary,alpha,beta,0.25,0.25,11,50134,100,0.1,1.0,0.5308595404854997,0.16805743453802574,69.72218784845153,2.4283519182169845e-07,True,True,True,6.540852241470367,6.540718232390327,6.540720505897736,0.39543407105373174,0.3954422970865029,0.3954421477229516,2.603537349332088e-05,1.3386465315838283e-07,-1.084202311574245e-05,1.7563172605150612e-07,False,False,False
binary,alpha,beta,0.25,0.25,12,50135,100,0.1,1.0,0.6061209876257512,0.5397334849883612,68.61007072681791,5.125766846524424e-07,True,True,True,8.620761145628778,8.621241868790152,8.62123938473096,0.32793955435364175,0.32791320826213216,0.32791323563854485,2.5748999313939193e-05,2.3777429560378531e-07,2.5173196576133705e-05,-2.566142001114713e-07,False,False,False
binary,alpha,beta,0.25,0.25,13,50136,100,0.1,1.0,0.6658517483091306,0.42174539578672454,68.99539333739553,3.481659405224491e-07,True,True,True,9.298309585094502,9.298039431377395,9.298038382801328,0.34526349174392157,0.3452735952788927,0.34527367649349067,1.3732017567744556e-05,9.75390077415648e-08,-1.7441637510273722e-05,-1.927213588714949e-08,False,False,False
binary,alpha,beta,0.25,0.25,14,50137,100,0.1,1.0,0.5153330955821771,0.1,69.80530969933552,0.20460156235958926,True,True,True,6.017531582038899,6.018272521467488,6.018266204605246,0.46499671311650964,0.46495532118570304,0.464955660002702,5.209413391612791e-05,4.2524833365464923e-07,7.480878886667597e-05,-6.595369228534764e-07,False,False,False
binary,alpha,beta,0.25,0.25,15,50138,100,0.1,1.0,0.5035857946155965,0.2989810846967928,69.43822801155592,4.766465574234764e-08,True,True,True,8.282532224597409,8.28264651381416,8.282644229615915,0.35633147306162327,0.35631779053741497,0.3563178528048951,1.902296330539346e-05,1.7575395583081888e-07,-2.1579510018909787e-06,-2.0409315482083912e-07,False,False,False
binary,alpha,beta,0.25,0.25,16,50139,100,0.1,1.0,0.4871967492853176,0.4273738464472625,69.0118894006288,8.644125458514253e-08,True,True,True,8.29157001471108,8.291648457024413,8.29164616175758,0.4277680496488459,0.42776115578213125,0.4277611816321714,8.700363003767106e-06,2.2843431426462632e-07,1.2765318615493015e-06,-2.470557944889151e-07,False,False,False
binary,alpha,beta,0.25,0.25,17,50140,100,0.1,1.0,0.5749392294332443,0.25609720504929473,69.59342095039726,1.9302714388240538e-07,True,True,True,7.25121878733426,7.2508046434007305,7.250806879377528,0.40749372250539156,0.4075165100626387,0.4075164280207718,3.049403890483495e-05,1.6063830240797818e-07,-3.0666263967304985e-05,2.1392213511717273e-07,False,False,False
binary,alpha,beta,0.25,0.25,18,50141,100,0.1,1.0,0.46244083741973185,0.147996554709335,69.76032731440398,1.1053450909133777e-07,True,True,True,4.426703020213271,4.427050529314527,4.427049246618073,0.6507616060620472,0.6507297717518911,0.6507298276477036,2.5054541678597607e-05,1.7190637003699784e-07,4.162384388450846e-05,-2.2538824850926176e-07,False,False,False
binary,alpha,beta,0.25,0.25,19,50142,100,0.1,1.0,0.49964177123509995,0.35244694096181495,69.26171802092995,4.485432925232155e-07,True,True,True,8.649292727087579,8.649311885233772,8.64930805372928,0.3706293227823822,0.37064840608177124,0.37064854158471294,4.6707091856022326e-05,2.1328096610943655e-07,2.3898473287431443e-05,-2.869803097382828e-07,False,False,False
binary,alpha,beta,0.25,0.5,0,60123,100,0.1,1.0,0.24606186120457074,0.8411717997097078,68.36978912804913,1.0681799536181492e-07,True,True,True,2.961781732417017,2.9620016230931463,2.9619954799011423,1.014498933799633,1.0145062568604497,1.01450706860154,9.172650250834685e-05,2.854082113639397e-07,8.153147976486252e-05,-1.1394509016326992e-06,False,False,False
binary,alpha,beta,0.25,0.5,1,60124,100,0.1,1.0,0.6289718260166605,0.5039354523006679,68.94800636733792,2.9442545262413463e-07,True,True,True,7.401522173563972,7.401662788694536,7.401659049104504,0.3228854425415935,0.32287429969038695,0.32287448230351773,1.8586737066794756e-05,2.334154167419767e-07,5.874279295881024e-06,-2.949954733821869e-07,False,False,False
binary,alpha,beta,0.25,0.5,2,60125,100,0.1,1.0,0.5510542282029409,0.2276812524138719,69.66093486577421,3.3763866356698376e-07,True,True,True,6.05473879407852,6.055442475013348,6.055437979558977,0.4643825215230472,0.46433456398102,0.4643347661234312,5.752429859512946e-05,3.5684571746180347e-07,6.0490295197723754e-05,-5.096576956020726e-07,False,False,False
binary,alpha,beta,0.25,0.5,3,60126,100,0.1,1.0,0.3830795137285181,1.0451742541697764,66.42589335257485,8.193001025980716e-08,True,True,True,4.986179389117231,4.986748453207473,4.986746069805911,0.8212526209517177,0.8212212881305376,0.8212214800718642,4.515883291391263e-05,7.972603387955956e-08,7.77915604288637e-05,-2.569665156215706e-07,False,False,False
binary,alpha,beta,0.25,0.5,4,60127,100,0.1,1.0,0.6479855902525572,1.058988338575745,65.29960304643085,5.489750252393346e-08,True,True,True,7.538550608534515,7.538955599068559,7.538956290982406,0.6335512304229959,0.6335256086288663,0.6335255328828837,1.6077611998289813e-05,8.317531020250657e-08,2.422754842257291e-05,4.5726835651294095e-09,False,False,False
binary,alpha,beta,0.25,0.5,5,60128,100,0.1,1.0,0.4599448097329206,0.20388113338951647,69.65204810012953,3.539900804719636e-07,True,True,True,6.742551146587078,6.742471969130638,6.742474948757001,0.440548150241458,0.44054650274283125,0.4405463674755232,1.797723011868639e-05,1.9785394417817253e-07,-1.3353587476672146e-05,2.861866477132935e-07,False,False,False
binary,alpha,beta,0.25,0.5,6,60129,100,0.1,1.0,0.7274244939637307,0.8773184795891383,66.67284821468674,2.045820231286366e-07,True,True,True,8.65921941729175,8.659086947299336,8.659081327297052,0.3204920639863342,0.320502054664834,0.3205022795315257,9.781329227194193e-06,3.063706802368585e-07,-4.1862104183110205e-06,-3.9014230424072593e-07,False,False,False
binary,alpha,beta,0.25,0.5,7,60130,100,0.1,1.0,0.5987239480061582,1.124726990751776,64.55253328273864,1.8742208625450904e-07,True,True,True,6.567060905816814,6.566999519061409,6.567000371214171,0.7069382925489494,0.7069354468561798,0.7069353681398689,1.8812866817920324e-05,5.686979172083652e-08,-1.25848068535106e-05,3.913737600669265e-08,False,False,False
binary,alpha,beta,0.25,0.5,8,60131,100,0.1,1.0,0.5187059480068046,0.1829655528986547,69.62971763947749,2.1316282072803006e-07,True,True,True,11.04098483917487,11.040923446759843,11.040920454875236,0.15536153193459706,0.15536286021038304,0.1553628872540148,1.2985136078393793e-05,2.3199315050868401e-07,-4.271038861247689e-06,-2.3984627262052527e-07,False,False,False
binary,alpha,beta,0.25,0.5,9,60132,100,0.1,1.0,0.5862540798941765,0.5310046968177178,68.51323434837109,1.8650900910311475e-07,True,True,True,9.345977841338641,9.346121239447537,9.346121077008393,0.27317519117889644,0.27317645203306035,0.2731764194338191,1.893214158081784e-05,8.879730044784306e-08,1.6739879129090696e-05,-5.49116379033876e-08,False,False,False
binary,alpha,beta,0.25,0.5,10,60133,100,0.1,1.0,0.02,1.815627343867431,68.03976091286546,10.621319226800097,True,True,True,0.16726916755204618,0.1702677613798825,0.1702094917931341,4.590565021349942,4.583411896660655,4.583555310548902,0.0012848363600968294,1.2070155802368665e-05,0.009355458613867995,-0.0001771704816064812,False,False,False
binary,alpha,beta,0.25,0.5,11,60134,100,0.1,1.0,0.31932368293157914,0.7476133672434222,68.13552318611806,3.895044663313952e-07,True,True,True,5.777561845943434,5.777586626438495,5.777586268079562,0.7432144764500475,0.7432278866733735,0.7432278650091311,3.4554201273989285e-05,1.1790468650855581e-07,1.964120551178894e-05,-8.696758868609322e-08,False,False,False
binary,alpha,beta,0.25,0.5,12,60135,100,0.1,1.0,0.4943693187247713,0.1,69.7897895867808,0.10629720748085662,True,True,True,6.985075899217211,6.9854852554978635,6.9854821564658645,0.3748938903762898,0.3748836798186739,0.37488375774065186,4.552942142535072e-05,3.036086082932545e-07,4.64934302186748e-05,-3.539278594644202e-07,False,False,False
binary,alpha,beta,0.25,0.5,13,60136,100,0.1,1.0,0.08923153342972086,1.9345571269626347,66.9567059661623,1.0071297255454312e-06,True,True,True,1.5138812784912197,1.5140264182414938,1.514025778971194,2.335479393744526,2.335469309186221,2.335469518288894,7.314714760612566e-05,6.188210198110056e-08,8.407624461881369e-05,-1.814936609889628e-07,False,False,False
binary,alpha,beta,0.25,0.5,14,60137,100,0.1,1.0,0.49727141256957696,0.1,69.79198183182294,0.3618979818044105,True,True,True,11.633920172935543,11.634466030344502,11.63446261234756,0.14983904805115256,0.1498212597269761,0.1498212982812878,3.967314946495032e-05,2.4350247235141713e-07,2.6189412977828397e-05,-2.4939477327734494e-07,False,False,False
binary,alpha,beta,0.25,0.5,15,60138,100,0.1,1.0,0.5013730243897574,0.1,69.96149698366119,1.891503984552472,True,True,True,8.468664325168449,8.46884366128337,8.468837711989844,0.27542115705534337,0.2754105999331655,0.2754108100229656,1.2013858457014398e-05,3.830752937765233e-07,8.56125689097098e-06,-4.6061725811341603e-07,False,False,False
binary,alpha,beta,0.25,0.5,16,60139,100,0.1,1.0,0.46341969385371884,0.3472352134042501,69.37683882624182,4.811796245956263e-07,True,True,True,6.729545376420443,6.729924784910732,6.729922916390476,0.5799504887180459,0.5799221444337733,0.5799222177307034,2.0462795056131636e-05,1.2681938235723234e-07,2.3552103016299952e-05,-1.932573923113523e-07,False,False,False
binary,alpha,beta,0.25,0.5,17,60140,100,0.1,1.0,0.4086854313173427,0.26879257742965557,69.67880958119132,3.629336557970116e-07,True,True,True,3.0288924787043126,3.0291678223453404,3.0291673269464505,0.8891388211255553,0.8891091072668488,0.8891092126064192,2.6633021306089286e-05,1.4261117602825083e-07,5.664997453891374e-05,-4.226625094361225e-08,False,False,False
binary,alpha,beta,0.25,0.5,18,60141,100,0.1,1.0,0.47475704863692997,0.1,69.87342603512398,0.9424606588481975,True,True,True,5.826733099107679,5.826906339563616,5.826900896635053,0.46593822538005625,0.46594473412188486,0.46594503959951206,5.1366069463379475e-05,3.8009616849264775e-07,3.664261971891847e-05,-5.824089583938985e-07,False,False,False
binary,alpha,beta,0.25,0.5,19,60142,100,0.1,1.0,0.620699419201705,0.5611584528203166,68.53067042855183,1.8474111129762605e-07,True,True,True,8.68785148146065,8.687967150963555,8.68796485963339,0.35382185730168564,0.3538020342089157,0.3538021421314733,3.275960205847854e-05,1.0958742719284223e-07,-9.647816739288828e-06,-1.394856496972352e-07,False,False,False
binary,alpha,beta,0.25,1.0,0,70123,100,0.1,1.0,0.43409075533079106,1.190814885937046,63.64985412881054,1.4898836323470293e-07,True,True,True,6.700328361574773,6.7003240570536,6.700323155626089,0.5943857760052358,0.5943893146758455,0.5943893380233388,1.3664504516002997e-05,8.502271040051945e-08,3.3239554113606573e-06,-1.0765512570287683e-07,False,False,False
binary,alpha,beta,0.25,1.0,1,70124,100,0.1,1.0,0.4769468350715747,1.1380758684493664,62.99544770512518,3.1451892809394185e-07,True,True,True,8.541342453848012,8.541124043538943,8.541123960553884,0.6655957945250863,0.6656150966081902,0.6656151061640022,2.74747540791844e-05,1.2526914492308831e-08,-3.3476549248234733e-06,1.2855991826654645e-09,False,False,False
binary,alpha,beta,0.25,1.0,2,70125,100,0.1,1.0,0.15417587894316084,1.0868162112741393,66.82726068001035,7.212978659865378e-07,True,True,True,4.405426450588832,4.405638151887887,4.40563766623529,1.1646283966540503,1.164660220459334,1.1646601730383594,0.00012651128087116573,2.2966281854913187e-07,8.452719202978187e-05,-1.6482975695453206e-07,False,False,False
binary,alpha,beta,0.25,1.0,3,70126,100,0.1,1.0,0.4860696186457415,0.1,69.95611876830289,1.8043842686665823,True,True,True,7.216850003578501,7.217070426214655,7.217064278366853,0.3545091325976175,0.35450251773962443,0.35450288821201564,2.1386990266563728e-05,3.632544413177481e-07,2.2501346933267996e-05,-4.2532636257419654e-07,False,False,False
binary,alpha,beta,0.25,1.0,4,70127,100,0.1,1.0,0.35368328021978135,1.8705028316685128,60.44891513860108,9.599845576883041e-08,True,True,True,2.9491536100802103,2.9490145460378354,2.949014159971751,1.275598743974656,1.2756222143032803,1.2756222600455849,8.705978294187777e-06,2.8835552499563416e-08,-2.021203054880516e-05,-7.825082803947225e-08,False,False,False
binary,alpha,beta,0.25,1.0,5,70128,100,0.1,1.0,0.5580191529450287,0.5293786518382223,67.85505693431895,1.533850958773748e-07,True,True,True,13.806131019569634,13.805790486918205,13.805790790465679,0.08253798567006768,0.08254864711522392,0.0825486825869698,1.8900058002028902e-05,9.614214573369006e-08,-1.2328357385626987e-05,6.282532183377043e-08,False,False,False
binary,alpha,beta,0.25,1.0,6,70129,100,0.1,1.0,0.44847757689097134,0.5116361195044429,68.68429701153269,1.1457157353758234e-07,True,True,True,7.598297076684083,7.598602702073078,7.5985995762660075,0.5741996496545635,0.5741840420567059,0.5741842282811455,1.5245356501073576e-05,1.1619768417464621e-07,2.2056192364061644e-05,-1.9696730646501237e-07,False,False,False
binary,alpha,beta,0.25,1.0,7,70130,100,0.1,1.0,0.35527359382924717,0.8616627299833073,66.44076080489808,3.877506642778102e-07,True,True,True,7.3712787401858115,7.371274693371828,7.371276082831109,0.6819202422067112,0.6819309795330194,0.6819309142521054,2.7111821134378603e-05,8.179710994155212e-08,1.192614507772305e-05,1.1333902705246146e-07,False,False,False
binary,alpha,beta,0.25,1.0,8,70131,100,0.1,1.0,0.4006408948099081,0.8644696562731168,67.62157984335438,4.723906993886732e-07,True,True,True,4.469686850817858,4.469839086301715,4.46983721360174,0.7510552057132458,0.7510263018238861,0.7510265035258162,3.249654782893114e-05,9.534783860112034e-08,5.9538311347751e-07,-1.8674579393973545e-07,False,False,False
binary,alpha,beta,0.25,1.0,9,70132,100,0.1,1.0,0.39597144616127716,0.5569656630417822,68.74718680007034,3.097998921446055e-07,True,True,True,5.537584845761726,5.537652196175762,5.537654555155796,0.6487161931381944,0.6487066220135244,0.6487064534483434,1.0876970950500304e-05,1.0381112345019203e-07,1.3750994583006104e-06,2.3192127684978914e-07,False,False,False
binary,alpha,beta,0.25,1.0,10,70133,100,0.1,1.0,0.422846308795308,0.4899718135110854,68.90318615813071,1.7302846319304764e-07,True,True,True,6.343834112177674,6.343929290767793,6.343928217142434,0.5356270231777587,0.5356247309383179,0.5356247577302027,1.0146062834933638e-05,1.5274282952108286e-07,1.2225780565700006e-05,-1.383913712516005e-07,False,False,False
binary,alpha,beta,0.25,1.0,11,70134,100,0.1,1.0,0.44221857802620035,1.3910812519953843,62.48221729330164,1.5100942746729462e-08,True,True,True,5.950732972800826,5.950750566993839,5.950750731651168,0.8354228015597083,0.8354190351269872,0.8354190200684449,6.230190737178214e-06,8.519183184302475e-09,-1.3692940683540655e-06,1.0333216948765767e-08,False,False,False
binary,alpha,beta,0.25,1.0,12,70135,100,0.1,1.0,0.3831722252532399,1.672085959643233,57.5256907063676,2.3863734040636195e-07,True,True,True,6.430050653392138,6.430267957858058,6.430267465040522,0.8781067558861047,0.8781049605568223,0.8781049896986496,3.115437665275929e-05,1.3839397816001654e-08,3.1684530824804824e-05,-4.308951417897333e-08,False,False,False
binary,alpha,beta,0.25,1.0,13,70136,100,0.1,1.0,0.42300178645259284,1.0072192891230733,66.55276047166166,7.529745044147943e-08,True,True,True,5.239412694650676,5.2396221768133175,5.239619847998028,0.7761783968718368,0.776167706804633,0.7761678691841244,1.986703950687656e-05,1.0119026963102548e-07,2.74162829754232e-05,-2.5751624832537345e-07,False,False,False
binary,alpha,beta,0.25,1.0,14,70137,100,0.1,1.0,0.16942304106872297,1.4409724086559488,63.30325574141544,1.0023691000177018e-07,True,True,True,4.735625976213557,4.7360055640092655,4.7360046416201325,1.1063081913471475,1.1063577542089247,1.1063576826991102,0.00019976732660391652,3.725510825260694e-07,0.00013693683169435644,-2.770897253867588e-07,False,False,False
binary,alpha,beta,0.25,1.0,15,70138,100,0.1,1.0,0.6374840929383268,0.9736254434803191,66.7466681723969,1.7989505211591226e-07,True,True,True,5.4777361683549115,5.477742167412471,5.477741378063747,0.3665783855009853,0.36656956698289556,0.3665695980361888,2.378824343048844e-05,8.798817762920094e-08,-9.165873493088839e-06,-1.0834969543793704e-07,False,False,False
binary,alpha,beta,0.25,1.0,16,70139,100,0.1,1.0,0.4114011809925979,0.5066789500505888,69.09429603940555,2.84572143904438e-07,True,True,True,4.116588888733381,4.116675457907079,4.116673101692539,0.8006360191386619,0.8006281694808197,0.8006283865409185,8.384481729104277e-06,1.207623109478644e-07,1.1669413638060178e-05,-3.224590727768373e-07,False,False,False
binary,alpha,beta,0.25,1.0,17,70140,100,0.1,1.0,0.36003691556179995,1.6656855831000057,60.405210272794676,5.295221545252931e-07,True,True,True,5.603332144573954,5.60360612526922,5.603605177787313,1.055127512726691,1.0551112735652106,1.055111328868954,1.2258195875616437e-05,4.498056396986307e-08,3.009339526727217e-05,-1.0541354100723765e-07,False,False,False
binary,alpha,beta,0.25,1.0,18,70141,100,0.1,1.0,0.3711261499737624,1.7243476176932373,58.2858269683392,4.385953527343082e-08,True,True,True,5.4640369051776165,5.464269478123723,5.464269008104445,0.9789034874957346,0.9788833578811985,0.9788833786604464,5.852424456452584e-06,3.9035063400486596e-08,1.932623245437526e-05,-6.209386071986955e-08,False,False,False
binary,alpha,beta,0.25,1.0,19,70142,100,0.1,1.0,0.5818591726641745,0.980315136039705,65.87316888302813,5.17282919736354e-08,True,True,True,7.456970695405311,7.457252449551183,7.457247364966279,0.6626550995611271,0.662635770250023,0.6626360359864453,1.1392935533800614e-05,1.6019589566526159e-07,1.5153698981862362e-05,-3.758907496376196e-07,False,False,False
binary,alpha,beta,0.25,3.0,0,80123,100,0.1,1.0,0.18080438415384023,3.1031013225170354,44.49378395899017,1.494820802920733e-07,True,True,True,3.736930178268191,3.736988777152387,3.736988747690969,1.3267527950669922,1.3267069291362568,1.3267070089011392,8.972010614389377e-05,1.7668751069341177e-07,-3.704025618844753e-05,8.394898287633623e-08,False,False,False
binary,alpha,beta,0.25,3.0,1,80124,100,0.1,1.0,0.07016296463560599,3.781079829032475,38.104918830583486,2.3804850627457563e-07,True,True,True,2.231062824024223,2.231203719964052,2.231203805133444,2.4568197180158475,2.4570628369687917,2.4570613960847605,0.000619849555634987,3.280202423972054e-06,0.00034143027475153076,-1.6207070956397729e-06,False,False,False
binary,alpha,beta,0.25,3.0,2,80125,100,0.1,1.0,0.49742176169408153,3.229718080992155,39.93421671671792,2.597420431147159e-07,True,True,True,2.7038004446637967,2.7040422065668612,2.7040420843004096,1.4100576079241207,1.4100207906435613,1.4100208032411106,5.797261379311635e-06,1.629227322632499e-08,4.699341595681972e-05,-3.07127123733153e-08,False,False,False
binary,alpha,beta,0.25,3.0,3,80126,100,0.1,1.0,0.4452320732057752,2.961143555878485,42.59051178983435,1.1733773422396684e-07,True,True,True,3.457196915678153,3.457467457875032,3.4574672045898125,1.236772070353488,1.2367445001590653,1.236744527282186,1.5437166225243037e-05,1.162378839011302e-08,4.646833182420096e-05,-4.2030798397263425e-08,False,False,False
binary,alpha,beta,0.25,3.0,4,80127,100,0.1,1.0,0.24097425550181734,2.1308951839850065,51.870249381076476,4.6260019467626245e-08,True,True,True,6.0426606902040225,6.0428322707974225,6.0428318116480995,0.9273976897110251,0.9273951295067263,0.9273951254634591,2.3025247481261288e-05,8.550352358435759e-08,2.5366290032025063e-05,-8.063745582376214e-08,False,False,False
binary,alpha,beta,0.25,3.0,5,80128,100,0.1,1.0,0.27712262600367227,2.6015161717119066,51.582169645608495,4.856685003963702e-08,True,True,True,3.936889328944705,3.9370519352986957,3.9370519766636485,1.4050634663210215,1.4050698927075875,1.4050698585229862,5.616652822019101e-05,6.927089905110825e-08,4.8672205679167746e-05,-2.88498895884004e-08,False,False,False
binary,alpha,beta,0.25,3.0,6,80129,100,0.1,1.0,0.18594257787896423,3.1590811129985013,41.11605510628922,2.5083086758576844e-07,True,True,True,3.7503717105629186,3.750446003910935,3.750445679801879,1.6489316415093576,1.648966862517779,1.6489668351141094,0.00010086164907089661,1.4994684001560953e-07,6.0241115711789917e-05,-1.1796844745504131e-07,False,False,False
binary,alpha,beta,0.25,3.0,7,80130,100,0.1,1.0,0.2926452321416436,3.703400247446159,41.356345023257056,1.8520712859334395e-07,True,True,True,2.4889870924812434,2.4890279889925906,2.4890277903256885,1.624388027481334,1.6243891998734779,1.62438921427602,1.9402544745426747e-05,4.738598115216309e-08,1.7717381531667797e-05,-6.32355252605521e-08,False,False,False
binary,alpha,beta,0.25,3.0,8,80131,100,0.1,1.0,0.3883726869425781,2.416057607873866,47.9583859802439,1.908091104804158e-07,True,True,True,4.73013896784677,4.730084825661883,4.7300846537513435,1.0823412445347282,1.0823485525720826,1.0823485458759137,5.4420980772352105e-06,5.2421703541835024e-08,-3.0766443188667836e-06,-4.4053315662040404e-08,False,False,False
binary,alpha,beta,0.25,3.0,9,80132,100,0.1,1.0,0.45436327849142244,2.4834506498267843,47.999306774761564,6.603607289093409e-07,True,True,True,4.496822596063994,4.497056251843881,4.497056057483657,1.1837190498614767,1.1836970539200995,1.1836970619027611,3.7127630716961114e-06,2.4950699952296507e-08,2.660105290175352e-05,-3.4029056905637844e-08,False,False,False
binary,alpha,beta,0.25,3.0,10,80133,100,0.1,1.0,0.19604607835096505,2.699886724247716,46.87107053666368,8.280430781104779e-07,True,True,True,3.6485179290330803,3.6486971142125753,3.648696574211748,1.7320365252832541,1.7320584770509069,1.7320585072905967,0.00010003110350820727,7.969797720740319e-08,7.427028867112995e-05,-1.1318354609102244e-07,False,False,False
binary,alpha,beta,0.25,3.0,11,80134,100,0.1,1.0,0.3885337663708239,2.5954000983163428,43.688810653342976,9.971115764977777e-08,True,True,True,4.959627024155446,4.959593986750042,4.959593844189187,0.9687961975943729,0.9687894604095714,0.9687894598032408,2.209398209380314e-05,3.016446456537151e-08,-1.4447203483314297e-05,-2.944252486258847e-08,False,False,False
binary,alpha,beta,0.25,3.0,12,80135,100,0.1,1.0,0.3697765444362285,3.3252367151303104,41.17071692172548,3.505931659629503e-07,True,True,True,2.758112652311197,2.758058960190267,2.758058658160893,1.365153157908243,1.3651602795366367,1.3651603087903657,4.303248275658187e-06,4.248941003600128e-08,-1.1343919091189036e-05,-7.582835337416327e-08,False,False,False
binary,alpha,beta,0.25,3.0,13,80136,100,0.1,1.0,0.47890719387350644,3.090538535170317,38.940346784470705,2.3106654549055522e-07,True,True,True,3.361445801868733,3.3615728486141707,3.3615728192191203,1.2578649018717676,1.257841826299036,1.2578418212255562,1.54843781856453e-05,2.045060414015298e-08,1.1213233534590472e-05,-1.4585495478058874e-08,False,False,False
binary,alpha,beta,0.25,3.0,14,80137,100,0.1,1.0,0.43012098535649096,2.511991810886108,52.824331422279535,2.9334229694190686e-08,True,True,True,3.807456148102884,3.807527505537524,3.807527269316827,1.2622738990211024,1.2622708255581443,1.262270830200729,1.1693958757192588e-05,5.1386238902137004e-08,1.5146172657409807e-05,-5.6695476757795404e-08,False,False,False
binary,alpha,beta,0.25,3.0,15,80138,100,0.1,1.0,0.2836954263230178,1.5056376150084365,65.63848286892242,5.9182625711559984e-08,True,True,True,3.1286525308293474,3.1289023002337535,3.1289024510333445,1.341609997877077,1.3415963450774966,1.341596325625059,4.914801861371785e-05,1.1970210768407703e-08,6.413714729092135e-05,2.5800233061090694e-08,False,False,False
binary,alpha,beta,0.25,3.0,16,80139,100,0.1,1.0,0.44745933578003394,2.476920178247585,45.36994007838199,4.4002395320832456e-07,True,True,True,5.1937298975206625,5.1937493290902195,5.1937492927011135,1.014850736835181,1.0148498732760198,1.0148498522552634,6.823072594396874e-06,5.6394564522510786e-08,2.7159279909483303e-06,-3.120736380424205e-08,False,False,False
binary,alpha,beta,0.25,3.0,17,80140,100,0.1,1.0,0.34056800661931014,3.0040995137148205,40.04134047698966,3.195376938214943e-07,True,True,True,3.998728815241512,3.998871518570052,3.9988715849107237,1.2188645823053603,1.2188541492704783,1.2188541362101966,1.19079521288704e-05,1.3536724572454694e-08,2.367661495839002e-05,1.5536443243036047e-09,False,False,False
binary,alpha,beta,0.25,3.0,18,80141,100,0.1,1.0,0.4830049055324974,2.2413487043582907,44.24763231413943,6.05830429317255e-08,True,True,True,6.791671975120546,6.791792500627513,6.791792524868269,0.8162674119973566,0.8162547821132394,0.8162547871389002,1.2041623473194962e-05,1.541494596207772e-08,3.2145792729920686e-06,9.355133556709916e-09,False,False,False
binary,alpha,beta,0.25,3.0,19,80142,100,0.1,1.0,0.16544235012219258,2.614968813553717,50.45525627275632,1.1381665105750231e-07,True,True,True,4.564149861957833,4.56417232157069,4.564172052029122,1.4828750197801586,1.4829103403374349,1.4829102811062125,8.601126415609352e-05,1.9547943325824852e-07,4.5457909216395365e-05,-1.2724842690658988e-07,False,False,False
binary,alpha,beta,0.25,8.0,0,90123,100,0.1,1.0,0.1811228292444379,6.515379581385645,20.773318135940617,7.26662992160059e-07,True,True,True,0.9623077048061697,0.9623084524263134,0.9623084112019602,2.5978673957583824,2.597882463481054,2.597882464746125,3.543133969342441e-05,4.0072589006618843e-08,1.808287736437819e-05,-4.138255604857477e-08,False,False,False
binary,alpha,beta,0.25,8.0,1,90124,100,0.1,1.0,0.3571856048619241,5.922673670698335,7.847379696784429,4.70824854028587e-08,True,True,True,0.9030465052590096,0.9030525441536714,0.9030525496592459,1.8795042326192968,1.8795122973106062,1.8795122893080367,2.5242920219672635e-05,1.2359670212182098e-08,1.5968926552645257e-05,-3.1166713654329214e-09,False,False,False
binary,alpha,beta,0.25,8.0,2,90125,100,0.1,1.0,0.3395216914401766,5.9677772650547904,4.666315877505866,3.3849227837349717e-08,True,True,True,0.8449824877186084,0.8450151624423521,0.8450151442481229,1.743015696068067,1.7430005041483152,1.7430005012387717,3.7643981731853765e-06,2.8321500993595667e-08,2.1153140933982684e-05,-2.488098171937736e-08,False,False,False
binary,alpha,beta,0.25,8.0,3,90126,100,0.1,1.0,0.35489244439901896,5.905479854121878,5.996623104854475,1.7967818263535656e-07,True,True,True,0.8370088291902371,0.8370512389724439,0.8370512175450402,1.7322834934129792,1.7322632799082704,1.7322632767614905,4.469303493968715e-06,3.29240180864947e-08,2.7366099022430035e-05,-2.922154163087498e-08,False,False,False
binary,alpha,beta,0.25,8.0,4,90127,100,0.1,1.0,0.2912333869694143,5.5688015835807345,29.980943494565263,7.44118009372554e-07,True,True,True,1.2470949640089402,1.2469931225197899,1.2469930730837213,2.467432690721197,2.467489006578383,2.4674890167799592,4.8064279193206185e-05,1.742710018198449e-08,-1.685818563146313e-05,-2.7899222487803854e-08,False,False,False
binary,alpha,beta,0.25,8.0,5,90128,100,0.1,1.0,0.3131572202570165,6.327748197791407,7.4488910556553645,1.1793329289060309e-07,True,True,True,0.7724658364861793,0.7724975689634105,0.7724975487130876,1.9301520438909514,1.9301461323244593,1.9301461291282695,2.7453843397954668e-05,3.362712234826418e-08,3.4242777132043045e-05,-2.989384206841805e-08,False,False,False
binary,alpha,beta,0.25,8.0,6,90129,100,0.1,1.0,0.3128051691917126,6.293038608184512,5.9538540785199245,5.977876539229777e-08,True,True,True,0.7860156103795077,0.7860591197179558,0.7860590992055941,1.8707592326678777,1.8707454408256954,1.8707454356076805,2.3581003478282065e-05,3.811630648767517e-08,3.9442213310536545e-05,-3.2102651204013455e-08,False,False,False
binary,alpha,beta,0.25,8.0,7,90130,100,0.1,1.0,0.23546089369105094,5.472167513464755,10.932064404212142,2.7266444407877717e-07,True,True,True,1.1859677863661418,1.1859516517116693,1.1859516115575,1.8426290528620837,1.8426656332099087,1.84266559498195,7.049358536213808e-05,1.2187688214697403e-07,2.843208820202392e-05,-7.786974798307256e-08,False,False,False
binary,alpha,beta,0.25,8.0,8,90131,100,0.1,1.0,0.35939742800395486,5.231452641113399,9.897204101691443,4.024273452915015e-07,True,True,True,1.2355535420367278,1.2355691888846394,1.2355691705289495,1.6068830706529666,1.6068816196992513,1.6068816073514884,9.323392094955921e-06,4.3326342183147684e-08,1.0964212062702927e-05,-2.907194662782331e-08,False,False,False
binary,alpha,beta,0.25,8.0,9,90132,100,0.1,1.0,0.4539844196304221,5.681626937392371,7.305086577401748,1.5039299586062428e-07,True,True,True,0.8848730273285634,0.8848842644011462,0.8848842329264437,1.774842229957896,1.7748280629570856,1.774828073631602,1.993295786632087e-05,1.1306985912163997e-08,-3.6346437513046226e-06,-2.3279797645159306e-08,False,False,False
binary,alpha,beta,0.25,8.0,10,90133,100,0.1,1.0,0.3671843594139997,6.577089594384874,25.18407146360093,6.795617245812573e-07,True,True,True,0.6969344888696339,0.6969665578627453,0.6969665013591024,2.3385328901949616,2.3385395415113908,2.3385395522122714,6.131921857898607e-05,5.6597281689475734e-08,5.3602159489685164e-05,-6.875096758562904e-08,False,False,False
binary,alpha,beta,0.25,8.0,11,90134,100,0.1,1.0,0.3973820873329877,6.04488719873357,7.437869208362076,2.1379188505426144e-08,True,True,True,0.830060004877328,0.8300583214855881,0.8300583075795429,1.944493344795916,1.9444947710710494,1.9444947758985016,1.2585780775895323e-06,5.838566680148201e-09,-3.9717361310920296e-07,-1.1195284699283548e-08,False,False,False
binary,alpha,beta,0.25,8.0,12,90135,100,0.1,1.0,0.24496956388158467,6.335479802439332,5.9372943847909205,2.3023565423911485e-07,True,True,True,0.8157673806968402,0.8158018746148255,0.8158018599533278,1.9288011301361188,1.9288039675900495,1.928803944607701,4.8767141977155865e-05,7.096758557616118e-08,4.5505426657932446e-05,-4.443129153486325e-08,False,False,False
binary,alpha,beta,0.25,8.0,13,90136,100,0.1,1.0,0.275632834995648,6.281559531569295,5.623183103290128,9.636763165670158e-08,True,True,True,0.8237835550715614,0.8237897738385533,0.8237897574153747,1.8573501759061126,1.8573622194955124,1.8573622053674084,3.5245310771459496e-05,5.258958703697989e-08,2.1378494775348145e-05,-3.6201709185945674e-08,False,False,False
binary,alpha,beta,0.25,8.0,14,90137,100,0.1,1.0,0.4070800846865763,5.195039521657577,14.273472809622621,6.570027345736956e-08,True,True,True,1.2685374350046617,1.2685613049842972,1.268561276917251,1.532512113044493,1.5325016900544106,1.5325016877996254,5.747072888687315e-06,2.7385134401455593e-08,6.7921207733689926e-06,-2.472101634509727e-08,False,False,False
binary,alpha,beta,0.25,8.0,15,90138,100,0.1,1.0,0.2802757545073843,5.600863883042673,16.916219832669682,2.3147023487654384e-07,True,True,True,1.2589929798804567,1.2589717210610727,1.2589717015861863,1.6126304651753025,1.612634944258145,1.6126349366740047,6.930533697697875e-06,3.32305602180996e-08,-1.1753182523221994e-05,-2.4200449644240507e-08,False,False,False
binary,alpha,beta,0.25,8.0,16,90139,100,0.1,1.0,0.3103265985235598,6.199357765754038,6.630928894191939,3.987366943446271e-08,True,True,True,0.8307163137276536,0.8307306848167547,0.8307306752124552,1.8238858618205505,1.8238846740676333,1.823884666189462,1.4607609182945984e-05,2.9794546865959294e-08,1.5911403037804916e-05,-2.06313472972397e-08,False,False,False
binary,alpha,beta,0.25,8.0,17,90140,100,0.1,1.0,0.15345618667451183,5.974082893807127,17.617489129069586,4.814547771061132e-07,True,True,True,1.1244657312527455,1.124480839745531,1.1244808071604702,2.1185398387413854,2.1185936523988715,2.118593531582942,0.00013705627708443687,3.0752178596191333e-07,7.522325241637873e-05,-1.6807235070359638e-07,False,False,False
binary,alpha,beta,0.25,8.0,18,90141,100,0.1,1.0,0.30806833695842867,6.195355439639885,6.64503641830766,5.0986834887371064e-08,True,True,True,0.8442796621297421,0.8443096769860744,0.8443096567851635,1.77108175495142,1.7710721188627065,1.7710721089166201,1.3368642617340994e-05,4.690954097441671e-08,2.4420880263775757e-05,-3.5376805485043405e-08,False,False,False
binary,alpha,beta,0.25,8.0,19,90142,100,0.1,1.0,0.297209003276306,6.253937840545437,9.161445370588053,1.3826634590808542e-07,True,True,True,0.8331450379752673,0.8331485694725609,0.8331485449656224,1.86819638519295,1.8682039519679494,1.868203946813485,2.1649575809782673e-05,4.145523532554837e-08,1.2914968047894604e-05,-3.5349144056340265e-08,False,False,False
binary,alpha,beta,0.5,0.25,0,100123,100,0.1,1.0,0.5814405173821614,0.6852357405094539,67.50869431113729,2.009718347115232e-08,True,True,True,9.61294658287785,9.613097586999928,9.61309434760582,0.32931853875758027,0.32930680639922977,0.32930692062202754,1.49067493629415e-05,1.5788010195380712e-07,1.9954382111109226e-06,-2.0547334145248897e-07,False,False,False
binary,alpha,beta,0.5,0.25,1,100124,100,0.1,1.0,0.47194353936629885,0.1,69.84381272460313,0.6474835956284183,True,True,True,6.215429034380784,6.215394410411419,6.21539226698833,0.4792154081780199,0.4792230768525679,0.47922320916673405,1.1935001121222129e-05,1.1637356813769932e-07,3.065699118565135e-06,-1.925248795942025e-07,False,False,False
binary,alpha,beta,0.5,0.25,2,100125,100,0.1,1.0,0.46095470822874973,0.2918489067548356,69.3119886095894,9.479822483716542e-08,True,True,True,10.135391985856396,10.135244890788474,10.135243056380732,0.23084991918071696,0.23085928216708307,0.23085937500593381,1.0404957544421232e-05,1.1612812705688686e-07,-3.8076894099958736e-06,-7.410827151943522e-08,False,False,False
binary,alpha,beta,0.5,0.25,3,100126,100,0.1,1.0,0.53413161042415,0.4685398694284868,68.54766606690342,6.070879795542461e-08,True,True,True,11.187987904759419,11.187913546958793,11.187911141249593,0.3142443499021439,0.3142345628627856,0.3142346145551317,3.068151034570337e-05,1.3228569719323554e-07,-1.806949954641368e-05,-1.5551452747786243e-07,False,False,False
binary,alpha,beta,0.5,0.25,4,100127,100,0.1,1.0,0.5013626944769849,0.6216131026986621,67.52591061084297,1.5888218580782546e-08,True,True,True,10.754898396645405,10.755080746351975,10.75507930319432,0.3098274735978226,0.3098286206611618,0.3098286707094461,2.7638478360773114e-05,8.514547710620558e-08,1.8198935734403676e-05,-7.656359457541839e-08,False,False,False
binary,alpha,beta,0.5,0.25,5,100128,100,0.1,1.0,0.37913278749170565,0.9119738564073137,68.09591927087445,1.5305558938321452e-07,True,True,True,3.1433917713727677,3.1437464831618684,3.1437404446947563,1.0166441767777303,1.0166063467954183,1.016607064322886,2.776140723599621e-05,3.2472864836600007e-07,6.818919848683436e-05,-1.0947047428544465e-06,False,False,False
binary,alpha,beta,0.5,0.25,6,100129,100,0.1,1.0,0.47034731675908414,0.4735795611317464,68.75101772940458,8.788928253162696e-08,True,True,True,8.357759352420736,8.357962958687004,8.357959327915518,0.4126952328581238,0.4126931817608367,0.4126933303982381,2.131533293591882e-05,1.83234421160353e-07,2.1736352493917366e-05,-2.632836242355552e-07,False,False,False
binary,alpha,beta,0.5,0.25,7,100130,100,0.1,1.0,0.808919566563036,0.612455301403788,68.42610718694121,6.49087692273115e-07,True,True,True,9.429563562213984,9.429563485661486,9.42956186151935,0.34704529005120494,0.34704341130009847,0.34704345524753405,2.377483447182531e-05,9.609541766705803e-08,-2.2927535354710926e-06,-1.2164304052930675e-07,False,False,False
binary,alpha,beta,0.5,0.25,8,100131,100,0.1,1.0,0.5507987202247985,0.6205358227810034,67.98590829802717,1.0891718597900882e-06,True,True,True,8.794843610913675,8.794715748106526,8.794710218329838,0.2693911388385626,0.26939469697147467,0.2693948174619924,9.557332844292408e-06,4.297126713215401e-07,-1.0932078680525592e-05,-4.900416286091058e-07,False,False,False
binary,alpha,beta,0.5,0.25,9,100132,100,0.1,1.0,0.40373186396667593,0.6116475686028937,68.58401874228257,4.359282471050951e-07,True,True,True,5.76475543435006,5.765112606167133,5.765107217920878,0.7251760137310377,0.7251587150785649,0.7251590459242097,2.6599978997056058e-05,2.4482993407435094e-07,4.148638474532618e-05,-5.537301461799871e-07,False,False,False
binary,alpha,beta,0.5,0.25,10,100133,100,0.1,1.0,0.4702212550405605,0.2100713379368148,69.56770164267317,8.114510036084224e-07,True,True,True,10.060904385551536,10.06076070724057,10.060755170689403,0.26155711313873925,0.26157416823795354,0.2615743205839547,2.4227191887715082e-05,3.1831560916756087e-07,4.97953547551333e-06,-3.7491672344458493e-07,False,False,False
binary,alpha,beta,0.5,0.25,11,100134,100,0.1,1.0,0.6571838769061811,0.75782794355778,67.29787768979487,1.2100106776761095e-07,True,True,True,8.965208621976979,8.965087558467344,8.965085984120048,0.4027713441347747,0.40277179483555653,0.4027718851201654,1.2648622813547481e-05,9.55261231084788e-08,-1.3056569883929114e-05,-7.166470084030152e-08,False,False,False
binary,alpha,beta,0.5,0.25,12,100135,100,0.1,1.0,0.4886444989755485,0.1,70.14325040947494,3.7123040641517995,True,True,True,8.130066872795556,8.129959837172779,8.129960489475847,0.3212501384016773,0.32125434604789244,0.32125436544358527,4.144847519426913e-05,1.3144024309212714e-07,-8.218695313644275e-06,1.0256458438107074e-07,False,False,False
binary,alpha,beta,0.5,0.25,13,100136,100,0.1,1.0,0.5328366819840938,0.7185379289584432,68.03700714467935,3.1336465257254454e-07,True,True,True,5.578064092419321,5.578213368940666,5.578208467070418,0.3934224034441455,0.39341247866651646,0.39341274996647824,1.0719862229353037e-05,4.1257424677494234e-07,1.4768261181075104e-05,-5.664074933520169e-07,False,False,False
binary,alpha,beta,0.5,0.25,14,100137,100,0.1,1.0,0.368409556357293,0.4723180989098689,68.95314515826452,5.076776880598644e-07,True,True,True,6.870820048280051,6.871188347360962,6.87118909990428,0.5852924226033521,0.5852730608001421,0.5852729842040967,1.8472340300391367e-05,8.975884838804674e-08,3.133216665673899e-05,2.1337115185815492e-08,False,False,False
binary,alpha,beta,0.5,0.25,15,100138,100,0.1,1.0,0.4925928316894237,0.22157859406053748,69.52656614323188,1.3574899906062967e-07,True,True,True,11.297855930673595,11.29777179330838,11.297768731705716,0.14526553769969913,0.1452575981861598,0.1452576430105649,2.354009176161924e-05,2.0875527448691602e-07,-1.6807313812705615e-05,-2.19385754007817e-07,False,False,False
binary,alpha,beta,0.5,0.25,16,100139,100,0.1,1.0,0.4309733615661445,0.47221736319182694,68.78838310829181,2.5618982671915016e-07,True,True,True,8.042511239052034,8.042534868464235,8.042533173373817,0.3994980834316251,0.39949822576346583,0.3994982488375532,3.656533977236379e-06,1.7353355684090697e-07,2.917724515327791e-06,-1.8420068670366163e-07,False,False,False
binary,alpha,beta,0.5,0.25,17,100140,100,0.1,1.0,0.47850149270855896,0.1,69.85980411022207,0.8437278467000953,True,True,True,6.733362936114447,6.733207586955537,6.733205718714601,0.3917795936376928,0.3918101522214857,0.39181028297464227,6.393168659378341e-05,1.1393603206073695e-07,1.1983116152691764e-05,-1.2693161011156917e-07,False,False,False
binary,alpha,beta,0.5,0.25,18,100141,100,0.1,1.0,0.5156807492823516,0.1,69.88554458266012,1.159197495326245,True,True,True,8.640855907792902,8.640836451410443,8.640833335573847,0.24647848170210807,0.24647722002110278,0.24647731717493404,4.791197333705307e-06,2.1592916195989252e-07,-3.952981430188629e-06,-2.4874189819001913e-07,False,False,False
binary,alpha,beta,0.5,0.25,19,100142,100,0.1,1.0,0.5787698848619729,1.2102950325585073,63.92210853575846,1.0452325749016328e-07,True,True,True,6.188838535018741,6.188925234540888,6.188925252127636,0.5344840897532995,0.5344701727536564,0.5344701573485697,2.498464185650322e-05,3.199878849317092e-08,-2.0285167607880794e-06,-1.4894112609908916e-08,False,False,False
binary,alpha,beta,0.5,0.5,0,110123,100,0.1,1.0,0.4949405097888138,0.9809568513041778,65.6831719298254,2.2469334198890888e-08,True,True,True,7.203688753611756,7.20373459153375,7.203731591755483,0.6643303838362773,0.664331586919521,0.6643316846522943,9.893012293555437e-06,2.0804465437780618e-07,7.444297636993724e-06,-3.039009470739984e-07,False,False,False
binary,alpha,beta,0.5,0.5,1,110124,100,0.1,1.0,0.4491716067793998,0.8656145806942398,66.562128362662,6.550880341146756e-08,True,True,True,7.424084041677633,7.424073640579141,7.424073084061571,0.503547127151213,0.5035520461727255,0.5035520686189385,1.0211086988668277e-05,4.8232020707470185e-08,4.213118586449127e-06,-4.911906614779582e-08,False,False,False
binary,alpha,beta,0.5,0.5,2,110125,100,0.1,1.0,0.34438488122818095,1.462661321338867,63.593031875034804,8.607325795803385e-09,True,True,True,4.472187268315325,4.472254198780796,4.472253624234088,1.1610248488511343,1.1610346640391402,1.1610346968066376,3.913103176543475e-05,5.4582865743733256e-08,2.6175231965908097e-05,-9.074418017007702e-08,False,False,False
binary,alpha,beta,0.5,0.5,3,110126,100,0.1,1.0,0.6172029745903822,0.49634640574486116,68.62455976929802,2.4818190804258196e-07,True,True,True,10.018311087560813,10.018724486370608,10.01872248298798,0.29403176814273946,0.2940146332230743,0.29401459214976566,2.234606562010529e-05,2.778583169747346e-07,2.1288913615080673e-05,-2.4725126479552273e-07,False,False,False
binary,alpha,beta,0.5,0.5,4,110127,100,0.1,1.0,0.27619465814197824,0.8405311129589836,67.39817419917125,2.6203521364587023e-07,True,True,True,5.190903262123784,5.1911366276161734,5.191131664894347,0.7033224709868648,0.7033147126430578,0.7033149931567901,2.8132545154573035e-05,3.5819998446653374e-07,3.5390445120242475e-05,-6.330461559400646e-07,False,False,False
binary,alpha,beta,0.5,0.5,5,110128,100,0.1,1.0,0.6361731889939871,0.6490365868426409,67.85828908980221,3.826389734580363e-08,True,True,True,9.642981068083577,9.642907563655502,9.642905402905514,0.37773500293428747,0.3777439917868483,0.3777440044391947,1.2464903180002304e-05,2.0018895925536948e-07,2.516676346431268e-06,-2.0951007684288925e-07,False,False,False
binary,alpha,beta,0.5,0.5,6,110129,100,0.1,1.0,0.4760460440124478,0.23206478712304512,69.60976913518489,3.410605131648481e-07,True,True,True,7.101619469104065,7.101406716438575,7.10140903126638,0.3338041871779952,0.3338157761809365,0.3338157397868603,1.5209466123622144e-05,2.6207074671183026e-07,-1.6332379658479113e-05,2.8406722663021355e-07,False,False,False
binary,alpha,beta,0.5,0.5,7,110130,100,0.1,1.0,0.5335924458676121,0.261871193274152,69.32414878102749,1.1234667099445443e-07,True,True,True,14.171509014304013,14.171406458816882,14.171408792077143,0.08173632806605537,0.08172966343200518,0.08172967238486321,2.1404405459588593e-05,1.796698285097735e-07,-1.4734753946754608e-05,1.7495298720859864e-07,False,False,False
binary,alpha,beta,0.5,0.5,8,110131,100,0.1,1.0,0.5439694163459413,0.9009618738937464,67.1968510006992,1.5696402069220398e-07,True,True,True,5.4814238771037616,5.48159876221538,5.481596742302307,0.7599269909201752,0.7599156973125702,0.7599157918804255,8.047019814293863e-06,1.6136939448078156e-07,1.8642681808955786e-05,-2.596145662892013e-07,False,False,False
binary,alpha,beta,0.5,0.5,9,110132,100,0.1,1.0,0.4891324658148763,0.6389545957393699,68.64685862121087,2.5618982671915017e-08,True,True,True,4.929693680150772,4.9294931925537355,4.929488384072048,0.6013891307861219,0.6013962948012845,0.6013966761763315,3.301480315292242e-05,2.56198706563981e-07,-3.295870985198235e-05,-5.363777546563142e-07,False,False,False
binary,alpha,beta,0.5,0.5,10,110133,100,0.1,1.0,0.4803390696447399,1.0036773635395888,66.37838353692683,4.136321347326957e-07,True,True,True,5.904436867099361,5.904702442333704,5.904697541391644,0.7326004469395161,0.7325775479196636,0.7325778690649365,1.1918509181955502e-05,1.7541131808879968e-07,1.8154169723061386e-05,-4.602747907256344e-07,False,False,False
binary,alpha,beta,0.5,0.5,11,110134,100,0.1,1.0,0.44432311699153565,0.5523699999634839,68.56132738944353,1.8474111129762605e-07,True,True,True,7.431837336184188,7.431665167233268,7.431661751367147,0.5761998180520134,0.5762223981524686,0.5762225877251099,2.9856217006907544e-05,1.2601997415004008e-07,2.588245124002242e-06,-2.4138324761224794e-07,False,False,False
binary,alpha,beta,0.5,0.5,12,110135,100,0.1,1.0,0.5915896663952538,0.4585712662928825,68.52509976134434,2.74181124120428e-07,True,True,True,12.340081687812662,12.340273822160533,12.340272382615607,0.12575414451139294,0.12574374337433744,0.12574373778616077,1.211461138568275e-05,1.252419421301095e-07,3.4719807047167706e-06,-1.2308784391734662e-07,False,False,False
binary,alpha,beta,0.5,0.5,13,110136,100,0.1,1.0,0.4082542742841996,0.9167028821115383,67.75714099291561,3.7227286206387294e-07,True,True,True,3.4618895775459735,3.4619206167892025,3.4619181431436834,0.8166067857720766,0.8166131756919035,0.8166134071188147,2.4365214637852147e-05,2.1226493115887926e-07,1.5874519903036344e-05,-4.4809000598888815e-07,False,False,False
binary,alpha,beta,0.5,0.5,14,110137,100,0.1,1.0,0.08437645630865401,1.3763397262862433,65.09225400780448,1.0067441986518053e-07,True,True,True,4.775742314063191,4.776071867339663,4.77607272573151,1.8025413990391832,1.8025812173279208,1.802580982776676,0.00016073624712556497,3.621960257891324e-07,0.00011475547418626775,-9.030952696775785e-08,False,False,False
binary,alpha,beta,0.5,0.5,15,110138,100,0.1,1.0,0.44512868287024504,0.47185166923845173,68.88371471166079,2.4252313104790364e-07,True,True,True,7.4132727028022884,7.413435991959968,7.413436508428972,0.45266862641461847,0.4526583880609262,0.45265833484080176,1.0977743283534902e-05,8.469091423040176e-08,1.0247407104202466e-05,8.394678729928273e-09,False,False,False
binary,alpha,beta,0.5,0.5,16,110139,100,0.1,1.0,0.5312119017543061,0.761981037206942,67.25713958318644,4.614153139941158e-07,True,True,True,7.928376031654416,7.928432704986445,7.92842761996188,0.37546501338839694,0.375465815029993,0.37546600966807764,8.524672393648745e-06,3.109625764793667e-07,7.653781921135305e-06,-4.172805034841076e-07,False,False,False
binary,alpha,beta,0.5,0.5,17,110140,100,0.1,1.0,0.5192189029084706,0.1381981356507913,69.7197384286337,1.3043830727131804e-07,True,True,True,9.823533004830809,9.823625026203516,9.823624451987865,0.2368983911130741,0.23689913813863708,0.23689919165979148,1.1131425327055472e-05,1.3868608162793303e-07,1.023060876548243e-05,3.1659794785809936e-09,False,False,False
binary,alpha,beta,0.5,0.5,18,110141,100,0.1,1.0,0.5238874567834821,0.2711841513293916,69.44728604610583,1.5776609040453962e-07,True,True,True,10.033465303303547,10.033720363033481,10.033715911182185,0.2595440205077028,0.25952203423392833,0.25952217236960773,3.189092355166232e-05,2.415322117967803e-07,-1.7670956253823533e-07,-2.84654504412174e-07,False,False,False
binary,alpha,beta,0.5,0.5,19,110142,100,0.1,1.0,0.6009781246734086,0.7078327339704382,67.11179587737224,1.8772318545675982e-07,True,True,True,10.58405856772236,10.583755120256072,10.583756191490192,0.2964015343310645,0.29639985664181334,0.29639977278190954,3.7863593864987805e-05,9.573385666639103e-08,-3.059749136014034e-05,4.667640496336389e-09,False,False,False
binary,alpha,beta,0.5,1.0,0,120123,100,0.1,1.0,0.3533490259638382,1.2170686322242028,62.783392931920865,1.0694057220883416e-07,True,True,True,8.26188582847252,8.261926299014984,8.261925152569152,0.7259379857968635,0.7259480880535657,0.7259481235772788,2.8903917385816287e-05,6.398863920478602e-08,1.6431239536984776e-05,-9.78643583948724e-08,False,False,False
binary,alpha,beta,0.5,1.0,1,120124,100,0.1,1.0,0.6293821955935593,1.2609937185605835,62.55225531658908,2.0602765286926002e-07,True,True,True,7.53667612758899,7.536734958718383,7.5367352965120915,0.5862692493347605,0.5862684432700206,0.5862684192870465,1.3125443384284009e-05,2.1371126267613357e-08,6.8951395988392505e-06,1.7208215297159768e-08,False,False,False
binary,alpha,beta,0.5,1.0,2,120125,100,0.1,1.0,0.5167073993566215,0.6123253894337628,68.24809642878151,2.1316282072803006e-08,True,True,True,7.619206582692578,7.619369385555063,7.619372671582251,0.4254404830729125,0.4254264114978508,0.42542620703346806,1.6905156751540504e-05,1.5701568681386902e-07,5.362576558809451e-06,1.9587443489399448e-07,False,False,False
binary,alpha,beta,0.5,1.0,3,120126,100,0.1,1.0,0.7144288747413456,1.1147109059895377,64.2615580215874,1.0216415412257224e-07,True,True,True,8.15940223266401,8.159563222452272,8.159562095064008,0.5727297960890104,0.5727149765317192,0.5727150331110721,1.4841344082226664e-05,3.8077512305134926e-08,2.595717248254914e-06,-7.302834603706287e-08,False,False,False
binary,alpha,beta,0.5,1.0,4,120127,100,0.1,1.0,0.33465567883827246,0.8525603093931228,68.30913835817923,5.564506911039916e-07,True,True,True,1.8762685298504918,1.8761202124483662,1.8761203007247824,1.018110677661477,1.0181401625446838,1.018140019712615,1.368032688516369e-05,3.19443658894075e-07,-4.522392096362182e-05,-1.1738885064005444e-07,False,False,False
binary,alpha,beta,0.5,1.0,5,120128,100,0.1,1.0,0.37404416988432726,1.143519981762074,64.67096074691534,3.5525522710137064e-07,True,True,True,5.870160544260856,5.87044563330136,5.8704437201512425,0.9152401371830902,0.9152350531094643,0.9152351697129467,3.879619159107784e-05,7.057424771601024e-08,4.251971368773866e-05,-1.9165054254699498e-07,False,False,False
binary,alpha,beta,0.5,1.0,6,120129,100,0.1,1.0,0.4696122986433472,0.9643618631079061,66.3336394454026,7.325140796217438e-07,True,True,True,6.021945758835914,6.022364652226608,6.02235931211387,0.6878482605730424,0.6878174255706296,0.6878177128547177,1.390387117102067e-05,2.8691740538745557e-07,3.3502642764915436e-05,-5.559659825848939e-07,False,False,False
binary,alpha,beta,0.5,1.0,7,120130,100,0.1,1.0,0.5600676361912235,0.9034960735812393,66.77610649278179,7.246142549764706e-08,True,True,True,6.745865403579601,6.745816728568458,6.745819493638883,0.6422805383673517,0.642281050307628,0.6422808709688475,1.1912670692110653e-05,9.213693036994905e-08,-6.422742913514412e-06,2.034226014302476e-07,False,False,False
binary,alpha,beta,0.5,1.0,8,120131,100,0.1,1.0,0.6277283476391132,0.6390033627752033,68.2220920411519,3.266178775493587e-07,True,True,True,8.18946349992801,8.190168409643775,8.190165346788662,0.3472045772189203,0.347176139866633,0.34717612166856887,5.70207455031856e-05,4.0925306332784424e-07,5.293686621143934e-05,-3.9491867198648833e-07,False,False,False
binary,alpha,beta,0.5,1.0,9,120132,100,0.1,1.0,0.6293791258417546,0.5437412989211626,68.092699279655,2.700997158733033e-07,True,True,True,12.02615897786927,12.026334159435379,12.026335028807647,0.28995990868093324,0.28996110330039143,0.28996111175355926,1.7932185223605683e-05,8.862676014943265e-08,1.602398114641801e-05,8.202111700938985e-08,False,False,False
binary,alpha,beta,0.5,1.0,10,120133,100,0.1,1.0,0.5666700131744331,1.2442249318105316,64.19550488525155,2.2258928301276432e-08,True,True,True,5.775912739189367,5.77616727794618,5.776167442277806,0.708138273667783,0.7081046719944216,0.7081046763837513,3.4978685042069975e-05,4.4166146565638564e-08,5.416186326101524e-06,3.350334054630366e-08,False,False,False
binary,alpha,beta,0.5,1.0,11,120134,100,0.1,1.0,0.577560836264512,0.5994982887790098,68.14445991023898,1.5206278589397966e-07,True,True,True,9.277914123826035,9.277870136902187,9.2778693015569,0.31103963959772885,0.3110417295816068,0.3110417240610532,1.805098467410738e-05,1.008591329516159e-07,-2.4312563624562245e-06,-9.639209963552275e-08,False,False,False
binary,alpha,beta,0.5,1.0,12,120135,100,0.1,1.0,0.5101728040732709,0.8020471085831143,66.76522248286282,3.496130204934657e-07,True,True,True,8.082800825174443,8.082538556866664,8.082533798061084,0.4396263459352157,0.4396447541821117,0.43964491227036384,1.587264309662602e-05,2.928601312724033e-07,-1.1661720861866343e-05,-4.0677045376469323e-07,False,False,False
binary,alpha,beta,0.5,1.0,13,120136,100,0.1,1.0,0.34177505471767594,0.9377535833654128,67.130194496528,2.4868995751603507e-07,True,True,True,4.55407361630928,4.554438322888453,4.554436751711473,0.8001850260153507,0.8001800108225996,0.8001801231696352,6.994460802152022e-05,1.02448840393219e-07,7.409079984199707e-05,-2.1563286622949818e-07,False,False,False
binary,alpha,beta,0.5,1.0,14,120137,100,0.1,1.0,0.6651800901229876,0.8795867026915384,65.74368171759345,1.7419169285135556e-07,True,True,True,10.182364290470138,10.18239328542985,10.182394151248914,0.4657523552427212,0.4657490362131823,0.4657489977337778,5.818401489319751e-06,3.039352794181268e-08,-9.328815480103003e-07,4.072994386206119e-08,False,False,False
binary,alpha,beta,0.5,1.0,15,120138,100,0.1,1.0,0.44222704049525213,0.5643542580418552,68.56610719060593,9.664426065637203e-08,True,True,True,6.895968351706792,6.8956838966886655,6.895685671455697,0.4757789532197531,0.4757991173640943,0.4757990230319276,1.4065206846263203e-05,9.748715539387376e-08,-1.7886718922e-05,1.4876965792609553e-07,False,False,False
binary,alpha,beta,0.5,1.0,16,120139,100,0.1,1.0,0.26080980649347363,1.0589428359264008,66.30999411024878,8.191442057462582e-08,True,True,True,4.914987372854558,4.9154543065373115,4.91545094739633,0.9308930896492116,0.9308816946707287,0.9308819255462396,7.053653018808083e-05,1.8144120694570873e-07,8.14609658448262e-05,-4.175786045834684e-07,False,False,False
binary,alpha,beta,0.5,1.0,17,120140,100,0.1,1.0,0.5015715395522494,1.068131852748503,63.01315567985216,3.022735974826976e-07,True,True,True,10.275359843378832,10.275565422277502,10.275564084960882,0.5472766141912239,0.54727085855383,0.547270917631209,1.2651837994971167e-05,3.658481465706246e-08,1.3318225498437641e-05,-6.212997050170088e-08,False,False,False
binary,alpha,beta,0.5,1.0,18,120141,100,0.1,1.0,0.3051322078663807,0.9427591667673892,67.21497704599399,2.2748467065386708e-07,True,True,True,4.056734103164018,4.056821722973878,4.056820429784768,0.7576857988930139,0.7576887605365438,0.757688801912352,3.167942118401467e-05,2.2959926033892986e-07,2.473695951721311e-05,-2.7113341616313846e-07,False,False,False
binary,alpha,beta,0.5,1.0,19,120142,100,0.1,1.0,0.5049200906506456,0.7687674553162713,67.62734864215334,1.4210854715202004e-08,True,True,True,6.655136262546316,6.655352645208914,6.6553498540400735,0.4514123768227617,0.45140785728009136,0.4514079424045938,2.5291745632291376e-05,2.5286340423172785e-07,2.6988405394945403e-05,-3.2138395056335867e-07,False,False,False
binary,alpha,beta,0.5,3.0,0,130123,100,0.1,1.0,0.7280722048467689,3.0583408845627336,45.66632964034904,2.1766506523556432e-07,True,True,True,2.784771713614681,2.784941482487369,2.78494128794933,1.3097449823391825,1.309707382832429,1.3097074087396854,2.5783135982754943e-05,1.0746705456935499e-08,1.7633382960013932e-05,-4.002671971647942e-08,False,False,False
binary,alpha,beta,0.5,3.0,1,130124,100,0.1,1.0,0.5079023949130576,3.4149373712432864,29.852657556168495,1.680047514396304e-07,True,True,True,3.2173055346476684,3.2174445395089144,3.2174445095029975,1.38986216538781,1.3898424512166987,1.3898424572111006,2.8328688828164656e-06,4.490772747005487e-09,2.0505229123557456e-05,-2.4246986640719115e-09,False,False,False
binary,alpha,beta,0.5,3.0,2,130125,100,0.1,1.0,0.44610140150937916,2.3380952349660484,49.27543347121045,5.064411621057887e-08,True,True,True,4.681722757966574,4.681867433194839,4.681867395961669,1.0553627447032599,1.0553405647456586,1.0553405822884074,2.0792658843461098e-05,3.3417461795479636e-08,5.3782817843739394e-06,1.224420742573784e-08,False,False,False
binary,alpha,beta,0.5,3.0,3,130126,100,0.1,1.0,0.3502333830513685,3.4347477449591377,35.9879511193332,2.6310420749389415e-07,True,True,True,2.535050843738022,2.5349635576956704,2.5349636057738816,1.4238137649885467,1.4238514442847212,1.423851430044895,5.319775673684223e-05,1.7438218181649826e-08,8.95019862667823e-06,2.5718307483657554e-09,False,False,False
binary,alpha,beta,0.5,3.0,4,130127,100,0.1,1.0,0.47830320312116353,3.220394993428772,38.11782716845993,9.708446511791133e-07,True,True,True,3.1740742496454373,3.174265178912613,3.1742649065887663,1.4288179767004423,1.4288032375430666,1.4288032575261302,2.625004076919386e-05,4.04560068057623e-08,4.311906536003107e-05,-6.278479247612267e-08,False,False,False
binary,alpha,beta,0.5,3.0,5,130128,100,0.1,1.0,0.7223012323669097,2.727407462613466,47.4612430267462,2.1132593326182147e-07,True,True,True,3.2612507050472024,3.2613682144322733,3.2613680799204605,1.2164692143098008,1.216451284043129,1.2164512664445053,7.187113379664358e-06,8.280360499455018e-08,1.5326863234577104e-05,-6.150514764158288e-08,False,False,False
binary,alpha,beta,0.5,3.0,6,130129,100,0.1,1.0,0.462659673545373,2.864443466280448,41.392336501061614,5.7059504059353223e-08,True,True,True,3.687056219571122,3.6870245299628626,3.687024226684796,1.096508435342988,1.096516520333637,1.096516537523217,1.0816646442580532e-05,4.542698306709442e-08,6.50860826567623e-07,-6.246527561870607e-08,False,False,False
binary,alpha,beta,0.5,3.0,7,130130,100,0.1,1.0,0.567955124825578,3.0293714851305094,40.21634176418504,6.97561169204574e-08,True,True,True,3.371444962204887,3.3716408307769665,3.3716405556068336,1.267698834074504,1.2676784674817774,1.267678474248556,1.1910036915249604e-05,6.628434240215356e-08,3.457291140307461e-05,-7.382258360166816e-08,False,False,False
binary,alpha,beta,0.5,3.0,8,130131,100,0.1,1.0,0.4357401061866468,3.055380972957942,39.268910480464484,3.5636571120105943e-07,True,True,True,3.7866479717428065,3.786577033555716,3.786577093463469,1.2247906590412994,1.2247963592736015,1.2247963585931079,5.707516425106415e-06,1.4330672432155979e-08,-1.2156271537833163e-05,1.50376351371051e-08,False,False,False
binary,alpha,beta,0.5,3.0,9,130132,100,0.1,1.0,0.45859601018568824,3.7045943711073392,44.80441329709916,1.2462956598243805e-07,True,True,True,1.728765848390806,1.7290142811575762,1.7290140224897101,1.6549203907800671,1.6548597901098454,1.6548598354030999,5.338055354342964e-06,4.63768620192575e-08,7.382838916214496e-05,-9.745846085706944e-08,False,False,False
binary,alpha,beta,0.5,3.0,10,130133,100,0.1,1.0,0.3115345116561605,2.9966312579335663,43.7097401012138,1.960656783936975e-08,True,True,True,3.799654074708691,3.79981777538875,3.799817752006607,1.3811666774921896,1.3811688223733942,1.3811687997658788,4.803659530580256e-05,5.8316981610970975e-08,4.551932465091113e-05,-3.218135447013992e-08,False,False,False
binary,alpha,beta,0.5,3.0,11,130134,100,0.1,1.0,0.44523914563136013,2.7208228232857805,42.72703988889289,4.878072007772268e-07,True,True,True,4.352114195987352,4.35224400278461,4.352243762537756,0.9536815119273218,0.9536719587907666,0.9536719553326807,9.861515697734535e-06,6.443563129095818e-08,1.8768065224605834e-05,-5.9181957112741657e-08,False,False,False
binary,alpha,beta,0.5,3.0,12,130135,100,0.1,1.0,0.6130427230380127,2.7322856108900098,39.52169476932012,8.542361152961633e-08,True,True,True,4.520425179555055,4.520515304530037,4.520514892567398,1.1191574791016343,1.1191455529800198,1.1191455806030748,7.840498715915254e-06,2.9040445077128332e-08,6.147295088965166e-06,-5.932957236609582e-08,False,False,False
binary,alpha,beta,0.5,3.0,13,130136,100,0.1,1.0,0.5496935715771486,2.936315645247037,37.291788841069945,2.96955475309182e-07,True,True,True,4.227680844379683,4.227892582963461,4.227892425413888,1.2692775653026336,1.269252711239579,1.2692527290909204,7.865353454150708e-06,4.339352940091599e-09,2.1451598037458552e-05,-1.6712213835035072e-08,False,False,False
binary,alpha,beta,0.5,3.0,14,130137,100,0.1,1.0,0.459505939340021,3.3250047635170943,39.27879465464199,4.006716713690474e-07,True,True,True,3.053643925882782,3.053848760792676,3.0538485049336996,1.306594354584485,1.3065702088997624,1.3065702368905736,1.2282311428054964e-05,1.9807237663292558e-08,3.9226292358307546e-05,-5.155686011448779e-08,False,False,False
binary,alpha,beta,0.5,3.0,15,130138,100,0.1,1.0,0.7577943784949722,1.8584282479980787,55.660327952841776,8.18018137361921e-08,True,True,True,5.672139789879633,5.67222194160447,5.672221591944569,0.8559226533576276,0.8559068168158932,0.8559068166273983,2.2089724549841787e-05,6.225926645611066e-08,-3.8110841060756684e-06,-6.186127166074584e-08,False,False,False
binary,alpha,beta,0.5,3.0,16,130139,100,0.1,1.0,0.5251971194352746,2.8703195792918734,44.23740371547075,3.380883135322083e-07,True,True,True,3.2982617229321054,3.2984885038397644,3.2984882995811127,1.2328181361714075,1.2327953250798274,1.2327953385011248,1.6724104063775844e-05,3.318613188180207e-08,4.244662883223782e-05,-4.64730902649535e-08,False,False,False
binary,alpha,beta,0.5,3.0,17,130140,100,0.1,1.0,0.6423892001171613,3.339791882912448,34.268028461867665,3.953957489484214e-07,True,True,True,2.911591952340424,2.911753418951109,2.9117534169666515,1.3899121595095518,1.3898901158740353,1.389890128195926,5.339455710292397e-06,2.768948881221392e-08,3.0089763278340342e-05,1.3504568130429107e-08,False,False,False
binary,alpha,beta,0.5,3.0,18,130141,100,0.1,1.0,0.5107217625243015,3.4908001261629282,45.74304248880636,6.072854624320688e-08,True,True,True,1.7948675944796113,1.7948986881562368,1.794898537304578,1.7081409271935688,1.708136302990235,1.708136333945392,7.910863186641917e-06,1.365716603988351e-08,1.1951293267031815e-05,-4.8406228358999215e-08,False,False,False
binary,alpha,beta,0.5,3.0,19,130142,100,0.1,1.0,0.4270283806891839,2.149273820611924,53.47374777577317,5.071718182467248e-08,True,True,True,5.009516213155241,5.009493721131961,5.009493656617999,1.0773474841200084,1.0773585824228413,1.0773585865045132,2.1453957414945273e-05,5.573884299697905e-09,8.279344747563755e-06,-8.179142696462804e-09,False,False,False
binary,alpha,beta,0.5,8.0,0,140123,100,0.1,1.0,0.424049450909742,5.912117910975552,9.525595767855576,2.937488219295841e-08,True,True,True,0.8020078761688111,0.8020483131073192,0.8020483008314344,1.8285958648900391,1.828571394645982,1.8285713941100246,5.989576281837239e-06,1.6544970175254112e-08,2.223002434220689e-05,-1.5922710261406792e-08,False,False,False
binary,alpha,beta,0.5,8.0,1,140124,100,0.1,1.0,0.4473398723010408,5.850920232213434,17.136527134136873,1.0685132786947701e-07,True,True,True,0.9237507052353917,0.9237830664393348,0.9237830569657859,2.171426037812587,2.171419846891654,2.171419849686153,2.0796292230695008e-05,3.8256244234839355e-09,2.7897187088399278e-05,-7.037879612425968e-09,False,False,False
binary,alpha,beta,0.5,8.0,2,140125,100,0.1,1.0,0.3861327619885071,6.141346144627998,11.823669613824038,5.282778276631108e-08,True,True,True,0.8239157710803581,0.8239175723566539,0.8239175509926179,2.053825615263968,2.0538288947951795,2.0538289093006026,9.791861585767126e-06,7.484991520565546e-09,5.95270600989295e-06,-9.22983822704282e-09,False,False,False
binary,alpha,beta,0.5,8.0,3,140126,100,0.1,1.0,0.5344909141477324,5.457846643254239,15.09735199693944,7.283717522022774e-08,True,True,True,0.9639912183378916,0.9639341830300382,0.9639341798245241,1.951525064456542,1.9515465172061395,1.9515465199515327,9.913044426601353e-06,3.0610774854204524e-09,-3.446932043615902e-05,-1.6469847707867302e-10,False,False,False
binary,alpha,beta,0.5,8.0,4,140127,100,0.1,1.0,0.31231116860738944,6.0083052092950755,4.911280106168327,1.4748392715819762e-07,True,True,True,0.8479738183605157,0.847970817127475,0.8479708049871973,1.7497824137015696,1.7497936553475268,1.749793649819313,2.2338406062770267e-05,2.7102451270772192e-08,9.382436307880937e-06,-2.0681449441894983e-08,False,False,False
binary,alpha,beta,0.5,8.0,5,140128,100,0.1,1.0,0.5245472695584472,5.408390676941049,26.299777271431747,6.54323550989696e-07,True,True,True,1.0787983187204233,1.0787156792660928,1.0787156392724313,2.1202278381682,2.120268297018931,2.120268309076933,1.6585150169102926e-05,9.508164270404374e-09,-3.004940110074017e-05,-2.3192967546492582e-08,False,False,False
binary,alpha,beta,0.5,8.0,6,140129,100,0.1,1.0,0.516362809007032,5.416147921191595,24.80875316356719,9.539118195261959e-08,True,True,True,1.0605424614164989,1.0604926290699055,1.060492596018016,2.2111856327539936,2.211216770029073,2.2112167801702145,2.4701161520772444e-05,8.019949765360807e-09,-1.1160083897010509e-05,-1.9491121605597073e-08,False,False,False
binary,alpha,beta,0.5,8.0,7,140130,100,0.1,1.0,0.45252191342151765,4.890516341600832,31.14739086111313,2.46502290415493e-07,True,True,True,1.4993379334715407,1.499388342338867,1.49938838134255,2.0257913560878706,2.025780782490556,2.0257807713283094,9.31813860168654e-06,4.792051158647052e-10,2.1460044109744558e-05,1.316205100465595e-08,False,False,False
binary,alpha,beta,0.5,8.0,8,140131,100,0.1,1.0,0.5198481452006519,5.593318215535821,12.79532228002811,6.58648977639009e-07,True,True,True,1.0254418337031057,1.0254627287791758,1.0254627007346273,1.8218042072550316,1.8218060124071649,1.8218060082138519,2.4511952234945737e-05,3.705574716995367e-08,2.242253123796445e-05,-3.217591881821136e-08,False,False,False
binary,alpha,beta,0.5,8.0,9,140132,100,0.1,1.0,0.3904717875564271,5.251898109999923,19.42500751111698,4.321157465718426e-07,True,True,True,1.2739737033185656,1.2740274897913713,1.2740274529560363,1.848908009893547,1.848905919241577,1.8489059168720907,3.7465986958056786e-05,3.457172061911347e-08,3.977996920312421e-05,-3.1640482234251976e-08,False,False,False
binary,alpha,beta,0.5,8.0,10,140133,100,0.1,1.0,0.4706467443340575,5.391724041338009,27.457677190419357,1.0904797919598576e-08,True,True,True,1.0114948742492056,1.0116223760213567,1.0116223409981877,2.076801740758648,2.076761283540044,2.0767612834786906,3.293129299750276e-05,3.490961643040084e-08,7.943208129290724e-05,-3.469143194934077e-08,False,False,False
binary,alpha,beta,0.5,8.0,11,140134,100,0.1,1.0,0.34737895856311113,5.998357862125961,4.740616919472428,1.1656375864759895e-07,True,True,True,0.8423264622725279,0.8422857482629915,0.8422857392334909,1.7514128801881363,1.7514398354704632,1.7514398299214264,1.3734859871356946e-05,2.3561462997604462e-08,-1.7320051280300675e-05,-1.7108799710285894e-08,False,False,False
binary,alpha,beta,0.5,8.0,12,140135,100,0.1,1.0,0.4465519826698752,6.510391403394486,13.303891440865659,3.9819606094266696e-08,True,True,True,0.7507454174136354,0.7507322507658202,0.7507322398592174,1.951937090833322,1.951955945305178,1.9519559498048686,2.589561755043047e-05,4.400555734283537e-09,4.159412148041497e-06,-9.347491669586816e-09,False,False,False
binary,alpha,beta,0.5,8.0,13,140136,100,0.1,1.0,0.39690857666144974,5.229187160376206,11.880292809931857,1.4333147985223721e-08,True,True,True,1.2076729865351452,1.2076228992531846,1.207622877263057,1.777613723554699,1.77763140378493,1.7776314077653166,1.7518289719359223e-06,9.12270097714084e-09,-2.113357873056998e-05,-1.3626843653469223e-08,False,False,False
binary,alpha,beta,0.5,8.0,14,140137,100,0.1,1.0,0.5624900417693787,5.240750425240927,21.2172682308316,2.8378199380626906e-07,True,True,True,1.12227731975607,1.12236449934753,1.1223644614921542,1.8833859149739716,1.8833493060437996,1.8833493163666897,6.711837666059927e-06,9.997712466039293e-09,3.550852155953521e-05,-2.1843568731583218e-08,False,False,False
binary,alpha,beta,0.5,8.0,15,140138,100,0.1,1.0,0.6331222253453684,5.570390465795967,15.449341649045092,1.1463014539952986e-07,True,True,True,0.9153604923296673,0.9153792430596895,0.9153792197391747,1.9405455824210562,1.9405370744417336,1.940537076777266,1.7371662266926124e-06,2.012821530693307e-08,1.0666360161337707e-05,-2.2787460807194293e-08,False,False,False
binary,alpha,beta,0.5,8.0,16,140139,100,0.1,1.0,0.31320522628774117,4.6901881122935505,15.364688264343242,1.9658399526437565e-07,True,True,True,1.633505596386047,1.6335343838186784,1.6335343675112475,1.6153721399275676,1.6153761546496688,1.6153761488872702,2.6871374877065677e-05,2.328379903979708e-08,2.2228447324579292e-05,-1.661711834799462e-08,False,False,False
binary,alpha,beta,0.5,8.0,17,140140,100,0.1,1.0,0.4957527515582308,5.428429972457092,13.223309088599132,3.8080066483294853e-07,True,True,True,1.0659464993892882,1.0660113791478343,1.06601134356724,1.6940402622933923,1.6940142106274392,1.694014208419743,3.0812248427624046e-06,3.860576652272858e-08,3.0835007539309345e-05,-3.591901709398826e-08,False,False,False
binary,alpha,beta,0.5,8.0,18,140141,100,0.1,1.0,0.591268398667109,5.5655979945969865,17.62597686613018,2.865316807466139e-07,True,True,True,0.8527523549720393,0.8527557266446536,0.8527556851072786,2.097275859055311,2.0972794790956386,2.097279489452162,1.2264334111189293e-05,2.486951561828244e-08,8.084802210817088e-06,-3.6786193646776155e-08,False,False,False
binary,alpha,beta,0.5,8.0,19,140142,100,0.1,1.0,0.40959538970948817,5.747028479498561,23.904656329771708,7.64733460127239e-08,True,True,True,1.048103322288952,1.0483010076135904,1.0483009657911406,2.070578506141814,2.0705118904418542,2.070511889057997,3.5201760659304875e-05,4.3224295872142076e-08,0.00011185900704901997,-4.14886827115879e-08,False,False,False
binary,alpha,beta,0.75,0.25,0,150123,100,0.1,1.0,0.4748547325033992,0.1,70.03338027639995,2.5695605216924506,True,True,True,6.716938726534469,6.717347665868704,6.717347046931917,0.4396618307968224,0.4396421094420852,0.43964208076386496,3.217843719000875e-05,1.6307785257696284e-07,3.80497430825244e-05,-1.2515707226157247e-07,False,False,False
binary,alpha,beta,0.75,0.25,1,150124,100,0.1,1.0,0.5254127055099423,0.46773160786538576,69.20274605478373,6.394884621840902e-08,True,True,True,5.478791364563971,5.478964920972378,5.47896540956569,0.6006811624689137,0.6006554792893848,0.6006554981094634,2.8386650554458928e-05,1.4456946355261858e-07,2.2193528508296367e-06,1.108436151753267e-07,False,False,False
binary,alpha,beta,0.75,0.25,2,150125,100,0.1,1.0,0.46460317032580517,0.1,70.00709383858648,2.269486330419575,True,True,True,5.483929008455014,5.483975049406766,5.483972137750974,0.5528478063931183,0.5528441161733986,0.5528442911751149,5.34676733424661e-06,1.9434946020070617e-07,3.817595526811601e-06,-3.2946088879270974e-07,False,False,False
binary,alpha,beta,0.75,0.25,3,150126,100,0.1,1.0,0.5037865614810648,0.2242906994250106,69.54819609279029,2.1316282072803006e-08,True,True,True,10.448878188185127,10.448942502258088,10.448942690763408,0.19033939102940436,0.19034314800628374,0.19034315865372403,1.739911512877576e-05,5.7995841251489546e-08,1.0510776959904433e-05,3.029893491657276e-08,False,False,False
binary,alpha,beta,0.75,0.25,4,150127,100,0.1,1.0,0.47852970115575555,0.1,69.94963903860402,1.680180730545544,True,True,True,5.845118668533015,5.845291843701742,5.84529157314425,0.47387301695197126,0.47386334646998923,0.47386333684332566,1.1781857177327988e-05,7.132117021808772e-08,1.8435952227946473e-05,-5.736950470236479e-08,False,False,False
binary,alpha,beta,0.75,0.25,5,150128,100,0.1,1.0,0.465232572893464,0.1,70.13526803149045,3.6211210101555737,True,True,True,6.637871372383499,6.637623582014659,6.637619073770641,0.48015572277588336,0.4801815486740089,0.4801817832780338,2.421037123077733e-05,2.7630058377647124e-07,-8.006424295103898e-06,-4.0909785070653015e-07,False,False,False
binary,alpha,beta,0.75,0.25,6,150129,100,0.1,1.0,0.4818115596655485,0.16705912093133188,69.66654683158826,1.2224639458285406e-07,True,True,True,9.97267815197986,9.97271328616111,9.972710299825264,0.2637158842244413,0.26371503789608775,0.2637151419158669,8.23523493801309e-06,1.5660459533017017e-07,2.3689724599762485e-06,-1.7969354360047873e-07,False,False,False
binary,alpha,beta,0.75,0.25,7,150130,100,0.1,1.0,0.41383455258440827,0.5888729894154213,68.47926235966256,1.5888218580782548e-07,True,True,True,6.924264048743199,6.924398103549023,6.924402202535693,0.46818602837136675,0.46816147551890175,0.46816119240152104,3.628346368784462e-05,1.9898030166872336e-07,-8.641539466225368e-06,2.660117814912155e-07,False,False,False
binary,alpha,beta,0.75,0.25,8,150131,100,0.1,1.0,0.34464582579675634,0.7690768714078727,67.99774456057324,1.8446762319608709e-07,True,True,True,5.371858135070359,5.372146947332395,5.3721442659183305,0.825093875406174,0.8250760910101805,0.8250762710000618,1.831554815173468e-05,1.1238137878527195e-07,3.299554110469671e-05,-2.9191178896326164e-07,False,False,False
binary,alpha,beta,0.75,0.25,9,150132,100,0.1,1.0,0.48582374452254173,0.1,69.83720564884622,0.5237714688635106,True,True,True,5.571292702588641,5.571235301786063,5.5712357833914545,0.472145017351625,0.4721564537942452,0.47215639790976005,1.5714766462658596e-05,6.20105232284617e-08,2.8857842551133217e-06,2.210559557624947e-08,False,False,False
binary,alpha,beta,0.75,0.25,10,150133,100,0.1,1.0,0.5283506087806227,0.20386885267411414,69.640388553476,8.038873388460928e-08,True,True,True,8.416651151614689,8.416960454674484,8.4169611477402,0.25974932818776963,0.2597310440775494,0.25973102447940105,2.235440118393481e-05,9.719412879946664e-08,1.575768945372147e-05,5.977835826342925e-08,False,False,False
binary,alpha,beta,0.75,0.25,11,150134,100,0.1,1.0,0.48891718217240426,0.1,69.76826555069323,0.01126651483269079,True,True,True,9.059946373681647,9.059822272066825,9.0598228271997,0.2744886519669407,0.27450887805079655,0.2745087715224956,3.5729499039178636e-05,1.9091013640976486e-07,9.526843626872505e-06,-6.137109664905438e-08,False,False,False
binary,alpha,beta,0.75,0.25,12,150135,100,0.1,1.0,0.4462500330569652,0.9442975696743274,64.61106197062949,1.004859173557616e-07,True,True,True,8.468395853885252,8.468133149585437,8.468129807118261,0.24328220895470842,0.24328964076658188,0.24328978502672527,2.4486856789160597e-05,2.495280280947758e-07,-2.2694648436072384e-05,-2.2862568016535079e-07,False,False,False
binary,alpha,beta,0.75,0.25,13,150136,100,0.1,1.0,0.509792805751902,0.6311286391520458,67.54072422253678,1.8115356374411764e-07,True,True,True,10.585357312340182,10.585462375390508,10.58545567829548,0.32608819093815544,0.3260869918082793,0.3260872259869383,8.584894248038386e-06,2.895054233204987e-07,8.18165950988714e-06,-3.630611615790258e-07,False,False,False
binary,alpha,beta,0.75,0.25,14,150137,100,0.1,1.0,0.4978604069880506,0.24294521300702673,69.55744441156851,3.760510089250386e-07,True,True,True,8.419161394806407,8.419975589130875,8.419971481483891,0.2813489952324676,0.2813227241716339,0.2813228754192699,7.692463122544297e-05,2.6823982116117794e-07,6.614322727216404e-05,-3.137153186116848e-07,False,False,False
binary,alpha,beta,0.75,0.25,15,150138,100,0.1,1.0,0.02,1.9839254116708473,68.59619524393463,9.76626544257897,True,True,True,0.25485570685912523,0.2564694657785385,0.25643547636586356,4.374825590598097,4.372584433766138,4.372637678950141,0.0011413302028383848,9.942926467884368e-06,0.0036606229165130344,-7.123610564008231e-05,False,False,False
binary,alpha,beta,0.75,0.25,16,150139,100,0.1,1.0,0.3873083834049366,0.648709852761695,68.72613663039935,1.4988915431309371e-07,True,True,True,3.297226215193949,3.2972379491970902,3.297235166820825,0.8455114154630627,0.8455173430020759,0.8455176778623971,1.6967291446245757e-05,1.407209340896276e-07,9.9247461662344e-06,-4.5832878470264404e-07,False,False,False
binary,alpha,beta,0.75,0.25,17,150140,100,0.1,1.0,0.5259789573479129,0.7072011397919928,67.59478066895728,8.316689495813723e-08,True,True,True,8.064606625365032,8.064666530602178,8.064666133450384,0.37969525734487897,0.37969343109024917,0.37969343590701954,8.869698656801923e-06,4.736028798628486e-08,5.281884725150121e-06,-4.370039619061572e-08,False,False,False
binary,alpha,beta,0.75,0.25,18,150141,100,0.1,1.0,0.4565015847532143,0.1,69.87530074579709,0.8562928428550318,True,True,True,3.815806571960028,3.815839971539712,3.815834168852226,0.7488895258835881,0.7488894298138139,0.748889970475491,1.0479883925539503e-05,3.8691392056546733e-07,7.744085777972032e-06,-8.982255792489013e-07,False,False,False
binary,alpha,beta,0.75,0.25,19,150142,100,0.1,1.0,0.4519252295614323,0.1,69.82382873522468,0.3462520012931656,True,True,True,3.532257337257694,3.5322202906762263,3.5322161265887644,0.7748587716505039,0.7748679646695374,0.7748683949897349,1.5504980985678875e-05,2.743117784598818e-07,-5.877391089370576e-07,-6.83462943129598e-07,False,False,False
binary,alpha,beta,0.75,0.5,0,160123,100,0.1,1.0,0.26285208421792744,0.9386854061044378,65.8921579937856,1.9945885082418897e-07,True,True,True,5.925336940708546,5.9256461139332695,5.925646740665747,0.6819720237151802,0.681973028515783,0.6819729475196743,7.032090051164768e-05,9.394133989248536e-08,5.33461418257275e-05,1.2515883440755715e-08,False,False,False
binary,alpha,beta,0.75,0.5,1,160124,100,0.1,1.0,0.4694693839245443,1.0259782914196345,65.26703939720994,1.8132071588486725e-07,True,True,True,6.945333508384328,6.945748376477585,6.945747786418074,0.6036716059846181,0.6036441251235973,0.603644105213959,1.615290726653027e-05,1.296726836125093e-07,2.79851891917815e-05,-1.0787444182369654e-07,False,False,False
binary,alpha,beta,0.75,0.5,2,160125,100,0.1,1.0,0.8558012556849728,1.2229945888803588,65.23512392923763,1.7801531985283172e-07,True,True,True,6.339459940845964,6.339855604507288,6.339853425345495,0.8330956858695568,0.8330667002474316,0.833066823745698,1.002547784803707e-05,7.709662838326307e-08,2.8838414138476764e-05,-2.0154162427843403e-07,False,False,False
binary,alpha,beta,0.75,0.5,3,160126,100,0.1,1.0,0.586375524395914,0.6594030938053212,67.94415364988494,3.6230712748823527e-07,True,True,True,8.409167754851671,8.409404915101405,8.409403709339244,0.5412170374192355,0.5412086543894965,0.5412087248738014,1.1847542284265902e-05,4.3925237613444836e-08,1.848863091424846e-05,-6.223453397069534e-08,False,False,False
binary,alpha,beta,0.75,0.5,4,160127,100,0.1,1.0,0.5208726708967947,1.061624183124883,63.63049985347692,7.92976838935011e-08,True,True,True,9.367081329459566,9.367094018852859,9.367092222164962,0.5183444125008357,0.5183479233812126,0.5183479953998383,1.3615868419551747e-05,6.978503238300721e-08,5.287835051603906e-06,-1.0889397117352928e-07,False,False,False
binary,alpha,beta,0.75,0.5,5,160128,100,0.1,1.0,0.4230158994301864,0.8039164270731121,67.8816306189628,1.2868476258827026e-07,True,True,True,4.845408195833098,4.84546063112245,4.845461328257242,0.7245926639733385,0.7245857332710541,0.7245856538579665,1.2836744640166726e-05,4.6702654392478176e-08,2.8947670500656386e-06,5.244608303200948e-08,False,False,False
binary,alpha,beta,0.75,0.5,6,160129,100,0.1,1.0,0.8138170856441406,0.9174688319156553,64.99114722472999,3.2599898949440733e-07,True,True,True,11.932897078474895,11.932661844583844,11.932660272299682,0.21649452638799574,0.21650678019615172,0.21650681185940773,1.375130424491305e-05,8.726156736008318e-08,-5.700843630052077e-06,-9.530941724733566e-08,False,False,False
binary,alpha,beta,0.75,0.5,7,160130,100,0.1,1.0,0.397783040016548,0.3944258400380746,69.20256160115453,6.83304238019179e-07,True,True,True,2.313479525882077,2.3135566607697045,2.313555746419736,0.8128292676232165,0.8128142427410422,0.8128143515900048,2.3495215392477042e-05,1.9841830048847146e-07,1.5773016585285404e-05,-2.698970718029159e-07,False,False,False
binary,alpha,beta,0.75,0.5,8,160131,100,0.1,1.0,0.41453515187955525,0.4896947231187972,68.67754802509646,1.78910089403163e-07,True,True,True,7.0240499859090715,7.024092177569666,7.024092829885309,0.3916144325820379,0.39160769817863667,0.39160767333244195,1.0008113867234424e-05,8.833215947847316e-08,-1.6822807680227925e-06,6.426307663787156e-08,False,False,False
binary,alpha,beta,0.75,0.5,9,160132,100,0.1,1.0,0.4920479000960118,0.1,69.98750710637509,2.0862108129904335,True,True,True,6.913887082740891,6.913601879452486,6.913598403661333,0.3682756553405514,0.36828721274069404,0.368287368187855,2.7820324109417925e-05,2.386213642100913e-07,-2.826947168443894e-05,-3.237817622903094e-07,False,False,False
binary,alpha,beta,0.75,0.5,10,160133,100,0.1,1.0,0.5265091737959784,0.9634463735408484,66.53450098924098,1.2265869388011245e-07,True,True,True,6.342014237604106,6.342219474470337,6.342221464495655,0.5499288838989566,0.5499166560276915,0.549916530779139,1.087068888059733e-05,9.874865820174957e-08,1.8452659958256845e-05,1.6957649506821326e-07,False,False,False
binary,alpha,beta,0.75,0.5,11,160134,100,0.1,1.0,0.41799211964588845,0.5960953630320079,68.54260141791451,3.078380789025128e-07,True,True,True,6.331128521443151,6.331533840864971,6.331534814528897,0.6114386258634112,0.6114209778738173,0.6114208908406339,2.7425736761522233e-05,8.158803418324759e-08,4.37536220090351e-05,5.357944132811099e-08,False,False,False
binary,alpha,beta,0.75,0.5,12,160135,100,0.1,1.0,0.49944902486143694,0.6191199367041926,68.16078905517077,6.550880341146756e-08,True,True,True,8.008118205437299,8.008382424946644,8.00837893381029,0.479448910972894,0.4794380845681729,0.47943820800484743,1.4735847575704852e-05,2.0001398114874303e-07,2.0235230209664223e-05,-2.9382364630237134e-07,False,False,False
binary,alpha,beta,0.75,0.5,13,160136,100,0.1,1.0,0.4653674408994891,0.42443022665617286,68.93705410497667,4.019436694230464e-08,True,True,True,7.958157492502032,7.958235747567789,7.958233802670824,0.2833552683551296,0.28335483181727383,0.2833549055604815,1.5549861412476373e-05,1.318595146762937e-07,9.171195429757972e-06,-1.5948798193221592e-07,False,False,False
binary,alpha,beta,0.75,0.5,14,160137,100,0.1,1.0,0.5620210061708196,0.2218288401923384,69.6383868504567,1.852868764786606e-07,True,True,True,6.189667530423459,6.189821109625795,6.189823520092405,0.3391748895790169,0.3391709600001129,0.3391708510706039,2.632349955669547e-05,2.209774244936992e-07,2.055180102900067e-05,2.640144742827033e-07,False,False,False
binary,alpha,beta,0.75,0.5,15,160138,100,0.1,1.0,0.5598244492003868,0.2763887730774627,69.40149446008607,2.566820266478721e-07,True,True,True,10.562606532243795,10.56217515862361,10.56217576468938,0.22354470236247856,0.22356189972137222,0.2235618934772812,2.1758629652265596e-05,7.621926702893837e-08,-2.0991145007087653e-05,5.019198567879357e-08,False,False,False
binary,alpha,beta,0.75,0.5,16,160139,100,0.1,1.0,0.5022340796206438,0.5654542967094831,67.82062253495899,2.1328121164008897e-07,True,True,True,11.626642043124773,11.62696874953679,11.626971877479948,0.3586143247307087,0.3586079581916706,0.35860788163127183,1.8760149481953474e-05,1.4875955473134517e-07,2.09505458883541e-05,1.808813721027036e-07,False,False,False
binary,alpha,beta,0.75,0.5,17,160140,100,0.1,1.0,0.5805016048843005,0.9118606495490448,64.7937453301707,3.826389734580363e-08,True,True,True,11.162382107236384,11.162299619170764,11.162297353636609,0.34096132065852774,0.3409744159732146,0.3409744858497535,2.091237951618477e-05,9.415002318012731e-08,7.564169806073551e-06,-1.2251472014668252e-07,False,False,False
binary,alpha,beta,0.75,0.5,18,160141,100,0.1,1.0,0.6201394092802728,0.956816407090616,66.42681142888932,4.5524667710996443e-07,True,True,True,6.739784436846087,6.739879856264879,6.739875801236831,0.5785318968195083,0.5785273156281956,0.578527510843788,1.1497106806390235e-05,2.1293675991253922e-07,8.506348109449391e-06,-3.768968639406012e-07,False,False,False
binary,alpha,beta,0.75,0.5,19,160142,100,0.1,1.0,0.538190642184071,0.32955119720081094,69.32355535622348,4.978364829527026e-07,True,True,True,9.076784946003192,9.077128420511219,9.077125230145827,0.17443134443632055,0.17442152222483082,0.17442157224046337,4.326978920710634e-05,2.796087501399422e-07,2.6238142510237594e-05,-2.938904231086781e-07,False,False,False
binary,alpha,beta,0.75,1.0,0,170123,100,0.1,1.0,0.5914545282680264,0.6728089868140009,67.60161793867158,9.871175158657625e-08,True,True,True,9.695871858892017,9.695872852567081,9.69587290394058,0.3518795492759849,0.351881013700568,0.3518809917558172,5.102020685358727e-06,4.682780297097044e-08,1.7684991036048814e-06,-1.9966336139987106e-08,False,False,False
binary,alpha,beta,0.75,1.0,1,170124,100,0.1,1.0,0.6283252427279961,0.7422493509465621,67.65571547980352,8.903074960742905e-08,True,True,True,7.945414418816352,7.945714898352968,7.945708611622106,0.45339001368812,0.45337445280184085,0.4533746828949393,2.2491684694007988e-05,3.627711746591509e-07,1.937582810285221e-05,-5.263060671722997e-07,False,False,False
binary,alpha,beta,0.75,1.0,2,170125,100,0.1,1.0,0.520051741375141,1.454275813951013,60.776374226971726,2.1455811670936015e-08,True,True,True,6.150578187885183,6.150672517877242,6.150672649735548,0.7854350861024534,0.7854216402468762,0.7854216293051026,1.795554850562191e-05,1.5688363365023285e-08,-1.3462184966783752e-07,8.840849829994113e-09,False,False,False
binary,alpha,beta,0.75,1.0,3,170126,100,0.1,1.0,0.31442641710209335,2.312663262982157,61.5133204953945,3.868293246065973e-07,True,True,True,2.1585509311626274,2.158581848706305,2.1585813661247983,1.360698125450882,1.360714654797838,1.3607147255748817,5.289397991759069e-05,6.208538902544267e-08,3.321121890564882e-05,-1.4207908805019542e-07,False,False,False
binary,alpha,beta,0.75,1.0,4,170127,100,0.1,1.0,0.5996815838439497,1.1152955340529667,63.773245958590294,8.565473629292795e-08,True,True,True,8.812431755906012,8.812610168358471,8.812609178926609,0.5186051972859537,0.518601558145288,0.5186015824536402,1.4451117084549083e-05,6.29640940040467e-08,1.5971332459230325e-05,-8.428852993347391e-08,False,False,False
binary,alpha,beta,0.75,1.0,5,170128,100,0.1,1.0,0.5590505607335132,0.934048916524928,65.33064273593753,3.177643716156509e-08,True,True,True,9.182052620148433,9.182293086195523,9.182292032110473,0.44099991855223497,0.4409913642734856,0.4409914212496397,1.1512542298274728e-05,4.25642218418857e-08,1.6290683319653e-05,-4.9199201157534844e-08,False,False,False
binary,alpha,beta,0.75,1.0,6,170129,100,0.1,1.0,0.662745348881025,1.579317117722469,58.89646990767776,2.279778308874873e-07,True,True,True,6.900169967233048,6.90023180181152,6.900230877951618,0.8906910230374512,0.8906859777141491,0.8906860117514991,3.883878224131556e-06,5.803745282697219e-08,3.057927798977289e-06,-9.470130635236274e-08,False,False,False
binary,alpha,beta,0.75,1.0,7,170130,100,0.1,1.0,0.8993615683644621,1.7341371120695686,54.98725109841803,6.520798354685493e-08,True,True,True,7.563576003311469,7.563630381849933,7.5636306250244685,0.7884667613435329,0.7884521552436128,0.7884521350970783,2.6157597560938503e-05,1.5867036538349194e-08,-9.6174362624879e-06,8.955950647759892e-09,False,False,False
binary,alpha,beta,0.75,1.0,8,170131,100,0.1,1.0,0.5324261336577916,0.7925048996032328,67.43607543707333,4.424234156220478e-07,True,True,True,6.846345697469551,6.8466605677776196,6.846657984154179,0.34056251941672044,0.34054606176071417,0.3405461439392237,2.4613197129652838e-05,2.4524956757828704e-07,2.6759625299632717e-05,-2.8274382657400565e-07,False,False,False
binary,alpha,beta,0.75,1.0,9,170132,100,0.1,1.0,0.748130947409865,1.466776921287862,58.37722498660491,8.13999116153751e-08,True,True,True,8.839622888669322,8.839857406855335,8.839857531521371,0.5355613214765721,0.5355501951300902,0.5355501780114821,7.4807611854520875e-06,2.9026983202439872e-08,1.371470083455506e-05,-5.605805597497238e-09,False,False,False
binary,alpha,beta,0.75,1.0,10,170133,100,0.1,1.0,0.3871390770236395,1.1756913417571924,65.9989383876035,9.548153915132577e-08,True,True,True,3.6751305009922532,3.675040107711522,3.675041965120425,0.9862549596288581,0.9862631501585143,0.986262977948677,2.0817584929218343e-05,1.217017796489182e-07,-1.4859396571864636e-05,3.0714784315932775e-07,False,False,False
binary,alpha,beta,0.75,1.0,11,170134,100,0.1,1.0,0.550352695134406,1.0230472903078196,62.1197760611148,2.2887694351237994e-07,True,True,True,12.79302327743109,12.793130454028427,12.793127598399753,0.22136780715399987,0.22136842484981661,0.2213684622638552,1.0755328674648966e-05,1.6601493167389879e-07,8.9087101926566e-06,-1.8014131342170003e-07,False,False,False
binary,alpha,beta,0.75,1.0,12,170135,100,0.1,1.0,0.4865446251889775,0.7570450504283472,67.51105807053158,2.0800827610833675e-07,True,True,True,6.993137016041988,6.993290791303908,6.993287631255944,0.6325889641722292,0.6325860116055169,0.6325861799209668,1.5523028919430673e-05,1.2283180093504752e-07,1.8331855486053428e-05,-2.580883062819339e-07,False,False,False
binary,alpha,beta,0.75,1.0,13,170136,100,0.1,1.0,0.7683968065474653,1.3872482195066929,61.5368018945651,5.10991957439012e-08,True,True,True,7.527921782934892,7.528078184084645,7.528078370339512,0.8583442417345386,0.8583316127702315,0.858331602350395,9.197559998487281e-06,3.91269002716084e-09,6.249035834571259e-06,1.2745076105602493e-08,False,False,False
binary,alpha,beta,0.75,1.0,14,170137,100,0.1,1.0,0.5462754353858346,0.7602360652918252,66.3379188674637,4.263256414560601e-08,True,True,True,11.255418333564684,11.255266949020097,11.255268489240256,0.30576661228022156,0.3057683728353963,0.30576830386314713,2.0138332215995696e-05,6.712308703410283e-08,-1.1365665329776675e-05,5.7437148370809155e-08,False,False,False
binary,alpha,beta,0.75,1.0,15,170138,100,0.1,1.0,0.5800278021603311,0.9585766709236695,65.21823308868339,4.4938668397781776e-08,True,True,True,9.065617755783197,9.065913154188106,9.065911517282927,0.41031387349219584,0.4102998053503758,0.41029987045634747,1.2884683970122693e-05,7.140842660881594e-08,1.628179838064625e-05,-1.0560002294823789e-07,False,False,False
binary,alpha,beta,0.75,1.0,16,170139,100,0.1,1.0,0.5563213459470052,0.9960203775092494,65.54267512409994,4.11930984700909e-07,True,True,True,7.867792074349524,7.86785165011117,7.867849150165314,0.6517586235743608,0.6517607758079697,0.6517609051057771,1.5002636964400551e-05,7.189257136513163e-08,9.881046295845408e-06,-1.6888232323708507e-07,False,False,False
binary,alpha,beta,0.75,1.0,17,170140,100,0.1,1.0,0.6503256644626785,0.8714691582313762,65.99105270397742,1.8650900910311475e-07,True,True,True,9.839088907518429,9.839039301058312,9.83903979332636,0.43817556690476894,0.43817045868136073,0.43817043668244365,1.7430244034502276e-05,1.7266576423719165e-08,-1.0898141056259192e-05,2.47049314339165e-08,False,False,False
binary,alpha,beta,0.75,1.0,18,170141,100,0.1,1.0,0.6683069115620333,1.2723427809768377,59.939095490468254,8.289654274912267e-08,True,True,True,9.066060147414975,9.066149271611135,9.066149286543627,0.24115316270460252,0.2411458422239262,0.24114583767082884,7.922158629271253e-06,1.1172094847712365e-08,1.3988741542902972e-06,-3.594884390167863e-09,False,False,False
binary,alpha,beta,0.75,1.0,19,170142,100,0.1,1.0,0.6986587039929578,1.3323450944454185,61.3429109267075,4.807116592583177e-08,True,True,True,7.547903824360876,7.54802422387076,7.5480235438516186,0.7252328717976957,0.7252221876946618,0.7252222146488457,9.037333461291733e-06,3.2229075625077987e-08,3.5916680758418806e-06,-5.906019140411445e-08,False,False,False
binary,alpha,beta,0.75,3.0,0,180123,100,0.1,1.0,0.7551040298028943,3.2036907681433027,43.23121458367118,2.863195532581807e-07,True,True,True,2.644729599130605,2.644628384616123,2.644628225500855,1.5049794533427747,1.5049944598322966,1.5049944835435047,4.935826368824877e-06,6.530316981191494e-09,-2.1027009196927793e-05,-3.2866921628738055e-08,False,False,False
binary,alpha,beta,0.75,3.0,1,180124,100,0.1,1.0,0.6345513404531876,2.423110163215565,41.95117468973328,5.331087075064102e-08,True,True,True,5.697908813733099,5.6979988638372605,5.6979986622075955,0.9040627593123961,0.9040573548995419,0.9040573572200306,5.672840796687896e-06,3.024058199934973e-08,9.54916239237491e-06,-3.271448889563544e-08,False,False,False
binary,alpha,beta,0.75,3.0,2,180125,100,0.1,1.0,0.4800510207603989,2.747763721252672,37.37569847379144,1.0130174512048218e-07,True,True,True,4.948013166096138,4.948119592882277,4.9481191924785115,0.8840673397291483,0.884055122658945,0.8840551396960707,8.150357935723824e-06,4.3276502813577427e-08,7.382035271064069e-06,-6.130567697937295e-08,False,False,False
binary,alpha,beta,0.75,3.0,3,180126,100,0.1,1.0,0.728505909317184,2.90692721760617,42.22508126323552,1.7435886322273434e-07,True,True,True,3.517688970300449,3.517923597899895,3.5179233952567555,1.4021701349658746,1.402139974557906,1.4021399914607602,3.996986138315411e-06,1.9232775724838656e-08,3.193553886404743e-05,-3.814292881543224e-08,False,False,False
binary,alpha,beta,0.75,3.0,4,180127,100,0.1,1.0,0.5861991058125459,3.383463789234692,34.741606487346104,3.324750657929425e-07,True,True,True,2.8349202720218285,2.8351327856337964,2.83513247471468,1.5543796347708068,1.5543495901576292,1.5543496337836886,6.501585107530481e-06,9.783869951728241e-09,4.0310428900625084e-05,-5.944016123748952e-08,False,False,False
binary,alpha,beta,0.75,3.0,5,180128,100,0.1,1.0,0.7223681916385182,2.9713161261926095,34.93365947848788,2.1208157617100383e-07,True,True,True,3.915479294341992,3.915738784641533,3.915738763802765,1.2319245911949566,1.2318956732182589,1.2318956675457307,5.093893634473622e-06,1.8834397430671476e-08,3.2965834144249584e-05,-1.18525349535048e-08,False,False,False
binary,alpha,beta,0.75,3.0,6,180129,100,0.1,1.0,0.7856447071387308,2.602499799419978,43.072086400514145,3.375519684043744e-07,True,True,True,4.463694957722564,4.463729617262028,4.4637293394032245,1.3224413569897606,1.3224351848544345,1.3224352002058826,7.507507927420437e-06,2.7049082867656266e-08,6.142266855135858e-07,-4.457411506564313e-08,False,False,False
binary,alpha,beta,0.75,3.0,7,180130,100,0.1,1.0,0.7052021309954375,2.5651976349837784,50.44961465534519,3.7346917970022155e-07,True,True,True,3.7586404566482607,3.7585822565190066,3.7585820153794263,1.4037140742925598,1.4037163107318726,1.4037163303716054,1.0363979914799009e-05,1.9242961540573032e-08,-1.2951226580071307e-05,-4.154598087779959e-08,False,False,False
binary,alpha,beta,0.75,3.0,8,180131,100,0.1,1.0,0.9525965084077673,2.7853626177306205,46.710137108307585,3.284014350328632e-07,True,True,True,3.0576490749406395,3.0579250615556997,3.0579248226061466,1.4802519426544014,1.4802025045414178,1.480202526562504,2.4187564956446965e-05,2.758974500626298e-08,3.32864570395941e-05,-5.278836567867984e-08,False,False,False
binary,alpha,beta,0.75,3.0,9,180132,100,0.1,1.0,0.6359074753919391,3.3186804934109135,32.71630498953262,2.87771799173314e-07,True,True,True,2.8604571064703856,2.8606266728983294,2.86062654349454,1.3737664592564558,1.3737459625813022,1.3737459708624145,1.230719753266755e-05,2.65065056867301e-08,3.564435785108344e-05,-3.570218609638687e-08,False,False,False
binary,alpha,beta,0.75,3.0,10,180133,100,0.1,1.0,0.5313892662676578,3.4708796234860997,33.02913949515492,9.494025439922436e-07,True,True,True,2.862611173885267,2.862746693312846,2.862746511255728,1.435605892798902,1.4355876379234942,1.4355876575409716,5.590449843170642e-06,1.8566040735303526e-08,2.6282360472862365e-05,-4.100980532939502e-08,False,False,False
binary,alpha,beta,0.75,3.0,11,180134,100,0.1,1.0,0.6815653290519135,3.2622104064136983,38.0838843569198,6.620993433949828e-07,True,True,True,2.8955550855312873,2.895731954039943,2.8957315479676726,1.3364902551646893,1.3364661656196892,1.3364662104849012,6.2559101368285134e-06,3.8024206099514615e-08,3.3258206826758396e-05,-8.857833222464251e-08,False,False,False
binary,alpha,beta,0.75,3.0,12,180135,100,0.1,1.0,0.7611563516817679,3.3090750953482475,38.45318851593633,8.302403899578313e-09,True,True,True,2.6863400580427332,2.686508018568723,2.686507788265282,1.4298095755481426,1.4297808448625993,1.4297808687363291,4.892636581664274e-06,3.098201012539675e-08,2.9386306664491713e-05,-5.8240303246748226e-08,False,False,False
binary,alpha,beta,0.75,3.0,13,180136,100,0.1,1.0,0.7540977705247311,2.2094516238883974,55.09486947210666,2.0608248719008605e-07,True,True,True,3.7954606215905313,3.7953870944787877,3.7953873545677923,1.1015475359652918,1.1015493969210053,1.1015493711509705,1.5128831091512804e-05,1.090365981185765e-08,-1.7191206055144903e-05,3.88588077271379e-08,False,False,False
binary,alpha,beta,0.75,3.0,14,180137,100,0.1,1.0,0.6368482041730624,2.9380622987136427,41.113774557889776,4.5689344889274517e-07,True,True,True,3.5769013979040456,3.5771745691914636,3.5771742076032145,1.3737457213105906,1.3737186219030493,1.3737186541146693,1.4355592899198301e-05,2.7295637774831692e-08,4.510467120155681e-05,-6.399708496473977e-08,False,False,False
binary,alpha,beta,0.75,3.0,15,180138,100,0.1,1.0,0.7994430817327205,2.4012230644379624,48.08569291043198,4.991021879138455e-07,True,True,True,4.787097946637689,4.787356898947148,4.787356608616275,1.0645905500022028,1.0645600355965712,1.0645600614523707,1.7213843248412302e-05,5.610603071156774e-09,1.8930449492415846e-05,-3.08777501345503e-08,False,False,False
binary,alpha,beta,0.75,3.0,16,180139,100,0.1,1.0,0.8127631009936692,3.1018412359642573,35.6076237183923,4.461066430672769e-07,True,True,True,3.269992182041969,3.2700942825626975,3.2700941411205853,1.2189425753148644,1.2189253097970503,1.2189253222701295,8.814597536951059e-06,1.4792394149700723e-08,1.1316433010222227e-05,-2.8893055059597827e-08,False,False,False
binary,alpha,beta,0.75,3.0,17,180140,100,0.1,1.0,0.6985895312188476,3.084992542921339,38.02064751509656,1.035487098961967e-07,True,True,True,3.303436755466167,3.3033408086305487,3.303340510254682,1.3826907024274604,1.382705479950102,1.3827054994578614,5.552478573463215e-06,4.5812502531926276e-08,-1.2099586967906362e-05,-6.786635253774875e-08,False,False,False
binary,alpha,beta,0.75,3.0,18,180141,100,0.1,1.0,0.5397804453252346,4.1962883807516915,33.39670308250421,1.5384460134170063e-07,True,True,True,1.8394866223219162,1.8395239710666582,1.839523887194091,1.7381612026294766,1.7381607242495858,1.7381607366206213,1.921066317696302e-05,1.7462611073948693e-08,1.9721582468434917e-05,-3.1352030305242806e-08,False,False,False
binary,alpha,beta,0.75,3.0,19,180142,100,0.1,1.0,0.7281590585964455,3.1521939625028494,38.45858957066748,4.880358586112337e-07,True,True,True,3.0623494688502486,3.062432282234502,3.0624322194315967,1.3575475390495295,1.3575355987790712,1.3575356014919198,2.6971363932378805e-06,1.4320103037348402e-08,1.3277940013267653e-05,-1.7384245154516975e-08,False,False,False
binary,alpha,beta,0.75,8.0,0,190123,100,0.1,1.0,0.46004692072782616,5.205735629721761,6.408843437364117,9.637884060529984e-08,True,True,True,1.0579369676178452,1.0579729027478006,1.0579728762873708,1.445340407248678,1.4453113993555278,1.4453114061614911,3.283877019236011e-05,1.0048436609369645e-08,5.528519579911517e-07,-1.7174843769396375e-08,False,False,False
binary,alpha,beta,0.75,8.0,1,190124,100,0.1,1.0,0.660796359533806,5.943774824806203,17.081349283705045,1.05554038355566e-07,True,True,True,0.7806466603188563,0.7805244579372723,0.780524431087771,1.9798693172954183,1.9799410254378835,1.9799410311933798,8.79877042352568e-06,2.116995998073559e-08,-7.402291703684227e-05,-2.7773047861501254e-08,False,False,False
binary,alpha,beta,0.75,8.0,2,190125,100,0.1,1.0,0.69018510240376,5.524100426070718,22.690173213181488,2.8361998782934134e-07,True,True,True,0.8370111582470603,0.837106408980283,0.8371063802943528,2.130559465801606,2.130509905343667,2.1305099112922408,1.1856672990334697e-06,2.0572263498739317e-08,5.6706162276043415e-05,-2.741941429462713e-08,False,False,False
binary,alpha,beta,0.75,8.0,3,190126,100,0.1,1.0,0.6423528067653663,5.038684982696763,22.359687155404227,1.830136571803759e-07,True,True,True,1.1200381644125343,1.1200113848400144,1.1200113456168874,1.7841301868404995,1.7841376129191393,1.7841376215548133,6.868090695926007e-06,1.5144929393244765e-08,-1.53852928370668e-05,-2.5078104926024025e-08,False,False,False
binary,alpha,beta,0.75,8.0,4,190127,100,0.1,1.0,0.5136644201265931,5.278732869328031,16.127590041207775,1.5282931208599663e-07,True,True,True,1.0473356101919826,1.0473135449997428,1.0473135107561709,1.8089737162053754,1.8089810729080675,1.8089810814368765,4.255194036320663e-06,1.3108614408174334e-08,-1.262131134893707e-05,-2.2877426175682558e-08,False,False,False
binary,alpha,beta,0.75,8.0,5,190128,100,0.1,1.0,0.6708277304371335,5.247649596996349,17.25675133360754,7.624810734543751e-07,True,True,True,0.9886435815193013,0.9886398605838804,0.9886398180767043,1.9903671179679479,1.9903617594560108,1.9903617726082727,1.6131273973567342e-05,1.2822860273060629e-08,-9.96075276304964e-06,-2.7853513273612407e-08,False,False,False
binary,alpha,beta,0.75,8.0,6,190129,100,0.1,1.0,0.5477215897522308,4.999177123285918,15.45826409452057,5.988185568922352e-08,True,True,True,1.0463473013754776,1.0463210556178963,1.0463210341467102,1.8576330941403134,1.85765487748336,1.857654883248383,2.509281206923478e-05,7.271058888555998e-09,-1.841563346260955e-08,-1.3883418858995356e-08,False,False,False
binary,alpha,beta,0.75,8.0,7,190130,100,0.1,1.0,0.6515732377614638,5.161660065299867,20.17087361848354,1.8248026341259613e-07,True,True,True,1.0434973967715555,1.0435478704639687,1.0435478289957332,1.7644931727266555,1.7644655144004,1.7644655271132919,1.5393371799839366e-05,1.049410698447616e-08,1.6500638736260953e-05,-2.5101481782030532e-08,False,False,False
binary,alpha,beta,0.75,8.0,8,190131,100,0.1,1.0,0.577897202417487,5.879510749616263,13.92110026593856,2.2636622202038249e-07,True,True,True,0.9109825321571766,0.910951739418121,0.9109517265290551,1.9837091526966673,1.9837286149151265,1.9837286108024785,1.0993387672823728e-05,2.364580990487735e-08,-1.1414427033784591e-05,-1.8883872243691258e-08,False,False,False
binary,alpha,beta,0.75,8.0,9,190132,100,0.1,1.0,0.6282850355867217,5.4266438053566,19.07010155582616,3.162177449974588e-07,True,True,True,0.9818269040880591,0.9819559851130687,0.9819559471330297,1.8068296685298175,1.806770564465046,1.806770566434454,5.354184960051061e-06,3.4147197880245296e-08,6.337912513032506e-05,-3.641058299308497e-08,False,False,False
binary,alpha,beta,0.75,8.0,10,190133,100,0.1,1.0,0.7256982338732827,5.566787940747872,24.40675526372262,4.1083058231123e-07,True,True,True,0.792961193837405,0.7930252960949228,0.793025300815958,2.231360949927682,2.2313251006242956,2.2313250891872727,1.8252252923250802e-06,2.0421300240759524e-08,3.955556795887105e-05,-7.214165265168049e-09,False,False,False
binary,alpha,beta,0.75,8.0,11,190134,100,0.1,1.0,0.6927180746017183,5.512855488509683,21.319130200145906,9.988845551308713e-09,True,True,True,0.8957300551715798,0.8957197793870194,0.8957197714699617,2.1712653978126535,2.1712680170833116,2.1712680153164046,5.458873527691113e-06,1.3073047851582656e-08,-8.467357812236287e-06,-1.0872991396126963e-08,False,False,False
binary,alpha,beta,0.75,8.0,12,190135,100,0.1,1.0,0.6717255914011161,4.97691592684649,19.211935772098695,2.558312398277774e-07,True,True,True,1.0850322642676824,1.0850929946815724,1.0850929150999915,1.8651365506475455,1.8651068368469546,1.8651068586835344,1.2522765954756996e-05,2.323854970137497e-08,2.1712023329456542e-05,-4.820050492071459e-08,False,False,False
binary,alpha,beta,0.75,8.0,13,190136,100,0.1,1.0,0.7337803382586164,5.331980449673476,17.750602917448763,1.6527675153191615e-07,True,True,True,0.8551362873463236,0.8551019509597213,0.855101934979307,2.1883403498593026,2.188354654818813,2.188354657238456,7.3109255736175295e-06,1.3243130551787338e-08,-2.3700631565759522e-05,-1.590260012562794e-08,False,False,False
binary,alpha,beta,0.75,8.0,14,190137,100,0.1,1.0,0.5556428410062584,5.401786101210504,19.183397776424535,4.839496234043243e-08,True,True,True,1.0440207347615662,1.0441187246833747,1.044118689982214,1.8772825393806372,1.877241945316735,1.8772419524874122,1.9005263946639187e-06,1.6755506603483952e-08,4.709318730888867e-05,-2.4979335933039692e-08,False,False,False
binary,alpha,beta,0.75,8.0,15,190138,100,0.1,1.0,0.5977986344990666,5.229684740465508,13.899980759105802,2.655654017963568e-07,True,True,True,1.0055252412485398,1.0055854264178983,1.0055853878844991,1.8764389572600577,1.8764053057349437,1.876405312205005,1.767732381999602e-05,2.3566046510618422e-08,2.107904734671706e-05,-3.0870436873442486e-08,False,False,False
binary,alpha,beta,0.75,8.0,16,190139,100,0.1,1.0,0.7353887703875566,5.043694399217831,24.40995317606803,4.992829961437511e-07,True,True,True,1.0059825287795476,1.0059202427447558,1.005920225306965,2.0535813626300525,2.053600452509642,2.0536004551492004,1.805744411609893e-05,1.1735886771431933e-08,-3.9953799820580116e-05,-1.4296258399326689e-08,False,False,False
binary,alpha,beta,0.75,8.0,17,190140,100,0.1,1.0,0.7269934605165682,5.273835367153746,21.80834683575148,6.626859683682487e-07,True,True,True,0.9257765290252602,0.9257906306305762,0.9257905890643192,2.0064635790515872,2.0064556371969404,2.0064556479787368,3.078652018302654e-06,2.011054363941674e-08,6.056192248138359e-06,-3.248511859510472e-08,False,False,False
binary,alpha,beta,0.75,8.0,18,190141,100,0.1,1.0,0.7339120506005486,5.415075524141407,16.49184053010559,1.15305443079248e-07,True,True,True,0.9496913783431562,0.9496732024136386,0.9496731916834648,1.965652434559518,1.9656544147437247,1.9656544054145064,1.4624211802620208e-05,3.287412669274849e-08,-1.6881226201803656e-05,-2.2039468916545957e-08,False,False,False
binary,alpha,beta,0.75,8.0,19,190142,100,0.1,1.0,0.7427441550908259,5.0847689859046845,24.858111235174057,2.751221582692735e-07,True,True,True,0.9641122646617415,0.9643055840853102,0.9643055496841464,2.0720327430374357,2.0719433736898902,2.071943376876883,5.5877369800488905e-06,2.8402663806683012e-08,9.757310003877251e-05,-3.2005385008915255e-08,False,False,False
binary,alpha,beta,0.95,0.25,0,200123,100,0.1,1.0,0.6105864750047837,0.36182202849863637,69.18559026088016,2.4283519182169845e-07,True,True,True,10.097152599092965,10.09707773012766,10.097073146537035,0.3185761841250415,0.3185834162316992,0.3185835281525402,1.1891249938944719e-05,2.6522485947507255e-07,5.862850969151623e-07,-3.2509866798591247e-07,False,False,False
binary,alpha,beta,0.95,0.25,1,200124,100,0.1,1.0,0.5262601442397701,0.17140681054849163,69.61767194425367,1.3996068733200822e-07,True,True,True,12.844267635278147,12.84419034040577,12.844189361210212,0.11321812733475316,0.113214424294071,0.11321446915024772,2.0100002145775474e-05,5.138266583310886e-08,-1.0305744837069142e-05,-2.4593873604317196e-08,False,False,False
binary,alpha,beta,0.95,0.25,2,200125,100,0.1,1.0,0.42070630416398463,0.4285543417314883,69.02845833111562,3.1776437161565095e-07,True,True,True,7.224118042356508,7.224492609825639,7.224490501772727,0.5173099900386244,0.5172889373559968,0.5172890864493517,1.7235178018487748e-05,1.1277384490788904e-07,2.7490294385756897e-05,-1.2014250216907385e-07,False,False,False
binary,alpha,beta,0.95,0.25,3,200126,100,0.1,1.0,0.5156970508883083,0.1,69.76345800738233,0.052624827162617294,True,True,True,11.066417140376085,11.067004316753959,11.067004707471161,0.2001324434194174,0.20010327310124537,0.20010315953672098,3.586980005117152e-05,2.0809850822612866e-07,1.9378884005050168e-05,-9.544130818994745e-08,False,False,False
binary,alpha,beta,0.95,0.25,4,200127,100,0.1,1.0,0.5314336927852025,0.30653021986162976,69.37386472698222,3.9105679848651713e-07,True,True,True,9.468814983011425,9.468715744674347,9.468711166242285,0.20921775117590383,0.20922290003154584,0.2092229843221716,1.172125094969648e-05,3.538980344731558e-07,-4.9392498056022305e-06,-3.8648947509045684e-07,False,False,False
binary,alpha,beta,0.95,0.25,5,200128,100,0.1,1.0,0.4934487280157485,0.9964413926670441,66.25634744244579,1.42286071952219e-07,True,True,True,5.8671734540696585,5.867522424240618,5.867522200254639,0.7278389812241979,0.7278201278431168,0.727820103138378,2.0410738293572714e-05,9.666482468793917e-08,3.770427174742963e-05,-6.661623785930715e-08,False,False,False
binary,alpha,beta,0.95,0.25,6,200129,100,0.1,1.0,0.5625114405162729,0.3249587139145301,69.27039171233973,2.2748467065386708e-07,True,True,True,10.107163919504542,10.10790168940055,10.107899591643871,0.2409435531044237,0.24091395114427544,0.2409140427653897,3.873603785975257e-05,1.0852339957963236e-07,3.880951555856882e-05,-1.0205363309978566e-07,False,False,False
binary,alpha,beta,0.95,0.25,7,200130,100,0.1,1.0,0.508868732047671,0.24128608073870708,69.48214841078195,4.766465574234764e-08,True,True,True,11.296865557111781,11.296689274031563,11.296683250954564,0.07857452944755368,0.07857788940538181,0.0785779309382682,1.2262253842240187e-05,4.810466372285726e-07,-1.2221783919130758e-05,-4.853555140016397e-07,False,False,False
binary,alpha,beta,0.95,0.25,8,200131,100,0.1,1.0,0.5077321963880873,0.3397247363100879,69.23981909217095,3.9407906978857587e-07,True,True,True,9.737585713047048,9.737865818239738,9.737866773837936,0.21040970999921912,0.21040467053488754,0.21040448386554172,2.761491604508488e-05,2.87627664864821e-07,2.2846273239451875e-05,-1.1677882127969497e-07,False,False,False
binary,alpha,beta,0.95,0.25,9,200132,100,0.1,1.0,0.45615812942767553,0.7654196836105555,67.5252428783935,6.696464767704477e-07,True,True,True,6.982721514234399,6.982871764177175,6.9828654576519735,0.4118567291666985,0.41185711747336573,0.4118573458256988,3.0078071837687606e-05,4.798964231426575e-07,2.1323971040487777e-05,-6.402421348639109e-07,False,False,False
binary,alpha,beta,0.95,0.25,10,200133,100,0.1,1.0,0.7135617224627823,0.526246301604228,68.78358161347843,4.766465574234764e-07,True,True,True,7.665921279301669,7.665821456532284,7.6658153558526605,0.38083129523912107,0.38083300597756714,0.38083324945434655,1.3827857113275516e-05,3.749982072555863e-07,-1.1567667485223865e-05,-5.155158788738845e-07,False,False,False
binary,alpha,beta,0.95,0.25,11,200134,100,0.1,1.0,0.32131244324556174,0.7303618707643778,68.30686108302956,1.7989505211591226e-07,True,True,True,4.563933211811058,4.563832339869528,4.563830116673606,0.8155336638359983,0.8155516372960281,0.8155518127016431,2.2779693399589354e-05,1.1070864827739328e-07,-1.6947000176514848e-06,-2.85190509430322e-07,False,False,False
binary,alpha,beta,0.95,0.25,12,200135,100,0.1,1.0,0.5798154013942993,0.435389995942387,68.78059344549985,1.0869213824647058e-07,True,True,True,11.217076833037117,11.2173159403082,11.217314516528194,0.14135208008651903,0.1413518718774956,0.14135182873241153,3.210694828735485e-05,2.098335901071136e-07,2.089982577047067e-05,-1.765995989444491e-07,False,False,False
binary,alpha,beta,0.95,0.25,13,200136,100,0.1,1.0,0.4820066788190241,0.1326364918448057,69.71766304981588,1.457911802211469e-07,True,True,True,10.003300446142841,10.00355308658834,10.003553276035449,0.24434786538121533,0.2443314215582758,0.24433138649439573,1.6698778931434688e-05,1.2792323190536148e-07,6.302308534600343e-06,-2.143080735095282e-08,False,False,False
binary,alpha,beta,0.95,0.25,14,200137,100,0.1,1.0,0.582339928278088,0.668312637599412,67.4499391370484,3.235896183677966e-07,True,True,True,10.35996070493237,10.360579949776037,10.36057605155153,0.36683453381062775,0.36681946098104823,0.3668195553820079,3.760964902776101e-05,2.1068053892335225e-07,4.2150299961463134e-05,-2.6757237492347485e-07,False,False,False
binary,alpha,beta,0.95,0.25,15,200138,100,0.1,1.0,0.5052803402369654,0.12387343952376917,69.75558487396877,4.576248269388719e-07,True,True,True,7.726302023193543,7.726262724593108,7.72625876810576,0.30799107785660035,0.3080119424418933,0.30801202865798794,6.180758968724942e-05,3.799634488246638e-07,1.852206528951683e-05,-4.1282312679413735e-07,False,False,False
binary,alpha,beta,0.95,0.25,16,200139,100,0.1,1.0,0.5099633834193548,0.5298191693507697,68.66139110358117,5.783398860650276e-07,True,True,True,7.824173325516948,7.824359168067222,7.824352526645208,0.5542984210962214,0.5542900917628465,0.5542903871016365,7.662994202764419e-06,2.804808741668903e-07,1.3653781934408471e-05,-5.087925529778659e-07,False,False,False
binary,alpha,beta,0.95,0.25,17,200140,100,0.1,1.0,0.4916294342580631,0.22563376269976074,69.53994437485197,5.728578676879117e-08,True,True,True,10.646590839044245,10.64650388886393,10.64650285649672,0.1887552960045913,0.1887387305244524,0.18873878587626558,3.9854184643454194e-05,6.112264401198159e-08,-2.727193924556559e-05,-3.3241590813304356e-08,False,False,False
binary,alpha,beta,0.95,0.25,18,200141,100,0.1,1.0,0.21299884047656498,0.8223804010894373,68.09865365052602,3.4466816133644056e-07,True,True,True,3.8095225960723,3.8099227872446475,3.8099216086165595,0.9077165015913783,0.9076933892603972,0.9076934536864706,5.49771270680303e-05,1.7020925907831772e-07,7.82004601518338e-05,-2.3518427383351082e-07,False,False,False
binary,alpha,beta,0.95,0.25,19,200142,100,0.1,1.0,0.4754605743699579,0.1,69.85899455016379,0.7830788248952889,True,True,True,5.765625267094943,5.765655967677365,5.765653158017706,0.48321217558747975,0.48321494350029454,0.4832150897473795,1.686059202501088e-05,2.4221286338399927e-07,8.192488664349185e-06,-3.189365713751613e-07,False,False,False
binary,alpha,beta,0.95,0.5,0,210123,100,0.1,1.0,0.644480567082557,0.924073622189174,64.37250392610746,3.067701917547496e-07,True,True,True,11.966568031759541,11.966467384603785,11.966464996981154,0.3596061339683108,0.3596144246139761,0.3596144832163268,1.2064522650241033e-05,1.0046686328072174e-07,1.0021703644724766e-06,-1.3205767857016326e-07,False,False,False
binary,alpha,beta,0.95,0.5,1,210124,100,0.1,1.0,0.5543704304863487,0.30729796703484935,69.33257715011806,1.8198773652309366e-07,True,True,True,10.03115381921132,10.031476370349047,10.03147402212506,0.2197372978695448,0.21972867595922632,0.21972877369159222,1.959081345323928e-05,1.2112115618562298e-07,2.210651373957262e-05,-1.2156706929999928e-07,False,False,False
binary,alpha,beta,0.95,0.5,2,210125,100,0.1,1.0,0.5969533132994209,0.7675659450108747,67.10923076708751,1.165376734978219e-07,True,True,True,8.42402468550303,8.424214613094392,8.424212090196168,0.13785938231886116,0.13785120962813804,0.13785126525816824,3.2911526724557624e-05,2.3863805873918725e-07,1.290109690899044e-05,-2.3543532279290957e-07,False,False,False
binary,alpha,beta,0.95,0.5,3,210126,100,0.1,1.0,0.5572095113897126,0.433170515663849,69.37186338483033,3.2045398608544476e-07,True,True,True,4.9503453244586995,4.950373688089722,4.950375878496918,0.6603886651039281,0.6603856873616976,0.6603855077211049,3.501360712656776e-06,9.865916204279107e-08,2.537012036896158e-06,2.3565412732295954e-07,False,False,False
binary,alpha,beta,0.95,0.5,4,210127,100,0.1,1.0,0.7322872940742736,0.7313418598636039,66.41454853486708,2.8037191636015076e-07,True,True,True,13.171827540781837,13.17209388348169,13.172090950149638,0.20534209120051444,0.20534021813212236,0.20534023297451418,2.325693653815859e-05,1.997811703446382e-07,1.7858374576462666e-05,-2.0560500502142531e-07,False,False,False
binary,alpha,beta,0.95,0.5,5,210128,100,0.1,1.0,0.47945417424367476,1.0232583762372314,65.50789633346925,2.1417831528526318e-07,True,True,True,6.166875642695443,6.167247648563567,6.1672455381511035,0.5717145888464912,0.5716978207353137,0.5716979399064505,4.38151304911691e-05,1.110192792858005e-07,4.08114148626737e-05,-2.0499602726431476e-07,False,False,False
binary,alpha,beta,0.95,0.5,6,210129,100,0.1,1.0,0.5086643643368082,0.7648816385272634,67.41207131717584,2.1363599072362984e-07,True,True,True,7.189203184898883,7.189242677894319,7.189244566246136,0.6330081214014194,0.6329980653345997,0.6329979312403059,1.75272822449321e-05,8.657881030999492e-08,-5.975832252147484e-06,1.0828172491983423e-07,False,False,False
binary,alpha,beta,0.95,0.5,7,210130,100,0.1,1.0,0.40402271762849506,0.5666287311042467,68.24460397480301,1.4210854715202004e-08,True,True,True,8.146816121458562,8.146868778317632,8.146867540766902,0.4284527146245776,0.4284636901000837,0.4284637265018992,3.497016149083365e-05,8.677341224850105e-08,1.8989455625728624e-05,-1.0999595190241962e-07,False,False,False
binary,alpha,beta,0.95,0.5,8,210131,100,0.1,1.0,0.5964920190945676,0.5821166874756152,68.1350568357235,1.7549111014472584e-07,True,True,True,10.04142689064771,10.041505529703912,10.041502393935477,0.20695840597861248,0.20695899912660387,0.20695903850216016,1.8449929232518642e-05,2.506925775990312e-07,8.247370530511944e-06,-2.669479641781436e-07,False,False,False
binary,alpha,beta,0.95,0.5,9,210132,100,0.1,1.0,0.33215388427354203,1.2203976563383796,65.60325192719445,5.695065977675779e-07,True,True,True,4.296612467956143,4.296566039565133,4.296564839761328,0.7574278339284589,0.7574483600777656,0.7574484695221131,3.7348431427444383e-05,6.114398828819007e-08,1.2672486576548181e-05,-1.532447129193315e-07,False,False,False
binary,alpha,beta,0.95,0.5,10,210133,100,0.1,1.0,0.5151675517390691,0.31084245580903114,69.39641757205676,7.944109290391274e-08,True,True,True,8.613922799202044,8.613926164308545,8.613927011411368,0.33452773517073797,0.33452572924266777,0.3345257247659376,8.09081663831713e-06,1.0863131675934719e-07,-1.8255640696906994e-06,9.318704030647496e-08,False,False,False
binary,alpha,beta,0.95,0.5,11,210134,100,0.1,1.0,0.7402574862981117,0.9218089156001704,65.63203318586075,3.03543989777123e-07,True,True,True,9.929509995108242,9.929829527261587,9.929825131882744,0.4687118701005051,0.46870110860816605,0.4687011839868272,1.5364908371974584e-05,2.924973428288888e-07,1.9434047715094493e-05,-3.558611467724404e-07,False,False,False
binary,alpha,beta,0.95,0.5,12,210135,100,0.1,1.0,0.48150767485529095,0.6375800188987831,68.07650530125166,4.001813022207649e-07,True,True,True,7.609576900857689,7.6094856794881425,7.609480911418192,0.39411870878596994,0.39411878287798335,0.3941190247319462,1.7884820327237576e-05,2.465503263702426e-07,-1.2250627221987997e-05,-3.481510901792717e-07,False,False,False
binary,alpha,beta,0.95,0.5,13,210136,100,0.1,1.0,0.6526369139706756,0.477486748059445,68.5185808754034,3.662570398108719e-07,True,True,True,11.870449545876788,11.870552391526171,11.870549537689712,0.26065652486993973,0.260649613404872,0.260649642756256,1.3109692145203125e-05,1.9408522130665998e-07,5.002294187761436e-07,-2.066211095552717e-07,False,False,False
binary,alpha,beta,0.95,0.5,14,210137,100,0.1,1.0,0.4771933065733402,0.9096496398794253,65.42494636896893,6.33778629463045e-07,True,True,True,9.423436333194143,9.423516764925616,9.423515166041735,0.5409432502939003,0.540952649803877,0.5409527041266355,2.928629579961748e-05,6.568250852183287e-08,1.9249707946755734e-05,-1.0712817299918242e-07,False,False,False
binary,alpha,beta,0.95,0.5,15,210138,100,0.1,1.0,0.5695217165293116,1.0101646826308202,64.43849347362286,2.9019058722038415e-07,True,True,True,9.062640496711989,9.062825617521268,9.06282590490681,0.3765351758082411,0.37652500797959215,0.3765249980798167,8.60786723369189e-06,2.497202021089652e-08,8.740765963466401e-06,2.0312825199653162e-08,False,False,False
binary,alpha,beta,0.95,0.5,16,210139,100,0.1,1.0,0.5866969054793552,1.3881977013181306,62.86108588839014,2.826648990686475e-07,True,True,True,6.0610869586025355,6.061315627618698,6.0613157579486865,0.8176453563256848,0.8176278505645558,0.8176278334732405,6.384778066289207e-06,1.808162996305776e-08,1.7574254925989408e-05,1.824822959406447e-09,False,False,False
binary,alpha,beta,0.95,0.5,17,210140,100,0.1,1.0,0.7185074711794217,0.8659137493339572,67.13737245620565,5.17282919736354e-08,True,True,True,7.483470413265213,7.483802071947995,7.483800499349314,0.2561573593441252,0.2561266179090282,0.256126655593882,3.1846031253515577e-05,1.4976680564258582e-07,8.758719445722818e-06,-1.6674738390065613e-07,False,False,False
binary,alpha,beta,0.95,0.5,18,210141,100,0.1,1.0,0.7078953590387095,1.0627882493524712,64.1688146774925,9.310874301625182e-08,True,True,True,9.527419546070558,9.527656467136715,9.527658581235789,0.37830673018553873,0.3782875581306613,0.3782874627111242,2.2019013027171586e-05,8.609710873691663e-08,2.906367825517009e-06,1.1203493954781152e-07,False,False,False
binary,alpha,beta,0.95,0.5,19,210142,100,0.1,1.0,0.7007871167388257,0.5823242320529757,68.20720885003485,1.4387393840789702e-07,True,True,True,10.107454128945289,10.10793832104369,10.107937118800832,0.3140268109147275,0.31400797066315833,0.31400796254049507,2.2039656781450057e-05,1.5344490797438648e-07,2.608437605999825e-05,-1.2829202944431017e-07,False,False,False
binary,alpha,beta,0.95,1.0,0,220123,100,0.1,1.0,0.8460778794665594,1.286870403552416,59.75371530478415,1.941327894843555e-07,True,True,True,11.006196880543914,11.006350685349988,11.006349542543482,0.3304804098269892,0.3304723181096458,0.3304723340487467,1.9501201856745554e-05,7.698741976254779e-08,4.572870089702974e-06,-8.548099117433594e-08,False,False,False
binary,alpha,beta,0.95,1.0,1,220124,100,0.1,1.0,0.7281708861347587,1.5106186803935802,58.184169619744615,9.609286727053706e-08,True,True,True,8.407691939910144,8.407762836739026,8.407761501558157,0.46464973935490106,0.46463321350038767,0.464633196101831,2.922215133955826e-05,1.9772713389746205e-07,-1.0772585781637645e-05,-1.788341918995684e-07,False,False,False
binary,alpha,beta,0.95,1.0,2,220125,100,0.1,1.0,0.5542440017776692,1.3474700297356728,64.04827240594922,2.9951698625524116e-08,True,True,True,5.193271485372846,5.1935386449127385,5.193537379041698,0.8181653018394824,0.818148459055938,0.8181485119040501,1.8286598207034863e-05,1.2732496222376965e-07,3.186820921996514e-05,-1.8289598813225894e-07,False,False,False
binary,alpha,beta,0.95,1.0,3,220126,100,0.1,1.0,0.22463398021079434,1.2048388773397238,65.34156870571256,2.6124397173077723e-07,True,True,True,3.2523895768482514,3.252759657139696,3.2527576720199,1.1479204596663826,1.1479079514203352,1.1479081748581963,8.92054625639537e-05,1.1056266985761028e-07,9.902702693409537e-05,-3.53045720657974e-07,False,False,False
binary,alpha,beta,0.95,1.0,4,220127,100,0.1,1.0,0.6031961974060731,1.1203259543757733,64.86140614931664,4.311626885453482e-07,True,True,True,6.149411747836103,6.149912696085836,6.149909718392811,0.7127052253339297,0.7126800706844485,0.7126802264439724,3.0161952781025583e-05,1.5545790181711413e-07,5.219425362668062e-05,-3.0485993818274437e-07,False,False,False
binary,alpha,beta,0.95,1.0,5,220128,100,0.1,1.0,0.7124952953174984,0.9486775686120665,64.48929040025568,1.3101760682293511e-07,True,True,True,11.563370347751555,11.563201944549064,11.563198954277235,0.3407504688234543,0.3407621638101078,0.3407622710242268,1.3421108771021838e-05,1.0801743380217811e-07,-1.2344277564579897e-06,-1.351676104377475e-07,False,False,False
binary,alpha,beta,0.95,1.0,6,220129,100,0.1,1.0,0.589481434344768,0.9741347495369584,66.33081036142431,3.552713678800501e-08,True,True,True,6.657579808774089,6.657750925706886,6.657748552854007,0.5586795937351372,0.5586713659506171,0.5586714520143744,1.1254973921329788e-05,1.7964117999643315e-07,1.5972335887681766e-05,-2.573200816868848e-07,False,False,False
binary,alpha,beta,0.95,1.0,7,220130,100,0.1,1.0,0.7485245281942755,1.0859781392652712,64.64898506535738,2.972143432715765e-07,True,True,True,8.596535449615876,8.596827950343107,8.596828052712604,0.5518775271871067,0.5518537398743705,0.5518537025070575,2.207741497295839e-05,7.145263378016906e-08,6.607572188954691e-06,-3.111287583124067e-08,False,False,False
binary,alpha,beta,0.95,1.0,8,220131,100,0.1,1.0,0.4702757780338417,1.1021782207580932,66.39779151270469,4.3577395186862644e-07,True,True,True,3.6911913270995576,3.6910222473696566,3.6910222098687178,0.7116615407090986,0.711689672474444,0.7116896695508405,2.077959427798947e-05,3.156645603983099e-08,-1.3432959661940913e-05,-1.3525962572202843e-08,False,False,False
binary,alpha,beta,0.95,1.0,9,220132,100,0.1,1.0,0.5271244869057804,0.6416762917156483,68.68686994703066,7.105427357601002e-08,True,True,True,4.998412860237748,4.998286600665568,4.998291286449212,0.6116822301231783,0.6116870065180399,0.6116866798677629,1.701571049315953e-05,2.9375781037380813e-07,-1.9199816364334765e-05,5.614075178073108e-07,False,False,False
binary,alpha,beta,0.95,1.0,10,220133,100,0.1,1.0,0.8192096408547561,1.3905237364300498,58.775967803431925,7.820144884447255e-08,True,True,True,9.604594166092419,9.604514465486998,9.60451460870833,0.4685044219307383,0.46850255246209965,0.46850256976444044,1.4554297565042827e-05,5.233811951957572e-08,-1.0415683043163426e-05,3.483192756448261e-08,False,False,False
binary,alpha,beta,0.95,1.0,11,220134,100,0.1,1.0,0.7090570709023893,1.4450588414458603,58.85016786563442,1.5755187582645537e-07,True,True,True,8.687688529760077,8.687838920554267,8.687839253958495,0.6883725982063741,0.6883607206336778,0.6883607101036707,1.0725257784817745e-05,2.0014442335025173e-08,3.662336986565151e-06,2.6252848783769878e-08,False,False,False
binary,alpha,beta,0.95,1.0,12,220135,100,0.1,1.0,0.6873178085585333,1.9284866676634225,55.053205707827246,1.1794663603987752e-07,True,True,True,5.440150425436721,5.440321284528539,5.440321144776182,1.0056897086597854,1.0056731421659535,1.0056731440611517,7.400581518374356e-06,2.1419096026714075e-08,1.2310172444074396e-05,-2.3506323998390144e-08,False,False,False
binary,alpha,beta,0.95,1.0,13,220136,100,0.1,1.0,0.445329388478838,1.5005199242139031,64.07439870129747,2.925954983543457e-07,True,True,True,3.7759004549538933,3.7760583095098887,3.776058158835553,1.0368001482422255,1.036793191374539,1.0367931844551395,2.6955719754854216e-05,6.549591097827718e-08,3.374767187835914e-05,-4.786880936080706e-08,False,False,False
binary,alpha,beta,0.95,1.0,14,220137,100,0.1,1.0,0.6988834978014532,1.3098348055253288,61.96713779487464,1.3887122698600487e-07,True,True,True,7.6347842964186565,7.635085537181144,7.635085267013843,0.5450702248954866,0.5450466165304471,0.5450466228069762,1.979367341288337e-05,2.3425549334404266e-08,1.2247283450506075e-05,-2.8158851250736916e-08,False,False,False
binary,alpha,beta,0.95,1.0,15,220138,100,0.1,1.0,0.5892524032348492,0.9415006713177412,64.44833335274602,8.644125458514253e-08,True,True,True,10.966440431635888,10.966219723649512,10.966218914336297,0.2920705042800772,0.29208879053888803,0.29208882666689456,2.459764273845265e-05,6.433141411133307e-08,8.946608005544476e-07,-3.2206671107815055e-08,False,False,False
binary,alpha,beta,0.95,1.0,16,220139,100,0.1,1.0,0.4639217418554197,1.243445529688505,62.525259252003956,5.5921781715058414e-08,True,True,True,5.770086448277712,5.770336215912279,5.770334764016842,0.4450564580118289,0.4450655932970276,0.44506567623841825,6.42068972603633e-05,1.0365107337792202e-07,5.36469615113333e-05,-1.5612389603347765e-07,False,False,False
binary,alpha,beta,0.95,1.0,17,220140,100,0.1,1.0,0.610286231454137,0.48112687439249446,68.78068685118302,1.6109118019975646e-07,True,True,True,9.41073440000815,9.410769981062172,9.410766402068202,0.3176998334555213,0.3176979693435716,0.3176980237603297,2.837201884532365e-06,2.8288489808918027e-07,1.317096774755555e-06,-3.176587739517345e-07,False,False,False
binary,alpha,beta,0.95,1.0,18,220141,100,0.1,1.0,0.8407070379902526,1.3142486775559088,61.97595844981229,2.748478772446568e-07,True,True,True,8.375892433876109,8.376104789826279,8.376105567786192,0.6563075400182078,0.6562898085878756,0.6562897506021691,1.617276077374301e-05,4.5557571871876684e-08,4.964967722287383e-06,2.6119963081328024e-08,False,False,False
binary,alpha,beta,0.95,1.0,19,220142,100,0.1,1.0,0.5339348130753024,1.4606882448798588,58.088243573696985,1.445619653107547e-07,True,True,True,8.80979769538457,8.80978096785496,8.809780684751605,0.49700808080989783,0.49700198529900497,0.49700198644102617,1.5244260708226688e-05,3.03521791395066e-08,-8.947280001336821e-06,-3.082031696521881e-08,False,False,False
binary,alpha,beta,0.95,3.0,0,230123,100,0.1,1.0,0.98,2.920627874020424,40.56109601265,5.727134240629541,True,True,True,3.191099812233549,3.1911292786239387,3.1911293046197784,1.3871314582330334,1.387119930878785,1.3871199173366384,1.736611487886362e-05,2.3062596540895427e-08,-4.044914945211531e-06,-7.444690197644377e-09,False,False,False
binary,alpha,beta,0.95,3.0,1,230124,100,0.1,1.0,0.5775005871753258,3.0765751158922163,40.30826255317374,3.980685029304477e-07,True,True,True,3.1596393498188404,3.1598021507070837,3.1598020182950513,1.2221944533579754,1.2221794019861376,1.2221794047180081,1.7607661312567332e-05,3.600834099132313e-08,3.415652941640701e-05,-3.875997833802103e-08,False,False,False
binary,alpha,beta,0.95,3.0,2,230125,100,0.1,1.0,0.719736994368866,3.205359566217519,38.41634209003685,4.0621206013194725e-08,True,True,True,2.823588046960551,2.823538383339444,2.823538326649901,1.2510941080484637,1.2510994458822542,1.2510994342002937,5.427220740372186e-06,4.6932034349148414e-08,-1.1477107150881238e-05,-3.352683819457525e-08,False,False,False
binary,alpha,beta,0.95,3.0,3,230126,100,0.1,1.0,0.7707575475171631,3.2365988069185887,34.198721729692146,3.1661991880769833e-07,True,True,True,3.181825337105701,3.1819835770237215,3.181983354133528,1.2787810552894052,1.2787505915592567,1.278750596473851,2.0611324507969405e-05,5.887435881449125e-08,1.4594142321300296e-05,-6.438943245257178e-08,False,False,False
binary,alpha,beta,0.95,3.0,4,230127,100,0.1,1.0,0.8137324950530465,2.5697930654637617,47.00107407105468,4.296316357797264e-07,True,True,True,3.9427717289457256,3.9429540515522676,3.9429538513096483,1.2578891243372048,1.257867397629026,1.257867413988211,4.592481233804344e-06,1.3416187124105462e-08,2.1195425489395348e-05,-3.195071940353955e-08,False,False,False
binary,alpha,beta,0.95,3.0,5,230128,100,0.1,1.0,0.98,2.7346172760881355,40.090646964624995,0.8564631279739777,True,True,True,3.8772515732794033,3.8771948435951127,3.8771947050160067,1.4192686286466787,1.4192702175108716,1.419270227146444,1.1175018922869875e-05,1.370666269692457e-08,-1.2826925200215555e-05,-2.464874171437259e-08,False,False,False
binary,alpha,beta,0.95,3.0,6,230129,100,0.1,1.0,0.6312596068002101,3.2227860009305442,38.323065697763596,1.1360003111465006e-07,True,True,True,2.946041270680861,2.9460271446147135,2.946026677352791,1.355477454466521,1.3554778491445612,1.3554778943781483,4.07449288643871e-06,5.525643912849266e-08,-4.4470835263155095e-06,-1.0653039339558745e-07,False,False,False
binary,alpha,beta,0.95,3.0,7,230130,100,0.1,1.0,0.9485978548560421,3.030560331367835,38.457798610072054,2.2926544556924718e-07,True,True,True,2.860481785985954,2.8605370980076072,2.8605369475782556,1.3776277212831738,1.3776146892878558,1.377614697998577,1.0781979440042824e-05,3.2663096347941484e-08,4.290225092518085e-06,-4.255920771356614e-08,False,False,False
binary,alpha,beta,0.95,3.0,8,230131,100,0.1,1.0,0.735402467899668,3.525936269952513,40.34999227358569,5.656367235444982e-07,True,True,True,2.094006131132987,2.094150250254195,2.0941499326561455,1.6692254758217082,1.6691983489734472,1.6691984035540601,6.504366564056556e-06,2.6669161430710917e-08,3.750246580835892e-05,-8.882138757826397e-08,False,False,False
binary,alpha,beta,0.95,3.0,9,230132,100,0.1,1.0,0.7135048675002844,3.6447405164004985,33.756179690701266,3.7349439606689755e-07,True,True,True,2.2266353168844684,2.2268041660784177,2.226804000674675,1.554376124264735,1.5543504255382488,1.5543504333796812,1.7562861003908475e-05,5.626937621284112e-08,4.6176665897235125e-05,-6.525075235686018e-08,False,False,False
binary,alpha,beta,0.95,3.0,10,230133,100,0.1,1.0,0.9751058204229855,3.004933007364582,37.23290327627587,1.741882291056813e-07,True,True,True,3.138280675537984,3.1384508164809417,3.138450574548876,1.3422891997782194,1.3422578915422139,1.3422579055835626,1.807123111454911e-05,4.485959270757023e-08,1.8107370152620206e-05,-6.092076176855699e-08,False,False,False
binary,alpha,beta,0.95,3.0,11,230134,100,0.1,1.0,0.7626478083021455,2.5257854101531603,44.2994659264595,9.23559984441321e-08,True,True,True,4.7627292262014915,4.762894853791003,4.762894639198759,1.003719261229511,1.0036991186871393,1.0036991439313814,1.2034813702867678e-05,1.3753560250710958e-08,1.1569217747364746e-05,-1.5991496127298888e-08,False,False,False
binary,alpha,beta,0.95,3.0,12,230135,100,0.1,1.0,0.8605741562470604,3.5637654706879425,28.81254224755457,2.007081564644606e-07,True,True,True,2.418484237381786,2.4186674237442443,2.4186673010899273,1.4867448871931384,1.4867138964252073,1.486713908396257,5.233834874198914e-06,2.319824558817643e-08,4.002504835654008e-05,-3.692935024446342e-08,False,False,False
binary,alpha,beta,0.95,3.0,13,230136,100,0.1,1.0,0.6886387164087068,2.999353121959592,39.57799226371609,8.763050403453395e-07,True,True,True,3.1712035857046605,3.1712616149566863,3.171261280563298,1.4034738381571148,1.4034642133138984,1.4034642462150346,3.957780290610772e-06,3.115740557777243e-08,7.150066288375001e-06,-6.756608428304389e-08,False,False,False
binary,alpha,beta,0.95,3.0,14,230137,100,0.1,1.0,0.845456694467582,2.970535401229411,43.13970385537536,2.8410513647359706e-08,True,True,True,2.6640952168027896,2.6638946767113123,2.6638943260120893,1.4502983283253974,1.4503279825017286,1.4503280287296503,7.713965073064064e-06,2.571346604894747e-08,-4.121574996673871e-05,-7.842719895734263e-08,False,False,False
binary,alpha,beta,0.95,3.0,15,230138,100,0.1,1.0,0.6965027692337711,2.9004767957104707,43.358434006403705,8.162904616422182e-09,True,True,True,3.298059859541535,3.2978250508756273,3.297825046047746,1.3643569514191949,1.364389332244196,1.3643893299908947,5.984112154782176e-06,6.695755959367177e-09,-3.392278908620483e-05,-4.058172464738163e-09,False,False,False
binary,alpha,beta,0.95,3.0,16,230139,100,0.1,1.0,0.98,3.015558905814213,36.63639240789142,1.8953553357903374,True,True,True,3.071681256800901,3.0717736372518076,3.071773304465443,1.2867645829790786,1.2867467009886822,1.2867467313820238,1.1520935900952692e-05,3.9021055009366103e-08,9.413682107606292e-06,-7.334525520263924e-08,False,False,False
binary,alpha,beta,0.95,3.0,17,230140,100,0.1,1.0,0.9096204363940823,3.7891922097028496,32.028600872351845,2.1825691693768335e-08,True,True,True,1.7117666732918984,1.7117811730369092,1.7117811738251028,1.8622787178857318,1.8622660965365352,1.8622660919425569,2.070932083028542e-05,1.0446185791999029e-08,-6.065098013152692e-06,-4.828557109703979e-09,False,False,False
binary,alpha,beta,0.95,3.0,18,230141,100,0.1,1.0,0.9544450350089377,3.2275712356701876,39.883943367315474,2.46177542655678e-07,True,True,True,2.429522812238666,2.4295492314896308,2.4295491952909996,1.6901922715254172,1.690179818519142,1.690179820957352,1.8051028995778814e-05,9.329319126846057e-09,-3.4749495014807508e-06,-1.2092229439986113e-08,False,False,False
binary,alpha,beta,0.95,3.0,19,230142,100,0.1,1.0,0.98,2.861146231286138,43.10355949515876,5.351087192906339,True,True,True,3.1060052041189157,3.106315120945248,3.10631527120093,1.462933439062901,1.4628855637587215,1.4628855477632532,1.100291005787478e-05,1.1658130010397744e-08,4.468637695254074e-05,2.995556513951669e-08,False,False,False
binary,alpha,beta,0.95,8.0,0,240123,100,0.1,1.0,0.9002929619356758,3.763332322611967,34.59475288228228,3.7067845180695873e-07,True,True,True,1.7001021309677034,1.7002237026013132,1.7002235907098286,1.8654126511430422,1.865374077200057,1.8653740993490007,1.73796784709045e-05,1.5127613942197338e-08,2.7055670038578228e-05,-4.0309942050953396e-08,False,False,False
binary,alpha,beta,0.95,8.0,1,240124,100,0.1,1.0,0.8168941709215918,4.661916139090972,27.40298488871509,1.0661477974509532e-07,True,True,True,0.9953747032194457,0.9954441130498811,0.9954440346474102,2.0945294141461503,2.094488312661467,2.0944883443581745,2.501755771798147e-05,6.643423596747682e-09,2.2367830037950398e-05,-4.226912153626472e-08,False,False,False
binary,alpha,beta,0.95,8.0,2,240125,100,0.1,1.0,0.9471179407024776,4.5314406880016245,30.245026074921544,1.1324178019510693e-07,True,True,True,0.9210514559500704,0.9209962397186305,0.9209961741446562,2.2592328295896436,2.259250444770694,2.259250473627412,1.9607702270174068e-05,5.494249277794229e-09,-3.97086746062314e-05,-3.7976437994302614e-08,False,False,False
binary,alpha,beta,0.95,8.0,3,240126,100,0.1,1.0,0.98,4.613136178990742,28.450133940411938,1.4416334401801127,True,True,True,0.8935491882012725,0.8935321333414489,0.8935320592181842,1.9815092093346862,1.9815093566487125,1.9815093796905723,1.8783006858140744e-05,3.01525066154391e-08,-1.8973657152088208e-05,-5.6427424510729907e-08,False,False,False
binary,alpha,beta,0.95,8.0,4,240127,100,0.1,1.0,0.855728561123815,4.7877719746638885,26.50521694978798,2.7764754073644626e-07,True,True,True,0.988713033084892,0.9887360110534625,0.988735999931659,2.043688462620253,2.043669177992254,2.043669181160674,2.120324931914228e-05,5.2893999910281455e-09,1.0301615915864204e-06,-7.600728935130974e-09,False,False,False
binary,alpha,beta,0.95,8.0,5,240128,100,0.1,1.0,0.98,4.499613802923002,33.21268838446771,1.2866764791397163,True,True,True,0.8897706509062062,0.8898298511897489,0.8898297893907513,2.210532723483152,2.2104940268735107,2.2104940505156843,2.264379236879963e-05,1.5361832202634995e-08,2.1938755260464404e-05,-4.223129934644021e-08,False,False,False
binary,alpha,beta,0.95,8.0,6,240129,100,0.1,1.0,0.8529282184392947,4.553813930294513,27.67863679130292,1.1521730670597838e-06,True,True,True,0.994803134981538,0.9947691907443477,0.994769149342427,2.0752149667909943,2.075219695062102,2.075219713357962,2.3449458001371917e-05,3.3179660549827047e-09,-2.869907694957874e-05,-2.0555738444727467e-08,False,False,False
binary,alpha,beta,0.95,8.0,7,240130,100,0.1,1.0,0.98,4.548653499734971,28.512926228528524,5.14454736766368,True,True,True,0.8949829349126825,0.8949681136883495,0.8949681146163402,2.2026528499685196,2.202652533437821,2.2026525330515425,1.759850713871972e-05,2.718293821560152e-09,-1.692430732447292e-05,5.921805268371827e-10,False,False,False
binary,alpha,beta,0.95,8.0,8,240131,100,0.1,1.0,0.8451851062887545,4.615529658525403,32.598478804736274,1.8692348729407182e-07,True,True,True,0.9425581863766125,0.9425769528092658,0.9425769470407723,2.1827139496601804,2.182694644038426,2.1826946434870895,2.4635098688997862e-05,8.118336179523147e-09,-2.3232660950611717e-06,-6.754667936093028e-09,False,False,False
binary,alpha,beta,0.95,8.0,9,240132,100,0.1,1.0,0.8303967184071368,4.669974334508476,25.823438605949427,6.485577817878966e-07,True,True,True,1.075164053136207,1.0751679996428913,1.0751679185826641,1.8419724099324837,1.8419605033332795,1.8419605297784072,2.3837304792749324e-05,1.5377662813827835e-08,-1.0082323814941674e-05,-4.494700434065635e-08,False,False,False
binary,alpha,beta,0.95,8.0,10,240133,100,0.1,1.0,0.8939961199381983,4.659744825607562,26.266693248179553,4.0832771490715537e-07,True,True,True,0.9795532174918952,0.979620396175023,0.9796203547119451,2.1141125465048076,2.1140684470733264,2.114068459625836,3.301762924640472e-05,1.3963617127656184e-08,1.7779370367065894e-05,-2.7874047958675874e-08,False,False,False
binary,alpha,beta,0.95,8.0,11,240134,100,0.1,1.0,0.9027004508452947,4.640238315557184,28.49604980322685,1.276757651510485e-07,True,True,True,0.972055893556396,0.9718524443143588,0.971852423107656,2.1070732450867014,2.107155283927061,2.1071552938904916,2.0787566649687143e-05,3.0465202432714776e-09,-0.0001148794349106197,-1.0350081680599033e-08,False,False,False
binary,alpha,beta,0.95,8.0,12,240135,100,0.1,1.0,0.8444347292507922,4.436701918187941,28.729408105397837,3.3787916538357346e-07,True,True,True,1.0175914159171358,1.017643880220076,1.0176438387617341,1.933987081199897,1.9339622576393858,1.9339622724569667,6.038307291589205e-06,6.940891750570722e-09,2.295314699551909e-05,-2.368016893683489e-08,False,False,False
binary,alpha,beta,0.95,8.0,13,240136,100,0.1,1.0,0.8971787899695284,4.6186744446043235,30.530202424770554,3.8228448672237333e-07,True,True,True,0.9671239454913365,0.9671155424075165,0.967115485974331,2.0524521869393313,2.0524442167719283,2.052444231691981,2.7109010967618277e-05,2.4313192095488604e-08,-1.7905941938067826e-05,-4.117471519293758e-08,False,False,False
binary,alpha,beta,0.95,8.0,14,240137,100,0.1,1.0,0.8787479008261896,4.7066118390398985,27.920306153117075,7.79014834682646e-07,True,True,True,0.9637951974983087,0.9639281864114375,0.9639281125372462,2.188969018061139,2.188898600536782,2.1888986277382645,2.4211391447616518e-05,1.4503559734376009e-08,5.6858607241139225e-05,-4.532182984462452e-08,False,False,False
binary,alpha,beta,0.95,8.0,15,240138,100,0.1,1.0,0.98,4.531200446877513,29.245266947470544,7.614899901753347,True,True,True,0.8913429867394335,0.8914510941974979,0.8914510437868959,2.204906661171454,2.204842158510484,2.204842179021099,2.738145113006599e-05,9.822590329522355e-09,4.6984313975428904e-05,-3.293521189107196e-08,False,False,False
binary,alpha,beta,0.95,8.0,16,240139,100,0.1,1.0,0.8375320172172124,4.671178526609243,29.922200143274146,4.6191539700768035e-08,True,True,True,0.9696796073102769,0.9697354812900828,0.9697353911797287,2.1182538908819457,2.118219022074668,2.1182190518577446,2.2772990738625252e-05,2.4729766170544696e-08,1.741658184073458e-05,-5.863358509827776e-08,False,False,False
binary,alpha,beta,0.95,8.0,17,240140,100,0.1,1.0,0.7900338841765396,4.5687282719889515,35.978373553903296,5.632129191678738e-07,True,True,True,0.9986361451109697,0.9988149736591939,0.9988148440636955,1.9635813659996038,1.963488984781554,1.9634890285657478,3.377481969131943e-05,2.982561502101178e-08,7.261959726179157e-05,-7.934085033411975e-08,False,False,False
binary,alpha,beta,0.95,8.0,18,240141,100,0.1,1.0,0.9776648804905875,4.63310481020783,24.311454568020913,6.307931370059945e-07,True,True,True,0.9193406469925414,0.9194724967624944,0.9194724118085247,2.068673674471856,2.0686075201234995,2.0686075596718654,9.102007889484664e-06,2.0593588579833193e-09,6.719759909046275e-05,-4.686251386942786e-08,False,False,False
binary,alpha,beta,0.95,8.0,19,240142,100,0.1,1.0,0.98,4.574922383199253,29.118358521931953,1.2429775537725622,True,True,True,0.9074998880147029,0.9075462305854982,0.9075462174157062,2.176234901668593,2.1762004489033155,2.1762004498713026,2.8302404412250864e-05,1.2808571711277097e-08,1.1386287319226085e-05,-1.3396991960235027e-08,False,False,False
categorical,alpha,beta,0.05,0.25,0,1000123,100,0.1,1.0,0.48704035482278296,0.1,110.65491705315713,3.4012773113545465,True,True,True,8.414733993201251,8.415039240834972,8.41503521537185,0.2896673310835314,0.2896694276747696,0.28966953484845787,5.134206359894289e-05,3.0194167314832584e-07,3.833353004267792e-05,-3.549771889765907e-07,False,False,False
categorical,alpha,beta,0.05,0.25,1,1000124,100,0.1,1.0,0.4985989334646852,0.1,110.54911581624638,2.276246000576523,True,True,True,7.790564617627938,7.790766763680013,7.790766050098311,0.2968521972287317,0.29684039868590995,0.2968404618863969,1.2595898530997596e-05,6.768637599102345e-08,1.2344806293640431e-05,-1.8831016745934903e-08,False,False,False
categorical,alpha,beta,0.05,0.25,2,1000125,100,0.1,1.0,0.5309333666870535,0.40569546532372924,109.56029375645059,5.02429586778808e-08,True,True,True,9.374746986324402,9.374833940190076,9.374831039140002,0.2851309662356329,0.2851105421833984,0.28511067447186517,3.424992023119969e-05,1.4638444278754755e-07,-1.4395920942433804e-05,-1.571481504925032e-07,False,False,False
categorical,alpha,beta,0.05,0.25,3,1000126,100,0.1,1.0,0.4717954697525466,0.1,110.42783724794806,1.1565347719511059,True,True,True,7.307563189308345,7.307463095655656,7.307458407572533,0.391622848506452,0.3916506120328346,0.39165078848127666,4.692003493555437e-05,3.3000093174688835e-07,1.7828175288059356e-05,-4.384037168847499e-07,False,False,False
categorical,alpha,beta,0.05,0.25,4,1000127,100,0.1,1.0,0.5185522716079566,0.17064301873830756,110.22969072707488,1.2789769243681803e-07,True,True,True,9.163950821674494,9.164234924058036,9.164235626294403,0.23865449426480698,0.23863854554821815,0.23863859070567991,2.2790075549425423e-05,1.6490642205977102e-07,1.2768670714535801e-05,1.2861737275216e-07,False,False,False
categorical,alpha,beta,0.05,0.25,5,1000128,100,0.1,1.0,0.5148199744827349,0.2845351020451868,109.97714879969143,1.1457157353758234e-07,True,True,True,9.108839289226182,9.108579927181234,9.108574937514657,0.11071645036864915,0.11073729696464446,0.1107373717965781,2.560151378675052e-05,4.663252717934518e-07,-4.9351857143165034e-06,-4.616452145000949e-07,False,False,False
categorical,alpha,beta,0.05,0.25,6,1000129,100,0.1,1.0,0.49149811393667514,0.6621222129413158,108.32500567861706,1.8474111129762605e-07,True,True,True,7.359434595982734,7.359870815104734,7.359869028989715,0.43643882270004036,0.436401815895161,0.43640191236294873,3.423362671437542e-05,1.302907852210593e-07,1.6534420367975144e-05,-1.316203110945935e-07,False,False,False
categorical,alpha,beta,0.05,0.25,7,1000130,100,0.1,1.0,0.5139274345467841,0.2079687313533703,110.17232744448144,1.242942153434676e-07,True,True,True,8.744640641655586,8.74466409200673,8.74465469719284,0.33043453237281045,0.330444794499944,0.33044512423946165,2.6071414211662062e-05,5.379242113429453e-07,1.380166743558675e-05,-6.947221038444695e-07,False,False,False
categorical,alpha,beta,0.05,0.25,8,1000131,100,0.1,1.0,0.49964285495520583,0.1,110.50063283803539,1.8574347535606786,True,True,True,9.206508958436993,9.206786491491524,9.206784957322252,0.2581783437141923,0.2581603207722795,0.2581604291438604,1.755975565150102e-05,1.1094026302422506e-07,9.353308399795424e-06,-4.186723856491881e-08,False,False,False
categorical,alpha,beta,0.05,0.25,9,1000132,100,0.1,1.0,0.5522722715289726,0.2973746481697578,109.98916442962634,2.1610313646285631e-07,True,True,True,8.865519557115125,8.86586517083989,8.865862052026307,0.30186580757594905,0.3018576942305043,0.3018578022591334,2.9325775460891434e-05,1.845045188791473e-07,2.9415035811553025e-05,-2.2740519511899038e-07,False,False,False
categorical,alpha,beta,0.05,0.25,10,1000133,100,0.1,1.0,0.49344333064665036,0.1,110.38819364613812,0.6091925115471936,True,True,True,6.5930519712444875,6.5930135704687,6.593009885507463,0.4354817993280014,0.435489240612624,0.4354893880440675,1.686598573786605e-05,2.8459866914022745e-07,2.3534650921419598e-06,-3.891825315349706e-07,False,False,False
categorical,alpha,beta,0.05,0.25,11,1000134,100,0.1,1.0,0.5163004739323622,0.1,110.37003478176939,0.49066442642243313,True,True,True,7.989960345818506,7.990191911696646,7.990188318482155,0.30132711527723455,0.301312407879949,0.30131253636010547,1.6176806027220895e-05,2.441179235753879e-07,1.1747384206728384e-05,-3.017850076503237e-07,False,False,False
categorical,alpha,beta,0.05,0.25,12,1000135,100,0.1,1.0,0.5047490777005477,0.334610405499093,109.93025114445923,8.008670876964385e-07,True,True,True,7.55211179619057,7.552288780033977,7.552287265339189,0.4679706550752832,0.46795673446857167,0.4679567588104591,1.4655488192356198e-05,1.566174388150677e-07,7.235511944259088e-06,-1.725364029425691e-07,False,False,False
categorical,alpha,beta,0.05,0.25,13,1000136,100,0.1,1.0,0.5173582243915926,0.1,110.32117624252523,0.10239032377512954,True,True,True,9.933074372754296,9.933261277344425,9.933258607889307,0.23756822359124474,0.23756833842713143,0.23756835042714683,1.900679681101349e-05,2.556798979181433e-07,1.8693498006427944e-05,-2.549235489368584e-07,False,False,False
categorical,alpha,beta,0.05,0.25,14,1000137,100,0.1,1.0,0.4981201442467676,0.1,110.35104109662976,0.3406937523210435,True,True,True,8.72107414254107,8.721024385332035,8.721022462411579,0.24893010601153293,0.24893230512583062,0.24893251598598543,1.7818409052542226e-05,2.568866761656905e-07,-3.1513223319734607e-06,2.226920514658559e-08,False,False,False
categorical,alpha,beta,0.05,0.25,15,1000138,100,0.1,1.0,0.514946776534842,0.1,110.38956107602083,0.7705963085415459,True,True,True,9.547195440883636,9.547232988461555,9.547226946633982,0.23169619855985737,0.23169800081433942,0.23169812255022898,9.334772909693283e-06,4.415627650145792e-07,5.515070895967256e-06,-4.926820338368998e-07,False,False,False
categorical,alpha,beta,0.05,0.25,16,1000139,100,0.1,1.0,0.4865886559135261,0.1,110.59004327800584,2.7687256931586983,True,True,True,8.821775186517977,8.822054808965767,8.822049828226946,0.276011374828068,0.27602877936495673,0.27602885217268025,7.313044178485432e-05,4.5511048292426955e-07,5.125330180533183e-05,-4.807552471675081e-07,False,False,False
categorical,alpha,beta,0.05,0.25,17,1000140,100,0.1,1.0,0.07797196552546012,1.5394964433367007,109.34837536520944,1.6130334880274187e-06,True,True,True,1.4313188763905422,1.4316245453455254,1.4316226316996492,2.239764231074329,2.239745430895317,2.239745807931481,0.00017008842762050228,4.6860638877025257e-07,0.0001909876282724099,-9.026173302117968e-07,False,False,False
categorical,alpha,beta,0.05,0.25,18,1000141,100,0.1,1.0,0.5098602138209088,0.2827413198387133,109.90587345075647,1.004859173557616e-08,True,True,True,11.078405537689203,11.078285193874168,11.078282345556078,0.15885380797309706,0.1588662420858739,0.15886639803538738,1.6435976747160117e-05,1.6923430015658822e-07,3.3747592596000686e-06,-7.756473507924966e-08,False,False,False
categorical,alpha,beta,0.05,0.25,19,1000142,100,0.1,1.0,0.5187332486708764,0.6302872628298484,109.09947074912446,3.328193096373971e-07,True,True,True,5.397036201209916,5.3973708725649185,5.3973658304334995,0.5110358604293912,0.5109933653309058,0.5109936826862467,4.1939691936101934e-05,3.4602422103686026e-07,1.2515184081962616e-05,-5.68814471080259e-07,False,False,False
categorical,alpha,beta,0.05,0.5,0,1010123,100,0.1,1.0,0.04696102194598744,2.303741671391925,109.25006381139845,1.435326151154866e-06,True,True,True,0.42098650673972443,0.4215010382723806,0.42149856497838667,3.4545710885251535,3.45420573646175,3.454207844318614,0.00037940756197795463,1.0179145312160365e-06,0.0007973898602955387,-3.4410815175078824e-06,False,False,False
categorical,alpha,beta,0.05,0.5,1,1010124,100,0.1,1.0,0.49658609509671714,0.1,110.42380844193244,1.112508385858772,True,True,True,9.528039520509067,9.528336154203394,9.528334339972927,0.24280128772236126,0.24280573797279273,0.24280575043585184,4.8009183118517176e-05,1.7817900626199512e-07,3.607971076746708e-05,-1.7605509583518142e-07,False,False,False
categorical,alpha,beta,0.05,0.5,2,1010125,100,0.1,1.0,0.5150539272749077,0.8282809139759285,107.44264770423455,1.5189668777134066e-07,True,True,True,7.503993327766024,7.50383659032441,7.503842853095355,0.6608421407968875,0.6608500321073665,0.6608497062393992,2.315558073446672e-05,2.0225496513030285e-07,-1.1342776019773737e-05,4.594394624746201e-07,False,False,False
categorical,alpha,beta,0.05,0.5,3,1010126,100,0.1,1.0,0.49295713489710163,0.1,110.39712040359555,0.7697119528417644,True,True,True,7.84233080583997,7.842420021080637,7.842422436325375,0.3260434294013205,0.3260517209244206,0.3260515346494137,3.23076568092473e-05,1.7169634771726085e-07,2.1015531729062786e-05,9.351478524877166e-08,False,False,False
categorical,alpha,beta,0.05,0.5,4,1010127,100,0.1,1.0,0.5239607887143812,0.1,110.42966205921542,1.1547891958230336,True,True,True,8.730570453036979,8.730845898961455,8.730842052651813,0.27204526501080856,0.27202873605060635,0.2720288012490582,1.6094194040153285e-05,3.2983571590907124e-07,1.2153944140891326e-05,-3.6548021853377577e-07,False,False,False
categorical,alpha,beta,0.05,0.5,5,1010128,100,0.1,1.0,0.46298393817731054,0.6636830217607878,107.9875557993602,1.0658141036401503e-07,True,True,True,8.875957162639642,8.876224376958554,8.876228368393168,0.47806590988489817,0.47804892613310224,0.47804878005490403,1.8670826752378376e-05,1.7825673717743715e-07,1.0833187033654212e-05,2.814982309473635e-07,False,False,False
categorical,alpha,beta,0.05,0.5,6,1010129,100,0.1,1.0,0.49943993543009,0.1,110.40361269992137,0.704544618201925,True,True,True,5.531801753508519,5.531688684149277,5.531683523754492,0.43386311486728224,0.43387078258990946,0.43387107033069344,1.1616141796285361e-05,4.103113551260244e-07,-1.2213901470659039e-05,-6.01605350425416e-07,False,False,False
categorical,alpha,beta,0.05,0.5,7,1010130,100,0.1,1.0,0.4429297538012469,0.7319611061407676,107.78965113052928,1.6030574802071098e-07,True,True,True,7.80002637811598,7.800010464729444,7.8000091391448185,0.5565487968824424,0.5565445470915896,0.5565446502737746,1.1513347407712862e-05,7.99405972101149e-08,-6.984079135463617e-06,-5.115366263908072e-08,False,False,False
categorical,alpha,beta,0.05,0.5,8,1010131,100,0.1,1.0,0.47402677367755036,0.1,110.40957340124942,0.8247107459171367,True,True,True,5.699669426001421,5.6998803138227805,5.699872262411714,0.5143902569411358,0.5143794751920967,0.5143799551824548,2.0368353022336538e-05,5.099611980861588e-07,2.3726427841097575e-05,-8.599495942007707e-07,False,False,False
categorical,alpha,beta,0.05,0.5,9,1010132,100,0.1,1.0,0.5926345276953648,0.6699395846814404,108.68770012938457,8.67327942141124e-08,True,True,True,7.310997635051715,7.3110014662190395,7.311002302136383,0.5038882205738553,0.5038932923893279,0.5038932369211581,1.4453768001054015e-05,4.6052286251512126e-08,6.413648009129247e-06,5.0476813839850365e-08,False,False,False
categorical,alpha,beta,0.05,0.5,10,1010133,100,0.1,1.0,0.5018919990490474,0.1,110.53402097841673,2.1308734190483953,True,True,True,8.057725843934751,8.05802860998056,8.058025961352214,0.26629546867878257,0.26628831654881774,0.26628845743072366,2.6760513995489303e-05,1.7060918263471079e-07,2.9173229421530777e-05,-1.6649809708724206e-07,False,False,False
categorical,alpha,beta,0.05,0.5,11,1010134,100,0.1,1.0,0.4662411214780666,0.1,110.63449869332898,2.996043171776819,True,True,True,3.8061784287207656,3.8060240120880655,3.8060224110956957,0.6795493025046205,0.6795645028626379,0.6795646402643861,1.1310214744357779e-05,1.6585713949172185e-07,-2.3333214656418022e-05,-2.6245743356412277e-07,False,False,False
categorical,alpha,beta,0.05,0.5,12,1010135,100,0.1,1.0,0.4478579448316651,0.1,110.44815246988821,0.9891436718590075,True,True,True,1.2937820302061396,1.2935692486765833,1.293565444762157,1.2075615147286056,1.2076293597367345,1.2076305850161084,1.7755555323071228e-05,2.604649853394247e-07,-8.789880084236756e-05,-1.529983862269546e-06,False,False,False
categorical,alpha,beta,0.05,0.5,13,1010136,100,0.1,1.0,0.4826006731596074,0.1,110.57191523594042,2.3280543999249,True,True,True,3.941909428460957,3.942082797385777,3.942082901563382,0.6226660538899473,0.6226407945956617,0.6226406838856444,1.734180159037755e-05,2.514892284518834e-07,1.4798113909364474e-05,-1.0103256897764368e-07,False,False,False
categorical,alpha,beta,0.05,0.5,14,1010137,100,0.1,1.0,0.4884989806277538,0.1,110.65772361758475,3.517667600760891,True,True,True,10.09269952702397,10.092735793755274,10.092733920813744,0.21738087873927384,0.21738200493472484,0.21738204856091967,1.4961316650125965e-05,1.2645710051224373e-07,4.754590079869558e-06,-1.353467240505779e-07,False,False,False
categorical,alpha,beta,0.05,0.5,15,1010138,100,0.1,1.0,0.5439465373214758,0.17496951087573862,110.24314095888037,1.78910089403163e-07,True,True,True,7.855586454121156,7.85521321795126,7.855212853568703,0.3400374940067747,0.34006267617375496,0.3400627478886737,2.4012352050480232e-05,1.9125993624609307e-07,-1.8485106934917894e-05,3.617749655404623e-08,False,False,False
categorical,alpha,beta,0.05,0.5,16,1010139,100,0.1,1.0,0.02032749233607725,2.111058111822681,109.42820032212622,7.993606485911147e-06,True,True,True,0.2988505464966553,0.3002061333943778,0.30018311771459893,4.328632096465563,4.327040057177365,4.327071156742693,0.0008547166187983326,5.0660751659754864e-06,0.0026519786220688957,-4.0864495588266436e-05,False,False,False
categorical,alpha,beta,0.05,0.5,17,1010140,100,0.1,1.0,0.4945121944084446,0.1,110.48743863776545,1.721671701204742,True,True,True,8.887959784485673,8.887935777007051,8.88793221818961,0.2528016487656893,0.2527957953725673,0.25279586173128155,1.8946067148606077e-05,2.9550368077413515e-07,-9.764106877696577e-06,-3.2401167970874667e-07,False,False,False
categorical,alpha,beta,0.05,0.5,18,1010141,100,0.1,1.0,0.4818951226502375,0.1,110.4907043414144,1.7224741881705088,True,True,True,7.658078496745127,7.658062554971612,7.6580613402316775,0.35772019569537283,0.3577339091461552,0.357733981434908,2.7371993281587202e-05,6.869296322381702e-08,1.3631100969746512e-05,-7.539686919244559e-08,False,False,False
categorical,alpha,beta,0.05,0.5,19,1010142,100,0.1,1.0,0.44703454486867794,0.24677414994784025,110.13895469567049,5.581266829794765e-07,True,True,True,5.865311671970182,5.865451538568406,5.86544851244012,0.5117984872401762,0.5117956948431744,0.5117958072578922,1.8927648870182852e-05,2.8957127307382456e-07,2.024475284656546e-05,-3.8650209432944393e-07,False,False,False
categorical,alpha,beta,0.05,1.0,0,1020123,100,0.1,1.0,0.5035789259565573,0.2503550829106748,110.08069040928122,9.559374836295625e-08,True,True,True,8.548743401990755,8.548831863999062,8.548832095323109,0.21091272224165128,0.210906884480311,0.21090690346488722,1.0440534483465231e-05,1.5858796736897706e-07,3.6758458463737043e-06,4.891593619049672e-08,False,False,False
categorical,alpha,beta,0.05,1.0,1,1020124,100,0.1,1.0,0.18469204432204106,1.1525397920659641,107.8849779762267,1.8814306468254276e-08,True,True,True,2.3487226439611057,2.3488750270012857,2.3488734234045747,1.377921699102531,1.3779207094003545,1.3779209427437202,6.47470327333078e-05,1.5775292053598437e-07,6.332350885429605e-05,-4.140621570059011e-07,False,False,False
categorical,alpha,beta,0.05,1.0,2,1020125,100,0.1,1.0,0.48917030054550387,0.1,110.46638416203048,1.5021220747258026,True,True,True,8.481612638990793,8.481816243183843,8.481811930510556,0.3093715203019903,0.3093585155266356,0.3093586644227143,1.745541448896162e-05,2.751973462029825e-07,8.695736028130341e-06,-3.370382444245479e-07,False,False,False
categorical,alpha,beta,0.05,1.0,3,1020126,100,0.1,1.0,0.08902843327539486,1.213535349814055,107.43458360181448,1.166231144110713e-06,True,True,True,4.8670777249606205,4.867050443573424,4.867051223157949,1.7456269920978944,1.745713961103105,1.7457137201524555,0.0001947051763678467,3.955026481020655e-07,9.440423198725512e-05,-1.1722873693997826e-07,False,False,False
categorical,alpha,beta,0.05,1.0,4,1020127,100,0.1,1.0,0.48531002994570643,0.8481426768782774,107.78902367731479,8.598741473294508e-07,True,True,True,5.049323405472668,5.049321487554102,5.049319964418534,0.534379674097526,0.5343927070055722,0.5343927867309903,3.273146289087863e-05,1.4253941491319328e-07,1.4414988783073568e-05,-2.0986429660752037e-07,False,False,False
categorical,alpha,beta,0.05,1.0,5,1020128,100,0.1,1.0,0.4856039666788999,0.3559066159045648,109.88819306891553,2.3458673608756696e-07,True,True,True,6.767322385072919,6.767591826984759,6.767588812508701,0.3896060251952734,0.3895995326692544,0.389599564594471,3.296432632148095e-05,3.917535792314536e-07,3.1930881064567984e-05,-4.086730029939645e-07,False,False,False
categorical,alpha,beta,0.05,1.0,6,1020129,100,0.1,1.0,0.34798479124113874,1.1126724511722024,105.35949897552324,3.4263435213252524e-07,True,True,True,6.453607248506464,6.454131627311878,6.4541265316087495,0.9003438485560149,0.9003084215708835,0.9003087208926217,1.0430417049902818e-05,1.4075544984111696e-07,4.001855344881733e-05,-4.4491916639799456e-07,False,False,False
categorical,alpha,beta,0.05,1.0,7,1020130,100,0.1,1.0,0.38451810231891015,0.35155514627368534,109.78381337840553,4.2042279893868836e-07,True,True,True,7.074783690187517,7.0751207818381125,7.0751149601711445,0.5373550563051839,0.537339395933423,0.537339649030849,1.9201713268724945e-05,3.272858694039674e-07,2.908466780127128e-05,-5.314475544082597e-07,False,False,False
categorical,alpha,beta,0.05,1.0,8,1020131,100,0.1,1.0,0.28374518648886377,1.4873452924049486,102.68726621384934,3.5986683133434174e-07,True,True,True,4.451658940774566,4.451609504500912,4.45161175623925,0.9290227837116237,0.9290216923266109,0.9290215036159906,1.3879220748384379e-05,9.693260383971272e-08,-1.2073135721379913e-05,2.885644079242411e-07,False,False,False
categorical,alpha,beta,0.05,1.0,9,1020132,100,0.1,1.0,0.5143123446205334,0.1,110.39578376458086,0.6938222227859144,True,True,True,6.928923919937121,6.92911092576993,6.9291098315574375,0.35662362289967486,0.35661356348408524,0.35661364411061547,1.9851079262437065e-05,7.707903141708156e-08,1.534237453881815e-05,-6.509057470793778e-08,False,False,False
categorical,alpha,beta,0.05,1.0,10,1020133,100,0.1,1.0,0.37378970547953005,0.6556424579588509,109.56134651751445,6.355287432313018e-08,True,True,True,2.128424439148892,2.128525562852969,2.1285228995829626,1.031551125511106,1.0315322136447964,1.031532688297996,1.6995756238424857e-05,1.977703265680198e-07,2.503207826975995e-05,-7.047637353707614e-07,False,False,False
categorical,alpha,beta,0.05,1.0,11,1020134,100,0.1,1.0,0.4674798656147903,0.7145384101782208,108.12374718237072,6.066304120648594e-07,True,True,True,6.507135421189349,6.507318029093465,6.507319109494723,0.40893583170955594,0.40893257731766647,0.40893251287562943,3.579244690594784e-05,6.955450971584779e-08,2.440740378517603e-05,9.183700910853076e-08,False,False,False
categorical,alpha,beta,0.05,1.0,12,1020135,100,0.1,1.0,0.617464254176537,0.5209753577724795,109.13473545341678,9.896715111199313e-08,True,True,True,9.938016537508416,9.938004498042101,9.938003428899764,0.21863291883242017,0.2186331999103162,0.21863312962388495,2.493073940372831e-05,2.4330288701385175e-07,-1.0763549340708778e-06,-1.8850143135296094e-07,False,False,False
categorical,alpha,beta,0.05,1.0,13,1020136,100,0.1,1.0,0.5048075016176492,0.1,110.33097682693591,0.22125842491505684,True,True,True,10.478332278763803,10.478652249148602,10.478651288948281,0.17952223368995723,0.17949529163974845,0.17949526938306087,3.215624119937808e-05,1.3170800916794936e-07,-5.995211012077561e-07,-1.1725791182470857e-07,False,False,False
categorical,alpha,beta,0.05,1.0,14,1020137,100,0.1,1.0,0.5486789155370603,0.47332586624554707,109.33522405513455,2.3523150158051248e-07,True,True,True,8.999685185350803,8.999813374128216,8.999809879836155,0.4237108118259249,0.4237095063029514,0.4237096749182639,1.5575940629672106e-05,1.412141969820138e-07,1.2546418176384577e-05,-1.9413724317018932e-07,False,False,False
categorical,alpha,beta,0.05,1.0,15,1020138,100,0.1,1.0,0.540837246404357,0.40969637700769085,109.69214835257962,1.6889408021831846e-07,True,True,True,7.84074608393855,7.8410813784821665,7.84108383658031,0.3592831191895501,0.3592501291238519,0.359250076132177,3.670032116580199e-05,2.2374313220530517e-07,5.0334413401742495e-06,2.524807172221699e-07,False,False,False
categorical,alpha,beta,0.05,1.0,16,1020139,100,0.1,1.0,0.546427035289896,0.7655899002750987,107.92755580954078,2.7647326502266933e-07,True,True,True,6.671220813571803,6.671540836160755,6.671536102349477,0.5524568069346186,0.5524506949299504,0.5524509148259789,3.843432285692103e-05,2.7453199692325707e-07,4.047637408177707e-05,-4.5638850565410394e-07,False,False,False
categorical,alpha,beta,0.05,1.0,17,1020140,100,0.1,1.0,0.6481177612923517,0.6163805995913496,108.42344269280795,5.485463550945378e-07,True,True,True,10.787404690019752,10.787737688876383,10.787738619621074,0.20037800354400612,0.2003608346341415,0.20036082430112848,1.9357700176065084e-05,7.097999933408217e-08,1.1176695451808882e-05,7.438168836415571e-08,False,False,False
categorical,alpha,beta,0.05,1.0,18,1020141,100,0.1,1.0,0.47364765370310535,0.12802063804492742,110.28569175899142,2.3662246640791853e-07,True,True,True,8.07545871167753,8.075637049951414,8.075633178417668,0.3743496474625818,0.37434588268443864,0.3743460344200987,1.4848611124978848e-05,2.2501567922610712e-07,1.744465872377532e-05,-3.0471706224943773e-07,False,False,False
categorical,alpha,beta,0.05,1.0,19,1020142,100,0.1,1.0,0.3575834461904703,1.284048213919125,104.77953009043435,9.005997081075554e-09,True,True,True,4.5976553874051795,4.598062032164251,4.598061522346888,1.011680611768894,1.0116435268123927,1.011643568967386,9.714052813616323e-06,1.7673142763490492e-08,4.5684226435582787e-05,-6.234385807601939e-08,False,False,False
categorical,alpha,beta,0.05,3.0,0,1030123,100,0.1,1.0,0.11018194778768547,2.9747823729699188,88.13160114266033,2.128012273945352e-06,True,True,True,3.7975401006140252,3.797477571841686,3.797477763055946,2.085546882318022,2.0856356749145917,2.0856354548180005,0.0001875766768424468,4.5646907405050385e-07,8.555747749028342e-05,-2.030426031751631e-07,False,False,False
categorical,alpha,beta,0.05,3.0,1,1030124,100,0.1,1.0,0.03943787910288536,2.8186498721620414,102.61864668071141,1.4829219734451015e-05,True,True,True,1.2420448929344006,1.2425584056045604,1.2425538414513837,3.426480807811418,3.426550756015891,3.426550711494305,0.0005706217558238225,3.77699174558877e-06,0.0004901622610162804,-3.7244541744030357e-06,False,False,False
categorical,alpha,beta,0.05,3.0,2,1030125,100,0.1,1.0,0.1584188780203468,1.5904561849363137,107.35562929919921,9.70496069699278e-07,True,True,True,1.5585223210723655,1.5591128857504428,1.5591109322958414,1.9273759926990433,1.9272775989364053,1.9272780311097166,0.00015345589890045384,2.625861135745964e-07,0.0002648188817317987,-7.553698537776654e-07,False,False,False
categorical,alpha,beta,0.05,3.0,3,1030126,100,0.1,1.0,0.4704783965011765,1.6254715216071773,100.84335424945944,6.187283268704195e-07,True,True,True,5.038673506477143,5.03872886494565,5.038726384930897,0.8048416742731452,0.8048257622067693,0.8048259300561894,2.7111264703242827e-05,1.3149667397685825e-07,-7.631735911672877e-06,-2.989468868008771e-07,False,False,False
categorical,alpha,beta,0.05,3.0,4,1030127,100,0.1,1.0,0.05769663388586783,2.543665760542627,105.72866847267872,3.3836167466620325e-06,True,True,True,0.9532076639264215,0.954083531396323,0.9540812454312548,2.8896779355473625,2.88949610750255,2.889495993403895,0.0004974231291940047,2.6613857353140697e-06,0.0007065767138811907,-2.5273438097883627e-06,False,False,False
categorical,alpha,beta,0.05,3.0,5,1030128,100,0.1,1.0,0.12109679960601934,2.4085775423633775,94.31573694956072,3.8246017846064617e-07,True,True,True,2.9527763266554836,2.953060527135754,2.9530603408372733,2.0173896812773635,2.0174248212017147,2.0174246342243554,0.0001770638636953438,4.940386403267713e-07,0.00013642191284191085,-2.7835221771965735e-07,False,False,False
categorical,alpha,beta,0.05,3.0,6,1030129,100,0.1,1.0,0.29360836463210727,2.689988974780925,96.41223176138081,1.5760672490942995e-06,True,True,True,1.8015219814966772,1.8020104703231197,1.802009595666419,1.646074240700072,1.6459464500814256,1.64594664048321,2.5232230580849416e-05,4.864396086607664e-08,0.00012372609644728527,-2.661702183104353e-07,False,False,False
categorical,alpha,beta,0.05,3.0,7,1030130,100,0.1,1.0,0.028177249774611154,3.398168685496509,98.9545713164122,4.603610378530883e-05,True,True,True,0.6713426948535377,0.6728259460948655,0.6728019141866173,4.208878355451386,4.208349071253624,4.2083613221004335,0.0009803671975417046,7.512494256697657e-06,0.0015759679356079914,-2.161419716628643e-05,False,False,False
categorical,alpha,beta,0.05,3.0,8,1030131,100,0.1,1.0,0.14849055622692856,2.4637509571649754,98.82140950818811,9.008367880373197e-08,True,True,True,1.3520852093342226,1.3519972256301085,1.3519964467169665,2.0853327774144623,2.0853954690211225,2.085395642018345,8.042409686819298e-05,1.7918893163883163e-07,6.724708981664662e-06,-3.7695012622407376e-07,False,False,False
categorical,alpha,beta,0.05,3.0,9,1030132,100,0.1,1.0,0.3641042946773881,1.2350028708899883,106.25716570790713,4.3602706954376014e-07,True,True,True,1.9215096252782677,1.9215836541775488,1.9215805135687152,1.198754879602665,1.1987296954388986,1.1987303671978429,3.219474941161549e-05,1.4124389980483506e-07,8.670348350392487e-06,-8.609959536443057e-07,False,False,False
categorical,alpha,beta,0.05,3.0,10,1030133,100,0.1,1.0,0.06627442608979482,3.1386561298116726,100.42949906516445,3.1203470939376215e-06,True,True,True,1.2401795122963495,1.2404034063325382,1.240402463430818,2.7070910400498116,2.7072468375552705,2.7072459884595026,0.0005367214951585271,2.7164427754090184e-06,0.0003581480684573535,-1.737715237482007e-06,False,False,False
categorical,alpha,beta,0.05,3.0,11,1030134,100,0.1,1.0,0.03830131809621053,2.9921581446281134,107.55267133532159,3.2969601989862485e-06,True,True,True,0.6329946559129156,0.6331013185044145,0.6330979772872641,3.356655964423835,3.3569377419317874,3.356937495266353,0.0008113158198257102,5.8478095090330705e-06,0.00048733733865446993,-5.561537406606476e-06,False,False,False
categorical,alpha,beta,0.05,3.0,12,1030135,100,0.1,1.0,0.3356276845872037,1.5056049006699523,105.41795105455192,6.232155871754237e-07,True,True,True,1.8829749646868343,1.8831817802630946,1.883180181809466,1.2962588159669841,1.2962111466213413,1.2962114477998923,5.589876858018871e-06,1.6732225505043683e-07,5.4445025909899414e-05,-5.020604731953426e-07,False,False,False
categorical,alpha,beta,0.05,3.0,13,1030136,100,0.1,1.0,0.07804409615905972,3.132999258152672,82.28680289645189,1.0811466992633657e-07,True,True,True,4.754236912248551,4.754291408153032,4.754291918640072,2.409111697664336,2.4092741764887373,2.409273706132881,0.0003845370235990753,9.76155932118111e-07,0.00019808904812634864,-4.3414324579771346e-07,False,False,False
categorical,alpha,beta,0.05,3.0,14,1030137,100,0.1,1.0,0.0623704296354534,2.968811870801075,88.92259194676518,5.488113766256068e-07,True,True,True,1.865960882179992,1.8671886130050408,1.8671839889533002,2.6678802233356977,2.667914026952828,2.667913045228218,0.0007318982678840278,4.743394146662217e-06,0.0006930564736791212,-3.6067334008293983e-06,False,False,False
categorical,alpha,beta,0.05,3.0,15,1030138,100,0.1,1.0,0.08436192772784536,2.4682068778003994,105.94604592696169,1.1516874426367834e-06,True,True,True,1.0333355026544173,1.0336463456366463,1.0336452201413266,2.66317915654629,2.663137209160489,2.66313743730339,0.00020387190514738624,5.643539156699952e-07,0.00025165000876370414,-8.262005479764412e-07,False,False,False
categorical,alpha,beta,0.05,3.0,16,1030139,100,0.1,1.0,0.49758903710558816,1.4321361414346874,102.02361596955852,3.8315503014610574e-07,True,True,True,6.302202852899971,6.3024508793528815,6.302447928613107,0.9232306284277081,0.9232134863557172,0.9232136360952029,4.664469603652363e-06,1.3576673885393929e-07,1.932340769883467e-05,-2.957954023941056e-07,False,False,False
categorical,alpha,beta,0.05,3.0,17,1030140,100,0.1,1.0,0.0463510616071339,3.2929305358598584,97.70446084438372,5.570749076502266e-06,True,True,True,1.1553311202485383,1.1562161156932373,1.156212528820184,3.3530107256011754,3.3529580360448223,3.3529576182839063,0.000640329823461018,4.065600604137938e-06,0.0007014726683962635,-3.583221229064293e-06,False,False,False
categorical,alpha,beta,0.05,3.0,18,1030141,100,0.1,1.0,0.2165984467725603,1.34960008629054,107.67283184101062,1.2790202684832516e-06,True,True,True,1.2208081249616995,1.2204754725572804,1.220476842665369,1.5586624089762977,1.5587963606923738,1.5587958730085183,4.422956516438525e-05,3.364713535358644e-08,-0.00011774379571249938,5.611344846556676e-07,False,False,False
categorical,alpha,beta,0.05,3.0,19,1030142,100,0.1,1.0,0.027136319060978072,3.5500945205318692,101.74884469126444,3.654577820371552e-06,True,True,True,0.628016351101038,0.6290826550982405,0.6290666054636813,4.246715814239175,4.246349572493436,4.24635798886111,0.000846741461590978,6.135510462938639e-06,0.001258977528564742,-1.5823383691326853e-05,False,False,False
categorical,alpha,beta,0.05,8.0,0,1040123,100,0.1,1.0,0.07000017723738373,6.967788616020212,56.37043319480256,2.113270152535768e-07,True,True,True,1.1908872878260148,1.190952705079098,1.190952806469182,3.3476822158500785,3.347781022948309,3.3477806383029525,0.0002816022578354475,8.006807083522535e-07,0.00016832818484857626,-3.5770574413618306e-07,False,False,False
categorical,alpha,beta,0.05,8.0,1,1040124,100,0.1,1.0,0.1163919437476366,5.791935657194996,20.289480927674788,9.49264661041456e-07,True,True,True,1.4905682412069299,1.4907045881464376,1.4907045749218166,2.568558018231779,2.5686324582673254,2.568632153201964,0.00026218182742313164,7.113528391272284e-07,0.00017681111179967957,-3.600908691225868e-07,False,False,False
categorical,alpha,beta,0.05,8.0,2,1040125,100,0.1,1.0,0.2157655440605954,6.803246774092515,38.70042721993328,8.735148707974898e-08,True,True,True,1.3217670291466257,1.3218278286325145,1.3218277517192802,2.0646538914448254,2.064630536572369,2.064630551931232,7.812093171121862e-06,2.2845159767326867e-08,1.9068787139531196e-05,-4.050448865200451e-08,False,False,False
categorical,alpha,beta,0.05,8.0,3,1040126,100,0.1,1.0,0.1375307231933627,6.085344024301323,37.98985013581936,6.799795424270065e-07,True,True,True,1.7443780959573563,1.7443363197134891,1.744336191594553,2.446824953349578,2.44687417452411,2.4468741727336787,8.930802463350236e-05,7.930913589196758e-08,3.264309858508341e-05,-7.550983838200409e-08,False,False,False
categorical,alpha,beta,0.05,8.0,4,1040127,100,0.1,1.0,0.11896042756199664,6.897145280479929,17.605468067355737,6.106441738882871e-07,True,True,True,1.0903454367705077,1.0903649627632808,1.0903649764990024,2.6442288417774398,2.6443276912502043,2.644327361268774,0.0002447409431516517,7.47218785585759e-07,0.0001313452725817399,-3.6730779839899697e-07,False,False,False
categorical,alpha,beta,0.05,8.0,5,1040128,100,0.1,1.0,0.03804198348039357,7.0083806023521085,53.344779866320316,2.1387803976009967e-05,True,True,True,1.0991243221228346,1.0992716313393345,1.0992707249807614,3.9924946113965882,3.9928010652000885,3.9927981408467943,0.0008317605071893511,7.558213582278128e-06,0.000482641866867084,-4.191294785016453e-06,False,False,False
categorical,alpha,beta,0.05,8.0,6,1040129,100,0.1,1.0,0.054741400408296274,6.577051911972196,61.99605267185123,6.683034806938631e-06,True,True,True,1.106452515192626,1.106672371601514,1.1066714016663803,3.487898660817034,3.4881220949018426,3.4881205640408814,0.0007085734689194814,4.40171940970797e-06,0.00045328322636351004,-2.6389120790781817e-06,False,False,False
categorical,alpha,beta,0.05,8.0,7,1040130,100,0.1,1.0,0.05975833321604789,7.425776263522113,34.85831189905103,3.7160231315153868e-06,True,True,True,1.089315014141959,1.0894611883094611,1.0894613842043612,3.4724148765447485,3.4725516886787524,3.4725504178572804,0.00044635606440453197,2.7463740263557184e-06,0.0002904075781913207,-1.283278329822224e-06,False,False,False
categorical,alpha,beta,0.05,8.0,8,1040131,100,0.1,1.0,0.08501093685339076,6.269501053352092,42.177718851659925,2.2979663779243177e-06,True,True,True,1.5025424797251585,1.502813036671487,1.502813104730033,2.779404566401158,2.7795340650002682,2.7795332352382554,0.00047630055718387974,1.865348400656223e-06,0.00032823063856568524,-9.100113871340909e-07,False,False,False
categorical,alpha,beta,0.05,8.0,9,1040132,100,0.1,1.0,0.05828099747344734,5.469404231897688,71.31199680417122,2.9772763840948086e-06,True,True,True,1.1040645431183453,1.1039313551498762,1.1039304737672118,3.346341134107961,3.34665084093699,3.346649573048467,0.000588694831753942,3.7182942419954312e-06,0.00023366354938048062,-2.2581144349942406e-06,False,False,False
categorical,alpha,beta,0.05,8.0,10,1040133,100,0.1,1.0,0.059606208052034725,7.351476155448732,47.81787726388787,3.582930361649307e-05,True,True,True,1.055348777278627,1.0554966513580528,1.055495852372407,3.8951832516278424,3.895141609376725,3.8951420017733707,4.437039117438367e-05,1.4821032486828295e-07,9.186123971716142e-05,-3.052129642355794e-07,False,False,False
categorical,alpha,beta,0.05,8.0,11,1040134,100,0.1,1.0,0.11299432103638146,3.365814247339252,95.6219128548615,1.962408603326472e-06,True,True,True,1.3572693973668324,1.357201863432055,1.357201859301278,2.5959412386729595,2.5960302254253618,2.596030080101727,0.00015505992714623723,3.379064808735174e-07,5.252098591768117e-05,-1.7035361565831408e-07,False,False,False
categorical,alpha,beta,0.05,8.0,12,1040135,100,0.1,1.0,0.04860199327929686,6.155833234406455,57.79310575903499,8.386097708519876e-06,True,True,True,1.0082844157937068,1.008616054705362,1.0086152209452277,3.670127830585049,3.670311927610884,3.670310084056835,0.000747466775536247,5.071842804527844e-06,0.0005378603960508599,-2.9491081505739203e-06,False,False,False
categorical,alpha,beta,0.05,8.0,13,1040136,100,0.1,1.0,0.1007689400750529,5.974550050992037,21.600346517670925,1.5295177240957268e-06,True,True,True,1.3359986998278839,1.3360196232656723,1.3360196403515652,2.5231059745331006,2.523248343849021,2.523247746067999,0.0003420848604868408,1.36365874023764e-06,0.00017889444852414726,-6.754321795199303e-07,False,False,False
categorical,alpha,beta,0.05,8.0,14,1040137,100,0.1,1.0,0.13488637297229347,5.854683157561881,21.377363682483182,1.083849496843405e-07,True,True,True,1.6174680633905605,1.617620581190686,1.6176205545950857,2.3805085807362834,2.380537737845669,2.3805375554369568,0.00016097621033490806,4.3645831760661844e-07,0.00012763163511664288,-2.2644697850182638e-07,False,False,False
categorical,alpha,beta,0.05,8.0,15,1040138,100,0.1,1.0,0.051631086986844696,7.0611092699648905,46.33127852007813,3.933020879484599e-06,True,True,True,1.1609388651262174,1.1607822088247641,1.160782068228983,3.7679133822644837,3.768019109254024,3.7680185805861726,0.00010715765180343966,1.3387995315779781e-06,-1.3955503426643645e-05,-7.297729496258398e-07,False,False,False
categorical,alpha,beta,0.05,8.0,16,1040139,100,0.1,1.0,0.041817613267517144,6.823933064358823,82.06362960254394,3.0340289168484305e-06,True,True,True,0.9472090206323107,0.9473228450758322,0.9473233831975493,3.9830612761959636,3.983102645958013,3.9831016447947056,0.00021365837829522387,1.7375106985714026e-06,0.00016720513448831298,-5.845873261023371e-07,False,False,False
categorical,alpha,beta,0.05,8.0,17,1040140,100,0.1,1.0,0.08959224229062232,6.746388461786287,43.76882980908182,2.3166380165228e-06,True,True,True,1.2825321398988085,1.282280119036379,1.2822802897128982,2.7533044693191044,2.753531185765396,2.7535304239522276,0.00032383863812031463,1.6210987230828023e-06,6.375110906731152e-05,-7.43965905769528e-07,False,False,False
categorical,alpha,beta,0.05,8.0,18,1040141,100,0.1,1.0,0.06574554284901231,6.579688766129845,48.46190762437935,2.063001021027107e-06,True,True,True,1.126336261788026,1.1264044743937287,1.1264046323950394,3.246044993110707,3.246237919817657,3.246236665227447,0.0005019522034288654,2.74859053514459e-06,0.0002813706091444601,-1.3041298743132756e-06,False,False,False
categorical,alpha,beta,0.05,8.0,19,1040142,100,0.1,1.0,0.08024085160100086,6.248158204824063,47.16060633583186,1.3595630567983572e-06,True,True,True,1.7267059108935117,1.7269948738015595,1.7269951626344777,2.789147581079286,2.789229416742987,2.7892285716435015,0.0003539280496268631,1.7787431925871535e-06,0.00026074630952876987,-8.057107905301564e-07,False,False,False
categorical,alpha,beta,0.25,0.25,0,1050123,100,0.1,1.0,0.5293338929777394,0.1,110.42912206214748,1.083006893054529,True,True,True,7.291958964963185,7.292029197234058,7.292025041772358,0.387336604904374,0.3873403516967681,0.3873405286783432,1.8234946381141726e-05,2.6501220820270116e-07,1.3578969827676701e-05,-3.6610614984056156e-07,False,False,False
categorical,alpha,beta,0.25,0.25,1,1050124,100,0.1,1.0,0.5050862535756394,0.10486002202175326,110.28571930490817,7.105427357601002e-08,True,True,True,13.76957758214779,13.768994003915116,13.768993009654956,0.06251884712258783,0.06254655508724981,0.06254654821537649,3.360623702772561e-05,8.90232537999098e-08,-1.0562755733189988e-05,-8.012160890302766e-08,False,False,False
categorical,alpha,beta,0.25,0.25,2,1050125,100,0.1,1.0,0.39942130267077813,0.815759823449516,108.45487617576717,3.0229397489993413e-07,True,True,True,3.8349950562000514,3.835098872909869,3.835102766872765,1.0312932544318545,1.0312772892409523,1.0312768916390187,2.403395796028794e-05,1.3889716315854356e-07,9.247505332155015e-06,5.575921164790998e-07,False,False,False
categorical,alpha,beta,0.25,0.25,3,1050126,100,0.1,1.0,0.389950846298202,0.35674468547225807,109.93906292712144,4.790238617341394e-07,True,True,True,4.604184425744536,4.604399413485598,4.6043947110680135,0.694595850261777,0.6945945741613735,0.6945949280659701,4.665243730486547e-05,2.8648921638690213e-07,4.460989414667438e-05,-6.13840740015803e-07,False,False,False
categorical,alpha,beta,0.25,0.25,4,1050127,100,0.1,1.0,0.33257001289779464,1.1152356738432048,106.43115973316417,1.856418353607319e-07,True,True,True,4.107185151556257,4.107623761434301,4.1076255004152715,1.0208097758939993,1.0207641667720955,1.0207639914946345,1.6429883335164585e-05,4.5260806047015214e-08,5.4497285532306705e-05,2.215587784348827e-07,False,False,False
categorical,alpha,beta,0.25,0.25,5,1050128,100,0.1,1.0,0.2600854124498331,1.1278081956339872,107.53342072428852,1.2146371923118506e-06,True,True,True,4.169530233201846,4.169690164183842,4.169691754730282,1.2156508706875884,1.2156522964388212,1.2156521308778128,4.308774821359954e-05,3.031617318640388e-08,4.0188640824112554e-05,1.9084511393430148e-07,False,False,False
categorical,alpha,beta,0.25,0.25,6,1050129,100,0.1,1.0,0.48897315673067393,0.1,110.37338356731112,0.37350664428004227,True,True,True,4.751917991681896,4.752103448850279,4.7521020170461155,0.5549916765406112,0.5549846239829651,0.5549846671894108,2.513667024206198e-05,2.1681904837737763e-07,3.0655980992833065e-05,-2.515558179538857e-07,False,False,False
categorical,alpha,beta,0.25,0.25,7,1050130,100,0.1,1.0,0.4612730567364093,0.1,110.44919200161422,1.246415763489497,True,True,True,5.704567742324091,5.704844915856863,5.7048382042078805,0.5663617355924947,0.5663605712467671,0.5663610059951575,5.0456205570214205e-05,3.828233317161694e-07,4.65703558631958e-05,-6.759603934369807e-07,False,False,False
categorical,alpha,beta,0.25,0.25,8,1050131,100,0.1,1.0,0.5619894560732233,0.1952891993772712,110.2134492367061,2.065468415501731e-07,True,True,True,8.158352127224804,8.158334558353722,8.158334872971158,0.3557978213132864,0.355796868108438,0.35579683653039396,4.4519954029335065e-06,3.7948643391264106e-08,-3.2486944121501438e-06,2.2083668227423914e-09,False,False,False
categorical,alpha,beta,0.25,0.25,9,1050132,100,0.1,1.0,0.5189250704735584,0.14645324727456221,110.25626771448883,2.575656162717885e-07,True,True,True,9.9477129650219,9.946750598476932,9.946749060788418,0.25976695347623,0.2598118767970563,0.25981195508535243,6.027427509777556e-05,8.369465780235227e-08,-4.509174705447094e-05,-6.44593285414885e-08,False,False,False
categorical,alpha,beta,0.25,0.25,10,1050133,100,0.1,1.0,0.4984097104670193,0.5077861211707003,109.12044782400727,3.552713678800501e-08,True,True,True,8.502224717930218,8.502416426327557,8.502412572343719,0.3834988589110668,0.3835068393920789,0.3835069090080203,4.2966229024978325e-05,3.4086427303345943e-07,3.1362508877919026e-05,-3.731327922196215e-07,False,False,False
categorical,alpha,beta,0.25,0.25,11,1050134,100,0.1,1.0,0.4440727399115138,0.1,110.74912145487804,4.133462731203979,True,True,True,2.668032173988155,2.6677790520233957,2.667776648803146,0.9270728109362479,0.9271303804904789,0.927130754314246,4.09803249019777e-05,2.2401351945343112e-07,-2.9067709704122535e-05,-4.704516953779603e-07,False,False,False
categorical,alpha,beta,0.25,0.25,12,1050135,100,0.1,1.0,0.47312882099039105,0.1,110.79239153215323,4.6009784071543605,True,True,True,4.461347863751054,4.461647706848624,4.461647754130258,0.5738016151748995,0.5737630157813987,0.5737629595768801,2.7773713786413293e-05,1.2851299538440376e-07,2.271351975480229e-05,-5.411050096881809e-08,False,False,False
categorical,alpha,beta,0.25,0.25,13,1050136,100,0.1,1.0,0.541527758015703,0.4147586697999078,109.64687877964731,2.987661111096236e-07,True,True,True,8.377996507625875,8.378026426388352,8.378026038564363,0.3750930871485022,0.37508957792671554,0.3750896984037797,2.1787099608518587e-05,2.1528083698330763e-07,-3.766216991607507e-07,9.241372822543781e-08,False,False,False
categorical,alpha,beta,0.25,0.25,14,1050137,100,0.1,1.0,0.5141514283761218,0.1,110.39100097999538,0.7727966391258123,True,True,True,9.33668337239667,9.336624809894232,9.33662267882109,0.1944541900524929,0.19445742986292272,0.19445749454472938,1.2714214317199362e-05,1.4921004429823625e-07,-2.6961336772046707e-06,-1.5378111584141152e-07,False,False,False
categorical,alpha,beta,0.25,0.25,15,1050138,100,0.1,1.0,0.48502497719153975,0.3632825095830618,109.74562538448426,7.140866117879974e-08,True,True,True,7.664429655040525,7.664491351098967,7.664487834123458,0.2820656263790209,0.28206657125921025,0.28206673395061926,1.0689915888761463e-05,2.532845180389813e-07,8.86590102311402e-06,-2.715608360404076e-07,False,False,False
categorical,alpha,beta,0.25,0.25,16,1050139,100,0.1,1.0,0.3985600407420058,0.4533750108642094,109.83701053379995,5.133640532957442e-07,True,True,True,4.075239923859748,4.075498239047147,4.075495349563922,0.8683807691206514,0.8683567526667455,0.8683570405701153,2.3343349945923737e-05,1.055948131079211e-07,3.535699661938452e-05,-3.7752819537217874e-07,False,False,False
categorical,alpha,beta,0.25,0.25,17,1050140,100,0.1,1.0,0.5093783173632634,0.1,110.4714339351266,1.5263456916159237,True,True,True,8.53599056657152,8.536473455961955,8.536468776123241,0.228124483662535,0.22809842774141403,0.2280985634193862,2.8752517132765126e-05,3.505690725499958e-07,2.6179384704505537e-05,-3.920119837630409e-07,False,False,False
categorical,alpha,beta,0.25,0.25,18,1050141,100,0.1,1.0,0.45592918808678323,0.1,110.66595216962304,3.4989492334603014,True,True,True,6.733252749281761,6.733488843768871,6.733482870900255,0.5287837550942586,0.5287905498343913,0.5287907915763774,5.1155528894426946e-05,4.0769092249067986e-07,4.22773524206832e-05,-6.087238659802097e-07,False,False,False
categorical,alpha,beta,0.25,0.25,19,1050142,100,0.1,1.0,0.46346778990364595,0.1,110.70071065238434,3.6755294416934845,True,True,True,3.5294507752181357,3.5297148743871185,3.529712259822755,0.7062500444136242,0.7062121544971108,0.7062124337137702,4.3054507648557154e-05,1.726333865741852e-07,3.078282308877078e-05,-4.192698241922699e-07,False,False,False
categorical,alpha,beta,0.25,0.5,0,1060123,100,0.1,1.0,0.3245655071545869,0.8281498649486733,108.54826578806467,1.3649080239232025e-07,True,True,True,4.6739887349364135,4.674238878210738,4.6742304632865705,1.0628220990806097,1.0628037699604866,1.0628045267935409,1.51450160265385e-05,1.6656273531654338e-07,3.148560575993997e-05,-9.289422422398275e-07,False,False,False
categorical,alpha,beta,0.25,0.5,1,1060124,100,0.1,1.0,0.6353829939597028,0.3825725035514129,109.94321278148715,1.5967462057804647e-07,True,True,True,6.817286578946071,6.817546896050498,6.817541632448707,0.4093182439464326,0.40930317122263743,0.4093033951361369,3.127279977035213e-05,3.809212847534237e-07,2.031673496105668e-05,-5.142771755117792e-07,False,False,False
categorical,alpha,beta,0.25,0.5,2,1060125,100,0.1,1.0,0.5099638811046462,0.6833210764423379,107.92013718053751,3.552713678800501e-08,True,True,True,9.65997378553533,9.660059586785408,9.660061185160133,0.3865287787692019,0.38653359549338695,0.3865335581240356,2.212611305624992e-05,9.843238547784592e-08,1.4549999420410131e-05,1.2243913261045236e-07,False,False,False
categorical,alpha,beta,0.25,0.5,3,1060126,100,0.1,1.0,0.32547529885468557,0.6782813226166969,109.60050940780297,3.410605131648481e-07,True,True,True,2.7321147126088206,2.7320796458440846,2.7320780383482233,1.1247977728231247,1.124804510931726,1.1248047577569682,1.0923217486798477e-05,5.4292650706866494e-08,-5.381784887958929e-06,-3.0421023211602005e-07,False,False,False
categorical,alpha,beta,0.25,0.5,4,1060127,100,0.1,1.0,0.38101803554158226,0.8771543824108969,106.34570863128857,8.773116937588583e-07,True,True,True,6.635557838020278,6.6357123518573395,6.635708815294115,0.5936051975220713,0.5936036265138809,0.593603792085866,2.148151434656912e-05,1.9735590335226266e-07,2.113443578366514e-05,-3.4233742951528257e-07,False,False,False
categorical,alpha,beta,0.25,0.5,5,1060128,100,0.1,1.0,0.5896602237803305,0.30881925046227265,109.936392047102,4.4741629754500893e-07,True,True,True,8.748400490277126,8.747452190968911,8.747458352966907,0.21770750491359883,0.21775545138889402,0.2177553608096862,6.1309828280539e-05,5.697254914395558e-07,-5.260218455305221e-05,6.001500452157416e-07,False,False,False
categorical,alpha,beta,0.25,0.5,6,1060129,100,0.1,1.0,0.46605032969435795,0.1,110.65333516303275,3.2366937077199522,True,True,True,4.654539589922738,4.6546146090123885,4.654612267621427,0.6147540987394973,0.6147476209603376,0.6147478101077808,9.650533086221837e-06,1.4055266835101224e-07,8.37419227650571e-06,-2.852618337101376e-07,False,False,False
categorical,alpha,beta,0.25,0.5,7,1060130,100,0.1,1.0,0.49731924262368427,0.1,110.36114557616139,0.4652377825209781,True,True,True,9.152238270570866,9.15215362295623,9.152148976825654,0.2503678677635417,0.2503814158794649,0.25038155308979965,1.958780193049569e-05,3.031168636770423e-07,5.999273895440638e-06,-3.4968525142176077e-07,False,False,False
categorical,alpha,beta,0.25,0.5,8,1060131,100,0.1,1.0,0.5049259955796942,0.1,110.36571258686777,0.4166674898450592,True,True,True,7.471809152980968,7.472124332401667,7.472118968602387,0.3365212449731407,0.3365265297615251,0.33652670265048096,6.464189001445122e-05,4.30531801290642e-07,4.774712944310977e-05,-5.187957725638626e-07,False,False,False
categorical,alpha,beta,0.25,0.5,9,1060132,100,0.1,1.0,0.4634018299165356,0.27543209158416815,110.11644598956984,3.752446084067428e-07,True,True,True,5.2104940841503025,5.210719511805534,5.210715889014541,0.5125397259060734,0.5125113068272548,0.5125114566394791,2.4931374361752432e-05,3.9418106996427667e-07,1.0021771686297143e-05,-5.227798851592524e-07,False,False,False
categorical,alpha,beta,0.25,0.5,10,1060133,100,0.1,1.0,0.36785003687498147,0.4338369073484271,109.97833122681155,1.165376734978219e-07,True,True,True,2.733352950558201,2.7334764366980684,2.7334719452512566,0.9858802269431659,0.9858681668227252,0.9858688079270903,2.3931832595155003e-05,2.401994416385158e-07,3.0386755668132537e-05,-9.050288980461119e-07,False,False,False
categorical,alpha,beta,0.25,0.5,11,1060134,100,0.1,1.0,0.5074470740847822,0.4370726904653672,109.88169417232999,8.105171918713949e-07,True,True,True,4.712358579392905,4.711882183972825,4.711884350001379,0.7315300547017044,0.7315707354162301,0.7315706119431072,2.3452545288704156e-05,2.238837597476173e-07,-5.394706597883214e-05,3.175411933398209e-07,False,False,False
categorical,alpha,beta,0.25,0.5,12,1060135,100,0.1,1.0,0.43843632962317847,0.6548064836072927,108.71965902044671,5.647362195308465e-07,True,True,True,5.272664987122339,5.272767731315754,5.272764784568729,0.6688291759787558,0.6688223618965741,0.6688225675042284,1.0245813887557666e-05,1.5274668904281642e-07,1.1318858895492667e-05,-3.221471303049839e-07,False,False,False
categorical,alpha,beta,0.25,0.5,13,1060136,100,0.1,1.0,0.4824394951281773,0.13095940455796914,110.2926369373644,1.9945885082418897e-07,True,True,True,7.329116009722747,7.329265443901015,7.3292675227076645,0.3713324775938417,0.37132376050140464,0.37132369611519256,1.1052557564882802e-05,1.6695006023732977e-07,1.0562485655896126e-05,2.0950355406057497e-07,False,False,False
categorical,alpha,beta,0.25,0.5,14,1060137,100,0.1,1.0,0.5177940938064188,0.4434799377578881,109.67131159734502,1.3574899906062967e-07,True,True,True,6.497834260022915,6.497918961055944,6.497916133487171,0.4334537870486245,0.43345517662459976,0.43345530934485627,1.612544962583392e-05,1.9922825865345415e-07,1.4352644740256437e-05,-2.823501432658304e-07,False,False,False
categorical,alpha,beta,0.25,0.5,15,1060138,100,0.1,1.0,0.38117098185697207,0.6959068380694134,108.84020363029049,2.1750036957277482e-07,True,True,True,2.7541973647951874,2.75401650782232,2.7540166646289648,0.8591626443691966,0.8592019259522952,0.8592019630997029,2.708807291035844e-05,1.4279117779512402e-07,-2.0343802361821872e-05,9.970497671929479e-08,False,False,False
categorical,alpha,beta,0.25,0.5,16,1060139,100,0.1,1.0,0.46891978693112324,0.4211878347667984,109.54308026176948,8.28628102289784e-08,True,True,True,8.076275874106218,8.076000526782304,8.076005852421883,0.3710212744708958,0.3710320732464962,0.3710318695636971,2.603100515671106e-05,3.123450898591832e-07,-2.123644277673975e-05,4.2494151841765415e-07,False,False,False
categorical,alpha,beta,0.25,0.5,17,1060140,100,0.1,1.0,0.37544302587674544,0.4502815147101684,109.42370974578172,3.9465516229594234e-07,True,True,True,5.365320229263931,5.36534367392417,5.365346973605815,0.58514043942182,0.5851336232262948,0.5851333892778028,1.2108767291653772e-05,2.0511451604044591e-07,-3.1321223303848456e-06,3.4565577777811995e-07,False,False,False
categorical,alpha,beta,0.25,0.5,18,1060141,100,0.1,1.0,0.47333745948612294,0.49621472350295814,109.5438467381681,3.2061149604142196e-07,True,True,True,6.26959141089756,6.269720657113279,6.269720515831081,0.6454348867669685,0.6454219486723298,0.6454219096652061,1.4623419963305661e-05,1.1857319173523191e-07,5.651587841271066e-06,-6.7442655904415e-08,False,False,False
categorical,alpha,beta,0.25,0.5,19,1060142,100,0.1,1.0,0.662330455675049,0.6229987690133502,108.03507167878989,5.700306678628402e-07,True,True,True,12.878717522207602,12.879060364508685,12.879055718752594,0.08398263740370805,0.08397679307594753,0.08397683625145559,2.5785135292820222e-05,3.061106428851733e-07,1.9580942336006046e-05,-3.1101409092570975e-07,False,False,False
categorical,alpha,beta,0.25,1.0,0,1070123,100,0.1,1.0,0.5284017917492072,0.1,110.36587745843575,0.3880740706564678,True,True,True,6.633611914048753,6.633867986952879,6.633868372729823,0.4305615028317635,0.43054638867255723,0.43054631421585154,1.6340413555111803e-05,1.0840264343224378e-07,2.1173201503188466e-05,-2.756881656296173e-08,False,False,False
categorical,alpha,beta,0.25,1.0,1,1070124,100,0.1,1.0,0.47117846704059985,1.077238823371024,104.16998908542969,7.105427357601002e-09,True,True,True,8.867936912205888,8.867806714624779,8.867803355095601,0.5758718271580181,0.5758726082146846,0.5758727422803597,1.3440302770977376e-05,1.319547337715614e-07,-1.4007214275579827e-05,-2.2449681580383185e-07,False,False,False
categorical,alpha,beta,0.25,1.0,2,1070125,100,0.1,1.0,0.306336327936927,1.0942934449953146,106.59598415417338,4.930186498752962e-07,True,True,True,5.509245796825856,5.509844794442574,5.509842397137996,1.158685833820338,1.158649969153053,1.1586501624862684,2.7147814748727116e-05,3.388460607262417e-08,6.72167373920729e-05,-2.125117646301078e-07,False,False,False
categorical,alpha,beta,0.25,1.0,3,1070126,100,0.1,1.0,0.24268182933238897,1.429283653267156,103.02335585771863,2.0897520616044308e-07,True,True,True,5.935056324667167,5.935305677995202,5.9353031553192706,1.1612892421871799,1.1613082279895186,1.1613083633318466,8.624120244416805e-05,1.1871415031783566e-07,6.360176126918304e-05,-2.692102896162396e-07,False,False,False
categorical,alpha,beta,0.25,1.0,4,1070127,100,0.1,1.0,0.2711446737871193,1.5635878550829636,101.82494302178048,4.919774222669535e-07,True,True,True,6.021649286349804,6.021530029870367,6.021529049955758,1.2192117926252344,1.2192415171179891,1.2192415694867855,4.897790003521432e-05,4.355798448576461e-08,1.4314326890030316e-05,-1.0244336579035007e-07,False,False,False
categorical,alpha,beta,0.25,1.0,5,1070128,100,0.1,1.0,0.6719908976284408,1.012146954663709,103.7856761625134,1.2814809176579847e-07,True,True,True,11.389528241075832,11.389514271783177,11.389508399715766,0.38760612501761893,0.3876069094755552,0.3876070506387291,1.777526545053643e-06,2.6321313523633874e-07,-6.764112328028205e-07,-3.53047866497036e-07,False,False,False
categorical,alpha,beta,0.25,1.0,6,1070129,100,0.1,1.0,0.5408527163141519,0.22614528723069358,110.13478073567344,2.998625041926913e-07,True,True,True,9.07595753161263,9.075851994653348,9.075846307309527,0.26474205360397945,0.26474611547836613,0.2647462327374351,7.604273520447928e-06,4.40255309007405e-07,-7.4434984043136865e-06,-4.916464320103842e-07,False,False,False
categorical,alpha,beta,0.25,1.0,7,1070130,100,0.1,1.0,0.35608684062909696,1.0726285680230512,105.97252502296797,7.509282174290048e-07,True,True,True,5.7728359678184695,5.7726427608112365,5.7726380943825975,0.9063405345128178,0.9063608776722571,0.9063612151464401,1.7484934990246692e-05,1.0432652092660134e-07,-1.046777080659922e-05,-4.1983835785686097e-07,False,False,False
categorical,alpha,beta,0.25,1.0,8,1070131,100,0.1,1.0,0.24630388642336926,0.7088720045518572,109.49452434846529,6.112319729142703e-08,True,True,True,3.043221684002353,3.043049934697599,3.0430449172836718,1.1038670593927802,1.1038936435619933,1.1038943243990715,1.4524314029262194e-05,1.6413195622201536e-07,-2.6697078595816492e-05,-8.649696070506252e-07,False,False,False
categorical,alpha,beta,0.25,1.0,9,1070132,100,0.1,1.0,0.47670596512756436,0.6605892427546304,109.09260647936448,1.3716419738823627e-06,True,True,True,4.217838953598123,4.218265422317191,4.218258098538883,0.7320072408852983,0.7319724140211786,0.7319730339783239,3.0201236563582787e-05,4.384925611298076e-07,5.99872405757651e-05,-1.0224555921922729e-06,False,False,False
categorical,alpha,beta,0.25,1.0,10,1070133,100,0.1,1.0,0.5294210483984926,0.3426596562573476,109.8885591207573,1.5631940186722204e-07,True,True,True,7.932148019083553,7.932367126385903,7.9323650014614335,0.3856827086742974,0.38568216721887816,0.3856821679052652,3.711089268400571e-05,2.735302158260162e-07,2.673184947354912e-05,-2.670900585144409e-07,False,False,False
categorical,alpha,beta,0.25,1.0,11,1070134,100,0.1,1.0,0.2310023903660755,1.1821579947259675,105.86278787160093,2.2147475481876756e-07,True,True,True,5.010704229914819,5.011519168928714,5.011519682867598,0.9878880344253118,0.9878347333460089,0.9878346806151218,4.4367566124782684e-05,3.447049648465126e-08,0.00010130309952671723,4.1842838527372805e-08,False,False,False
categorical,alpha,beta,0.25,1.0,12,1070135,100,0.1,1.0,0.06062187373867803,1.7603300293518773,105.65108672494006,1.5253755401021872e-06,True,True,True,0.39278523349653177,0.39451978620397604,0.39450782699044584,3.2316546618388053,3.229992831239124,3.230004776801753,0.0005793387660057035,2.8252416471607767e-06,0.0024764971811066516,-1.65609650650822e-05,False,False,False
categorical,alpha,beta,0.25,1.0,13,1070136,100,0.1,1.0,0.2774231195485299,1.0552701482479079,108.41604448311992,3.2179415262416635e-07,True,True,True,2.204688617254925,2.204462064005172,2.204462158617099,1.2608212659531506,1.2608682149648534,1.2608681798193004,2.7584070941077484e-05,3.8025796088698875e-08,-4.8710526712625324e-05,2.4555646405133302e-09,False,False,False
categorical,alpha,beta,0.25,1.0,14,1070137,100,0.1,1.0,0.31434642368489685,0.7513561182799763,108.46954219363202,5.688781044809756e-07,True,True,True,4.273036746191745,4.273289502859758,4.273286471500136,0.7658764573585171,0.7658645399936803,0.7658648072508115,3.368713999738962e-05,1.567893507539257e-07,4.502772597447802e-05,-4.0168291093323205e-07,False,False,False
categorical,alpha,beta,0.25,1.0,15,1070138,100,0.1,1.0,0.2963412108092973,0.7770123492139014,108.46300480250801,4.5056477979664153e-07,True,True,True,5.052962214414605,5.053624895169364,5.053617771768033,1.014683440650442,1.01465316937255,1.014653720250866,6.28085378375955e-05,1.9621625308907711e-07,9.551194676760133e-05,-7.753416326750084e-07,False,False,False
categorical,alpha,beta,0.25,1.0,16,1070139,100,0.1,1.0,0.43595807644706297,1.0465765099602515,107.14088482874472,2.601727386741148e-07,True,True,True,2.6426430914635843,2.6428701381012414,2.6428696221072405,1.0464388335547647,1.0464015655438,1.0464016562305178,1.2768938162210158e-05,2.2242338213487594e-08,4.2915590213965515e-05,-9.083308327717532e-08,False,False,False
categorical,alpha,beta,0.25,1.0,17,1070140,100,0.1,1.0,0.41624062521190913,0.8188204024255306,107.61419030625031,5.296761304986684e-07,True,True,True,4.961964290743334,4.962080533097088,4.962083752326502,0.7683289193786987,0.7683138514981948,0.768313597397191,2.692447703381977e-05,1.2745361096972838e-07,6.435089176193287e-06,3.562212498309236e-07,False,False,False
categorical,alpha,beta,0.25,1.0,18,1070141,100,0.1,1.0,0.28071812592432827,0.9390636102074417,108.37849092216094,4.836390438425052e-07,True,True,True,4.177816976573337,4.1779837763183885,4.177984007151167,1.125871264395858,1.125870471324507,1.1258704367730237,3.9022911240071674e-05,4.140159385527648e-08,3.902671309674588e-05,1.5470931202798965e-08,False,False,False
categorical,alpha,beta,0.25,1.0,19,1070142,100,0.1,1.0,0.3671943053959324,1.0742192458980586,107.51825623538777,9.447795776638641e-08,True,True,True,3.319116299533374,3.319310363915065,3.3193061694888124,1.008420587033326,1.0083935273356448,1.0083940330946788,2.0101043602577972e-05,1.5798300794601877e-07,2.6631984340497183e-05,-6.813680784034659e-07,False,False,False
categorical,alpha,beta,0.25,3.0,0,1080123,100,0.1,1.0,0.27316910659748034,3.028221321186044,83.79461549821839,4.4085216630784926e-07,True,True,True,4.77259381577701,4.772408045814524,4.772407762503146,1.4500881289521255,1.4501016316143052,1.450101659880366,1.0430612427737196e-05,7.345779902822357e-09,-2.3406383846236167e-05,-2.6821950882549572e-08,False,False,False
categorical,alpha,beta,0.25,3.0,1,1080124,100,0.1,1.0,0.20919636399324618,3.187237223560406,90.16160798660246,9.458734258409641e-07,True,True,True,3.109524054933604,3.1093965670077557,3.109396009474325,2.046408597948376,2.0464731793372595,2.046473191576618,0.0001076620714111196,1.5152698696816436e-07,3.318683965858327e-05,-1.6521491374987818e-07,False,False,False
categorical,alpha,beta,0.25,3.0,2,1080125,100,0.1,1.0,0.33989892147288786,2.565658129311404,96.5259086865018,5.121975866466803e-07,True,True,True,2.650562255199959,2.650577226106555,2.6505763977541053,1.7925961523993947,1.792603171298497,1.79260329627644,2.2039603377937824e-05,2.5898532307026437e-08,1.3560358965492014e-05,-1.686316295490542e-07,False,False,False
categorical,alpha,beta,0.25,3.0,3,1080126,100,0.1,1.0,0.5754418953712022,1.8446693425173744,95.71911789873162,2.1661504737303402e-08,True,True,True,5.642384028315684,5.642155819827563,5.642156486665285,1.0781128103151774,1.0781299797284432,1.0781299216070683,6.750745959143267e-06,1.8621954104917383e-08,-2.062792827928206e-05,5.1273758572278894e-08,False,False,False
categorical,alpha,beta,0.25,3.0,4,1080127,100,0.1,1.0,0.40596922725373763,2.895189364756573,84.11424059687596,6.892657783172314e-07,True,True,True,4.339893774504318,4.3401757913319186,4.340175225514924,1.3493072008702014,1.3492726090807492,1.3492726504478796,1.538260502695665e-05,3.562411825887024e-08,2.507230408355099e-05,-8.274163576516003e-08,False,False,False
categorical,alpha,beta,0.25,3.0,5,1080128,100,0.1,1.0,0.19274160357363465,3.0681602949095694,93.18406082411289,1.2874911033969512e-06,True,True,True,2.940107897132339,2.940532659037112,2.940532468626625,1.9589305057139104,1.9589150446145829,1.9589150090309142,0.00010899359209678628,1.478159479818953e-07,0.00012655513191361933,-1.0572095732186426e-07,False,False,False
categorical,alpha,beta,0.25,3.0,6,1080129,100,0.1,1.0,0.3685168214266457,3.417036837293674,84.05488707411908,7.619169127094024e-07,True,True,True,3.1062575558335874,3.106463371385051,3.106463241534962,1.8619567267135564,1.8619268137942784,1.861926834709641,4.38587333908646e-06,6.512932149641799e-09,3.1799930198417314e-05,-1.7720267919685284e-08,False,False,False
categorical,alpha,beta,0.25,3.0,7,1080130,100,0.1,1.0,0.2778977444863081,3.723748271737497,69.01453744324013,2.427869239216502e-07,True,True,True,3.3381893052398235,3.3380070041106094,3.338006880093317,1.7013516268321616,1.7013948128624226,1.7013947921385144,4.5151055572513024e-05,8.524878427920991e-08,-4.953531089313401e-06,-6.101237204347854e-08,False,False,False
categorical,alpha,beta,0.25,3.0,8,1080131,100,0.1,1.0,0.35153264489483443,1.9493239602655892,99.19262246759403,3.007744250327246e-07,True,True,True,4.081602821944297,4.081848733631559,4.081848579612773,1.1068130744663542,1.106777664091648,1.1067776473739541,2.7661166245928792e-05,7.681384927973205e-08,1.9422308795924437e-05,-5.6979573059834365e-08,False,False,False
categorical,alpha,beta,0.25,3.0,9,1080132,100,0.1,1.0,0.3573052440003241,2.8775413510849797,90.33650297233204,1.1379405192777171e-07,True,True,True,3.3894673835806697,3.389765289553989,3.3897648856410965,1.7558285760586765,1.755796153723119,1.7557962016209843,1.3330789388372913e-05,1.011268545796981e-08,5.049620958175183e-05,-6.401215557616524e-08,False,False,False
categorical,alpha,beta,0.25,3.0,10,1080133,100,0.1,1.0,0.4095747644890331,3.210152227511914,77.62497732519523,1.7176148325574323e-07,True,True,True,2.9566927648201795,2.9566142535178295,2.9566140723713663,1.6951565364437224,1.6951795567259915,1.6951795695427423,2.6582079030019535e-05,3.2954394518255466e-08,-9.754293728292396e-08,-4.651238327824103e-08,False,False,False
categorical,alpha,beta,0.25,3.0,11,1080134,100,0.1,1.0,0.3255983647486593,2.351263406189756,86.38776460352656,3.7967896220977593e-07,True,True,True,6.923011511505864,6.92311148540299,6.923111226800603,1.3208864154565567,1.3209004662617656,1.3209004672273272,4.702756547721527e-05,3.6455464003727706e-08,3.058105166076075e-05,-3.6241843304196664e-08,False,False,False
categorical,alpha,beta,0.25,3.0,12,1080135,100,0.1,1.0,0.2720668731107405,2.2112781223576503,100.80942604134114,9.066139890995579e-08,True,True,True,2.4627483519318822,2.4632656249002847,2.463264722527773,1.7167493535621874,1.7166680031534152,1.7166681470515315,2.3406167407889887e-05,3.825359225120958e-08,0.00011615806813836116,-2.0066302397481195e-07,False,False,False
categorical,alpha,beta,0.25,3.0,13,1080136,100,0.1,1.0,0.29495017680397606,2.9862631828227197,87.61076330967795,6.543225804439487e-07,True,True,True,2.4631775274245453,2.4635730645473233,2.4635719521662223,1.561862130088274,1.561811695721281,1.561811849482958,4.520143432250644e-05,1.0048073139241343e-07,0.00010222792118952384,-2.7450703043996327e-07,False,False,False
categorical,alpha,beta,0.25,3.0,14,1080137,100,0.1,1.0,0.2412280086704705,3.5236450692619923,76.81510122534714,2.274094399099891e-07,True,True,True,3.9123131796095723,3.912229898387987,3.9122300042292046,1.5898931418286653,1.589898063368388,1.5898980428056784,1.0364744127176667e-05,2.068558432696967e-08,-1.561766600843839e-05,3.3802365351220942e-09,False,False,False
categorical,alpha,beta,0.25,3.0,15,1080138,100,0.1,1.0,0.24487606638896794,2.8737296902518317,81.51051956544063,3.1288313893420935e-07,True,True,True,5.142082676489048,5.142577990321552,5.142577045645873,1.5721817559743934,1.5721842010291354,1.5721842050894677,0.00010198003520706798,1.752360904823646e-07,9.895684070215793e-05,-1.7902230808886088e-07,False,False,False
categorical,alpha,beta,0.25,3.0,16,1080139,100,0.1,1.0,0.3950387576655821,3.28435966470539,75.52366680077519,7.265017061338254e-08,True,True,True,3.6402434139124185,3.6403455609936404,3.640345077696109,1.5496823012335001,1.5496643697639858,1.5496644141287645,1.3277852803377299e-05,3.1020513305681635e-08,7.334062985364653e-06,-8.168461818058859e-08,False,False,False
categorical,alpha,beta,0.25,3.0,17,1080140,100,0.1,1.0,0.32197047836654424,2.565637601059337,82.87990338973131,2.749889642184192e-06,True,True,True,6.747745984472709,6.747664255696258,6.747663355081342,1.3710801193777633,1.371100171781375,1.3711002129586791,3.400428275195804e-05,3.909623386749061e-08,1.088803453797027e-05,-8.606350831996679e-08,False,False,False
categorical,alpha,beta,0.25,3.0,18,1080141,100,0.1,1.0,0.22268848456190496,2.941788984932348,98.40443124831992,7.105427357601002e-09,True,True,True,2.1153774590708916,2.115377977906771,2.1153775853979058,2.062759348575128,2.062786046777358,2.0627861137203802,6.194723071874276e-05,3.318198995102849e-08,3.0874230660060675e-05,-1.0847924158952083e-07,False,False,False
categorical,alpha,beta,0.25,3.0,19,1080142,100,0.1,1.0,0.2648672589194926,2.598308921893933,99.4891088989427,5.013409655434569e-07,True,True,True,2.516809147576297,2.5169942437040977,2.5169945599275896,2.03600986326395,2.0360043432807773,2.0360042744480915,6.10205912237201e-05,3.425585714771362e-08,6.723253565610321e-05,4.638879147478292e-08,False,False,False
categorical,alpha,beta,0.25,8.0,0,1090123,100,0.1,1.0,0.3903091087145266,5.5412308529856995,13.617715524123463,1.5979510166480152e-07,True,True,True,1.5626437645004425,1.562700997830427,1.5627009559082816,1.5979019191407247,1.5978867293724348,1.5978867297318122,2.200199462652465e-06,2.6195963508219328e-08,1.911101055718234e-05,-2.6412974918343934e-08,False,False,False
categorical,alpha,beta,0.25,8.0,1,1090124,100,0.1,1.0,0.2300091659252157,6.937192451153583,7.330884412197163,5.246697300734032e-07,True,True,True,0.9189428137141432,0.9189663653681995,0.9189663315584445,2.0402703879541004,2.0402810423734383,2.0402810160455047,5.007905262821173e-05,9.756730604073939e-08,3.782799767027001e-05,-6.710222333339289e-08,False,False,False
categorical,alpha,beta,0.25,8.0,2,1090125,100,0.1,1.0,0.32310245858232234,7.3560961678120105,27.172451230059057,8.914527573132911e-07,True,True,True,0.9504606546590882,0.9503523016082249,0.95035230820625,2.747930564851962,2.7479909454842724,2.7479909319617266,2.5030316897305085e-05,2.419626102069548e-08,-4.449991649835283e-05,-8.625693936892276e-09,False,False,False
categorical,alpha,beta,0.25,8.0,3,1090126,100,0.1,1.0,0.32232078553127463,5.706942047068155,28.303702134083288,1.7302838735926061e-07,True,True,True,1.7099081477929852,1.7100052881050234,1.7100052725321848,1.9603538063867445,1.960358746749233,1.9603587296570388,6.813513384907042e-05,4.852100679775814e-08,6.246765542883281e-05,-2.8785013483911825e-08,False,False,False
categorical,alpha,beta,0.25,8.0,4,1090127,100,0.1,1.0,0.30238444806642467,5.64946341325116,49.01718063343158,6.731172903102857e-07,True,True,True,1.6407835791366134,1.6406254445387183,1.6406254983382034,2.389319194277561,2.38937121519315,2.3893711880296222,2.343317622011386e-05,2.975696233270122e-08,-3.6489320237365064e-05,1.5188916790975782e-09,False,False,False
categorical,alpha,beta,0.25,8.0,5,1090128,100,0.1,1.0,0.3187366086585586,5.882308410812924,19.956744511020315,3.057521706583364e-07,True,True,True,1.3663720388530414,1.366361083854513,1.3663610628465117,1.7746410277811797,1.7746588274654362,1.7746588145577682,3.292604566372988e-05,4.5108991495351086e-08,1.244479500428497e-05,-3.023564687509861e-08,False,False,False
categorical,alpha,beta,0.25,8.0,6,1090129,100,0.1,1.0,0.31477093200824224,6.712903799747511,10.7142981711292,8.983485476145837e-08,True,True,True,0.9393349402981387,0.9392912997993454,0.9392912886966855,1.776571894687563,1.776597417665561,1.7765974043278678,1.2302444500000711e-05,4.2591732436150356e-08,-1.710277347477529e-05,-2.717583846845173e-08,False,False,False
categorical,alpha,beta,0.25,8.0,7,1090130,100,0.1,1.0,0.3129878149955571,6.3525325091432,35.002283147180094,7.933647085387331e-07,True,True,True,1.41200191860742,1.4120475246319422,1.4120475421519543,2.450970063282619,2.4509735212266484,2.450973513479976,4.028278798905575e-05,5.763250506043448e-09,3.628291276669415e-05,3.488835886855668e-09,False,False,False
categorical,alpha,beta,0.25,8.0,8,1090131,100,0.1,1.0,0.43364528439900374,6.2573528030235535,22.14386538272796,1.0947688948891978e-07,True,True,True,1.2011411730317147,1.2011308523205384,1.2011308462954609,1.9500217679478524,1.9500279229488335,1.9500279226236314,5.578426954704059e-06,5.896175533808201e-09,-1.5116421820948744e-06,-5.390575097408146e-09,False,False,False
categorical,alpha,beta,0.25,8.0,9,1090132,100,0.1,1.0,0.2833450150984138,6.135236903012417,33.85084433497323,7.499626933969193e-07,True,True,True,1.4786357941979844,1.4786582262025891,1.4786581668319831,2.6264885364203527,2.626496598307587,2.6264966101107294,3.3738875167593995e-05,1.3323521989580142e-08,2.442565646276762e-05,-2.6562808841390506e-08,False,False,False
categorical,alpha,beta,0.25,8.0,10,1090133,100,0.1,1.0,0.33583934172778446,5.9607046168688465,18.3924003580273,1.6819425894325302e-07,True,True,True,1.3727288288982369,1.3726916282384607,1.3726915869012224,1.6554222407919517,1.655436970263431,1.6554369739862476,6.921983038607836e-06,2.177366605536515e-08,-1.0168052089198909e-05,-2.5827951333212695e-08,False,False,False
categorical,alpha,beta,0.25,8.0,11,1090134,100,0.1,1.0,0.32090509306156767,6.6092801600996385,7.321237455004564,3.087226016848437e-08,True,True,True,0.929211914784583,0.9292103944662982,0.9292103892803978,1.8633148931488404,1.863322834512408,1.8633228253737233,1.6626027478744113e-05,2.67211578450743e-08,7.490591757530751e-06,-1.6102275957052825e-08,False,False,False
categorical,alpha,beta,0.25,8.0,12,1090135,100,0.1,1.0,0.2550173492166701,6.594938355644464,48.57936918385608,6.738865668589976e-07,True,True,True,1.4123863171103734,1.4125167773142748,1.4125167669838474,2.380394508156037,2.3803869966911315,2.3803869540249405,7.49713455489459e-05,1.0560191421395626e-07,8.366004641402469e-05,-5.643475731176295e-08,False,False,False
categorical,alpha,beta,0.25,8.0,13,1090136,100,0.1,1.0,0.15338921182481133,6.088985851277133,45.78422762682381,1.6946613996569068e-06,True,True,True,1.513073117377998,1.513136562160361,1.5131365699632053,2.4904741480881536,2.490480724295273,2.490480660379636,5.694002483409976e-05,1.420200703203487e-07,4.9432905292690066e-05,-6.84288607999406e-08,False,False,False
categorical,alpha,beta,0.25,8.0,14,1090137,100,0.1,1.0,0.26480066164948773,6.4899006241756165,38.724958517500255,1.0169728916562811e-06,True,True,True,1.524367971038165,1.5243074447060474,1.524307383045613,2.1873771981664203,2.187438128092115,2.187438082085117,0.0001004397781352087,1.4639461933076634e-07,3.0348108040811894e-05,-9.34189543499997e-08,False,False,False
categorical,alpha,beta,0.25,8.0,15,1090138,100,0.1,1.0,0.3296573022205456,7.1538350549870335,31.987164980412288,1.3680674591733363e-07,True,True,True,1.198654724265587,1.1985090420854063,1.1985090467807442,2.06578474898171,2.065858239225991,2.065858208016447,4.761757584915575e-05,6.794359647482546e-08,-3.6968698196915284e-05,-3.201366638450054e-08,False,False,False
categorical,alpha,beta,0.25,8.0,16,1090139,100,0.1,1.0,0.21103182897303668,6.674494243246344,20.762877461939055,4.139079144213073e-07,True,True,True,1.1898160093798136,1.189806840226342,1.1898067986026462,2.1406898730291593,2.140697980671808,2.1406979636366037,1.0980351008700424e-05,7.49822911369815e-08,1.573280282940459e-06,-5.459607876900918e-08,False,False,False
categorical,alpha,beta,0.25,8.0,17,1090140,100,0.1,1.0,0.33539615176409454,5.942161855280321,20.581657536878772,6.445620698845474e-08,True,True,True,1.5133652508992887,1.5135433454785048,1.5135433069433193,1.8229999839548618,1.8229587394011875,1.8229587316791112,2.2750427569544736e-05,4.336019713777335e-08,7.01553389212961e-05,-3.4350616573419757e-08,False,False,False
categorical,alpha,beta,0.25,8.0,18,1090141,100,0.1,1.0,0.30858931476563806,7.0878913244248505,25.865237206580236,2.9427780903825196e-07,True,True,True,1.168819830530919,1.1686487867235102,1.1686487873103568,2.424577945487827,2.4246774871024845,2.42467745432318,8.277931707620492e-05,7.497591610015293e-08,-3.17853252091993e-05,-3.723641128772215e-08,False,False,False
categorical,alpha,beta,0.25,8.0,19,1090142,100,0.1,1.0,0.3321485043607341,7.581809997579105,22.64689110997849,1.5845103700316714e-06,True,True,True,0.8939467321765986,0.8939878771313364,0.8939878673295714,2.670242515060701,2.6702557987222844,2.6702557743101427,7.655273259637933e-05,6.722218826795174e-08,6.127943350264786e-05,-3.906960799326953e-08,False,False,False
categorical,alpha,beta,0.5,0.25,0,1100123,100,0.1,1.0,0.4902017231174197,0.1,110.43607053516173,1.1526444865241119,True,True,True,7.730958750884054,7.731170406532741,7.731168023086299,0.3503556834216502,0.3503544846313517,0.3503545459955343,2.6265938792156497e-05,2.0133893595535912e-07,2.5759495926536147e-05,-2.376424248495823e-07,False,False,False
categorical,alpha,beta,0.5,0.25,1,1100124,100,0.1,1.0,0.5098710069994236,0.20927246222583878,110.21784389111178,9.947598300641403e-08,True,True,True,6.482428005519249,6.482197268912137,6.482192357648685,0.40955793823282943,0.40957882370385973,0.40957908260120973,2.095857676600171e-05,3.1443088078519515e-07,-1.2009098412590902e-05,-4.595878095869921e-07,False,False,False
categorical,alpha,beta,0.5,0.25,2,1100125,100,0.1,1.0,0.5195086070111152,0.10219370597775419,110.31080614539366,2.4469919932418187e-07,True,True,True,9.539836547308616,9.539505444716703,9.53950689560724,0.2755176651279764,0.27553328722070797,0.2755332834541238,4.0963647194904874e-05,1.5347429456280373e-07,-1.6574612303088543e-05,1.4775638135233748e-07,False,False,False
categorical,alpha,beta,0.5,0.25,3,1100126,100,0.1,1.0,0.48713889096042123,0.1,110.36272801045737,0.32222359891420765,True,True,True,5.576493419023523,5.576968435313787,5.576964290395707,0.4354150886825215,0.4353824307509491,0.4353826406515752,3.831773996091338e-05,3.606983421309508e-07,4.707787252300477e-05,-5.015639032990293e-07,False,False,False
categorical,alpha,beta,0.5,0.25,4,1100127,100,0.1,1.0,0.5039004291023993,0.25899699850099067,110.06154929229626,1.034565839472708e-07,True,True,True,8.782316025762457,8.782306357026545,8.782306273962991,0.3674518721541164,0.3674389256686122,0.3674388348804889,3.912415097220967e-05,2.0245924323809875e-07,-1.6120106977268733e-05,-1.1398175558952062e-07,False,False,False
categorical,alpha,beta,0.5,0.25,5,1100128,100,0.1,1.0,0.7845367219363769,0.7445279966055484,106.87870901061589,3.231993280094275e-07,True,True,True,14.591566498742267,14.59163244462411,14.59163579280102,0.24223898238842187,0.24222514486082283,0.24222512691410758,3.139654854115274e-05,2.0001709076460231e-07,-1.1202804017784729e-05,2.0879674877960497e-07,False,False,False
categorical,alpha,beta,0.5,0.25,6,1100129,100,0.1,1.0,0.5773018599747116,0.7511551664106151,108.06028451976157,7.944109290391274e-08,True,True,True,7.854279305259652,7.854799130980285,7.854797799063557,0.5152174413480307,0.5151889678988509,0.5151890370645635,2.0038553154989753e-05,5.1341014461539545e-08,3.3310360805671735e-05,-8.993730205020256e-08,False,False,False
categorical,alpha,beta,0.5,0.25,7,1100130,100,0.1,1.0,0.47411736549147954,0.1,110.3556083249613,0.2593249632809793,True,True,True,5.329893831915457,5.330131396546881,5.330130599618776,0.5394579865054172,0.5394542051746154,0.5394542693920484,4.032013729256368e-05,4.153368934437838e-08,4.014212122172012e-05,-7.558072923075088e-08,False,False,False
categorical,alpha,beta,0.5,0.25,8,1100131,100,0.1,1.0,0.3206865092584913,0.7071603155611652,108.63673896875244,1.464821375527116e-07,True,True,True,5.8250335978585275,5.82515559521809,5.825154273473364,0.7378081339440221,0.7378071603808424,0.7378072490849469,2.3219596094612316e-05,4.766959435860621e-08,1.9697778014915457e-05,-1.2477855193537835e-07,False,False,False
categorical,alpha,beta,0.5,0.25,9,1100132,100,0.1,1.0,0.4925637416922768,0.1,110.62245589325848,2.9642049526046335,True,True,True,6.716808414382206,6.71715557800734,6.717154955648996,0.34950618666599614,0.34948434462815187,0.3494843530546966,3.954799894218791e-05,7.808258695684589e-08,2.645493961495049e-05,-8.295064901631122e-08,False,False,False
categorical,alpha,beta,0.5,0.25,10,1100133,100,0.1,1.0,0.5121940770753056,1.32177324408189,99.83577563469842,4.022370170819198e-08,True,True,True,9.719385395084517,9.719503143595288,9.719501207956583,0.5395407840858771,0.5395334698472511,0.5395335460099998,5.652871077209962e-06,6.664596033339942e-08,3.5824441795284656e-06,-1.1146437373099616e-07,False,False,False
categorical,alpha,beta,0.5,0.25,11,1100134,100,0.1,1.0,0.5658387771277473,0.2790825746328681,110.05374278544954,4.618527782440651e-07,True,True,True,8.413052768449761,8.412955337470265,8.412947790855359,0.3441528047063395,0.3441578528985696,0.34415812944119234,1.2847760962394235e-05,4.396102653729101e-07,-6.3476934855088984e-06,-5.786420018694116e-07,False,False,False
categorical,alpha,beta,0.5,0.25,12,1100135,100,0.1,1.0,0.4791684825409667,0.12591202711695884,110.29931724548594,8.101433657963767e-08,True,True,True,6.930644575169807,6.930623375748547,6.930620604863211,0.39614726071287126,0.39614797815108604,0.39614811504925446,1.1501518497237779e-05,1.6866996136573216e-07,-2.4750118683414257e-06,-2.421934226504163e-07,False,False,False
categorical,alpha,beta,0.5,0.25,13,1100136,100,0.1,1.0,0.5071547727738275,0.1,110.32494412832874,0.06518871487064781,True,True,True,8.625355831336165,8.624965740192373,8.624967043162538,0.2731855756285881,0.2732110347297183,0.27321092523634405,2.6464512501953327e-05,1.1563604665132691e-07,-1.5891231541331763e-05,2.501067797311407e-08,False,False,False
categorical,alpha,beta,0.5,0.25,14,1100137,100,0.1,1.0,0.47065339811058743,0.7059574831933259,108.68851128160595,6.998034366600411e-08,True,True,True,5.717309725326641,5.717829793699412,5.717825791621294,0.6770390279409514,0.676997822347716,0.6769980062298984,2.089197416738642e-05,3.1279063691846426e-07,4.303177006192982e-05,-4.882276130047103e-07,False,False,False
categorical,alpha,beta,0.5,0.25,15,1100138,100,0.1,1.0,0.47968727876190637,0.4077568928615592,109.79240212967805,2.7037995082594717e-07,True,True,True,6.147913414769306,6.147889701032141,6.147887854459801,0.5296823671082311,0.529688391219222,0.5296884550599441,1.385034989068203e-05,1.7022058704676293e-07,2.8514463110695942e-06,-2.2685942724365304e-07,False,False,False
categorical,alpha,beta,0.5,0.25,16,1100139,100,0.1,1.0,0.48291043519160004,0.15309607393637517,110.25685770984323,1.0491037770232055e-07,True,True,True,8.227223012294171,8.227274155491948,8.227271386350566,0.3365642092579809,0.3365735370136852,0.33657367991587284,2.5932576606675464e-05,1.4196243498713074e-07,1.6783235651018913e-05,-1.7205849189849687e-07,False,False,False
categorical,alpha,beta,0.5,0.25,17,1100140,100,0.1,1.0,0.5077772303724761,0.1,110.48172648447287,1.5934370196646341,True,True,True,7.804832241073201,7.8048706796614695,7.804870064872394,0.29540358391908655,0.2954019237193929,0.2954019482292201,9.636529398490261e-06,4.161799685262848e-08,2.963033409741911e-06,-5.055194662872964e-08,False,False,False
categorical,alpha,beta,0.5,0.25,18,1100141,100,0.1,1.0,0.44309668301553445,0.2107948226160764,110.21503310801945,2.1090076642815106e-07,True,True,True,5.584246700765591,5.584199721793021,5.584195893818162,0.6172229153363948,0.6172235821475404,0.6172238361279034,1.4304048170571812e-05,1.903506019810487e-07,-8.038204398985727e-06,-3.930956040676392e-07,False,False,False
categorical,alpha,beta,0.5,0.25,19,1100142,100,0.1,1.0,0.44815896028067176,0.3222273164367925,109.84988799655473,4.019436694230464e-08,True,True,True,8.117574755705524,8.117620174824548,8.11762036261179,0.35809380630816146,0.3580793440166901,0.35807935304704847,2.5967021724954955e-05,8.174632231864784e-08,-1.102165545319167e-05,3.3529872212056944e-08,False,False,False
categorical,alpha,beta,0.5,0.5,0,1110123,100,0.1,1.0,0.3591333317966561,1.633091610308109,100.94984104614063,2.779618065228493e-07,True,True,True,5.507152336463096,5.507405914908274,5.507405913263677,1.11963088429737,1.1196176210095585,1.1196176013623036,1.681411233533349e-05,4.884375201566478e-08,3.075139059660614e-05,-2.291835698997602e-08,False,False,False
categorical,alpha,beta,0.5,0.5,1,1110124,100,0.1,1.0,0.4096852443110393,1.2992571871423577,104.95790294508028,5.547384057534187e-07,True,True,True,5.30291934388135,5.303608688365063,5.303605423358424,1.1804141414753684,1.1803620413921951,1.1803622738670267,1.3407157079024374e-05,9.014152571905196e-08,6.965453471252658e-05,-3.479734687061864e-07,False,False,False
categorical,alpha,beta,0.5,0.5,2,1110125,100,0.1,1.0,0.5674922348606954,0.6740784480574838,108.27984911597851,1.2409095402129098e-07,True,True,True,8.933417091506413,8.933492508611963,8.933491194295824,0.48998522552359847,0.4899816246668302,0.48998167686005495,2.556779553403083e-06,5.3443507993420136e-08,4.209426307966169e-06,-8.703266018983413e-08,False,False,False
categorical,alpha,beta,0.5,0.5,3,1110126,100,0.1,1.0,0.6675044647952174,0.5387824975817109,108.6451641913258,2.009718347115232e-07,True,True,True,12.91972862604325,12.920132785712692,12.920132520990427,0.13809435160911213,0.13807817997242153,0.13807810716953478,1.9756033583126384e-05,1.5315589264286087e-07,1.2559284613189448e-05,-1.043065509520602e-07,False,False,False
categorical,alpha,beta,0.5,0.5,4,1110127,100,0.1,1.0,0.502559544066327,1.0111135529517326,105.7918711131784,1.950376326098696e-07,True,True,True,7.861095985227589,7.861594080062974,7.861588070303832,0.7216496805236112,0.7216296826243046,0.7216299706791539,2.0771160895955303e-05,1.7923022777135905e-07,3.99037591449769e-05,-4.328102534145728e-07,False,False,False
categorical,alpha,beta,0.5,0.5,5,1110128,100,0.1,1.0,0.34305359707358646,0.4634885800868785,109.52915545099076,1.4785436552731435e-07,True,True,True,5.8957848194684335,5.895751671076578,5.895747327364692,0.5730685080433755,0.5730681892577468,0.5730684416396478,1.2337483245566514e-05,2.4881854410691063e-07,-6.435607403432186e-06,-4.461877267658565e-07,False,False,False
categorical,alpha,beta,0.5,0.5,6,1110129,100,0.1,1.0,0.63066583369223,0.6441618691091469,108.13912670351209,2.258140139882514e-07,True,True,True,10.735104756367216,10.735430416537216,10.735428593344533,0.22838016098206906,0.22834866549990027,0.22834865335249993,3.9818212701023655e-05,1.912928479792391e-07,-6.1087857261554745e-06,-1.8381471988959674e-07,False,False,False
categorical,alpha,beta,0.5,0.5,7,1110130,100,0.1,1.0,0.5618054053753182,0.6824174104028157,107.70038095716482,1.1718571004216928e-07,True,True,True,10.931036763753422,10.93112771204079,10.931127569956672,0.48277486870959907,0.4827672613191872,0.48276721616723867,9.25232415676502e-06,1.1625145425937714e-07,-5.031591285842296e-07,-6.49812221809043e-08,False,False,False
categorical,alpha,beta,0.5,0.5,8,1110131,100,0.1,1.0,0.4844648480523906,0.1,110.46607923571003,1.3912189871234726,True,True,True,6.282771250246453,6.282931769551369,6.282925519929354,0.4431928994376728,0.44317929157665725,0.44317964988867414,1.3860046176622126e-05,3.8144530851859385e-07,9.299992257183476e-06,-5.82176909347254e-07,False,False,False
categorical,alpha,beta,0.5,0.5,9,1110132,100,0.1,1.0,0.48209839356456635,0.2707225542364831,110.04105501629478,1.2100106776761095e-07,True,True,True,7.86487154400057,7.865170557734017,7.865169610671056,0.37109197150580575,0.3710762480272984,0.3710761876970755,2.1202927807825056e-05,2.4408399944865424e-07,1.9725979697682305e-05,-1.8987000771630846e-07,False,False,False
categorical,alpha,beta,0.5,0.5,10,1110133,100,0.1,1.0,0.5134070423791338,0.7986607005070375,108.18322178636873,4.14314051144892e-08,True,True,True,5.3277709723649425,5.327790057941504,5.327796493951566,0.7190992423248127,0.7190960402554295,0.7190955511212757,1.629698873801954e-05,2.4342173275518353e-07,5.406268996921426e-07,6.448702123407202e-07,False,False,False
categorical,alpha,beta,0.5,0.5,11,1110134,100,0.1,1.0,0.4914415411108972,0.3062748156886851,110.09169661023692,1.1457157353758234e-07,True,True,True,5.523994792224747,5.523907908204134,5.523909854937659,0.6441657325346863,0.6441864080280726,0.6441861979777357,3.1271362430898206e-05,1.5152231372851268e-07,8.185531712001648e-06,1.1059017879233579e-07,False,False,False
categorical,alpha,beta,0.5,0.5,12,1110135,100,0.1,1.0,0.5115366497037239,0.24692497656071308,110.06102258950229,1.9652641023440268e-07,True,True,True,9.667001235010328,9.666727325229083,9.666728438576232,0.19936071974949418,0.19937277318463933,0.19937272419137403,2.680262965802965e-05,8.447690711114595e-08,-1.4399117802099681e-05,5.876752595668222e-08,False,False,False
categorical,alpha,beta,0.5,0.5,13,1110136,100,0.1,1.0,0.48014010815814173,0.16881244379289675,110.21946388706404,2.828816894491749e-07,True,True,True,9.109554536834242,9.109576830434648,9.109572451867034,0.29272846465480923,0.2927383234990316,0.292738453935297,2.2469771234452235e-05,2.783509946610345e-07,1.346720230799292e-05,-3.3048524983314564e-07,False,False,False
categorical,alpha,beta,0.5,0.5,14,1110137,100,0.1,1.0,0.37556832679985963,0.5756516043184013,109.51927998989997,3.8263897345803627e-07,True,True,True,2.9901645578884493,2.9903808350568073,2.990382628049045,0.8106223393240299,0.8105863891179994,0.8105862279580831,2.9237762916772767e-05,2.444296922374283e-07,3.1351744681273885e-05,4.140441944855411e-07,False,False,False
categorical,alpha,beta,0.5,0.5,15,1110138,100,0.1,1.0,0.5633500166911266,0.17940899027085885,110.23201183012638,3.2785214884425296e-07,True,True,True,7.457545599049316,7.458318836216964,7.458314875517694,0.38570198061738153,0.3856573576329764,0.38565748354684354,4.001700539365216e-05,3.0291991716928767e-07,5.19196428996338e-05,-3.860809556499589e-07,False,False,False
categorical,alpha,beta,0.5,0.5,16,1110139,100,0.1,1.0,0.5394200313400882,0.5282116416662708,109.15950971586052,3.5105413550796886e-07,True,True,True,7.769608565125634,7.769319058618987,7.769319913923426,0.42307731243072827,0.4230923473226953,0.4230922958198289,2.713755628686397e-05,5.3585285313371884e-08,-1.9901744408912236e-05,5.079256482076744e-08,False,False,False
categorical,alpha,beta,0.5,0.5,17,1110140,100,0.1,1.0,0.625796993236824,1.0662243903627389,104.4439736394194,6.145986676069305e-07,True,True,True,7.360829535158374,7.360730539707825,7.360729161321814,0.5506947764246054,0.5506954573511291,0.550695535918607,1.2024708286623878e-05,5.1168045161521126e-08,-1.2761905807678886e-05,-9.680798029876314e-08,False,False,False
categorical,alpha,beta,0.5,0.5,18,1110141,100,0.1,1.0,0.5292613242138844,1.0177193711489976,106.2010191347886,2.5482568559437636e-08,True,True,True,6.908039628219303,6.908292217984291,6.908289330023632,0.8545674756593827,0.8545541986336042,0.8545543466987101,9.811840257371514e-06,1.0354716510125052e-07,2.1030622818329903e-05,-2.475764659948254e-07,False,False,False
categorical,alpha,beta,0.5,0.5,19,1110142,100,0.1,1.0,0.5574453521286447,0.44903974322064877,109.21544418004686,4.2945240569058497e-07,True,True,True,11.498684266987707,11.498468101273595,11.498462466318696,0.11587526969274084,0.1159009897242997,0.11590102378701948,3.649312551121707e-05,4.4307931737134356e-07,1.0361089138655188e-05,-4.5084532018790924e-07,False,False,False
categorical,alpha,beta,0.5,1.0,0,1120123,100,0.1,1.0,0.5056368283305794,1.0451357293878434,105.66521079203991,1.1965664048856086e-07,True,True,True,7.2319986289358615,7.231750027893118,7.231748659242856,0.5699829583954724,0.5700018052113541,0.570001820887314,2.7085071544571173e-05,1.7545015960557548e-07,-1.2848751040905881e-05,-1.712081427740486e-07,False,False,False
categorical,alpha,beta,0.5,1.0,1,1120124,100,0.1,1.0,0.2828841783002599,1.878033137089752,100.70922438658347,5.613742383987777e-07,True,True,True,4.369079258526349,4.369654037412374,4.36965294312793,1.3687690610388854,1.3687272627748992,1.3687273309197068,3.6736130757838546e-05,9.642782179915041e-08,8.3253411432338e-05,-1.7197358204157354e-07,False,False,False
categorical,alpha,beta,0.5,1.0,2,1120125,100,0.1,1.0,0.6611144114761329,0.8773498171667673,106.67770965278353,2.3490934004849663e-07,True,True,True,9.04675243580793,9.046865576881572,9.046865963668417,0.5683491175951014,0.5683402281519652,0.5683401884276293,1.5731323471359882e-05,6.19956501322079e-08,2.268855453735341e-06,-2.980641511385329e-09,False,False,False
categorical,alpha,beta,0.5,1.0,3,1120126,100,0.1,1.0,0.3586974583396056,0.914530844677595,106.85782368231206,7.034014214903312e-08,True,True,True,6.793555527126318,6.793865713003292,6.793862126003237,0.6759929862449704,0.6759853162251859,0.675985520468168,2.892419903925629e-05,1.226975462387813e-07,3.6534529826326434e-05,-2.928330076201746e-07,False,False,False
categorical,alpha,beta,0.5,1.0,4,1120127,100,0.1,1.0,0.4880996857169656,1.05167685740621,107.03195549579267,3.5233642148607576e-07,True,True,True,5.334664974661476,5.334557713114339,5.334556615432623,0.9193301439794311,0.9193335164670513,0.919333560986974,1.6338460962235158e-05,1.0838560064911537e-07,-1.6378514771986374e-05,-1.5451264800958597e-07,False,False,False
categorical,alpha,beta,0.5,1.0,5,1120128,100,0.1,1.0,0.5380147574790268,0.9257702070841876,107.00174012457578,9.108537096327823e-07,True,True,True,5.329048816410759,5.329242873592204,5.32923959221599,0.6270702166144391,0.6270462416309884,0.6270464061932862,2.0322898971388046e-05,2.7296117501810925e-07,8.38582150208822e-06,-4.262711144065179e-07,False,False,False
categorical,alpha,beta,0.5,1.0,6,1120129,100,0.1,1.0,0.6373629388676078,1.2103674226686205,102.85257725192528,1.3080442832549847e-06,True,True,True,9.234163622553734,9.234565620995264,9.234560888285895,0.6868827099291971,0.6868632880710533,0.6868634392814269,1.432722992310784e-05,1.9160257945797926e-07,2.0834222397070334e-05,-3.3841216406926833e-07,False,False,False
categorical,alpha,beta,0.5,1.0,7,1120130,100,0.1,1.0,0.6041982291697768,0.6670233016480474,108.08853446674654,3.527757026889279e-07,True,True,True,10.072897972196458,10.073194270697016,10.07318832812268,0.3272165652297933,0.32719884389311577,0.3271990330222879,1.6310269067104105e-05,2.951296299174578e-07,8.640345598109889e-06,-3.7219658111098397e-07,False,False,False
categorical,alpha,beta,0.5,1.0,8,1120131,100,0.1,1.0,0.6522209084489342,1.020606835488237,106.87164056368763,2.0656678176185992e-07,True,True,True,6.171924943254569,6.171711479349042,6.171710614786999,0.6997485482541714,0.6997635151193938,0.6997636002432752,1.2818304210345706e-05,1.0142131158230504e-07,-1.7397716888467585e-05,-4.208217774248624e-08,False,False,False
categorical,alpha,beta,0.5,1.0,9,1120132,100,0.1,1.0,0.48465864778152734,0.9874124826675712,106.24287468209175,1.6030574802071098e-07,True,True,True,6.477623916168374,6.477818572269266,6.477814934655841,0.5894322855649865,0.5894239192228381,0.5894241699084561,1.5669949083338936e-05,1.4175347643088256e-07,2.0145044999253514e-05,-2.7293680204820703e-07,False,False,False
categorical,alpha,beta,0.5,1.0,10,1120133,100,0.1,1.0,0.5720255954106143,0.975927556999491,105.70548963808811,2.7856537746959956e-07,True,True,True,9.121642344213187,9.121591765145217,9.121587728285743,0.7073579969988633,0.7073626827008711,0.707362818455572,7.224251083458211e-06,1.533888572971562e-07,-4.366210504258561e-07,-2.8626757853089657e-07,False,False,False
categorical,alpha,beta,0.5,1.0,11,1120134,100,0.1,1.0,0.45113833210499016,0.7134882390511282,108.01813477513821,1.3274033742241474e-07,True,True,True,8.101582088535865,8.101754096854863,8.10175557515965,0.6228808602435147,0.6228650855487139,0.6228650059126094,1.8932493812752412e-05,4.3896594162932004e-08,3.160716872230296e-06,9.07827768514835e-08,False,False,False
categorical,alpha,beta,0.5,1.0,12,1120135,100,0.1,1.0,0.4388072824837426,1.181807565676402,104.57189159548803,4.207694424574123e-07,True,True,True,6.045783720641493,6.045691203406961,6.045688698143217,0.8580761403222983,0.8580836125118331,0.8580837726614499,5.919805938364182e-06,7.539093599780826e-08,-6.930219768719326e-06,-2.3000933424555114e-07,False,False,False
categorical,alpha,beta,0.5,1.0,13,1120136,100,0.1,1.0,0.6331472194894239,0.8937210304780483,106.14732126194615,8.788928253162696e-08,True,True,True,9.822936164075045,9.822946535289047,9.822947871112014,0.41377075889382847,0.4137727648078365,0.41377271571423774,7.567317649361074e-06,7.372629193876882e-08,3.4446783132580094e-06,7.946894697852258e-08,False,False,False
categorical,alpha,beta,0.5,1.0,14,1120137,100,0.1,1.0,0.5214538354908188,0.49315171665667346,109.26438475970643,2.2026824808563106e-07,True,True,True,8.591017400361485,8.59101323563621,8.591011248938328,0.49027804691817944,0.49028364557334797,0.49028371217409406,1.8681579158676393e-05,1.0280734179813876e-07,5.806337014746532e-06,-1.5457611368674407e-07,False,False,False
categorical,alpha,beta,0.5,1.0,15,1120138,100,0.1,1.0,0.4846757138267892,0.6927710253738568,108.06575308846891,3.1553218080907924e-07,True,True,True,8.240743883222326,8.241054084632005,8.241049422249242,0.5371773568146407,0.5371778730005197,0.5371780629376158,3.901781278393797e-05,2.042070180678976e-07,3.78888986176662e-05,-3.4707777274434193e-07,False,False,False
categorical,alpha,beta,0.5,1.0,16,1120139,100,0.1,1.0,0.3859709539585592,1.0872955032864455,107.21805657324394,3.9992589842123875e-07,True,True,True,3.4210700813052823,3.4210476849526295,3.4210481396109413,1.123591051191434,1.1235961323935661,1.123596096996068,7.911468162635536e-06,5.5588223560127485e-08,-6.045166287549364e-07,9.214743101892964e-08,False,False,False
categorical,alpha,beta,0.5,1.0,17,1120140,100,0.1,1.0,0.6437844813492044,1.1293275562762704,104.72930145585096,4.627804708851005e-08,True,True,True,7.314015368287856,7.3142672869407575,7.314262624304275,0.7343691554820014,0.7343480901345516,0.7343482967023552,1.5400276791563175e-05,1.9882596554332914e-07,9.790654061703208e-06,-3.9965166820365994e-07,False,False,False
categorical,alpha,beta,0.5,1.0,18,1120141,100,0.1,1.0,0.5445562714290022,0.9587330542439852,107.05905030357603,2.7000623958883807e-07,True,True,True,6.110832697504368,6.111110696293788,6.1111085547523025,0.8555128228371548,0.8554948320732252,0.8554949757270077,1.4001017187673755e-05,5.4628962777571647e-08,2.459406978516654e-05,-1.8504661625229346e-07,False,False,False
categorical,alpha,beta,0.5,1.0,19,1120142,100,0.1,1.0,0.5263424487708942,1.0869659723531018,105.38761374748395,6.557028811424567e-08,True,True,True,6.21293558999082,6.212836168892894,6.212836038328021,0.721499130832079,0.7215038605317701,0.7215038429606141,5.9606573943165334e-06,6.068993685818952e-08,-1.0598378963777577e-05,-4.124488839352125e-08,False,False,False
categorical,alpha,beta,0.5,3.0,0,1130123,100,0.1,1.0,0.45320700580740964,3.2750429422920497,78.95457148053185,6.1855278405369e-07,True,True,True,2.896684592777793,2.896645209229216,2.896644844846281,1.8300297843296855,1.8300442690318848,1.8300443125781418,2.0214520146636676e-05,2.5926492679897582e-08,3.004299301778701e-06,-7.566032422801072e-08,False,False,False
categorical,alpha,beta,0.5,3.0,1,1130124,100,0.1,1.0,0.4539369862820485,2.1292055092486653,93.74709957934435,5.965284411780671e-07,True,True,True,4.6714515044694505,4.671375316417483,4.671374723624026,1.1877388718977338,1.1877584942825263,1.1877585256175325,2.9818295721043852e-05,5.9021037143135166e-08,6.190860133870046e-06,-9.082337726340484e-08,False,False,False
categorical,alpha,beta,0.5,3.0,2,1130125,100,0.1,1.0,0.4662433586940965,2.8145791033333567,82.28825121055795,7.023607583911958e-08,True,True,True,4.242184227357192,4.241991623179642,4.241991088679315,1.4875848100100761,1.4876064625009646,1.4876065106859042,6.496054858069012e-06,1.8114423586583255e-08,-2.0545331352650464e-05,-7.052724981804204e-08,False,False,False
categorical,alpha,beta,0.5,3.0,3,1130126,100,0.1,1.0,0.5647611277955935,2.891010683680859,83.386015004684,2.8421709430404007e-08,True,True,True,3.814736369815171,3.8144816162858475,3.8144807473145006,1.5143093329476942,1.5143358303365309,1.5143359088707928,6.168834299365335e-06,4.876574490914263e-08,-3.64148009452947e-05,-1.373926181713614e-07,False,False,False
categorical,alpha,beta,0.5,3.0,4,1130127,100,0.1,1.0,0.4813254522769152,2.3987307656751375,88.02947373494659,1.3815841908004584e-08,True,True,True,5.676494851640665,5.676814165861391,5.676813220880064,1.3164733573834444,1.3164477339409706,1.316447778161008,3.899973543577559e-06,6.585494709214594e-08,2.6634792149593522e-05,-1.1555312084965408e-07,False,False,False
categorical,alpha,beta,0.5,3.0,5,1130128,100,0.1,1.0,0.5798635589822788,2.546010493570833,82.47615315242369,4.3233648017032573e-07,True,True,True,3.9617088164754324,3.961799846039402,3.9617988122923125,1.165331759359805,1.1653251939613578,1.1653252727997985,8.784955103901268e-06,8.240199486002544e-08,1.524822761211908e-05,-1.701625649275229e-07,False,False,False
categorical,alpha,beta,0.5,3.0,6,1130129,100,0.1,1.0,0.5988991129593241,2.7168187848725567,76.03429594490346,1.7262199160925692e-07,True,True,True,5.818757500010694,5.819085691814277,5.819085194346427,1.3613537805878366,1.3613311120888323,1.3613311400088746,5.258483555046781e-06,2.16598499410115e-08,3.0249376123947513e-05,-5.3344876960181864e-08,False,False,False
categorical,alpha,beta,0.5,3.0,7,1130130,100,0.1,1.0,0.5297334263023539,3.2696124466056937,66.92434326941773,2.6232476241652924e-07,True,True,True,4.635217034789771,4.635003172030073,4.6350027653050505,1.5408139802659564,1.5408408494758212,1.540840873884078,1.6405817638373073e-05,3.193777726380946e-08,-1.5265065357539243e-05,-5.964970739569253e-08,False,False,False
categorical,alpha,beta,0.5,3.0,8,1130131,100,0.1,1.0,0.5793887229641407,2.9202863600738724,77.25159014521509,7.044319754029506e-08,True,True,True,4.353637450327334,4.353332679322974,4.353333020562603,1.396336871935469,1.3963666488072344,1.3963666204456675,4.278675454092152e-06,1.347536449060355e-08,-3.56785894979339e-05,4.5733386855317804e-08,False,False,False
categorical,alpha,beta,0.5,3.0,9,1130132,100,0.1,1.0,0.5327843494934248,3.955464019235588,79.71887179185839,6.963689531867196e-07,True,True,True,2.0546199812837904,2.0549071486790007,2.0549069623239995,1.9111909701663465,1.9111362520139403,1.9111362807074672,1.3844971686195966e-05,2.472287722800488e-08,7.67026505030799e-05,-5.7653153362480225e-08,False,False,False
categorical,alpha,beta,0.5,3.0,10,1130133,100,0.1,1.0,0.5436927800395239,3.4518454582691644,66.95712520596204,1.181116395514622e-06,True,True,True,3.4354793926683573,3.4355257666280936,3.435525574953783,1.5637404670128379,1.5637401324893954,1.5637401489036171,1.3004942115243979e-05,1.806664917244009e-08,1.3076421367941293e-05,-3.689426364417159e-08,False,False,False
categorical,alpha,beta,0.5,3.0,11,1130134,100,0.1,1.0,0.6542711021226731,2.9831294216248128,76.48859172501294,2.399903974820336e-07,True,True,True,4.693909017344707,4.694053704814917,4.694053254432367,1.4437396714121293,1.4437272241770414,1.4437272633323308,3.0669473340349937e-06,8.85071625310945e-09,1.6442762955648504e-05,-5.086826604383532e-08,False,False,False
categorical,alpha,beta,0.5,3.0,12,1130135,100,0.1,1.0,0.4813652261973237,3.45507229040933,67.4482734043776,2.0900217801610505e-07,True,True,True,4.267854975561145,4.268092253098984,4.2680917765244955,1.6259267990654267,1.6259036096404151,1.6259036487262324,2.6638217596534606e-06,2.1957103867124085e-08,2.8830420532699463e-05,-6.666064678029215e-08,False,False,False
categorical,alpha,beta,0.5,3.0,13,1130136,100,0.1,1.0,0.4621483678378592,2.4470455604098764,83.8708206239444,1.2702381953091037e-07,True,True,True,6.095766755494915,6.096018071653651,6.096017182509349,1.2737484336044969,1.2737290891278266,1.273729141029293,5.118983421866086e-06,2.746691187846022e-08,1.886987698185294e-05,-8.610281554410903e-08,False,False,False
categorical,alpha,beta,0.5,3.0,14,1130137,100,0.1,1.0,0.46137123449662926,2.941188356228743,84.45362702736747,3.630284822106191e-07,True,True,True,3.7474803508188224,3.747430866720818,3.747430975850137,1.5577017956316552,1.5577186174701683,1.5577186009459938,2.5924749702692614e-05,1.1558366592324887e-08,6.172235316626029e-06,1.009694017284346e-08,False,False,False
categorical,alpha,beta,0.5,3.0,15,1130138,100,0.1,1.0,0.38577784169830565,3.3447079078258484,74.52679700186613,5.779666166171962e-08,True,True,True,3.830375281016388,3.8304899508212444,3.8304898865683357,1.621193770615327,1.6211969769055024,1.6211969693061108,3.754625144049013e-05,3.5172418509103693e-08,3.3602370152152616e-05,-2.552319244841783e-08,False,False,False
categorical,alpha,beta,0.5,3.0,16,1130139,100,0.1,1.0,0.48168301950441905,3.5469566937471066,54.89286235619897,2.524831841429908e-07,True,True,True,4.538408997114228,4.538310382404607,4.538310430241212,1.4288193936757316,1.4288344857219235,1.428834480854568,1.3709399100984373e-05,3.464943006719492e-09,-4.348855298985654e-06,4.936865138915891e-09,False,False,False
categorical,alpha,beta,0.5,3.0,17,1130140,100,0.1,1.0,0.5657179352222467,2.763886423640272,77.18661411007845,3.7148910136931973e-07,True,True,True,4.97730620753858,4.977374283447291,4.977373905641098,1.4683198169823586,1.4683149198710321,1.4683149519499983,4.286882440068365e-06,6.723177496354148e-09,8.000185772516488e-06,-3.8972444826868013e-08,False,False,False
categorical,alpha,beta,0.5,3.0,18,1130141,100,0.1,1.0,0.5315949594908805,2.257484403500285,92.46488250292276,5.918760644955796e-07,True,True,True,4.773717765174432,4.7739071312306205,4.773906719823011,1.3613908574344413,1.361371124871783,1.3613711537509092,6.1609774927776695e-06,2.027858734680979e-08,1.6896795870025016e-05,-5.293006211104512e-08,False,False,False
categorical,alpha,beta,0.5,3.0,19,1130142,100,0.1,1.0,0.5146236408568142,3.294606519044928,75.04281085234139,1.0880079761157823e-06,True,True,True,3.6637510324491926,3.6641998067081216,3.6641994174684034,1.7651876615994673,1.76514034083257,1.7651403762717022,1.3658677117919811e-05,2.4811212731323705e-08,6.793740622867972e-05,-6.542695984990132e-08,False,False,False
categorical,alpha,beta,0.5,8.0,0,1140123,100,0.1,1.0,0.5017334076858169,7.311285435853622,38.40249811304094,1.0048505083969624e-06,True,True,True,0.9753113132160525,0.9752075085286914,0.9752074758541281,2.2975098484472043,2.2975725498698183,2.2975725441369375,3.7893231462787994e-05,4.6716145811047027e-08,-3.429045190728175e-05,-4.0105462062456354e-08,False,False,False
categorical,alpha,beta,0.5,8.0,1,1140124,100,0.1,1.0,0.39653149743465393,6.148521365799894,22.81966849927217,2.7238248913728973e-07,True,True,True,1.2697937530346062,1.2698022914047393,1.2698022551921575,2.0592881609870837,2.0592947603024845,2.0592947643227593,2.1899817347159272e-05,1.9262648725615925e-08,1.4298048348848624e-05,-2.388977193845676e-08,False,False,False
categorical,alpha,beta,0.5,8.0,2,1140125,100,0.1,1.0,0.4318774395457134,6.071017430887272,35.209081929842746,1.4285961838341758e-07,True,True,True,1.3846582476040676,1.3846790855867865,1.3846790564398217,2.300343623153529,2.3003531145605027,2.3003531137391473,3.689717235196119e-05,2.3026676121991486e-08,2.595446594710893e-05,-2.1995234078531212e-08,False,False,False
categorical,alpha,beta,0.5,8.0,3,1140126,100,0.1,1.0,0.38722819447549833,6.528460439289614,23.520985074105464,3.542059189409908e-07,True,True,True,1.1914916569370457,1.1913440341904478,1.191344010483166,2.0644085872833666,2.0644670956835305,2.064467102100601,1.087592590782337e-05,5.176075073848828e-09,-5.6557326239214945e-05,-1.2511684133187373e-08,False,False,False
categorical,alpha,beta,0.5,8.0,4,1140127,100,0.1,1.0,0.5775493394536627,5.729527040637009,48.99512125651935,4.050667898563833e-07,True,True,True,1.452318741574253,1.4523645781582566,1.4523646073578353,2.0592238853568907,2.0592219801544456,2.0592219657224433,2.7190523842188162e-05,1.3127282646708058e-08,2.9370513075832605e-05,3.4893972156169184e-09,False,False,False
categorical,alpha,beta,0.5,8.0,5,1140128,100,0.1,1.0,0.58490731873023,6.744886727896669,20.563196873864474,5.901361628845808e-07,True,True,True,0.948806477757478,0.9488526312494022,0.9488525982474478,2.1354876890859638,2.135467987395853,2.135467991888433,3.294093070273544e-06,2.4485033937009235e-08,2.593053542909729e-05,-2.9608635543354467e-08,False,False,False
categorical,alpha,beta,0.5,8.0,6,1140129,100,0.1,1.0,0.5932767665549644,6.770383974154562,25.226710046340607,7.191901451475633e-07,True,True,True,0.913563045013554,0.9134770120845744,0.913476993702901,2.293885032353116,2.2939329539749895,2.293932954724128,1.6155638263947225e-05,1.8404634831118185e-08,-3.902484096229841e-05,-1.9260276928889652e-08,False,False,False
categorical,alpha,beta,0.5,8.0,7,1140130,100,0.1,1.0,0.5097698682077674,6.215261725576474,43.66930442938875,1.9576761711265713e-07,True,True,True,1.215895910476316,1.2160116925185611,1.2160116559688043,2.2603568662203872,2.2603214901440913,2.260321503286324,1.3833671083121396e-05,9.341834179247262e-10,5.4475973435330616e-05,-1.4926520464086934e-08,False,False,False
categorical,alpha,beta,0.5,8.0,8,1140131,100,0.1,1.0,0.5122140101432784,6.256090991890272,36.668657314644335,1.6928022580484566e-07,True,True,True,1.2885532526790284,1.2886062758639958,1.2886062780121927,2.203614120187874,2.2036034517747796,2.2036034513386875,1.6653154596086622e-05,2.712009155755766e-09,2.886724750794656e-05,1.1649987641249027e-09,False,False,False
categorical,alpha,beta,0.5,8.0,9,1140132,100,0.1,1.0,0.5267768139654966,7.099283962197087,31.478551667545254,6.608879692696362e-07,True,True,True,1.0483268487798783,1.0483122535504035,1.0483122862735563,2.2247787252244637,2.2247972873428776,2.224797266259817,2.8815857381021507e-05,1.7390717801268276e-08,7.454870392109569e-06,6.942315167179913e-09,False,False,False
categorical,alpha,beta,0.5,8.0,10,1140133,100,0.1,1.0,0.5418240231309771,6.40110645774429,32.1313465203342,3.5032688915699187e-07,True,True,True,1.1648537701815413,1.1648116221230393,1.164811577566856,2.249237323748788,2.249279692683108,2.2492796915710724,6.134363039913332e-05,4.108655687214461e-08,1.25557188752623e-05,-3.953211802354417e-08,False,False,False
categorical,alpha,beta,0.5,8.0,11,1140134,100,0.1,1.0,0.3278330016285087,6.477380489563339,13.551187334014577,1.5271151213507412e-07,True,True,True,1.167110813593715,1.1671694373895105,1.1671694010366471,1.9382182626747744,1.938213255312137,1.9382132505249616,3.870953197050712e-05,4.224745448711052e-08,4.4426987082957226e-05,-3.665761383331301e-08,False,False,False
categorical,alpha,beta,0.5,8.0,12,1140135,100,0.1,1.0,0.4411862090654675,6.366036584069872,22.19592949057268,3.198132691283074e-07,True,True,True,1.1960333013489044,1.1961444304340996,1.1961444456028714,2.0062527443113836,2.006228387516503,2.0062283637845413,3.679427510583435e-05,4.199649725333367e-08,6.485395445210429e-05,-1.464104215642692e-08,False,False,False
categorical,alpha,beta,0.5,8.0,13,1140136,100,0.1,1.0,0.5012156067366518,6.097018159650156,34.50869609061307,8.421512019533064e-07,True,True,True,1.4700143652535067,1.4701548153625146,1.4701547566137148,2.319462784562572,2.3194306131269724,2.319430626432076,2.146805341634003e-05,9.349474722893425e-09,5.847541727632688e-05,-2.4642893947657285e-08,False,False,False
categorical,alpha,beta,0.5,8.0,14,1140137,100,0.1,1.0,0.567839842562896,6.216326620883174,30.509492204829193,3.515630837556721e-07,True,True,True,1.2662883762173995,1.2663109818735596,1.2663109589478176,2.1155194060607907,2.115510158260504,2.115510158538488,3.470217412008236e-06,1.759929105995026e-08,7.187034931632752e-06,-1.778431268917302e-08,False,False,False
categorical,alpha,beta,0.5,8.0,15,1140138,100,0.1,1.0,0.6174561519895141,6.438301379775175,33.25211109097516,3.34044428232277e-07,True,True,True,1.063723332098434,1.0637244276007165,1.0637243773739395,2.031478247442544,2.0314771360716506,2.0314771445249793,1.6047457224102315e-06,2.7766877766910784e-08,-2.871239530577441e-07,-3.7485598625153216e-08,False,False,False
categorical,alpha,beta,0.5,8.0,16,1140139,100,0.1,1.0,0.4802431840634519,6.86863338797976,22.54227212394629,1.2906624506133468e-07,True,True,True,1.0232947737136724,1.023344411170071,1.0233443998693175,2.218071671984129,2.218066193069048,2.218066185266219,3.586489243996096e-05,2.90246599586103e-08,4.217844865550546e-05,-2.00262988414579e-08,False,False,False
categorical,alpha,beta,0.5,8.0,17,1140140,100,0.1,1.0,0.5297118519387587,6.248847165978555,48.103837994592745,8.779805983711069e-07,True,True,True,1.2658389535639123,1.2659514250531194,1.2659513942291112,2.3056096501738406,2.3055726369584866,2.3055726485641572,3.7901659686299447e-06,2.5433215885149297e-09,4.622336857096343e-05,-1.098697310908392e-08,False,False,False
categorical,alpha,beta,0.5,8.0,18,1140141,100,0.1,1.0,0.35436937138163355,6.905968499046849,32.55247761437585,2.843679010766156e-07,True,True,True,1.0473115994300675,1.0472786246019687,1.0472785811581509,2.4285932841836164,2.4286257796988506,2.4286257835629486,4.333068620070766e-05,3.269342806233026e-08,5.889102595801887e-06,-3.703387108089373e-08,False,False,False
categorical,alpha,beta,0.5,8.0,19,1140142,100,0.1,1.0,0.5312461889042722,5.958190423365923,20.994820674233356,4.768520019136158e-07,True,True,True,1.3435683695522256,1.3437214879709678,1.3437214543661573,1.9998677047915467,1.9998225569121932,1.999822562873329,1.0053898691203202e-05,1.1318930638555406e-08,6.196093870514119e-05,-1.814574801528579e-08,False,False,False
categorical,alpha,beta,0.75,0.25,0,1150123,100,0.1,1.0,0.38316359524031046,0.30476807180315557,110.12639778382724,5.621825620452365e-07,True,True,True,3.65470399699165,3.654679690223654,3.6546776293375975,0.8013805261010004,0.801393475226826,0.8013936959085566,2.679582083649656e-05,1.0853728708759674e-07,7.94755852950857e-06,-3.0983426313468954e-07,False,False,False
categorical,alpha,beta,0.75,0.25,1,1150124,100,0.1,1.0,0.5143465252592216,0.1,110.43648048074401,1.2473382255964445,True,True,True,9.881379064813842,9.881575726535807,9.881569756982682,0.2561243368083706,0.2561228485211876,0.25612291623199634,3.282579800356033e-05,4.90957442588305e-07,1.7662447945099302e-05,-5.261546647261639e-07,False,False,False
categorical,alpha,beta,0.75,0.25,2,1150125,100,0.1,1.0,0.49927602185542513,0.1,110.38575720480674,0.5632774886526606,True,True,True,6.269245836951947,6.269153729929933,6.2691496350558475,0.40373832676351995,0.40376373891575595,0.40376391879450596,5.254433058421609e-05,3.28379734345917e-07,1.41187459377079e-05,-4.460852807142146e-07,False,False,False
categorical,alpha,beta,0.75,0.25,3,1150126,100,0.1,1.0,0.5447363862290716,0.15835520336031267,110.2943684339857,3.3516233813403333e-07,True,True,True,5.380653028151088,5.381135580861936,5.381129439771478,0.5323547906422187,0.5323188882803772,0.5323192388620528,2.6154399661283483e-05,4.569468243914816e-07,4.7607179453734716e-05,-7.376043242857122e-07,False,False,False
categorical,alpha,beta,0.75,0.25,4,1150127,100,0.1,1.0,0.5091612847484839,0.1,110.326519741827,0.11997637017220272,True,True,True,9.384014919213074,9.384190556068148,9.384186402463163,0.23901752106758592,0.23901441495559494,0.2390146017767556,1.4002968112724392e-05,2.2140189339265125e-07,1.491284983501373e-05,-2.2753157224997267e-07,False,False,False
categorical,alpha,beta,0.75,0.25,5,1150128,100,0.1,1.0,0.527715466899168,0.7649685267751013,107.77167640463618,1.8812616950290427e-07,True,True,True,7.738869266133187,7.738803940279916,7.7388007240109475,0.6066210328292299,0.6066270262460569,0.6066271771010746,9.62580936104564e-06,1.2618534369459745e-07,-1.783050080916837e-06,-2.419246669660424e-07,False,False,False
categorical,alpha,beta,0.75,0.25,6,1150129,100,0.1,1.0,0.5361996313703634,0.24605270499374313,110.19150532742788,4.790765567303644e-07,True,True,True,5.906629849413178,5.907176390954685,5.907165487588301,0.4909561223655727,0.4909208781565599,0.49092152279095064,3.159925644476595e-05,6.633701106599079e-07,5.0845885269268365e-05,-1.103622039977381e-06,False,False,False
categorical,alpha,beta,0.75,0.25,7,1150130,100,0.1,1.0,0.5428175480227566,0.1683247631956232,110.26096662977027,3.4437507611223266e-07,True,True,True,7.269056745811807,7.269082861619366,7.26907790708556,0.3953169408024251,0.39532018515420436,0.3953203874745049,2.7833594939417314e-05,3.2949935626516967e-07,6.879268028114893e-06,-4.4866031601031864e-07,False,False,False
categorical,alpha,beta,0.75,0.25,8,1150131,100,0.1,1.0,0.5104218603697686,0.36227076652879064,109.7960738778419,6.434238129413513e-08,True,True,True,8.339431912338153,8.339896061986686,8.339892072619447,0.37601268655455494,0.37599378940812395,0.37599386480233077,2.4083488128747264e-05,3.395436670018064e-07,3.350798691315049e-05,-3.9154667774710106e-07,False,False,False
categorical,alpha,beta,0.75,0.25,9,1150132,100,0.1,1.0,0.6736627931242152,0.8363727881100704,106.86066538305482,2.1946455620253147e-07,True,True,True,9.741035426332749,9.741318796537168,9.741320147656209,0.4655432631781152,0.46551292155220936,0.4655128721839476,3.970371903085303e-05,5.081726111585816e-08,-5.760290733292095e-06,8.186248123820405e-08,False,False,False
categorical,alpha,beta,0.75,0.25,10,1150133,100,0.1,1.0,0.6138241729753716,0.5636967816116265,108.54439195055159,3.449609975501277e-07,True,True,True,11.899034708846925,11.898525998227562,11.898528955982695,0.24383448542175087,0.2438545608815208,0.24385447339385902,3.112697638428697e-05,1.3271144310423502e-07,-1.9492588450020776e-05,1.478577189573116e-07,False,False,False
categorical,alpha,beta,0.75,0.25,11,1150134,100,0.1,1.0,0.48286877345898344,0.1,110.53484737353284,2.221276240277354,True,True,True,8.55351358847589,8.553513117941385,8.55351263660049,0.31095943149253696,0.31093538280156213,0.310935330519796,5.0017359844036186e-05,1.6237249463252944e-07,-2.785855501485912e-05,-1.1646567088519078e-07,False,False,False
categorical,alpha,beta,0.75,0.25,12,1150135,100,0.1,1.0,0.5978620159892389,0.45410312651116225,109.34606836435731,1.533850958773748e-07,True,True,True,10.504696639208873,10.504870891832866,10.504868162813816,0.2705639574551621,0.27056757341027915,0.2705676587433356,2.843701152666687e-05,1.351506407762968e-07,2.0589409970739325e-05,-1.6154278625890583e-07,False,False,False
categorical,alpha,beta,0.75,0.25,13,1150136,100,0.1,1.0,0.4634974528351126,0.2297982010701783,110.16514874269215,3.8428474007872524e-07,True,True,True,6.34536967032665,6.345591135988474,6.345592641924298,0.49013811352277853,0.49012488030354673,0.4901247901953655,1.2438362415121038e-05,7.945310652462929e-08,1.9799595548875004e-05,1.335791068868275e-07,False,False,False
categorical,alpha,beta,0.75,0.25,14,1150137,100,0.1,1.0,0.4656795611836397,0.32953624608823195,109.9504283754917,1.4210854715202004e-08,True,True,True,6.477190683882191,6.477350346893232,6.477348868512004,0.5005113525082631,0.5005054820482264,0.500505542080466,1.4063418364738775e-05,1.1350235652799473e-07,1.7731995612280116e-05,-1.5912394246697659e-07,False,False,False
categorical,alpha,beta,0.75,0.25,15,1150138,100,0.1,1.0,0.5142279078237076,0.1,110.3759816433845,0.5015106623320024,True,True,True,7.118520401007039,7.118425447621916,7.118422853453777,0.39121068064442344,0.3912078027724396,0.3912078922468805,2.5889194301661836e-05,2.2039037216111658e-07,-1.691370194123465e-05,-2.6141886166897166e-07,False,False,False
categorical,alpha,beta,0.75,0.25,16,1150139,100,0.1,1.0,0.45583851385430063,0.1,110.43790504317602,1.0326277575246483,True,True,True,3.9191385626253235,3.9194228367721906,3.919417013514419,0.7406227093295414,0.74059610094481,0.74059663446566,3.134396122176228e-05,3.686170943479083e-07,4.1026683106792916e-05,-8.715062165265408e-07,False,False,False
categorical,alpha,beta,0.75,0.25,17,1150140,100,0.1,1.0,0.6110183849740741,0.33671632563333065,109.67001715763828,1.5583418786108401e-07,True,True,True,12.976898855229928,12.9764655121953,12.976463776592258,0.20196945539677072,0.20199291786905887,0.20199294027573236,2.579913359034533e-05,9.95110195750196e-08,-6.489761602779254e-06,-1.0795343996505835e-07,False,False,False
categorical,alpha,beta,0.75,0.25,18,1150141,100,0.1,1.0,0.4677945538961907,0.7461249114030434,108.20535771521247,1.5696402069220398e-07,True,True,True,6.8991708605935225,6.89876185518873,6.898764512701953,0.6260290170423995,0.6260507180583993,0.6260505449311593,1.7545715718881075e-05,8.96512774816414e-08,-3.411491296390068e-05,1.8589578587580036e-07,False,False,False
categorical,alpha,beta,0.75,0.25,19,1150142,100,0.1,1.0,0.49382493594520843,1.184801775866252,104.13155914408044,2.913225216616411e-07,True,True,True,6.879440992531345,6.879420479691705,6.879420210629508,0.805275966907199,0.8052772664784931,0.8052773078680435,4.026040364735548e-06,5.639299580641994e-08,-1.4770370455607917e-06,8.540311569049663e-09,False,False,False
categorical,alpha,beta,0.75,0.5,0,1160123,100,0.1,1.0,0.5920904092861881,0.4523437954246641,109.26873569313277,1.3101760682293511e-07,True,True,True,11.287583044300913,11.287482586669316,11.287482999075332,0.18983852887478375,0.1898464796948537,0.1898464619670809,1.0974304200308888e-05,3.2282418507565646e-08,2.69971565103333e-07,1.6126719515341392e-08,False,False,False
categorical,alpha,beta,0.75,0.5,1,1160124,100,0.1,1.0,0.5197923838032764,0.5642317983741131,109.2043551646982,6.550880341146756e-08,True,True,True,6.348028418122405,6.348420649125963,6.348420792239542,0.6576307870538244,0.6575993341310427,0.6575992928146097,1.799329541433022e-05,8.140779143570918e-08,2.5549397719260014e-05,-2.5024135652529367e-08,False,False,False
categorical,alpha,beta,0.75,0.5,2,1160125,100,0.1,1.0,0.47536531959888734,0.3810538594435676,109.746925251922,7.246142549764706e-08,True,True,True,7.500186099752665,7.500241370347826,7.500239068871458,0.4631615080366555,0.46316148305364685,0.4631615727802015,9.236656684923522e-06,1.3949453716446996e-07,7.136887759884303e-06,-2.035521760035408e-07,False,False,False
categorical,alpha,beta,0.75,0.5,3,1160126,100,0.1,1.0,0.4710846829672655,0.5375626091823157,108.97485557945609,4.1431405114489196e-07,True,True,True,7.7905395668220985,7.7905988932724775,7.790597038410661,0.42667071643288074,0.4266697301527251,0.42666977251973404,2.0960593325435403e-05,1.5745702057681522e-07,6.290352501991947e-06,-1.8931297063318198e-07,False,False,False
categorical,alpha,beta,0.75,0.5,4,1160127,100,0.1,1.0,0.6033304560293051,0.6743462515953119,108.20834350715545,4.873825969196593e-07,True,True,True,8.955476792763198,8.955758242995195,8.95575170362205,0.5186562750827539,0.5186406628985042,0.5186409238934921,1.1558832467864093e-05,2.452031119460502e-07,1.3023331348449574e-05,-4.297051106050276e-07,False,False,False
categorical,alpha,beta,0.75,0.5,5,1160128,100,0.1,1.0,0.2615200345288119,1.167099698381298,106.4579160839356,1.0582022329654451e-06,True,True,True,3.359095579679532,3.359254946438913,3.359251811405985,1.1247407438248211,1.1247335330203183,1.1247338686570278,3.560655520966702e-05,1.8265108964073973e-07,3.859364586844549e-05,-5.468368584615746e-07,False,False,False
categorical,alpha,beta,0.75,0.5,6,1160129,100,0.1,1.0,0.504471179503101,0.1,110.46075056560245,1.4118700519816287,True,True,True,8.334071273098612,8.334302119668244,8.334298714234233,0.3015760255382346,0.3015673818890977,0.3015674803440852,1.4236957922728069e-05,2.4485376356865654e-07,1.7452128901140895e-05,-2.9525418199227715e-07,False,False,False
categorical,alpha,beta,0.75,0.5,7,1160130,100,0.1,1.0,0.5685250135553033,0.7728071141391036,107.23068184950439,4.055699262389207e-07,True,True,True,9.640299643537961,9.640698490566432,9.64069746450406,0.4644559762780261,0.464446343106511,0.4644463328900048,2.6202853546995298e-05,1.2925631142210137e-07,3.0163240182901063e-05,-1.1819248868505383e-07,False,False,False
categorical,alpha,beta,0.75,0.5,8,1160131,100,0.1,1.0,0.5741134254680058,0.82113733024577,107.00539168444023,2.7865598257118875e-07,True,True,True,8.658838400168257,8.658913763473876,8.658911528460557,0.4234402175982712,0.42343893707534314,0.4234390422630869,1.9060668088774777e-05,9.482575525040219e-08,7.092318085710758e-06,-1.3701522050268977e-07,False,False,False
categorical,alpha,beta,0.75,0.5,9,1160132,100,0.1,1.0,0.20195921944469378,1.7467759274835588,102.25742205179769,1.3060210236573058e-06,True,True,True,2.757232391071265,2.7574473491015308,2.7574466115452987,1.4817624347182725,1.4817572455616452,1.4817573073536794,6.815919742351564e-05,1.2895953529250794e-07,7.178790733064488e-05,-1.9633723979950446e-07,False,False,False
categorical,alpha,beta,0.75,0.5,10,1160133,100,0.1,1.0,0.6028219339414291,0.6195379451408792,108.28269030655565,1.3274033742241474e-07,True,True,True,10.871663160653585,10.87152720744361,10.871526195326366,0.3536428814956818,0.35364956145618315,0.35364959950411434,1.2193130989977767e-05,4.0502918005410465e-08,-4.864064806042734e-06,-4.929368913053622e-08,False,False,False
categorical,alpha,beta,0.75,0.5,11,1160134,100,0.1,1.0,0.6101180896018823,0.5985216572815802,108.82451045905134,1.8772318545675982e-07,True,True,True,9.00900104325288,9.009041285169804,9.009040845575598,0.30624735922558,0.3062333599435402,0.3062334333380194,2.7125768845204694e-05,1.1164318027047056e-07,-1.1614718587793504e-05,3.5703735079550825e-08,False,False,False
categorical,alpha,beta,0.75,0.5,12,1160135,100,0.1,1.0,0.5929913972474639,0.8254552336380884,106.396799542801,4.1504454959835564e-07,True,True,True,10.627762899101617,10.628196879602923,10.628192085589356,0.4178041569807501,0.4177887666572505,0.41778890491339,1.8579763653070344e-05,2.0331550241572908e-07,2.2823114278480716e-05,-2.918924053574301e-07,False,False,False
categorical,alpha,beta,0.75,0.5,13,1160136,100,0.1,1.0,0.47409315682818165,0.3102760511690517,109.94932153534262,2.957087310546287e-07,True,True,True,7.723363716480628,7.723436702706614,7.723437137133129,0.416280583927383,0.4162771429483305,0.4162772123711538,1.7507305544947715e-05,2.0394470307296736e-07,5.624612441579302e-06,1.3617381000585738e-07,False,False,False
categorical,alpha,beta,0.75,0.5,14,1160137,100,0.1,1.0,0.10727256912660658,1.4909828690051754,107.21473600809773,1.2411935642971644e-06,True,True,True,3.075106205146121,3.0748678836802013,3.074870271921229,1.7850417061389556,1.7851374849393207,1.78513699307293,0.00014344421578079642,3.5629703280616267e-07,3.297659135625963e-05,2.1041471143234958e-07,False,False,False
categorical,alpha,beta,0.75,0.5,15,1160138,100,0.1,1.0,0.46663118338878246,1.1683823301242626,105.55627061947892,2.3879791075192257e-07,True,True,True,4.474455250305754,4.4747344648163825,4.474732549739052,0.9099907405374804,0.9099759239373759,0.9099760789601353,3.0364710735088207e-05,9.768101248006666e-08,4.509221298576449e-05,-2.4949918042693753e-07,False,False,False
categorical,alpha,beta,0.75,0.5,16,1160139,100,0.1,1.0,0.562325014300014,0.4035888517214675,109.6371442030071,5.02429586778808e-08,True,True,True,9.206933164384962,9.2071623994494,9.207163556248435,0.27039223166719584,0.2703706174903839,0.2703704984054824,2.6023895751729116e-05,1.445442226089179e-07,2.0805401845791494e-09,-1.1460357995929371e-08,False,False,False
categorical,alpha,beta,0.75,0.5,17,1160140,100,0.1,1.0,0.541019908108301,0.5983503538663261,109.06574345940726,4.935587579328812e-07,True,True,True,6.586344334942032,6.586234300106951,6.586229120621484,0.5857641331157953,0.5857690886027701,0.5857693707399089,1.1456025374906217e-05,2.38522124140217e-07,-1.1463024165436764e-05,-4.615886837200378e-07,False,False,False
categorical,alpha,beta,0.75,0.5,18,1160141,100,0.1,1.0,0.5656814965690352,0.3586877027957698,109.67597017475599,1.1457157353758234e-07,True,True,True,11.17331354003585,11.173537922348498,11.173537296162214,0.2097841725957016,0.2097645846405361,0.20976458839433587,2.7413961902254934e-05,5.9364707029323286e-08,-2.5214038146259554e-06,-5.172017836230225e-08,False,False,False
categorical,alpha,beta,0.75,0.5,19,1160142,100,0.1,1.0,0.5488642289371254,0.16577647047400593,110.26978699846634,3.312226800973879e-07,True,True,True,6.389436767385811,6.389210124830484,6.389206699177709,0.3907176892922767,0.3907304816027261,0.39073061637810963,1.56544932262931e-05,2.9141294233486856e-07,-2.1125378935948902e-05,-3.8099641130884265e-07,False,False,False
categorical,alpha,beta,0.75,1.0,0,1170123,100,0.1,1.0,0.7559730515649106,1.1382704854513477,103.91948173320219,8.526512829121202e-08,True,True,True,8.037266607370071,8.037342182669619,8.037339574250337,0.5029357376388155,0.5029343001864613,0.5029343520654954,8.097814728879624e-06,2.190309567062906e-07,7.4833276499930435e-06,-2.6480965686914715e-07,False,False,False
categorical,alpha,beta,0.75,1.0,1,1170124,100,0.1,1.0,0.515664564392634,1.7951286584622872,95.54972960179293,3.589783957087223e-07,True,True,True,6.3087114654557634,6.309003361943985,6.309002790717713,1.1468421842914398,1.1468266927977435,1.1468267398443006,1.1403308583255239e-05,2.0558549374465782e-08,2.8396108007200382e-05,-3.637708800852124e-08,False,False,False
categorical,alpha,beta,0.75,1.0,2,1170125,100,0.1,1.0,0.6466779807562753,1.0414147176834736,104.72468903522821,1.7071944267463646e-07,True,True,True,9.753453341992484,9.75361191782254,9.753612171565747,0.698367242248296,0.6983585899247255,0.6983585652870095,1.6557905920103362e-05,3.087539232733343e-08,6.294591429423235e-06,-2.3499069357058033e-09,False,False,False
categorical,alpha,beta,0.75,1.0,3,1170126,100,0.1,1.0,0.7822139824425047,1.0382881538604554,104.92498919393425,1.6413006045710811e-07,True,True,True,10.058611626805986,10.058783640600073,10.058780966425319,0.5098983222924554,0.5098863686821378,0.5098864360608754,1.3402560155436079e-05,1.3468455769935275e-07,3.1506160382832604e-06,-1.8828207259957708e-07,False,False,False
categorical,alpha,beta,0.75,1.0,4,1170127,100,0.1,1.0,0.5580037284062381,1.3158187054121822,104.45554029944255,1.3883660983348058e-07,True,True,True,4.653238684755499,4.653473175086606,4.653470424143063,0.9094766107072331,0.9094525091334165,0.9094527710688883,8.107876534789029e-06,7.842813928204301e-08,2.2354102952704125e-05,-2.895950217407517e-07,False,False,False
categorical,alpha,beta,0.75,1.0,5,1170128,100,0.1,1.0,0.7064167912720634,1.1270864849250974,103.55469321617157,2.2737367544323206e-07,True,True,True,9.692033712841411,9.692522368918928,9.692519963485909,0.614369364137419,0.614347704973607,0.6143478111298015,1.2085825748588344e-05,5.873654867318735e-08,2.5355059975140648e-05,-1.259572997014402e-07,False,False,False
categorical,alpha,beta,0.75,1.0,6,1170129,100,0.1,1.0,0.5933631172066474,1.1293137036396825,104.27310447152314,7.190918651497122e-08,True,True,True,8.210560556337983,8.210537419127716,8.21053446125942,0.709138833268099,0.70914407405274,0.7091441959267843,1.2819023354416256e-05,1.0670570402509571e-07,2.995750435275113e-06,-2.199400910285476e-07,False,False,False
categorical,alpha,beta,0.75,1.0,7,1170130,100,0.1,1.0,0.6362015769154509,1.2204160484131121,103.06256152305401,5.821277634038959e-07,True,True,True,7.681860201732809,7.682384795814453,7.682383384022918,0.831025947514103,0.8309983927446434,0.8309984542810395,1.1199173517310848e-05,4.955960707419237e-08,3.645112434469411e-05,-1.1292357271486253e-07,False,False,False
categorical,alpha,beta,0.75,1.0,8,1170131,100,0.1,1.0,0.7714432848818323,0.90151354983158,105.47862464253078,1.640415288849112e-07,True,True,True,12.6759966075062,12.676458164092596,12.676452606991635,0.3976519001984311,0.39763303142699535,0.3976331239792236,2.041420738908753e-05,2.6748603693954344e-07,1.435589399534365e-05,-3.3182502079398546e-07,False,False,False
categorical,alpha,beta,0.75,1.0,9,1170132,100,0.1,1.0,0.6394040049679875,1.1722234154826405,102.79101708052801,1.4386991897643176e-07,True,True,True,9.601710012687857,9.602169546154327,9.60216555397021,0.4609115271268309,0.46088881079758237,0.46088893391856195,2.4317014969171577e-05,1.8514382609561193e-07,2.1431248228509503e-05,-2.740103752785217e-07,False,False,False
categorical,alpha,beta,0.75,1.0,10,1170133,100,0.1,1.0,0.5145158098329826,1.5708139946787543,100.82040795312786,7.868153283476543e-08,True,True,True,6.060470653849086,6.060909443840132,6.060907045898516,1.1047010593128308,1.104669040843435,1.104669193096637,6.325345036889485e-06,5.646209813826115e-08,3.531636741627153e-05,-2.2035266056263936e-07,False,False,False
categorical,alpha,beta,0.75,1.0,11,1170134,100,0.1,1.0,0.7366180275083869,1.0808059319499077,105.02657176344981,1.202400537127584e-07,True,True,True,7.8105131221832655,7.810654889946416,7.8106516657836655,0.5670287133419954,0.5670255491808665,0.5670256288982563,1.2106953553052811e-05,2.494102591043225e-07,1.4186837603347158e-05,-3.2101236513426556e-07,False,False,False
categorical,alpha,beta,0.75,1.0,12,1170135,100,0.1,1.0,0.6878883722550445,1.1489616484866392,102.75174882341753,3.0335963473706455e-07,True,True,True,8.853895615362706,8.854025031142443,8.854019358030937,0.3324390519527094,0.3324461306630579,0.33244630091901045,3.4830785860853073e-05,3.572135526918065e-07,2.2321653588619483e-05,-4.447239376759171e-07,False,False,False
categorical,alpha,beta,0.75,1.0,13,1170136,100,0.1,1.0,0.33641733174528904,1.5102937353949566,99.67754395143854,9.199751492875873e-07,True,True,True,7.582940460006948,7.583067127342662,7.583066282271688,1.0353686980934425,1.0353849713480163,1.0353849826465968,5.392677071912188e-05,8.788165072468779e-08,3.534095364443601e-05,-9.843387260843883e-08,False,False,False
categorical,alpha,beta,0.75,1.0,14,1170137,100,0.1,1.0,0.6770796679710316,0.6946084302269443,107.42745603086404,1.306316925624901e-07,True,True,True,12.932817622894197,12.932783472337944,12.932780795274743,0.33861838525546867,0.3386268851333438,0.3386268816381757,1.5243277936786643e-05,2.152868773626945e-07,6.934208130360275e-06,-2.1102219704971503e-07,False,False,False
categorical,alpha,beta,0.75,1.0,15,1170138,100,0.1,1.0,0.9527783667716296,1.3259381222755187,99.71991823311335,4.4183023415243304e-07,True,True,True,9.74668433261933,9.746676836997723,9.746674775734595,0.4938335724216432,0.4938304708685765,0.49383050663017347,1.0055341758573425e-05,1.3960455227717136e-07,-4.51015010582978e-06,-1.703116510043401e-07,False,False,False
categorical,alpha,beta,0.75,1.0,16,1170139,100,0.1,1.0,0.5753485409385883,0.337355537635944,109.93303033946191,5.64199567949837e-07,True,True,True,8.18065078812584,8.180887478780694,8.180888999322354,0.32122930160061514,0.32121009097066294,0.32120998011761637,2.64383802854916e-05,1.0247312679086271e-07,6.87375320751471e-06,5.8240814837517974e-08,False,False,False
categorical,alpha,beta,0.75,1.0,17,1170140,100,0.1,1.0,0.5974372942929387,1.5672841180477646,96.49449851499828,1.39942910184714e-07,True,True,True,8.685920104541136,8.68601104050357,8.686009368406202,0.7077880945881923,0.7077821780720372,0.707782227529645,4.1506908753535905e-06,8.582722933289282e-08,3.5220926264400987e-06,-1.3556447697737894e-07,False,False,False
categorical,alpha,beta,0.75,1.0,18,1170141,100,0.1,1.0,0.5662720178879272,0.8906326017963407,107.18515128160509,1.3101760682293511e-07,True,True,True,6.606681422020946,6.6064107558110425,6.606406821766404,0.6147344242408075,0.6147448103864107,0.6147449777292288,2.015504451061692e-05,2.4804851615790226e-07,-2.941473363193836e-05,-4.0282859004037164e-07,False,False,False
categorical,alpha,beta,0.75,1.0,19,1170142,100,0.1,1.0,0.5188339502742828,0.86675569092394,106.42301612209606,2.0909764898479696e-07,True,True,True,8.681042063627942,8.681315727426703,8.681313067424087,0.3709202054827051,0.37091339741752594,0.37091346434650285,2.024613660122375e-05,1.8496795054356515e-07,2.3456380546349465e-05,-2.2935068955121096e-07,False,False,False
categorical,alpha,beta,0.75,3.0,0,1180123,100,0.1,1.0,0.6530723121691921,3.3383724844712086,73.28912648489244,7.269012814185788e-07,True,True,True,3.0148010373923237,3.0150682312166617,3.0150674668439623,1.7326728018427258,1.7326360389928377,1.7326361351407153,4.428877237656273e-06,3.273448419809619e-08,4.6155803730130174e-05,-1.4282323945735698e-07,False,False,False
categorical,alpha,beta,0.75,3.0,1,1180124,100,0.1,1.0,0.6191887064622911,3.6134719724070115,65.10376589705548,6.422035872909368e-08,True,True,True,3.279379505418648,3.279830150627681,3.2798300534249436,1.5695997053417796,1.5695484715883083,1.5695484792657255,1.988062858817012e-05,1.2073965515791733e-08,7.840255103985783e-05,-2.0797557453988702e-08,False,False,False
categorical,alpha,beta,0.75,3.0,2,1180125,100,0.1,1.0,0.6836542670740744,3.727651359888737,53.81719103038315,1.6449387125709512e-07,True,True,True,3.238806848694902,3.238842119965069,3.2388418737030205,1.3595118835628397,1.3595032169583023,1.3595032369507751,9.215827487792157e-06,3.1303731148253706e-08,8.593315854454886e-07,-5.301679806279935e-08,False,False,False
categorical,alpha,beta,0.75,3.0,3,1180126,100,0.1,1.0,0.60971692070521,3.1690989162723,65.33738175620671,2.2883975654134597e-08,True,True,True,4.812900430090876,4.812712694881408,4.812712427844051,1.2843331582353383,1.2843440815506946,1.2843441020093778,1.4099220051902547e-05,9.149663855927029e-09,-2.6463429179557352e-05,-3.1931904231896624e-08,False,False,False
categorical,alpha,beta,0.75,3.0,4,1180127,100,0.1,1.0,0.5499497145612023,3.4879095969627127,73.8340086460025,1.4956122704740986e-07,True,True,True,3.5808240430944207,3.581598399762718,3.5815980437008066,1.659167423234033,1.659080705513151,1.6590807341339986,1.7195341755683222e-05,3.38666460093408e-08,0.00011632366090452706,-6.646328643000743e-08,False,False,False
categorical,alpha,beta,0.75,3.0,5,1180128,100,0.1,1.0,0.7991953219677598,3.433309610306356,62.31593994307417,4.767581189316034e-07,True,True,True,3.839002435589975,3.8390527177072364,3.839052439816211,1.4349496033643119,1.434941356959994,1.4349413793933785,5.9458109001616885e-06,2.099125147075988e-08,3.5570364005366173e-06,-4.6557921962175897e-08,False,False,False
categorical,alpha,beta,0.75,3.0,6,1180129,100,0.1,1.0,0.7279277253118142,2.616944320990483,79.24755291010923,3.155163757879872e-07,True,True,True,5.003139416436682,5.0033431483294235,5.0033427792607,1.351198445723975,1.351179904004245,1.3511799323288136,2.7614079433618377e-06,9.29140197312237e-09,1.933188326574964e-05,-4.115456420095143e-08,False,False,False
categorical,alpha,beta,0.75,3.0,7,1180130,100,0.1,1.0,0.7693733874015671,2.8804768769995652,77.16069553013268,2.8049187244162794e-08,True,True,True,3.9679279140701427,3.9678857763437865,3.967886183604754,1.386277963757369,1.3862785711718637,1.3862785340224995,1.028432096546572e-05,1.7632091017076334e-08,-9.860454710519662e-06,5.986950668557256e-08,False,False,False
categorical,alpha,beta,0.75,3.0,8,1180131,100,0.1,1.0,0.7053529678901135,3.3857369012242855,67.31442781357508,5.332416635988366e-07,True,True,True,3.964626558003877,3.9647143002223095,3.9647140855464946,1.5754038411117977,1.5753959649076448,1.5753959895806795,4.805865609206579e-06,3.126445668701146e-09,1.303746864778077e-05,-2.5740718001543428e-08,False,False,False
categorical,alpha,beta,0.75,3.0,9,1180132,100,0.1,1.0,0.9134889937267241,2.402978030774718,79.97333593151184,1.332512320395532e-07,True,True,True,4.8481192763880125,4.848150776476742,4.848149855785687,1.3322299050251714,1.3322241651742055,1.332224244272162,6.909623941851381e-06,1.1781489515882791e-08,-2.0972629499738105e-07,-9.884074358978978e-08,False,False,False
categorical,alpha,beta,0.75,3.0,10,1180133,100,0.1,1.0,0.6919809204151158,3.1778100176927677,77.68572091936271,1.954301800301618e-08,True,True,True,2.920664416435647,2.9213497019997017,2.9213493963934836,1.5660838826531984,1.565982434220314,1.5659824660628652,6.462915481795989e-06,3.315429922198548e-08,0.00011774115056084611,-6.795121976210794e-08,False,False,False
categorical,alpha,beta,0.75,3.0,11,1180134,100,0.1,1.0,0.777960643768655,3.2335639226560104,65.88665218751554,4.406241725057825e-07,True,True,True,4.2904001950305695,4.290768300370058,4.290768000316255,1.029808682028544,1.029767973819165,1.0297679569489582,1.188712041968615e-05,1.0888558252079399e-07,3.883734572696085e-05,-8.9352624854655e-08,False,False,False
categorical,alpha,beta,0.75,3.0,12,1180135,100,0.1,1.0,0.6510756056995531,3.371331915914657,70.44927048278436,4.471553818548123e-07,True,True,True,3.649446068106608,3.649617441044107,3.6496172517460486,1.6864137182988181,1.6863962609752285,1.6863962826579353,7.34448850920886e-06,3.230726401135079e-09,2.683212242970967e-05,-2.6904785954684485e-08,False,False,False
categorical,alpha,beta,0.75,3.0,13,1180136,100,0.1,1.0,0.7602520976307,2.904124101526615,71.10598430996785,2.0260628560189233e-07,True,True,True,4.860341084751874,4.860686303110966,4.860685897661525,1.187585524493059,1.1875555112291367,1.1875555090822247,4.9520194250963236e-06,8.877297578249508e-08,3.6385144156270144e-05,-8.588575894918904e-08,False,False,False
categorical,alpha,beta,0.75,3.0,14,1180137,100,0.1,1.0,0.8244084272326786,3.0334415623472104,76.07862459217719,8.159415561957314e-08,True,True,True,3.5255999927919865,3.5257036251428615,3.52570318737873,1.5307796045961417,1.530760923198071,1.5307609670728266,1.3706584840939014e-05,2.393629683828695e-08,7.81240794367477e-06,-7.36509520038453e-08,False,False,False
categorical,alpha,beta,0.75,3.0,15,1180138,100,0.1,1.0,0.8147153647294921,3.0553356419847844,62.37852136323987,1.7481582688864842e-07,True,True,True,5.489604360805106,5.489695843024566,5.489695347184376,1.2792056520893502,1.2792006873404786,1.2792007072807074,5.260280985262843e-06,4.4693004508537184e-08,1.0881246723215554e-05,-6.736495095083228e-08,False,False,False
categorical,alpha,beta,0.75,3.0,16,1180139,100,0.1,1.0,0.6771599397659432,3.4586279487127234,66.51452731057852,3.627493062791741e-07,True,True,True,3.400326424025488,3.400368798356946,3.4003687834976772,1.6588922261545915,1.658886469948592,1.6588864694224814,1.610983747471361e-06,6.088404300913909e-09,5.829711923865943e-06,-4.975603928869532e-09,False,False,False
categorical,alpha,beta,0.75,3.0,17,1180140,100,0.1,1.0,0.7245605830803512,3.3065406047572568,65.9608724828991,9.947598300641403e-08,True,True,True,4.01504707419272,4.014966707317906,4.014966448131612,1.554850408097894,1.5548562276504578,1.5548562533299028,6.649143145787822e-06,6.410102245229329e-09,-1.3351604877698264e-05,-3.499047807054012e-08,False,False,False
categorical,alpha,beta,0.75,3.0,18,1180141,100,0.1,1.0,0.4898060729446491,3.7126583939728497,64.39167765260841,2.191895700021472e-07,True,True,True,3.688411068219092,3.6884301677753943,3.6884299707173014,1.3433789137394243,1.3433706504745855,1.343370669176571,1.38980045298502e-05,1.0637292555153277e-08,-4.367081871237133e-06,-3.189454389485036e-08,False,False,False
categorical,alpha,beta,0.75,3.0,19,1180142,100,0.1,1.0,0.6653729531038572,2.9924670058576166,68.98260788361527,5.22376358907998e-08,True,True,True,5.50670915034024,5.506501174737801,5.506501317829995,1.3646473259111487,1.364665081191562,1.3646650681013328,4.365687510080161e-06,4.3379267143259935e-09,-1.731595102683059e-05,1.0915357506746659e-08,False,False,False
categorical,alpha,beta,0.75,8.0,0,1190123,100,0.1,1.0,0.6587364962412386,6.371366179187846,36.522632228590744,9.584675283620153e-07,True,True,True,0.9988731352744449,0.999007581659149,0.9990075535541246,2.2907443603240822,2.290684083951391,2.2906840908368165,4.271693816559778e-06,1.2425583529710034e-08,6.51730565834896e-05,-2.0205810358220333e-08,False,False,False
categorical,alpha,beta,0.75,8.0,1,1190124,100,0.1,1.0,0.5329683217831236,6.284208371584331,28.03720097061176,6.975024275337566e-08,True,True,True,1.1339531009835202,1.1338212220193877,1.13382121428771,2.1366428900864385,2.136704264167975,2.136704258181737,2.5018083064054594e-05,2.062444839110178e-08,-4.566114449389147e-05,-1.3711044744013634e-08,False,False,False
categorical,alpha,beta,0.75,8.0,2,1190125,100,0.1,1.0,0.7209926565111495,5.75528588481374,38.63175641106589,7.390224546136605e-07,True,True,True,1.1230063272725062,1.1229144722265219,1.1229144298983025,2.2236072558074023,2.2236380038781247,2.2236380177787587,1.1062458626659826e-05,6.285765168018772e-09,-4.6418893006716644e-05,-2.16912710016004e-08,False,False,False
categorical,alpha,beta,0.75,8.0,3,1190126,100,0.1,1.0,0.6357496785287718,6.3013709033885625,35.65964012081822,4.901190989013855e-07,True,True,True,1.1007920112177783,1.1009602188954124,1.1009601541106093,2.1621988272307364,2.162134405109046,2.1621344162528713,5.216891958478262e-06,3.321883258787049e-08,7.857965236723885e-05,-4.6014108079361904e-08,False,False,False
categorical,alpha,beta,0.75,8.0,4,1190127,100,0.1,1.0,0.651724188941547,6.506546083503727,30.16493886510036,9.418425950422175e-07,True,True,True,0.9130729349825413,0.9131154757628565,0.9131154799488242,2.307449208761789,2.3074277931755702,2.3074277843934454,2.7473336340796437e-06,1.5689733728884518e-08,2.1928563448625482e-05,-5.5265267917548044e-09,False,False,False
categorical,alpha,beta,0.75,8.0,5,1190128,100,0.1,1.0,0.6904935283590651,6.223941709849738,53.09640745028058,1.0344068196257196e-06,True,True,True,0.953877771065257,0.9537496005129464,0.9537495129282891,2.362743586330839,2.3627993439351758,2.36279937553755,6.2053624031106005e-06,1.9198687936820552e-08,-7.023906156433668e-05,-5.544834635884399e-08,False,False,False
categorical,alpha,beta,0.75,8.0,6,1190129,100,0.1,1.0,0.7779945145638403,5.967528555650852,43.58049289240901,8.171882022818608e-07,True,True,True,1.0160709241052446,1.0160410054931681,1.0160409024346855,2.25464105327706,2.2546465350527085,2.2546465592065026,1.6880983799054785e-05,4.594619516734303e-08,-2.320832675195561e-05,-7.362334741856102e-08,False,False,False
categorical,alpha,beta,0.75,8.0,7,1190130,100,0.1,1.0,0.7120483917006599,5.809383314937359,38.815133633488514,1.4778753889977982e-06,True,True,True,1.0706634231001888,1.070512619688138,1.0705126121917714,2.214494341677747,2.2145546429726166,2.2145546358102863,2.2100949072915814e-06,2.369950095013966e-08,-7.145117552198599e-05,-1.5248531326506054e-08,False,False,False
categorical,alpha,beta,0.75,8.0,8,1190131,100,0.1,1.0,0.7184201052801895,5.21626528330083,45.13154721205342,6.0409994329668e-07,True,True,True,1.4951125618271868,1.4950719111328798,1.4950718970779768,1.9587625193406772,1.9587751626465444,1.9587751546604237,2.548947065396687e-06,2.7806294002745097e-08,-1.2651873745994635e-05,-1.8595180506508768e-08,False,False,False
categorical,alpha,beta,0.75,8.0,9,1190132,100,0.1,1.0,0.5997979588051003,6.546849849681686,27.263271746766026,6.005555900720689e-07,True,True,True,1.0004636710302104,1.0003889689273637,1.0003889267215662,2.0813078249277392,2.081336844144348,2.0813368507053376,7.905502496902186e-06,2.7107164753269873e-08,-4.1295297435794964e-05,-3.4635771584135e-08,False,False,False
categorical,alpha,beta,0.75,8.0,10,1190133,100,0.1,1.0,0.741909976111676,5.755119100971823,28.078656502049046,2.9459809126569445e-07,True,True,True,1.181723177118884,1.1817386742646014,1.181738595535051,2.1292385535115694,2.129229651057262,2.1292296720575905,7.443124294684749e-06,1.851158160501188e-08,2.82216412017533e-06,-4.2444273873343263e-08,False,False,False
categorical,alpha,beta,0.75,8.0,11,1190134,100,0.1,1.0,0.6912737975027915,5.982709713977135,35.56669327928409,7.431374521673902e-08,True,True,True,1.0176364978775227,1.017685696484205,1.017685689955905,2.203521694602863,2.2035013057339365,2.2035012970620795,1.4515756980248786e-06,2.6445509715032864e-08,2.485483322800519e-05,-1.6398693958308286e-08,False,False,False
categorical,alpha,beta,0.75,8.0,12,1190135,100,0.1,1.0,0.6548179263491924,6.10389337008901,37.74526158787964,6.274473176427031e-08,True,True,True,1.171048940098817,1.1711593411346224,1.1711593061838603,2.1226323257813005,2.1225935920286743,2.122593594404716,5.238922934187149e-06,2.4382076037051078e-08,4.964990729661167e-05,-2.7107354583222332e-08,False,False,False
categorical,alpha,beta,0.75,8.0,13,1190136,100,0.1,1.0,0.719503491821233,5.791268106964912,44.50660767175725,2.044158528554246e-06,True,True,True,1.056802026041848,1.0567505280784948,1.0567505087696674,2.217279567311921,2.217297117339374,2.2172971206114216,8.341407102694275e-06,1.1251310931263557e-08,-2.8540476947114257e-05,-1.4504806244985957e-08,False,False,False
categorical,alpha,beta,0.75,8.0,14,1190137,100,0.1,1.0,0.7401222628716108,5.778737220769403,41.58986918378576,3.65222952434474e-07,True,True,True,1.0930847424236765,1.0932487626724585,1.09324872885611,2.1566021568402345,2.156527527656349,2.1565275311651493,2.1849358835440688e-05,2.3151010790746258e-08,6.409446540089903e-05,-2.6892323035099253e-08,False,False,False
categorical,alpha,beta,0.75,8.0,15,1190138,100,0.1,1.0,0.7138233416282046,6.200352791144407,39.19583124591763,1.963030949236164e-06,True,True,True,1.0183824005024988,1.0184027984702748,1.0184028132602991,2.213145387687536,2.213140705579733,2.2131406890343768,9.307329823974245e-06,2.358117348113288e-08,1.463457028449966e-05,-4.525780639141885e-09,False,False,False
categorical,alpha,beta,0.75,8.0,16,1190139,100,0.1,1.0,0.6249838719353639,6.2675534842890555,26.278212006912298,1.366808978574269e-06,True,True,True,1.045066709616037,1.045015185132464,1.0450151994317398,2.2150095402816574,2.2150295507067237,2.215029541139331,3.559016242587905e-06,8.470094492687574e-09,-2.626327231070036e-05,2.668450349574414e-09,False,False,False
categorical,alpha,beta,0.75,8.0,17,1190140,100,0.1,1.0,0.3601073954599343,6.305012956891668,6.443217747530907,2.3477650267411247e-08,True,True,True,0.960269190036955,0.9602444607794598,0.9602444430346383,1.6938982728924075,1.6939137145699832,1.6939137046792294,1.0062627103535685e-05,4.1347509260756624e-08,-8.004732018562777e-06,-2.986663449888738e-08,False,False,False
categorical,alpha,beta,0.75,8.0,18,1190141,100,0.1,1.0,0.6325633938828797,6.7620260204316445,38.19429162012683,2.5947199755270354e-06,True,True,True,0.9406265972849565,0.9405819516056669,0.9405819404544662,2.2923484433726666,2.292378708195706,2.2923787121166463,2.2239911004563075e-05,3.0564251777372665e-09,-1.2628567233718968e-05,-7.34149097070258e-09,False,False,False
categorical,alpha,beta,0.75,8.0,19,1190142,100,0.1,1.0,0.7747599569810393,5.646910486419652,39.97661457371266,9.318522466330407e-07,True,True,True,1.08153100562636,1.0814374809003044,1.0814374492593064,2.2684641780836254,2.2684955607601895,2.268495567836998,1.431345564486178e-05,1.3419436567730504e-08,-5.036859098339619e-05,-2.1110800219048542e-08,False,False,False
categorical,alpha,beta,0.95,0.25,0,1200123,100,0.1,1.0,0.5030659255783548,0.1,110.3751868157308,0.5945278402921748,True,True,True,9.10635001791376,9.10638961353056,9.106381271884764,0.2351135029457963,0.23511280320845612,0.23511307668188816,2.8414924102642603e-06,5.240256623786747e-07,2.941347020168905e-06,-6.01173681502587e-07,False,False,False
categorical,alpha,beta,0.95,0.25,1,1200124,100,0.1,1.0,0.5054374360168654,0.15759468391209872,110.27317971935067,1.004859173557616e-08,True,True,True,7.119253204973764,7.11937813149017,7.119375189323738,0.3693642015934335,0.3693608060578322,0.3693608997671316,1.1711159208489493e-05,2.4676712034187506e-07,1.333291578475837e-05,-3.0537499640104215e-07,False,False,False
categorical,alpha,beta,0.95,0.25,2,1200125,100,0.1,1.0,0.5069826705789741,0.1,110.35935143907528,0.4245755036436246,True,True,True,8.876063790516326,8.87650051326786,8.876501250538205,0.2377722814933646,0.237735658422275,0.23773560795503093,3.935274343949382e-05,8.684746653717598e-08,7.0621767207512676e-06,2.4956108291007695e-08,False,False,False
categorical,alpha,beta,0.95,0.25,3,1200126,100,0.1,1.0,0.47262249421335784,0.1,110.55378191404168,2.2979958274049936,True,True,True,6.234623407898116,6.234819640248985,6.2348188713148875,0.4779024201854465,0.4779074564604388,0.47790743751852244,4.3655321407790114e-05,1.7729286505227126e-07,3.712720554460702e-05,-1.45136709761573e-07,False,False,False
categorical,alpha,beta,0.95,0.25,4,1200127,100,0.1,1.0,0.6695163161982105,0.7481199067263236,108.23559631481868,2.1738427649294115e-07,True,True,True,7.21176562653559,7.211928117598101,7.211928957763293,0.3916196097415685,0.3915936962339018,0.39159373874630155,3.868733439190532e-05,2.0669506386081026e-07,-7.137456989880775e-06,1.6544080949643103e-07,False,False,False
categorical,alpha,beta,0.95,0.25,5,1200128,100,0.1,1.0,0.5527955507126608,0.5720182282472972,109.01072328987256,2.0346847496847932e-07,True,True,True,7.973178675375573,7.973173925149129,7.9731696995641235,0.33486290458527834,0.334870228575451,0.3348703296671501,2.2247318232903353e-05,3.497440967583833e-07,7.422690089242678e-06,-4.1358929081525275e-07,False,False,False
categorical,alpha,beta,0.95,0.25,6,1200129,100,0.1,1.0,0.5527448657873075,0.28351956117932775,110.1031873204356,1.3667562414576186e-07,True,True,True,6.847209899739848,6.8466670169892945,6.846665423008234,0.32449601842649445,0.32454142670773556,0.32454144175274974,4.893772876528454e-05,2.131817437705859e-07,-2.72256678215399e-05,-2.154900613504651e-07,False,False,False
categorical,alpha,beta,0.95,0.25,7,1200130,100,0.1,1.0,0.5268007316908659,0.24449536811802994,110.10548629641278,1.848777036351761e-07,True,True,True,8.68746530688761,8.687449255390437,8.687447622391218,0.3590459830113527,0.3590462662738642,0.3590463102735873,5.3294715531800945e-06,1.4083213002627183e-07,-1.658861108921883e-06,-1.37315694814788e-07,False,False,False
categorical,alpha,beta,0.95,0.25,8,1200131,100,0.1,1.0,0.7650700210826223,0.795508380751326,107.68122874978563,2.629968139916876e-07,True,True,True,10.003863652461092,10.004307013349944,10.00430218407831,0.3243808339029309,0.3243672873782639,0.3243674035206442,2.8443493102889984e-05,2.9426367429362813e-07,2.837296513291676e-05,-3.490055178190232e-07,False,False,False
categorical,alpha,beta,0.95,0.25,9,1200132,100,0.1,1.0,0.657542973756684,0.35308372888999195,109.9628805983074,3.389817618959956e-07,True,True,True,6.8457892242219724,6.84630941504269,6.846304794875298,0.365277223722472,0.3652379239591695,0.3652381234761318,3.9259357373437644e-05,3.346314589930775e-07,3.029342603610985e-05,-4.451384114645407e-07,False,False,False
categorical,alpha,beta,0.95,0.25,10,1200133,100,0.1,1.0,0.4839009449131401,0.2237183281345819,110.2374628560698,4.766465574234764e-08,True,True,True,4.435727710052655,4.4357819049678,4.435783645112221,0.5666979715042486,0.5666942073862776,0.5666941089268918,1.685217507545399e-05,1.9015917722142864e-07,8.163084160628387e-06,2.789414708104232e-07,False,False,False
categorical,alpha,beta,0.95,0.25,11,1200134,100,0.1,1.0,0.5411202021761685,0.3093871646673618,109.92388859335358,1.5631940186722204e-07,True,True,True,9.499245278912634,9.499135914767708,9.499136323591317,0.24307985325570805,0.24308466612022522,0.24308461266443662,9.847559611998286e-06,9.364912254142826e-08,-5.990486400264672e-06,-1.8505275534153043e-08,False,False,False
categorical,alpha,beta,0.95,0.25,12,1200135,100,0.1,1.0,0.4756869205082449,0.1,110.42980305722318,1.352531995735568,True,True,True,10.628729053142226,10.628837171408158,10.628831592855764,0.2628878597193017,0.26289136389129436,0.2628914766294597,1.6885640715188978e-05,3.431489710094055e-07,1.3811485786163757e-05,-3.9505620463842206e-07,False,False,False
categorical,alpha,beta,0.95,0.25,13,1200136,100,0.1,1.0,0.44277589879179374,0.5681509293461727,109.32007294099508,4.5039666905894587e-07,True,True,True,5.978762299963409,5.9790117294823535,5.979006796636449,0.715929576200256,0.7159179601001389,0.7159182418089928,1.749880382019669e-05,2.345736019578127e-07,2.784415896428527e-05,-5.006979932886679e-07,False,False,False
categorical,alpha,beta,0.95,0.25,14,1200137,100,0.1,1.0,0.5855401581897705,0.8874536798465193,106.3291956344505,8.644125458514253e-08,True,True,True,8.98288978577793,8.982602764103818,8.982602818856943,0.5698514133019746,0.5698668989958934,0.5698668906127038,2.1838476848441165e-05,4.3556341967385704e-08,-1.4127544787356783e-05,-3.556039018803858e-09,False,False,False
categorical,alpha,beta,0.95,0.25,15,1200138,100,0.1,1.0,0.4885582576742914,0.2717732509596373,110.05090545165396,3.9815761641994813e-07,True,True,True,8.10095792869144,8.101193820256231,8.101188437003652,0.41847388396225327,0.41846205197868747,0.41846223119055403,1.2754070320811132e-05,3.403289034421696e-07,1.5038297206615425e-05,-4.581760748578745e-07,False,False,False
categorical,alpha,beta,0.95,0.25,16,1200139,100,0.1,1.0,0.4935824941376143,0.16475401642302742,110.21589250806908,2.1750036957277482e-07,True,True,True,10.287620182600108,10.287706785442094,10.287704580280627,0.17442539142529503,0.17444201211578833,0.17444200384000788,4.3750441417594e-05,2.3055052307829247e-07,2.7329525508434926e-05,-2.2387703779713775e-07,False,False,False
categorical,alpha,beta,0.95,0.25,17,1200140,100,0.1,1.0,0.5909369026808419,1.033770188142071,106.21199468417316,4.021470711290804e-07,True,True,True,6.275392843071718,6.275485648983469,6.275481232976191,0.658427736686226,0.658425401995097,0.6584257048617541,1.8887851009777557e-05,1.5152209018307345e-07,1.1745835180931863e-05,-3.550038485400364e-07,False,False,False
categorical,alpha,beta,0.95,0.25,18,1200141,100,0.1,1.0,0.5329117664113956,0.2082520229611946,110.1647461858687,2.6963201038669066e-07,True,True,True,9.295860741998972,9.29545544226697,9.295451948577083,0.19076323710530055,0.19078778708364325,0.1907880201725536,2.9272753346883458e-05,2.4763979412286245e-07,-1.5444261123320757e-05,-1.0749579359980999e-07,False,False,False
categorical,alpha,beta,0.95,0.25,19,1200142,100,0.1,1.0,0.5717211354363992,0.6483143423726175,107.82905199791075,5.02429586778808e-08,True,True,True,11.266344893335635,11.266567788814083,11.266567047196174,0.2737060296053304,0.27370388814619584,0.27370380702569747,1.5887725407205064e-05,2.264515228900243e-07,1.715932765478101e-05,-1.592180893794648e-07,False,False,False
categorical,alpha,beta,0.95,0.5,0,1210123,100,0.1,1.0,0.534868507277476,1.2047805967771974,104.95995096242281,5.340806179815771e-07,True,True,True,5.496287895427225,5.49655972682146,5.496556236583987,0.871723466437588,0.8717058365495547,0.8717060545655914,1.0895165259832198e-05,1.590091331742487e-07,2.8774902517625378e-05,-3.839857782850231e-07,False,False,False
categorical,alpha,beta,0.95,0.5,1,1210124,100,0.1,1.0,0.5636894663841291,0.37117658954786475,109.78562772336971,3.2171190647067563e-07,True,True,True,8.811112643435209,8.811368490382364,8.811360439753258,0.23768418164054367,0.23768826450166688,0.23768853381248897,4.476170324553154e-05,5.317092954261852e-07,3.313338623911477e-05,-6.03608754090601e-07,False,False,False
categorical,alpha,beta,0.95,0.5,2,1210125,100,0.1,1.0,0.7242137541349177,0.6055149818753236,108.52094731070103,2.1316282072803006e-07,True,True,True,11.610007839020117,11.610392830100846,11.610387730036278,0.2787628763221584,0.2787480859702115,0.27874823262741505,1.781567541698435e-05,2.2503593577483952e-07,1.5861283728213493e-05,-2.7042193551096716e-07,False,False,False
categorical,alpha,beta,0.95,0.5,3,1210126,100,0.1,1.0,0.4998987861629985,0.9472790273862034,106.23785933484518,1.0869213824647058e-07,True,True,True,7.714613957682849,7.7143749823865075,7.7143740025247896,0.6354826092545769,0.6354994730270723,0.6354994837863777,1.1412310060290302e-05,1.0469449896216602e-07,-1.1676935841364866e-05,-1.1463055216154316e-07,False,False,False
categorical,alpha,beta,0.95,0.5,4,1210127,100,0.1,1.0,0.7038648232216541,0.5879804973566585,108.14146496391376,6.135403835094992e-07,True,True,True,14.11945519718858,14.11918528375208,14.119186001666291,0.10021981203915024,0.1002395291345667,0.10023956831494743,2.4249556448936534e-05,1.3110573349131447e-07,3.679496998643117e-06,9.595478900337184e-08,False,False,False
categorical,alpha,beta,0.95,0.5,5,1210128,100,0.1,1.0,0.9246626642921394,1.1147634781555882,102.93738508337891,1.3041415572881507e-07,True,True,True,12.188506708421595,12.188843610064138,12.188845632943565,0.633361693024897,0.6333425144834687,0.633342456929357,1.8236254729072386e-05,6.035890699426781e-08,5.660134618779011e-06,9.969991765501618e-08,False,False,False
categorical,alpha,beta,0.95,0.5,6,1210129,100,0.1,1.0,0.6291845665301852,0.8016260357851168,106.61589431690216,1.4210854715202004e-07,True,True,True,10.928434584214076,10.928372718798204,10.92837198747699,0.3256658965502216,0.32566543454717656,0.32566549398830785,6.5890980108764e-06,1.2682960687912669e-07,-6.191360668594825e-06,1.51462131725566e-09,False,False,False
categorical,alpha,beta,0.95,0.5,7,1210130,100,0.1,1.0,0.4051836472719712,0.8764137024745643,106.2624643069541,1.5189668777134066e-07,True,True,True,8.811463336788647,8.811538800475642,8.811535259024346,0.5069723198526084,0.5069803462985006,0.5069804957237958,4.28505678919088e-05,1.3482888965645285e-07,1.7575134876324228e-05,-2.29878509117043e-07,False,False,False
categorical,alpha,beta,0.95,0.5,8,1210131,100,0.1,1.0,0.5681196722939525,0.8316609551753588,107.48010969296088,8.55606755492907e-08,True,True,True,6.733481591905518,6.733541548841528,6.733545730189705,0.6365120248846176,0.6365071377676952,0.6365069401190374,1.4381836100635997e-05,2.138243663882285e-07,3.671179939601643e-06,3.934214731771135e-07,False,False,False
categorical,alpha,beta,0.95,0.5,9,1210132,100,0.1,1.0,0.4488976616621918,1.0024885560578882,105.36012337463163,3.217021792565581e-07,True,True,True,8.327431435787462,8.327478196864796,8.32747040403641,0.6292508896782988,0.6292549084385999,0.6292552614819192,1.7720860143970226e-05,2.480414792173294e-07,9.712718011201105e-06,-5.293412073115178e-07,False,False,False
categorical,alpha,beta,0.95,0.5,10,1210133,100,0.1,1.0,0.6824144861901427,0.7379790477035661,107.92107094931337,4.001813022207649e-07,True,True,True,8.86912265658661,8.869354569182207,8.869349450304925,0.3313095585926564,0.3313148428909717,0.33131501050945095,4.987758518207633e-05,3.0835356124547595e-07,3.184758016061551e-05,-3.8416428083110077e-07,False,False,False
categorical,alpha,beta,0.95,0.5,11,1210134,100,0.1,1.0,0.3100595014818816,1.1176477429670557,107.23832329543201,3.2685926864763064e-07,True,True,True,3.7857533241567363,3.7859101549158396,3.7859086326135327,1.0619316907026999,1.0619269257504163,1.061927090033812,3.342648109751512e-05,4.207077000387894e-08,3.572689506370352e-05,-2.129586107457726e-07,False,False,False
categorical,alpha,beta,0.95,0.5,12,1210135,100,0.1,1.0,0.5047878126543739,0.966727339097577,105.75486092729497,7.195802084636491e-07,True,True,True,7.895505688608464,7.895935951768048,7.895934225194555,0.6481592472426063,0.648135831201647,0.6481359071752599,1.6735513988047932e-05,7.437735370635716e-08,2.7403296655847953e-05,-1.3119827713126142e-07,False,False,False
categorical,alpha,beta,0.95,0.5,13,1210136,100,0.1,1.0,0.9210008884749367,0.6546887828207657,108.69557320278219,8.809010700684867e-07,True,True,True,13.85736960416345,13.85771753322637,13.857711244547655,0.1834093079568658,0.18339872989597397,0.18339883696465537,1.993202560640997e-05,3.036927488722239e-07,1.2598578095435187e-05,-3.305360820604619e-07,False,False,False
categorical,alpha,beta,0.95,0.5,14,1210137,100,0.1,1.0,0.5448501322294446,0.1967638406804629,110.19983497151816,1.0247593068766007e-07,True,True,True,8.19937957644134,8.19980334013912,8.199802363924595,0.24920699891610368,0.24918937988418147,0.24918926895707022,3.633121923092685e-05,3.457099913656853e-07,3.1149651505302245e-05,-2.4676296561665367e-07,False,False,False
categorical,alpha,beta,0.95,0.5,15,1210138,100,0.1,1.0,0.5008014683682016,0.12470730100580633,110.28930545813762,4.263256414560601e-08,True,True,True,9.145989928245806,9.145646645748249,9.145647882755325,0.22455506565810318,0.22457879272835068,0.22457877601861448,2.8126166902566025e-05,1.0826678200982699e-07,-1.010154902303384e-05,1.160185831849958e-07,False,False,False
categorical,alpha,beta,0.95,0.5,16,1210139,100,0.1,1.0,0.6041714302864243,0.7043107014355812,108.01924398315194,3.9157287498752723e-07,True,True,True,6.851958722566487,6.851912843076415,6.851909409617713,0.3738688658892735,0.37388949251672093,0.37388960071954414,3.781573880855842e-05,3.093164446991632e-07,1.6674916935244255e-05,-3.7652193896065e-07,False,False,False
categorical,alpha,beta,0.95,0.5,17,1210140,100,0.1,1.0,0.6563648222530237,0.5070302165920378,108.83302254638356,3.0627606495062744e-07,True,True,True,13.280518079044814,13.280617791372947,13.280614830480507,0.18094866046203897,0.18093206748705,0.1809321382751927,3.24466059884197e-05,1.392888188356147e-07,-1.1736681642560143e-05,-1.4145057036785147e-07,False,False,False
categorical,alpha,beta,0.95,0.5,18,1210141,100,0.1,1.0,0.573085801608104,0.5676132684196659,109.18056692555936,1.7067822212573436e-07,True,True,True,7.272843535024985,7.2726765967194185,7.272676713561879,0.4600814945450202,0.4600920067277839,0.4600919917463644,1.7354996117304513e-05,4.707240537547166e-08,-1.085249789412046e-05,-1.1820446843557875e-09,False,False,False
categorical,alpha,beta,0.95,0.5,19,1210142,100,0.1,1.0,0.4902646870930044,1.050149937085552,105.86811696591244,1.9998476610925764e-07,True,True,True,2.9348680002545233,2.9351706354049933,2.9351669314697566,0.8287229690760058,0.828687873054832,0.8286883114028932,3.15292123027124e-05,3.1470333800800125e-07,6.194877248333341e-05,-7.572487277229811e-07,False,False,False
categorical,alpha,beta,0.95,1.0,0,1220123,100,0.1,1.0,0.6945976060345269,0.8779486068559146,106.95284713669074,2.1042144588478844e-07,True,True,True,8.838919808264581,8.839082105392558,8.83907954343504,0.4196022939648146,0.4195841906322055,0.41958431021816167,2.4363038268083672e-05,1.0398351759790157e-07,-2.6329190916385414e-06,-1.5216592430533638e-07,False,False,False
categorical,alpha,beta,0.95,1.0,1,1220124,100,0.1,1.0,0.6489875477815293,1.4511392536414003,99.04166498055756,6.845908250572552e-07,True,True,True,7.691226353789953,7.6915773445409625,7.691577506455823,0.727216992383301,0.7271923885761669,0.727192372355437,1.3734567653255321e-05,2.0486597256923765e-08,1.731036786623008e-05,2.376125962655351e-09,False,False,False
categorical,alpha,beta,0.95,1.0,2,1220125,100,0.1,1.0,0.7724625115725492,1.1465005252914808,102.96299197268286,2.1397212028261237e-07,True,True,True,8.95665420067478,8.956994255161726,8.956994488905988,0.5286503579641526,0.5286321190638916,0.5286320651139069,1.4123821968404125e-05,1.1326895893793483e-07,1.6931640473671905e-05,-3.601591913593438e-08,False,False,False
categorical,alpha,beta,0.95,1.0,3,1220126,100,0.1,1.0,0.6213640483370253,1.4807411331119522,97.54871369741095,4.4562937306476467e-07,True,True,True,9.945980766415499,9.946140881801712,9.946138663672114,0.7332637408097111,0.7332537387845567,0.7332538150915203,7.857822237770983e-06,6.246856088604937e-08,4.447952420605361e-06,-1.351624803191953e-07,False,False,False
categorical,alpha,beta,0.95,1.0,4,1220127,100,0.1,1.0,0.6240825562117552,1.3920279277629009,101.84620500303183,4.270766167829751e-07,True,True,True,6.944843000165889,6.945162648646212,6.945160468712569,0.9110830294682586,0.9110553979753215,0.911055510745016,1.843502994025154e-05,6.641904893825982e-08,1.402970140418347e-05,-1.8404712420760916e-07,False,False,False
categorical,alpha,beta,0.95,1.0,5,1220128,100,0.1,1.0,0.8145157039792357,1.3803118571458202,100.44380625152955,1.9294837382712846e-07,True,True,True,6.987595793714375,6.9876035917178685,6.987604731916303,0.8168627647231954,0.816852268557633,0.8168521857787177,2.3633226892179502e-05,3.704377558797231e-08,-1.0900308055283858e-05,6.787171002997638e-08,False,False,False
categorical,alpha,beta,0.95,1.0,6,1220129,100,0.1,1.0,0.6806326620682693,0.9462360473728271,106.22073033300082,1.1448561260998397e-06,True,True,True,8.317760451677522,8.317991274868106,8.317989542037443,0.5185309071472985,0.5185133147342074,0.5185133514123206,1.7269235234099594e-05,1.4090987688007508e-07,7.330146658546255e-06,-1.6609600095307542e-07,False,False,False
categorical,alpha,beta,0.95,1.0,7,1220130,100,0.1,1.0,0.5751848548695991,1.145456496030813,102.83701170072477,8.549047345847596e-08,True,True,True,9.72079852248738,9.721102297995808,9.721100637564357,0.6157121430797394,0.615696223610082,0.6156962580833623,1.851693275433779e-05,1.0215162635006143e-07,1.279048393598714e-05,-1.3111808527810354e-07,False,False,False
categorical,alpha,beta,0.95,1.0,8,1220131,100,0.1,1.0,0.5962053460423858,1.281168100040494,101.79126712178142,5.881687937779636e-07,True,True,True,7.7755285336888,7.775576457131971,7.775573688031851,0.6815281707858253,0.6815192110352691,0.681519319491522,1.813381092795803e-05,1.2754268325013895e-07,-4.383208235481106e-06,-2.31263129535364e-07,False,False,False
categorical,alpha,beta,0.95,1.0,9,1220132,100,0.1,1.0,0.39248776049487927,1.8632146680735555,96.9653344421718,7.860644293016794e-07,True,True,True,6.473483638069945,6.473462137486073,6.473461956199412,1.2313997770963165,1.2314107592280399,1.2314107614792762,2.384332831365301e-05,2.3016252577369877e-08,9.296896820387701e-06,-2.5412759896425996e-08,False,False,False
categorical,alpha,beta,0.95,1.0,10,1220133,100,0.1,1.0,0.5238771436164273,1.398327771091888,103.15571448423105,4.960523501995886e-07,True,True,True,5.298751293987514,5.298813720378219,5.29881155115408,0.9834507994881052,0.9834445949317061,0.9834447200464802,6.061003960536152e-06,1.2789390259908616e-07,4.3726755052375665e-06,-2.6533558639130206e-07,False,False,False
categorical,alpha,beta,0.95,1.0,11,1220134,100,0.1,1.0,0.7831546928314007,1.1850932558413674,102.39838542007233,5.28021158146577e-07,True,True,True,10.105585262109237,10.105739915438981,10.105739556658472,0.6564177474314113,0.6564047166180965,0.6564047114640393,1.9620086938395453e-05,4.777355464560883e-08,2.599161206262579e-07,-4.1436479136791604e-08,False,False,False
categorical,alpha,beta,0.95,1.0,12,1220135,100,0.1,1.0,0.630787095896272,0.8219887996808499,107.41758729888218,4.1346017172759716e-07,True,True,True,8.312954545619556,8.313188709562729,8.313190826522959,0.4367697006416764,0.43674701787138237,0.4367468939825695,2.524705010000609e-05,1.0757452180776585e-07,2.1656755251342474e-06,1.1201851179976074e-07,False,False,False
categorical,alpha,beta,0.95,1.0,13,1220136,100,0.1,1.0,0.43906116089440794,1.8867928360742148,98.62643590261435,1.7691737140145e-07,True,True,True,4.396017778627518,4.396078486411209,4.396076411258838,1.074024154766575,1.0740320226395346,1.0740321643397317,3.28216101994664e-05,1.5153505228806428e-07,2.2558942220030076e-05,-3.0890798541349795e-07,False,False,False
categorical,alpha,beta,0.95,1.0,14,1220137,100,0.1,1.0,0.75264968838143,1.755669878409703,95.64773590815533,8.801628493266283e-08,True,True,True,7.207224600158917,7.207145444979486,7.207145307502345,0.8391529883536392,0.8391458242146085,0.839145817118217,2.7297781056346867e-05,4.151316294228964e-08,-1.925807995917239e-05,-2.7245150135968288e-08,False,False,False
categorical,alpha,beta,0.95,1.0,15,1220138,100,0.1,1.0,0.9745445264958446,1.0570947276904854,102.48168996465685,2.302958257468982e-07,True,True,True,15.324063449136156,15.324339758238184,15.324340077755878,0.3118457839773958,0.3118250771891337,0.31182507486346756,2.986765430633141e-05,4.903952664949586e-08,-5.790501091951228e-06,1.8172812588090892e-08,False,False,False
categorical,alpha,beta,0.95,1.0,16,1220139,100,0.1,1.0,0.6887642212238285,1.6142672791418788,99.20003536050946,1.3614636848723417e-07,True,True,True,6.2764981783835045,6.276707559186138,6.2767059674146415,0.9485588165128828,0.9485484368012003,0.9485485243812012,1.007213868535915e-05,6.130556699207602e-08,2.1256083186926844e-05,-1.5276958720278344e-07,False,False,False
categorical,alpha,beta,0.95,1.0,17,1220140,100,0.1,1.0,0.792227189510012,1.5856641009183208,97.19882208474411,6.054793865696567e-07,True,True,True,6.793353266969087,6.793358123676036,6.793356196411919,0.8635667366396164,0.8635644585435249,0.8635645529744512,7.688116535881614e-06,8.143088416924254e-08,-2.082815598214438e-06,-1.74980712586148e-07,False,False,False
categorical,alpha,beta,0.95,1.0,18,1220141,100,0.1,1.0,0.7097824192296307,0.8719282135828901,105.88145259197675,2.267065629772534e-07,True,True,True,10.80498971620588,10.805108487483214,10.805102486672654,0.3828984266903166,0.3828914158024622,0.3828915118256938,9.453379522609246e-06,3.7838999518272917e-07,2.4758013665859835e-06,-4.448172319371224e-07,False,False,False
categorical,alpha,beta,0.95,1.0,19,1220142,100,0.1,1.0,0.6628051517536208,1.5212996784322188,96.90611422510182,5.234062195392845e-07,True,True,True,9.53134791789605,9.531174868626136,9.531174035055015,0.8568093429730499,0.8568189717980388,0.8568189964541987,4.7576933264064555e-06,3.4305308649256935e-08,-7.129443716280548e-06,-5.907088507228764e-08,False,False,False
categorical,alpha,beta,0.95,3.0,0,1230123,100,0.1,1.0,0.8477163321613707,3.312190402495443,68.0901897292932,9.82134037701593e-07,True,True,True,3.3293089062985946,3.329587175818903,3.3295871399103154,1.493559262234538,1.493518177192941,1.493518150353971,1.1409947512546188e-05,7.330508929168142e-08,3.623568758825968e-05,-4.1684202756187005e-08,False,False,False
categorical,alpha,beta,0.95,3.0,1,1230124,100,0.1,1.0,0.9510651269811202,3.693486550698661,70.73870189793992,1.761770262263846e-07,True,True,True,2.368691101571673,2.368644326126064,2.368644340427514,1.7741914810190778,1.7741935131358348,1.7741934999076838,1.5120948059797398e-05,2.44287215134655e-08,-1.741720673464897e-05,-9.191651884066232e-09,False,False,False
categorical,alpha,beta,0.95,3.0,2,1230125,100,0.1,1.0,0.87436819990681,3.393228137428347,70.86771763416736,3.635606846598796e-07,True,True,True,2.9270093618338686,2.927233478946437,2.9272333867479308,1.4883332955420678,1.4882881846387055,1.488288184135811,2.7981840643454734e-05,3.290346930566078e-08,2.4597781560942167e-05,-3.2075789135888044e-08,False,False,False
categorical,alpha,beta,0.95,3.0,3,1230126,100,0.1,1.0,0.9633448980846843,2.5569213898298284,72.50698045992007,8.798584557929958e-07,True,True,True,6.332044318333074,6.33241476947293,6.332413857889139,1.2249988685647197,1.2249719978352918,1.224972047896325,6.612252271065875e-06,3.232500856605156e-08,2.7480090437848048e-05,-8.632027004296106e-08,False,False,False
categorical,alpha,beta,0.95,3.0,4,1230127,100,0.1,1.0,0.7570405016713664,3.327651268100025,72.93566319202637,3.5106186007238933e-07,True,True,True,3.3278535780483063,3.3282032545827507,3.3282031973276456,1.7284251921574048,1.7283799094009888,1.7283799066915655,2.1828619411498416e-06,2.3468854159947815e-08,5.291615470071065e-05,-2.0322346472312347e-08,False,False,False
categorical,alpha,beta,0.95,3.0,5,1230128,100,0.1,1.0,0.9437646660476532,3.362931636148217,64.32098985835799,1.2203856925118746e-07,True,True,True,3.4286543441635295,3.429063753830582,3.429063517045902,1.6073150349887748,1.6072572991593865,1.6072573174869265,1.3916364176907958e-05,2.6904059518634015e-08,5.288235459488533e-05,-4.795192865003628e-08,False,False,False
categorical,alpha,beta,0.95,3.0,6,1230129,100,0.1,1.0,0.9045374953212868,2.1852153002630375,81.09472948912847,2.9167548364557484e-07,True,True,True,8.71370194114868,8.714048866339706,8.71404800833616,1.0478409281138965,1.047819698643126,1.0478197302707917,9.728487224187254e-06,2.8500208196190956e-08,1.530958121520598e-05,-6.20494091663204e-08,False,False,False
categorical,alpha,beta,0.95,3.0,7,1230130,100,0.1,1.0,0.98,2.462173946357755,83.99150294944097,10.409073794903653,True,True,True,5.345685891884215,5.345856121501098,5.345855865982011,1.080079913076655,1.0800461727310058,1.0800462040412364,4.584508994142052e-05,2.558749618128258e-08,-7.0129674014651755e-06,-1.1750358908102498e-08,False,False,False
categorical,alpha,beta,0.95,3.0,8,1230131,100,0.1,1.0,0.9143819681409607,3.9821936410698657,52.905196973994435,1.40786585934339e-07,True,True,True,2.551216812961004,2.5513265363468247,2.5513265114935724,1.5924245057686495,1.5924022808511138,1.5924022787523935,8.496954644523916e-06,1.4688381474003048e-08,1.7407791730761346e-05,-1.2157542528257181e-08,False,False,False
categorical,alpha,beta,0.95,3.0,9,1230132,100,0.1,1.0,0.7034805655773652,3.3887789378218525,66.64811457761915,8.651915441402688e-08,True,True,True,3.8247867978645282,3.824546108790518,3.824545928222822,1.5217377083390127,1.521765297026924,1.5217653100512902,3.386185121363278e-06,1.739181868350636e-08,-3.1200303027389964e-05,-3.221799715902307e-08,False,False,False
categorical,alpha,beta,0.95,3.0,10,1230133,100,0.1,1.0,0.8860420692106916,3.168120969099648,66.57508550846897,7.119571761156515e-08,True,True,True,4.463436341475656,4.46396229384221,4.463961979498288,1.4403340033631593,1.440278912680784,1.4402789194038923,1.1319467904362687e-05,5.499034141815139e-08,5.434063751863505e-05,-6.26778700052455e-08,False,False,False
categorical,alpha,beta,0.95,3.0,11,1230134,100,0.1,1.0,0.9546362909292815,2.757898022002629,67.78261929230642,1.1945545745139173e-06,True,True,True,4.725830234050294,4.7261286054590865,4.726128493270577,1.2805818724331566,1.2805568270375094,1.2805568324834418,9.389124211338077e-06,1.4032057830266593e-08,3.428225595314416e-05,-1.7468067881054594e-08,False,False,False
categorical,alpha,beta,0.95,3.0,12,1230135,100,0.1,1.0,0.9378412308165291,3.3410327928954864,62.97973433872943,8.287347031879214e-08,True,True,True,3.953625488943584,3.9541042031935407,3.9541038720848434,1.5511246583703053,1.5510725460576908,1.5510725693950753,3.563553616324128e-06,3.0086615112553516e-08,6.1021629349511386e-05,-5.686982262886886e-08,False,False,False
categorical,alpha,beta,0.95,3.0,13,1230136,100,0.1,1.0,0.7676707521344563,4.065213162542084,50.02424631366999,1.4451962727328332e-07,True,True,True,2.9546290836343174,2.954651003498587,2.9546509413077358,1.568418204856619,1.5684124316209032,1.5684124323858604,6.0556782247135584e-06,1.9306488293925182e-08,7.519424514157436e-07,-2.0167775005575095e-08,False,False,False
categorical,alpha,beta,0.95,3.0,14,1230137,100,0.1,1.0,0.7239691180891787,2.902426360592418,78.94624723312279,6.19261908914921e-07,True,True,True,3.2169051824192576,3.2173628482603225,3.21736250829793,1.5513321467027368,1.5512706121927338,1.5512706506509704,4.101807278893373e-06,1.890562700086889e-08,7.135325660101444e-05,-6.138824915069563e-08,False,False,False
categorical,alpha,beta,0.95,3.0,15,1230138,100,0.1,1.0,0.9165481542744713,3.302004009892582,69.33987757224227,7.424247625776404e-07,True,True,True,3.6112078555925233,3.6114479812662057,3.611447564630335,1.5323072287207127,1.5322700916435892,1.5322701306340538,1.9135887712154462e-05,2.5831420398649942e-08,2.3666232308983126e-05,-7.04758917891013e-08,False,False,False
categorical,alpha,beta,0.95,3.0,16,1230139,100,0.1,1.0,0.8876885623383963,3.0117078104716266,69.69564364945494,2.2128931083447937e-07,True,True,True,4.807369290468291,4.807308420450679,4.807307927044795,1.4086046338454017,1.4086077882761037,1.4086078090199727,6.496652134346577e-06,5.509570404359418e-08,-9.108976357197207e-06,-7.875436836002336e-08,False,False,False
categorical,alpha,beta,0.95,3.0,17,1230140,100,0.1,1.0,0.98,3.0503576222251243,66.74305271234756,1.7976884549852918,True,True,True,4.50678494195933,4.506955281600523,4.506954931621619,1.4031054869377402,1.403084385817112,1.4030844019150608,1.2221985427581203e-05,4.070125957795894e-08,1.3442868933566388e-05,-5.9119614093106065e-08,False,False,False
categorical,alpha,beta,0.95,3.0,18,1230141,100,0.1,1.0,0.7573041154836035,3.8300119243946296,55.18150287667118,1.7296069296978348e-08,True,True,True,2.7919197085638117,2.792088905001757,2.792088816148868,1.7931769860460174,1.7931551536478978,1.7931551629929232,1.0440016586851931e-05,1.1283387985386288e-08,3.544380847131379e-05,-2.1064231248146825e-08,False,False,False
categorical,alpha,beta,0.95,3.0,19,1230142,100,0.1,1.0,0.928777448579784,2.414386788889609,78.26864867981311,1.2484775633557037e-06,True,True,True,6.919720145363241,6.919669343482895,6.919668742317438,1.1753978623064343,1.1753982786201949,1.175398309768967,6.448992228781297e-06,1.6237355483348908e-08,-6.91335353053546e-06,-5.1016428415096016e-08,False,False,False
categorical,alpha,beta,0.95,8.0,0,1240123,100,0.1,1.0,0.8842533267713081,5.274178692135748,52.125527053986616,5.753342543255099e-07,True,True,True,1.072447172976207,1.0727871156284567,1.072787049149352,2.141798114543082,2.1416404080407325,2.1416404184912015,4.63272461812253e-05,3.8291755121239175e-08,0.00013531197420491026,-4.9937050050630205e-08,False,False,False
categorical,alpha,beta,0.95,8.0,1,1240124,100,0.1,1.0,0.9483619474256378,5.069922050405488,51.954318038637346,1.1411203517251498e-06,True,True,True,1.0353267437912779,1.0353539593488708,1.0353538741374353,2.2438399413534036,2.243808902846125,2.2438089269094292,4.524139909843471e-05,2.7829663781714412e-08,-9.502419331397505e-06,-5.459784091499387e-08,False,False,False
categorical,alpha,beta,0.95,8.0,2,1240125,100,0.1,1.0,0.8020989992801296,5.617766916514936,43.1852532092957,7.115551680513153e-08,True,True,True,1.102390468558201,1.1024322199666454,1.1024322038955279,2.158329414572533,2.1583047870501586,2.1583047848163988,1.887184995932867e-05,1.9958800816742198e-08,9.50217117434704e-06,-1.7149588416032202e-08,False,False,False
categorical,alpha,beta,0.95,8.0,3,1240126,100,0.1,1.0,0.9100785106173032,5.21145065518982,45.85674948319796,6.021955036823643e-07,True,True,True,1.078560938561658,1.0785734699008724,1.0785733606818066,2.3046187210089353,2.3046031298867704,2.3046031699785856,2.437997380009029e-05,9.65942737314666e-09,-6.386542153791197e-06,-5.5105118690335075e-08,False,False,False
categorical,alpha,beta,0.95,8.0,4,1240127,100,0.1,1.0,0.9315827747385191,5.0772344958720925,51.62387035006101,5.222489107836736e-07,True,True,True,1.0449449246687694,1.0449012907737953,1.0449012536461457,2.3557463694626843,2.3557516798787526,2.3557516948677386,2.9676839826101296e-05,3.6900125512783933e-09,-3.566242908448203e-05,-1.827550022426294e-08,False,False,False
categorical,alpha,beta,0.95,8.0,5,1240128,100,0.1,1.0,0.98,4.981599849505927,54.41673872605885,3.408629687839948,True,True,True,1.0070348630682424,1.0070352139405694,1.0070351871162213,2.2256069050330365,2.2255855580381625,2.2255855615366698,4.882680900249156e-05,1.9596817634212188e-08,-2.4250824068872134e-05,-2.2609150107655296e-08,False,False,False
categorical,alpha,beta,0.95,8.0,6,1240129,100,0.1,1.0,0.8352036792160248,5.222739598510571,53.8781126344,3.167646644976014e-07,True,True,True,1.0657123103918182,1.065714460483871,1.0657144454646452,2.23033887170165,2.230330224513535,2.2303302326137504,1.7939158982948224e-05,5.169661159341343e-09,-7.942696264251481e-06,-4.76739359100975e-09,False,False,False
categorical,alpha,beta,0.95,8.0,7,1240130,100,0.1,1.0,0.8202518735752345,5.658740068520329,39.303058000490026,1.1523648690107114e-07,True,True,True,1.0591139136464738,1.0592734753211166,1.05927339440341,2.2421409346070558,2.242071644098045,2.2420716623891224,8.998675487649078e-06,3.4422092519184396e-08,7.081549407672583e-05,-5.533144076252938e-08,False,False,False
categorical,alpha,beta,0.95,8.0,8,1240131,100,0.1,1.0,0.9573988302448121,5.080073507494989,50.94920531624597,9.53290117221991e-07,True,True,True,1.0217602803162427,1.0214814130668537,1.021481413995225,2.2750489106882705,2.275157167184214,2.2751571613990142,2.381534062640875e-05,1.2925556169360418e-08,-0.0001483363604890542,-5.75160896687521e-09,False,False,False
categorical,alpha,beta,0.95,8.0,9,1240132,100,0.1,1.0,0.98,5.04299152718114,50.05193049590679,2.4623711816218523,True,True,True,1.016576421396454,1.016562023098151,1.0165619223945905,2.283753957426932,2.283739068260415,2.283739099732536,4.8503876464376004e-05,2.7223476055379902e-08,-3.136823386995502e-05,-6.28292653459539e-08,False,False,False
categorical,alpha,beta,0.95,8.0,10,1240133,100,0.1,1.0,0.8258798620256899,5.619843299654039,40.64171424148814,2.8498169715748885e-07,True,True,True,1.0399903278969822,1.040334604199135,1.0403345878148105,2.2512800155704786,2.2511339387149807,2.2511339399660524,5.6967595999603515e-06,1.3086122115948555e-08,0.00016279169992827747,-1.4308739082480315e-08,False,False,False
categorical,alpha,beta,0.95,8.0,11,1240134,100,0.1,1.0,0.98,5.171331723459125,40.27637349821633,1.6255773331863594,True,True,True,1.0126114770774488,1.0127270342330703,1.012726952809675,2.058767645609404,2.058697672762354,2.0586976884149863,4.7061248409114156e-05,4.484734427321415e-08,3.348985197959564e-05,-6.237938521280739e-08,False,False,False
categorical,alpha,beta,0.95,8.0,12,1240135,100,0.1,1.0,0.8344227551307125,5.361691908054189,51.24678477038205,6.684358471486091e-07,True,True,True,1.0520508916014562,1.0518732962850106,1.051873189919786,2.272607257809582,2.272668833729888,2.272668871274583,2.7178629872333974e-05,1.50448705673598e-08,-9.798892101287038e-05,-5.789488710661317e-08,False,False,False
categorical,alpha,beta,0.95,8.0,13,1240136,100,0.1,1.0,0.98,4.86948113441537,63.03309921248291,1.3565733283371677,True,True,True,0.9685242996284206,0.9686189322438417,0.9686188692598282,2.397956232003935,2.397902632098468,2.397902653412976,2.5775711460025702e-05,1.6294598764663624e-08,3.595361445718481e-05,-4.048532531442106e-08,False,False,False
categorical,alpha,beta,0.95,8.0,14,1240137,100,0.1,1.0,0.9717632095559963,4.973527582771655,56.452697620562894,1.5470675590074168e-06,True,True,True,0.9965436357496604,0.9967435510115575,0.9967435326659345,2.3919930776992167,2.391893832187764,2.3918938374857723,2.8007213216289267e-05,7.581702355296748e-09,8.631559558835988e-05,-1.2306003327466897e-08,False,False,False
categorical,alpha,beta,0.95,8.0,15,1240138,100,0.1,1.0,0.8945705373596867,4.5410087639682954,50.22969708145879,1.2951063060589631e-06,True,True,True,1.7765981061087255,1.7767188605137647,1.7767187447071586,2.085419633518406,2.0853848486603517,2.0853848703592215,1.2219946982835284e-05,1.529324569942153e-08,2.7879399084440593e-05,-4.019829447088341e-08,False,False,False
categorical,alpha,beta,0.95,8.0,16,1240139,100,0.1,1.0,0.7508667523867488,5.633972519529019,49.9283402781304,2.8796940911368694e-07,True,True,True,1.144612588898778,1.1449767609738006,1.1449766739023175,2.106183714002819,2.1060364190693197,2.1060364386341854,2.1242747597428642e-05,3.1290582452885314e-08,0.00014847818070506946,-5.3521631571129547e-08,False,False,False
categorical,alpha,beta,0.95,8.0,17,1240140,100,0.1,1.0,0.9740668227818595,4.333772430772849,56.739149348758886,1.760062567579426e-07,True,True,True,1.5910747068246496,1.5911678643540144,1.5911677736134375,2.0765022342426844,2.0764707158793865,2.076470731855015,1.408224463583445e-05,2.041163412003068e-08,2.2222860401654998e-05,-3.863503650336497e-08,False,False,False
categorical,alpha,beta,0.95,8.0,18,1240141,100,0.1,1.0,0.9248797825920765,5.074960074204326,55.865845863862354,1.117290604534256e-06,True,True,True,1.0419676046857875,1.042259866501614,1.0422597928247495,2.346722604897861,2.3465899579529164,2.346589985845088,2.5025725725953956e-05,7.820844352584382e-09,0.00012769696282788345,-3.857748964719576e-08,False,False,False
categorical,alpha,beta,0.95,8.0,19,1240142,100,0.1,1.0,0.8507918214089948,5.527349436401578,40.415395179053476,1.5635368691344247e-07,True,True,True,1.0859282775378285,1.0859304952419762,1.0859304465084358,2.1914107833510816,2.1914021926702354,2.191402201573707,1.782173066085672e-05,2.4713475529132403e-08,-7.882795905800322e-06,-3.4626722822395095e-08,False,False,False
ces,alpha,rho,0.05,-0.7,0,2000123,100,0.1,1.0,0.05025075579834607,-0.2941369619482129,-87.05072303503565,1.9697546741254416e-06,True,True,True,5.472616250965533,5.472560887417148,5.472558320762405,3.1158281677014257,3.115847351966536,3.115847549635639,3.439364147502122e-05,2.359439441787135e-08,1.1728752568274103e-05,-2.414294613117818e-07,False,False,False
ces,alpha,rho,0.05,-0.7,1,2000124,100,0.1,1.0,0.06439000452863557,-0.19235336493977853,-97.54255171533217,4.627401042844584e-06,True,True,True,6.264814858379475,6.264280662592186,6.264284624062657,2.8551849647808423,2.855232395848937,2.8552321168944563,2.4178906198566827e-05,1.6279957317867305e-08,-3.0354574320767824e-05,3.1123190069592965e-07,False,False,False
ces,alpha,rho,0.05,-0.7,2,2000125,100,0.1,1.0,0.06005363661482897,-0.2688192225861112,-99.07148440496226,7.019644405789034e-07,True,True,True,6.917019584644636,6.915706730354059,6.91571406733482,2.8541741202785316,2.854266965817646,2.8542665008745023,2.414168299713567e-05,1.719390838478104e-08,-8.240058228636826e-05,5.256294031141806e-07,False,False,False
ces,alpha,rho,0.05,-0.7,3,2000126,100,0.1,1.0,0.07560373633666245,-0.07076853439150903,-95.43701501374873,2.1868677033172037e-06,True,True,True,6.609765416000708,6.611979357834011,6.611973288643615,2.8383204219534384,2.8381831275790566,2.8381835212199724,1.889843827105279e-05,1.5901403344978445e-08,0.0001763633512581464,-4.6471282644233725e-07,False,False,False
ces,alpha,rho,0.05,-0.7,4,2000127,100,0.1,1.0,0.08203813186097163,-0.1235016208385241,-72.82151976425995,1.6087315213292358e-05,True,True,True,8.244151485085355,8.243716646973692,8.243693727837904,2.704015349317625,2.7040459370131846,2.7040471389326766,1.7828037983471538e-05,1.8637307504358716e-08,-1.892748402099187e-05,-1.3964374261377088e-06,False,False,False
ces,alpha,rho,0.05,-0.7,5,2000128,100,0.1,1.0,0.028451845748479122,-0.13839643069138513,-88.13147455314402,9.922659980302665e-06,True,True,True,4.27501523092739,4.273147266258545,4.273154276434722,2.874428019280296,2.8746234448793815,2.874622733273936,1.3142312581837452e-05,9.629172600472226e-09,-0.00021123144659895843,8.212508930682816e-07,False,False,False
ces,alpha,rho,0.05,-0.7,6,2000129,100,0.1,1.0,0.0724816983685801,-0.06425017556914771,-79.853871513006,4.412613410652453e-06,True,True,True,6.392084204652244,6.393417896878491,6.393399579545101,2.791633241674015,2.791547641723905,2.7915488872498915,1.1532171386698884e-05,9.271676781465769e-09,0.00010864405692245782,-1.4310692080243825e-06,False,False,False
ces,alpha,rho,0.05,-0.7,7,2000130,100,0.1,1.0,0.06475341377902152,-0.161508034858343,-92.52117995636102,4.944478971906975e-06,True,True,True,7.235682526189277,7.236984951786619,7.236962546754871,2.7803663093905646,2.7802972628539147,2.7802986028279295,2.1299423381387397e-05,1.67935741931161e-08,9.893820831052835e-05,-1.5532096142578666e-06,False,False,False
ces,alpha,rho,0.05,-0.7,8,2000131,100,0.1,1.0,0.0758986470561929,-0.33749073995510503,-90.82029604270134,2.0261480880096964e-05,True,True,True,7.8386902446004045,7.837681350152209,7.837681149909655,2.8691088646138527,2.8691790171145284,2.8691790227921024,3.305345863100379e-05,2.0953401384254847e-08,-4.796826269171106e-05,-1.9012148300134868e-08,False,False,False
ces,alpha,rho,0.05,-0.7,9,2000132,100,0.1,1.0,0.07254295652323862,-0.03594909460252886,-88.1713940781217,1.9263238157583584e-05,True,True,True,6.073467434220808,6.068973483515009,6.068965465569729,2.839899466412389,2.8402277287293165,2.840228299106478,1.603406338429574e-05,9.962865667787956e-09,-0.000362944030442236,-6.64466867306146e-07,False,False,False
ces,alpha,rho,0.05,-0.7,10,2000133,100,0.1,1.0,0.0624884845246105,-0.448545503363715,-87.89227129590346,2.7400521613080166e-06,True,True,True,6.878771507216768,6.878833192623869,6.8788312224457355,2.85645522535625,2.8564635092572543,2.856463627730838,2.818770609462313e-05,1.9507767728934462e-08,1.8354642747908656e-05,-1.5001396036495862e-07,False,False,False
ces,alpha,rho,0.05,-0.7,11,2000134,100,0.1,1.0,0.04895902894960771,0.15516377718911506,-89.2734192591091,6.6887588717211145e-06,True,True,True,5.359588214608561,5.359106243306653,5.359097734781353,3.0221153384770014,3.022160074896884,3.0221607635050076,1.3526285871086721e-05,9.164142146818685e-09,-3.922115263321757e-05,-7.948880238473066e-07,False,False,False
ces,alpha,rho,0.05,-0.7,12,2000135,100,0.1,1.0,0.04252222674859391,-0.2468825234711425,-91.43845492691534,1.2812978984190753e-05,True,True,True,4.6910187749479055,4.691600488077872,4.691598518023196,2.9276765975154437,2.927632285763401,2.927632464129884,2.216933557474745e-05,1.585312005476733e-08,7.276767642849791e-05,-2.1455909404721751e-07,False,False,False
ces,alpha,rho,0.05,-0.7,13,2000136,100,0.1,1.0,0.07514510277052255,-0.0001684157655543424,-90.5553259681397,0.0006757935763948746,True,True,True,6.514605459551709,6.09807504404251,6.095944434836786,2.8018845341506107,2.830519142532949,2.8306706617999904,0.00018275483473236066,9.153937137683329e-07,-0.03328169243573598,-0.00017500850185570016,False,False,False
ces,alpha,rho,0.05,-0.7,14,2000137,100,0.1,1.0,0.027561647926344524,-0.09880109730503515,-96.98637055320744,7.823088427933046e-06,True,True,True,4.384963182543687,4.386539296501137,4.3865258851211655,3.0719535673352842,3.0718069460217707,3.0718082711495334,2.2231303347078506e-05,1.3852699047979541e-08,0.0001890356791989234,-1.5317891950417106e-06,False,False,False
ces,alpha,rho,0.05,-0.7,15,2000138,100,0.1,1.0,0.06123304883410367,-0.2081105363066588,-80.44689783815444,1.6419072959182341e-06,True,True,True,6.270966256712267,6.270450321205468,6.270452917177219,2.8403421257584527,2.8403866471908814,2.840386463743092,2.0408884443792626e-05,1.4866548638249222e-08,-3.081707835406178e-05,2.0279868806483137e-07,False,False,False
ces,alpha,rho,0.05,-0.7,16,2000139,100,0.1,1.0,0.06334460835108341,-0.15895358433669055,-76.98962199687443,1.633207633667683e-05,True,True,True,5.114479583494278,5.117492193676635,5.11745958547407,2.834697590416199,2.8344507586672414,2.8344535200851686,2.079939792745186e-05,2.0931521348434045e-08,0.0003014938309604531,-3.19273098625672e-06,False,False,False
ces,alpha,rho,0.05,-0.7,17,2000140,100,0.1,1.0,0.06690067430056264,0.10328851641274062,-90.55687883476767,1.5536858155770308e-06,True,True,True,5.405032607070016,5.40371737199664,5.403695376034568,2.701981961360501,2.7020912676153435,2.702093032006365,8.45377646622136e-06,1.4749510300328393e-08,-0.00011956060740203611,-2.0392022150872435e-06,False,False,False
ces,alpha,rho,0.05,-0.7,18,2000141,100,0.1,1.0,0.06275269365354992,-0.28905900424678765,-92.44307906433424,2.2013939587596567e-05,True,True,True,4.839943109893569,4.839067926514163,4.839079474531552,2.7646020411771786,2.7646861382857413,2.764685099677794,1.283612978808084e-05,1.1139485153188318e-08,-8.283044515167148e-05,1.1906691383956058e-06,False,False,False
ces,alpha,rho,0.05,-0.7,19,2000142,100,0.1,1.0,0.07809406226424401,-0.23746001892345608,-86.1797602801801,1.5380414360775247e-05,True,True,True,7.118145027577087,7.119023690916888,7.119023488116664,2.84510640875912,2.8450625771784663,2.845062586185394,2.2689107937948034e-05,1.4099380509208902e-08,7.29512245669639e-05,-1.8117475519829895e-08,False,False,False
ces,alpha,rho,0.05,-0.3,0,2010123,100,0.1,1.0,0.05541573686703897,-0.1654785937311194,-91.9272435322045,2.5835826322905325e-06,True,True,True,6.3139527696554625,6.313037580326322,6.313042456163134,2.9404846022924924,2.940558009433239,2.940557669841765,2.433318389337039e-05,1.7687325891148063e-08,-6.006316665718714e-05,3.813745905745236e-07,False,False,False
ces,alpha,rho,0.05,-0.3,1,2010124,100,0.1,1.0,0.08426651896776928,-0.09222742726312486,-89.59747039379235,8.228962273833297e-06,True,True,True,8.192889116806906,8.193584656392725,8.19359283083405,2.836274929193643,2.8362474768289108,2.8362470410521308,2.196236510153197e-05,1.3836844938050102e-08,5.378217072404823e-05,4.959565700346502e-07,False,False,False
ces,alpha,rho,0.05,-0.3,2,2010125,100,0.1,1.0,0.02905418713157958,-0.01944708958803098,-83.75227428893027,1.5875964038308085e-05,True,True,True,4.1380476145417955,4.150962008155589,4.150935377456554,3.042972367743799,3.0416271207614387,3.0416299047278517,2.000933752828608e-05,1.0143627862563359e-08,0.0015640474266263027,-3.2104095311069614e-06,False,False,False
ces,alpha,rho,0.05,-0.3,3,2010126,100,0.1,1.0,0.07195793702579094,-0.14268226093379008,-88.1915951130593,4.6883438256583315e-06,True,True,True,7.157457674209221,7.1597624002248175,7.159741374720446,2.866257935435446,2.866128341388151,2.8661296113149626,2.3857605689760546e-05,1.9585894941030966e-08,0.00017127638304259563,-1.4745674405958198e-06,False,False,False
ces,alpha,rho,0.05,-0.3,4,2010127,100,0.1,1.0,0.0406743798988854,0.039627334782468854,-97.47291803570059,5.550394017520702e-06,True,True,True,4.420435316470408,4.4319183091871635,4.431831792165452,2.7778337150505097,2.776710969023003,2.776719440831328,1.1139399483402107e-05,3.646579321427401e-08,0.0012919609609554072,-9.76800923524479e-06,False,False,False
ces,alpha,rho,0.05,-0.3,5,2010128,100,0.1,1.0,0.04112360931828075,0.017579334503811994,-76.5529514926434,4.022839842041493e-05,True,True,True,4.6309382124792196,4.661967950019046,4.661809219000816,2.8324681619394183,2.829576076657929,2.8295908380478707,2.244383625379894e-05,7.792612637426786e-08,0.0033314904063672657,-1.7053972968028575e-05,False,False,False
ces,alpha,rho,0.05,-0.3,6,2010129,100,0.1,1.0,0.07734719025826595,0.12407361255631669,-74.43131860606728,5.587468811880113e-06,True,True,True,7.336702408330541,7.33852291948653,7.338527490454617,2.744614203802297,2.7445116670366687,2.744511391606089,1.2341069828776453e-05,1.4088405325772005e-08,0.00013036269874078243,3.057716781995623e-07,False,False,False
ces,alpha,rho,0.05,-0.3,7,2010130,100,0.1,1.0,0.07010105430071456,0.08234138060295564,-94.89566516249114,1.7496817303248998e-06,True,True,True,5.932986114689675,5.931446399016141,5.931493960026503,2.784913620564983,2.785029392720876,2.785025911422821,7.161802058065201e-06,1.422360956121093e-08,-0.00012225346296190764,4.010426025047309e-06,False,False,False
ces,alpha,rho,0.05,-0.3,8,2010131,100,0.1,1.0,0.0615359634915888,0.0026234071521114358,-87.07953099204957,1.3838944835201146e-05,True,True,True,6.593870123044663,6.549012164465507,6.54770266909247,2.9532084351621393,2.956191824504968,2.9562788990093973,4.498117333303362e-05,5.688156776892164e-07,-0.0034911955004730544,-9.972487892184745e-05,False,False,False
ces,alpha,rho,0.05,-0.3,9,2010132,100,0.1,1.0,0.04638821312089563,-0.1413920390114571,-83.47478354894412,1.8652255690701044e-05,True,True,True,5.232397371654396,5.232694445421001,5.23266715103855,2.9560556506779863,2.956038730969959,2.9560409926288393,1.802683998354459e-05,1.527118517835337e-08,3.4682390122497964e-05,-2.6123064742478164e-06,False,False,False
ces,alpha,rho,0.05,-0.3,10,2010133,100,0.1,1.0,0.04652910289532223,-0.20884463114350457,-93.49910019286413,7.256238311654295e-07,True,True,True,5.202167524507558,5.2013109569396265,5.201299644278127,2.8763067512458163,2.876386770944566,2.8763877110321845,1.9752534892244084e-05,1.691518146467037e-08,-7.363602304621963e-05,-1.0926500095820302e-06,False,False,False
ces,alpha,rho,0.05,-0.3,11,2010134,100,0.1,1.0,0.06058611757786663,-0.08878839967928392,-86.03439160673345,3.759200865510752e-06,True,True,True,7.546671667853201,7.546352563001368,7.546344040801924,2.8888790342950164,2.888906303432426,2.8889067913281603,2.0691975118606428e-05,1.3533823160589586e-08,-1.1457926774482985e-05,-5.676036352042502e-07,False,False,False
ces,alpha,rho,0.05,-0.3,12,2010135,100,0.1,1.0,0.04834258779112001,-0.1001183245206758,-99.75672897987471,1.9357484641382162e-05,True,True,True,5.682695326304239,5.682649478509299,5.682623114281242,2.912276991899811,2.9122885251274857,2.9122905366413887,1.875113025150794e-05,1.3862061496217665e-08,2.886524967493642e-06,-2.3235951545075295e-06,False,False,False
ces,alpha,rho,0.05,-0.3,13,2010136,100,0.1,1.0,0.060756964128185945,-0.21409824975180178,-91.56949862063628,1.062996630419721e-05,True,True,True,6.890217181343587,6.891837050575415,6.89182371703333,3.013451849121407,3.013362497748577,3.013363333685448,2.967632165146729e-05,1.907262416309873e-08,0.0001312274965243887,-9.72280190580932e-07,False,False,False
ces,alpha,rho,0.05,-0.3,14,2010137,100,0.1,1.0,0.05015304193927622,-0.19667157250420156,-96.60331498462806,2.6476504242062064e-05,True,True,True,5.955014226959205,5.95617057288352,5.956173543143748,3.0330232383977442,3.032951165101434,3.0329509432950963,2.852398708774968e-05,2.0483396107151778e-08,0.00011142723461432524,2.4332211978617124e-07,False,False,False
ces,alpha,rho,0.05,-0.3,15,2010138,100,0.1,1.0,0.054732563273567465,-0.3197184319047605,-93.5017985241071,2.8711554034372916e-06,True,True,True,5.799922883238519,5.801616108421676,5.801610794153902,3.1194209692655845,3.1193104244830665,3.119310816137702,3.771855054771543e-05,2.4559091903867076e-08,0.00016416217870585115,-4.6508918671861466e-07,False,False,False
ces,alpha,rho,0.05,-0.3,16,2010139,100,0.1,1.0,0.058342397699593915,-0.2033662988121029,-77.44926350170837,3.4676305495074475e-06,True,True,True,5.893279802509764,5.892347198927043,5.892354250634566,2.8245945592160417,2.8246717801736807,2.8246712580337276,1.9691171492004203e-05,1.2412637363878064e-08,-6.876164094649084e-05,5.956204063295445e-07,False,False,False
ces,alpha,rho,0.05,-0.3,17,2010140,100,0.1,1.0,0.08190991090540752,0.11419638146380233,-85.70315484894657,7.664467421346535e-06,True,True,True,7.847148691257338,7.853194151319151,7.853151461720535,2.7612168786220543,2.7608870872467826,2.7608894469402445,1.1164867339080501e-05,1.1961037224385618e-08,0.0003876998989795766,-2.719270824513842e-06,False,False,False
ces,alpha,rho,0.05,-0.3,18,2010141,100,0.1,1.0,0.04187343591089528,-0.06796365289644263,-93.33710324530891,3.1261700223126387e-06,True,True,True,4.68627715442068,4.686131178791112,4.68612968692515,2.9515354802469385,2.9515564528709537,2.951556591579729,1.7557786427449876e-05,1.3635593600774997e-08,-7.163116578112749e-06,-1.586633686656569e-07,False,False,False
ces,alpha,rho,0.05,-0.3,19,2010142,100,0.1,1.0,0.034544541794036196,-0.1411107638094457,-66.87228254812986,7.574385563202668e-06,True,True,True,4.418453257427427,4.419919642547665,4.419905442090433,3.0988180463029478,3.0986841157490717,3.098685508000105,2.3841280838112877e-05,1.6625209911707697e-08,0.00017601922117194135,-1.6099484625442528e-06,False,False,False
ces,alpha,rho,0.05,-0.1,0,2020123,100,0.1,1.0,0.06456509188332372,-0.055806655844227594,-93.94948656436802,2.829245200272112e-06,True,True,True,6.367408740925756,6.373683640384588,6.3736635869115075,2.9154935683188703,2.915073962543482,2.9150753249666317,1.914012573493901e-05,1.4590764008613e-08,0.0005003194299462166,-1.577749841885634e-06,False,False,False
ces,alpha,rho,0.05,-0.1,1,2020124,100,0.1,1.0,0.031368445800478324,-0.20889754348500778,-90.75543074240797,9.245482583717925e-06,True,True,True,4.644405193703965,4.644828310256361,4.644833104674005,2.81379253874336,2.813756688138148,2.8137562370390827,8.657893958436162e-06,1.1088782753899679e-08,5.033659385844658e-05,5.12858036927355e-07,False,False,False
ces,alpha,rho,0.05,-0.1,2,2020125,100,0.1,1.0,0.06474796884334723,0.33983344051460257,-96.84588629042118,6.000519731104928e-06,True,True,True,4.997159664748457,4.996743571633175,4.99674044481179,2.7193056631785026,2.7193436669775433,2.7193439379296325,4.328976717779729e-06,3.770978284274116e-09,-3.9829726816265065e-05,-3.1382691645376326e-07,False,False,False
ces,alpha,rho,0.05,-0.1,3,2020126,100,0.1,1.0,0.03827065196456131,-0.03255738009353493,-86.54423144274685,6.518535400170692e-05,True,True,True,4.552990111516627,4.557033947172822,4.556975749518347,2.928671363802371,2.928293080720617,2.9282986229298165,1.736059520917824e-05,1.9975360148478276e-08,0.0004458724008742365,-6.3903277975896344e-06,False,False,False
ces,alpha,rho,0.05,-0.1,4,2020127,100,0.1,1.0,0.05436353691311479,-0.5208620069169914,-84.76258645156382,2.120098073669936e-06,True,True,True,6.638209387510525,6.639676100993096,6.639673204852833,2.999923811216371,2.9998455537876785,2.9998457355325963,4.096267077128475e-05,2.6251148876031827e-08,0.00013060162272893194,-2.2694550239066302e-07,False,False,False
ces,alpha,rho,0.05,-0.1,5,2020128,100,0.1,1.0,0.07572284057717846,0.30503009733279945,-93.72163230463248,1.926042703292727e-06,True,True,True,5.922235348037925,5.9234407634153925,5.923434075577509,2.885194267649843,2.885110182338194,2.8851106714022348,1.0342004574042165e-05,8.252863024712061e-09,0.00010614711186462955,-5.659909732003143e-07,False,False,False
ces,alpha,rho,0.05,-0.1,6,2020129,100,0.1,1.0,0.05844605800282963,0.1429591399870454,-75.83709118988408,7.085265524322427e-06,True,True,True,6.263260307691321,6.263946488738326,6.263980008165954,2.9896950095149353,2.9896540154793434,2.989651691107004,1.5479545198837094e-05,1.2523431617123093e-08,6.50295192485828e-05,2.675120754247473e-06,False,False,False
ces,alpha,rho,0.05,-0.1,7,2020130,100,0.1,1.0,0.06223711388728554,-0.37174904991943747,-81.80341725667813,7.0419624668471444e-06,True,True,True,5.594268593182058,5.595203816241703,5.59520126257165,3.1253338708618443,3.1252778726785757,3.125278064069844,3.855065310214577e-05,2.4568565379665313e-08,0.00010245489646365513,-2.3605616661370732e-07,False,False,False
ces,alpha,rho,0.05,-0.1,8,2020131,100,0.1,1.0,0.059840367428090804,-0.13457937161073671,-97.00885589066017,1.263824649339396e-05,True,True,True,5.353047302775351,5.352896839331659,5.352880151438193,2.975969087840932,2.975992743157059,2.9759940926000374,2.67736588154991e-05,1.6896260176331552e-08,-2.438149650174637e-06,-1.563945602356398e-06,False,False,False
ces,alpha,rho,0.05,-0.1,9,2020132,100,0.1,1.0,0.04477568692334742,-0.24293387168436031,-88.5141811412319,6.679162187593385e-06,True,True,True,4.664129630015677,4.665205892010912,4.665201158546824,3.046659538422121,3.0465722565699442,3.046572692816156,3.010795980224963e-05,1.9133267227241876e-08,0.0001297270693783048,-5.123848296761935e-07,False,False,False
ces,alpha,rho,0.05,-0.1,10,2020133,100,0.1,1.0,0.07719313206966774,0.07501971720342188,-84.63012104757314,1.5465553119186583e-05,True,True,True,7.155957649279061,7.15148915479473,7.151498726497475,2.7195950287399495,2.7198697383324846,2.719869157617288,7.997795146121586e-06,8.924728149878382e-09,-0.00030769804635610853,6.698469547927743e-07,False,False,False
ces,alpha,rho,0.05,-0.1,11,2020134,100,0.1,1.0,0.03434257436854136,-0.02877075160524421,-88.26061652397938,2.9857086922762584e-06,True,True,True,4.530740991915662,4.527148312490829,4.52713912131626,2.895620970619706,2.8959732484133776,2.8959741250838706,1.8167094276989357e-05,1.6503722079431773e-08,-0.00038871694914632826,-1.0209327712118466e-06,False,False,False
ces,alpha,rho,0.05,-0.1,12,2020135,100,0.1,1.0,0.035766033971399644,-0.1580256538456418,-78.55101506473935,1.653074277025667e-05,True,True,True,5.055640543131609,5.055671485550293,5.055681675963588,3.1111342632432284,3.1111451248963946,3.1111442452886973,3.1641951464721515e-05,2.1183976982407853e-08,1.9628249248171414e-05,1.00295210359036e-06,False,False,False
ces,alpha,rho,0.05,-0.1,13,2020136,100,0.1,1.0,0.06382736502590552,-0.10336429579453735,-86.77836165961386,9.480807694970577e-06,True,True,True,7.007785075374951,7.011981348810034,7.011996931624553,2.81933501161836,2.819083779518049,2.8190828137016846,2.0420024716213316e-05,1.2922582708088017e-08,0.00031049119236570277,1.110372949142402e-06,False,False,False
ces,alpha,rho,0.05,-0.1,14,2020137,100,0.1,1.0,0.04666327326484724,0.12100153675568315,-105.03774015136399,7.591526508372075e-06,True,True,True,5.460460859877341,5.4597152402351155,5.459691751010296,2.880079761177432,2.8801435376760844,2.880145402213379,1.0569542028176366e-05,1.353754806795161e-08,-6.528842610009633e-05,-2.1556615763529408e-06,False,False,False
ces,alpha,rho,0.05,-0.1,15,2020138,100,0.1,1.0,0.06145130869594197,0.029933400876839305,-91.49250153702486,1.4172611584707842e-06,True,True,True,6.49247763269868,6.490289474708841,6.490230785329444,2.8891168090566053,2.8892697675203856,2.8892737016453443,1.556108247808212e-05,1.9855659053215824e-08,-0.00016549995545744878,-4.513356486768316e-06,False,False,False
ces,alpha,rho,0.05,-0.1,16,2020139,100,0.1,1.0,0.044018132672902936,-0.15329294310529928,-78.0118889583533,2.784762023389487e-05,True,True,True,5.129790986762034,5.131253994326688,5.131233281430507,2.851161290746083,2.851046520636211,2.8510482661114454,2.1293278238489385e-05,2.1008021653164488e-08,0.00015099657595385452,-2.027070394206021e-06,False,False,False
ces,alpha,rho,0.05,-0.1,17,2020140,100,0.1,1.0,0.031226269141878836,0.045242967596581786,-91.52995535483042,2.2448424618635906e-05,True,True,True,3.7619560552610203,3.7617688105129763,3.7618327803224636,2.9956921361010207,2.9957192497702323,2.9957118711047306,1.2855819119315414e-05,2.6034069597125103e-08,-1.0048614896618346e-05,8.51010027247412e-06,False,False,False
ces,alpha,rho,0.05,-0.1,18,2020141,100,0.1,1.0,0.02,-0.02023856869184499,-94.04996321575696,8.180423812122013,True,True,True,4.345198562539526,4.346027642528827,4.345838642292879,3.0944005276297135,3.0943251045250317,3.0943439851016445,1.7554812497868954e-05,3.8890152214571486e-08,8.21995258206698e-05,-2.175192126685488e-05,False,False,False
ces,alpha,rho,0.05,-0.1,19,2020142,100,0.1,1.0,0.05738881915104727,0.369871560908385,-89.44685303432482,6.060946195863883e-06,True,True,True,4.965566094324837,4.965083297904948,4.965085631494038,2.953122394067949,2.953167364449131,2.9531671609300214,6.705962183151158e-06,7.514982501451415e-09,-4.5223850506204144e-05,2.3568983920085884e-07,False,False,False
ces,alpha,rho,0.05,0.3,0,2030123,100,0.1,1.0,0.04364456362250196,0.3120222722672474,-89.63516445591557,3.209797672942183e-06,True,True,True,4.8253821075727705,4.8244505454161555,4.8244635695366735,2.9749935028397796,2.975080017779351,2.975078845136469,6.413449203605121e-06,7.137560272926027e-09,-9.211967238798024e-05,1.349548355733532e-06,False,False,False
ces,alpha,rho,0.05,0.3,1,2030124,100,0.1,1.0,0.06037981827067526,-0.09222508981658956,-93.10298547234187,8.687636659320908e-06,True,True,True,5.682924490099508,5.685292872827694,5.685264111027061,2.9106733236884472,2.9105003887229928,2.910502583178718,1.8834824908342883e-05,1.4303704209054038e-08,0.00021503612377671288,-2.532535390287194e-06,False,False,False
ces,alpha,rho,0.05,0.3,2,2030125,100,0.1,1.0,0.05400903725652975,0.2957936383466147,-91.40245962665759,2.9205035203013107e-06,True,True,True,5.146219968468209,5.146699409192517,5.146696909011586,2.8944231673279353,2.8943857255303254,2.894385934639895,7.255798221886585e-06,8.235368955327379e-09,4.980782799179906e-05,-2.4503718520918483e-07,False,False,False
ces,alpha,rho,0.05,0.3,3,2030126,100,0.1,1.0,0.06564996533424647,0.4425798065009784,-95.29130652780144,1.322924675220156e-05,True,True,True,7.087925527762318,7.088754724992295,7.088760979304148,2.7377489263184973,2.737698941244853,2.7376985588132676,2.1844268911285254e-06,4.7665742408881875e-09,5.9875004509990504e-05,4.4199536830547004e-07,False,False,False
ces,alpha,rho,0.05,0.3,4,2030127,100,0.1,1.0,0.06915277341516268,0.13910935389032122,-76.77481566938181,4.907073157780403e-06,True,True,True,6.118757228661012,6.122795707210822,6.122756645205714,2.789865489695996,2.7895821152846407,2.7895848857290346,7.634567117769172e-06,1.2775487437931998e-08,0.00033036138651709734,-3.190194576063732e-06,False,False,False
ces,alpha,rho,0.05,0.3,5,2030128,100,0.1,1.0,0.06165503990439204,-0.015796343656487608,-90.52397181773905,9.465498728085153e-06,True,True,True,6.551468294404484,6.544489963168729,6.5445838821772915,2.843567063791198,2.844037786380538,2.8440315681046227,1.8320358664627323e-05,3.972341449983585e-08,-0.0005165918869494135,7.191694564312456e-06,False,False,False
ces,alpha,rho,0.05,0.3,6,2030129,100,0.1,1.0,0.055359312649843756,0.16762525738665507,-88.35483803427988,2.040235341933466e-06,True,True,True,4.925146024294903,4.923744007070696,4.923737988793625,3.0321710394928054,3.0323003489889997,3.032300878681404,1.3421421786088118e-05,9.099927497378276e-09,-0.00013644504022636283,-6.124667351059543e-07,False,False,False
ces,alpha,rho,0.05,0.3,7,2030130,100,0.1,1.0,0.05209630927266236,0.07755622699758108,-92.81516863807097,7.981216943486759e-06,True,True,True,5.579230478255497,5.583931129587832,5.5839058780647655,3.0326810600177905,3.0323236961303413,3.0323256573969637,1.9878075058939175e-05,1.509490061627264e-08,0.00042847752173713616,-2.264195245516021e-06,False,False,False
ces,alpha,rho,0.05,0.3,8,2030131,100,0.1,1.0,0.02997242312399748,0.19612892808400198,-89.50512316033762,4.683856538687907e-06,True,True,True,3.807634057373936,3.8105336444253166,3.8105289661535156,3.035276674369199,3.034950117856139,3.0349506495535987,9.627381298700023e-06,1.019686148317775e-08,0.0003846518896608586,-6.155823371045699e-07,False,False,False
ces,alpha,rho,0.05,0.3,9,2030132,100,0.1,1.0,0.05607338264021013,-0.0920497287612033,-84.78889961984717,9.673503750848749e-06,True,True,True,6.417168741694295,6.414388541320408,6.414400730831999,2.9204051333046244,2.92060238812966,2.9206015622019774,2.1156773558960504e-05,1.1305489811526092e-08,-0.00020529049582762582,9.494526409525861e-07,False,False,False
ces,alpha,rho,0.05,0.3,10,2030133,100,0.1,1.0,0.04154255890242472,0.10540555312843983,-93.31095575244713,2.4735315295934858e-05,True,True,True,5.235160406286529,5.240485600072137,5.240446193730492,2.994001300582419,2.9935659838312767,2.993569247488718,1.4845219494932515e-05,1.269560123104456e-08,0.000511741699057211,-3.7622011319626836e-06,False,False,False
ces,alpha,rho,0.05,0.3,11,2030134,100,0.1,1.0,0.032579987370387545,0.11889140468027788,-91.61585078910696,2.054242827352101e-06,True,True,True,4.379783009454438,4.378172392205553,4.378163549549514,2.9150762133253645,2.915240850461162,2.9152417239909316,1.1635934644760718e-05,1.3653950446091267e-08,-0.00017927520430305321,-1.01402771690573e-06,False,False,False
ces,alpha,rho,0.05,0.3,12,2030135,100,0.1,1.0,0.0365615328103448,0.009766646590115158,-92.2388012771612,4.55237588720783e-05,True,True,True,4.467306190735046,4.494919365235146,4.494953091998965,3.001353833526319,2.998682931283482,2.9986796916249814,1.4048501196620344e-05,5.2703783249207165e-08,0.0030909275643722367,3.7734850337756143e-06,False,False,False
ces,alpha,rho,0.05,0.3,13,2030136,100,0.1,1.0,0.05928398007503524,0.5970913071407328,-80.85620286650413,7.194065368606366e-06,True,True,True,4.935772117074947,4.936007453673035,4.936014682363221,2.860608929678593,2.860587971865994,2.8605873362443335,5.877968908530122e-07,2.8048573267868525e-09,2.4282777630446617e-05,7.326936497520364e-07,False,False,False
ces,alpha,rho,0.05,0.3,14,2030137,100,0.1,1.0,0.039698619766768674,-0.05661128684541968,-103.02294407224036,1.3329798766784143e-05,True,True,True,4.652496949809673,4.652152380958799,4.652118271151654,3.088587416338068,3.088628367099481,3.088631547940967,2.0620117678868944e-05,1.6190134275139467e-08,-3.058749156537033e-05,-3.6699963459341234e-06,False,False,False
ces,alpha,rho,0.05,0.3,15,2030138,100,0.1,1.0,0.05570212442637199,-0.05096213804369274,-85.20862622899838,6.209224777491119e-06,True,True,True,5.544959837580183,5.545721119169588,5.545729533668921,2.8906348089357397,2.890580926437467,2.8905802646251675,1.3411262863290848e-05,1.3614981889693388e-08,7.600394710038927e-05,7.553550886996163e-07,False,False,False
ces,alpha,rho,0.05,0.3,16,2030139,100,0.1,1.0,0.031587085497615616,0.0771022118279827,-91.8181637497714,1.8143100396522055e-05,True,True,True,4.521036575751315,4.524187381346048,4.5242044262873815,2.982141259399472,2.9818454930472322,2.9818438569936974,1.6225027443658817e-05,1.2510086021385875e-08,0.0003580486558121265,1.8839311195506525e-06,False,False,False
ces,alpha,rho,0.05,0.3,17,2030140,100,0.1,1.0,0.051583368171234885,0.023479301714726983,-95.8070541027391,3.660956209396799e-05,True,True,True,5.067839354344728,5.081261156847907,5.081138505209672,2.816036278980268,2.8148925436546093,2.814903011223113,1.3479331744367217e-05,5.424553581018208e-08,0.0013160650383241546,-1.2087088506973487e-05,False,False,False
ces,alpha,rho,0.05,0.3,18,2030141,100,0.1,1.0,0.08564222432246522,0.8,-93.59878094200644,0.342592947939587,True,True,True,6.219769875001425,6.220151769214836,6.220142820206739,2.758344056165161,2.758317775423527,2.758318399624624,1.530024533403997e-06,3.613303664577363e-09,3.0421273152114736e-05,-7.200751355185275e-07,False,False,False
ces,alpha,rho,0.05,0.3,19,2030142,100,0.1,1.0,0.04121405762675429,-0.19973287311160143,-87.3076392354652,8.90317136294349e-06,True,True,True,4.613131190002258,4.614061844705537,4.614066089224838,3.018524415038795,3.018446212584069,3.0184458097703173,2.189159693514464e-05,1.4605325417174554e-08,0.00011214225303035619,4.5615259125497687e-07,False,False,False
ces,alpha,rho,0.05,0.7,0,2040123,100,0.1,1.0,0.05486902728125842,0.29221411250562074,-85.86053614698771,5.286232618497183e-06,True,True,True,4.79608389535563,4.795028507757402,4.795040717229214,2.893801597183628,2.8938986411384247,2.8938975351318064,3.4595209197470126e-06,6.025338291965997e-09,-0.00010707724315750511,1.272936785312595e-06,False,False,False
ces,alpha,rho,0.05,0.7,1,2040124,100,0.1,1.0,0.04269013901008327,0.1505475682627262,-91.51840799314427,7.104009683416052e-06,True,True,True,5.378261982732713,5.380716256873299,5.380680984272392,2.954711200659473,2.9545192901494746,2.9545221334267953,1.488856226435611e-05,1.5102613342528135e-08,0.00023200102539533418,-3.281950284872437e-06,False,False,False
ces,alpha,rho,0.05,0.7,2,2040125,100,0.1,1.0,0.05760715169641294,0.10369989278392262,-96.05679527954898,4.67286527266918e-07,True,True,True,4.882907975315048,4.879653364038383,4.879695981248663,2.8334926223453123,2.8337865731314893,2.833782782282483,1.0390288585506082e-05,1.5399517442346685e-08,-0.00032396099724962824,4.369240912183159e-06,False,False,False
ces,alpha,rho,0.05,0.7,3,2040126,100,0.1,1.0,0.029639180806729,0.08472207470505272,-87.94518432337973,2.9150010322135792e-05,True,True,True,4.277599595877248,4.275620511191758,4.275614926476004,3.089622745020909,3.089830600030924,3.0898311618989545,1.6202232190123944e-05,1.7203217290968885e-08,-0.0002241268850156075,-6.593030406065736e-07,False,False,False
ces,alpha,rho,0.05,0.7,4,2040127,100,0.1,1.0,0.05892393111596484,0.2040125923262039,-89.99540591535927,2.1630396066075773e-06,True,True,True,5.37960000117821,5.3814609836256135,5.381445981324974,2.7472263013146163,2.7470778048974167,2.7470790115608117,4.192214087447461e-06,1.2077912250768433e-08,0.00017351204256499386,-1.3985559945695059e-06,False,False,False
ces,alpha,rho,0.05,0.7,5,2040128,100,0.1,1.0,0.04945771967464944,0.20882796634072118,-89.97767814628594,1.1705591530423155e-05,True,True,True,4.628757306754001,4.631526982070361,4.631524725162738,3.0762864480861607,3.076032239491951,3.0760324511303465,1.3339300931109552e-05,9.662991803540248e-09,0.0003052715708093956,-2.436347585899057e-07,False,False,False
ces,alpha,rho,0.05,0.7,6,2040129,100,0.1,1.0,0.04352906490219539,0.38039449275476717,-85.26768830335621,4.796184519452566e-06,True,True,True,4.187340669406935,4.1885304524262414,4.188518788813381,2.9833149133336616,2.9831950206950513,2.98319622916805,8.666672481325791e-06,7.675172017280421e-09,0.00014467288552566515,-1.3933530595977572e-06,False,False,False
ces,alpha,rho,0.05,0.7,7,2040130,100,0.1,1.0,0.04108180745723617,0.047613187735703895,-87.22313635785267,3.6182640324957e-05,True,True,True,4.8719977211433925,4.87405435535558,4.874048092514965,2.932051794310633,2.9318750899743256,2.9318756416230003,1.5646770819464653e-05,1.8742899719928906e-08,0.00021795637145771707,-6.498263189769204e-07,False,False,False
ces,alpha,rho,0.05,0.7,8,2040131,100,0.1,1.0,0.04681835588515364,0.29283045084947334,-85.12765485333367,1.238812461958709e-06,True,True,True,4.591752011750705,4.592778587058923,4.592762566333384,2.8290963838721237,2.828999923237569,2.829001435882051,1.5513152652608091e-06,8.892906397863395e-09,0.00011074326458526684,-1.7467522894776266e-06,False,False,False
ces,alpha,rho,0.05,0.7,9,2040132,100,0.1,1.0,0.07189733107568165,0.05307771227116665,-96.17090771395364,1.345374722103919e-05,True,True,True,6.341269605543471,6.343458382822303,6.343530008442724,2.7311471318507463,2.731001284552172,2.73099638218049,9.553398809641439e-06,2.27985026437669e-08,0.00018283855548872907,5.647129526664685e-06,False,False,False
ces,alpha,rho,0.05,0.7,10,2040133,100,0.1,1.0,0.08515409872863673,-0.1415369567802856,-66.26523183649908,6.90427104150458e-06,True,True,True,6.884768857412593,6.887110167022119,6.887089969268609,2.6640291878292475,2.6638843438047997,2.6638856143730223,6.5317339282403845e-06,1.1636563538574458e-08,0.00017178535534156936,-1.4698977608418318e-06,False,False,False
ces,alpha,rho,0.05,0.7,11,2040134,100,0.1,1.0,0.04032032741949999,0.387696526512784,-86.52603519220204,4.448701202619113e-07,True,True,True,4.5902459482407005,4.590608269323583,4.590598757461875,3.0638003118855095,3.0637686556893575,3.063769555671924,6.502478652555759e-06,6.986487463464924e-09,4.1448282530609504e-05,-1.0358853614889085e-06,False,False,False
ces,alpha,rho,0.05,0.7,12,2040135,100,0.1,1.0,0.06616274171222963,0.2115363334929231,-81.31077566480863,8.898219476105543e-06,True,True,True,5.5545766660491145,5.556808813029014,5.5568066071302935,2.9812633262553137,2.9810949578705532,2.9810951285971004,1.4730141594075718e-05,1.1347560486731234e-08,0.00020773485813663228,-2.004160961632806e-07,False,False,False
ces,alpha,rho,0.05,0.7,13,2040136,100,0.1,1.0,0.06315951370512007,0.09135374198867885,-96.70613035582043,3.853264804974707e-06,True,True,True,6.8829552336524875,6.88330397353986,6.883281281996398,2.8662530227240377,2.866238353618457,2.8662397805757074,1.7306492914870077e-05,1.715396638437831e-08,3.212369158234196e-05,-1.653766517506483e-06,False,False,False
ces,alpha,rho,0.05,0.7,14,2040137,100,0.1,1.0,0.03345812060090143,0.05829228433126808,-78.41845005802445,6.574010356236219e-06,True,True,True,4.989661992440518,4.995794922983578,4.995793671847308,2.9194840482712086,2.9189554854010664,2.9189555921152963,1.1949431481411509e-05,7.820386962620662e-09,0.0006197146242925555,-1.275786019050429e-07,False,False,False
ces,alpha,rho,0.05,0.7,15,2040138,100,0.1,1.0,0.04715360251774205,0.17705709602348363,-76.04540617420771,5.422949486852499e-06,True,True,True,5.415115668788053,5.415789220034334,5.41579293448592,2.898915772965905,2.8988655825212213,2.898865283151129,9.0725259897809e-06,8.694391575268938e-09,6.693311149774672e-05,3.4119322833703336e-07,False,False,False
ces,alpha,rho,0.05,0.7,16,2040139,100,0.1,1.0,0.059459026946325426,0.004738705186750808,-97.08901400705814,4.467442621588465e-05,True,True,True,5.43661133137757,5.527997488500012,5.527436644858329,2.991734653945955,2.984499279662689,2.9845433634672687,2.2012164284435592e-05,1.1595716967596112e-07,0.008288943000081872,-5.070691004505079e-05,False,False,False
ces,alpha,rho,0.05,0.7,17,2040140,100,0.1,1.0,0.04325048413911222,-0.14811368435405156,-82.08275772232258,3.2061149604142196e-07,True,True,True,4.8628603244799535,4.862174327001223,4.862190294159713,3.0634550603802877,3.0635277205204234,3.063526291535503,2.6655971795118258e-05,1.709516572101924e-08,-5.578682352336273e-05,1.6387692625130512e-06,False,False,False
ces,alpha,rho,0.05,0.7,18,2040141,100,0.1,1.0,0.04376737896894861,-0.36682083152939937,-84.93048673600822,3.3475688539085554e-06,True,True,True,5.449077079575192,5.449981296808318,5.449963672067592,3.0106925339708757,3.010632701369291,3.010634099375236,2.841124765412772e-05,2.1337922684302192e-08,9.541652508460174e-05,-1.6243998857135011e-06,False,False,False
ces,alpha,rho,0.05,0.7,19,2040142,100,0.1,1.0,0.04287234993851648,-0.1841848285547963,-91.07380336167753,1.6459608599545078e-05,True,True,True,5.34623183413419,5.34893448414702,5.348914285522883,3.111933814014636,3.111726883599165,3.1117285181792163,2.9289104453825205e-05,2.1367633507524826e-08,0.00026526478018240596,-1.8943231339108024e-06,False,False,False
ces,alpha,rho,0.25,-0.7,0,2050123,100,0.1,1.0,0.24176397456680168,-0.465738577380981,-89.89681590014573,1.7223004825008733e-06,True,True,True,23.254814010525564,23.255846973387797,23.25583208330339,2.2063682610323747,2.2063564524629435,2.2063567254977925,1.72202361215411e-05,1.4234980895715175e-08,3.0497278586949506e-05,-3.259299319324782e-07,False,False,False
ces,alpha,rho,0.25,-0.7,1,2050124,100,0.1,1.0,0.25180750494943016,-0.77115849986689,-78.822648515659,8.903074960742905e-08,True,True,True,15.851859017908179,15.851416664956416,15.851417291653545,2.420314693882178,2.420343116498719,2.4203430911024295,3.75866001710168e-05,2.0687943608617493e-08,4.827223762049471e-06,1.0297156904925941e-08,False,False,False
ces,alpha,rho,0.25,-0.7,2,2050125,100,0.1,1.0,0.2641015659680206,-0.8,-90.55972100179106,3.013042260138996,True,True,True,19.27833518500502,19.278838786364325,19.27883022139557,2.28269703196017,2.2827026818089258,2.2827028649735426,3.916166935788157e-05,2.385277322117653e-08,3.239355378070741e-05,-2.3339191557170125e-07,False,False,False
ces,alpha,rho,0.25,-0.7,3,2050126,100,0.1,1.0,0.29905645664182784,-0.21930748972702283,-76.39157213178188,1.7972199178220612e-05,True,True,True,25.707904412141765,25.708172680991538,25.70816886138871,2.2168171008325017,2.216820230682099,2.2168202918220077,1.7644155796555655e-05,9.168103128015449e-09,1.3960399670054358e-05,-7.818552205662854e-08,False,False,False
ces,alpha,rho,0.25,-0.7,4,2050127,100,0.1,1.0,0.2648472076837105,-0.5837371331552645,-82.89185305272025,1.1121753006547783e-07,True,True,True,20.668476556140934,20.66896121099338,20.668954806198688,2.2786086354789394,2.2786094523250577,2.2786095808252447,2.532360211946826e-05,1.5982305680374287e-08,2.422720785943966e-05,-1.6193375529383047e-07,False,False,False
ces,alpha,rho,0.25,-0.7,5,2050128,100,0.1,1.0,0.25505999287608994,-0.5252395036273159,-91.62252946995893,1.9126254421474258e-05,True,True,True,25.822570056399083,25.823183759751313,25.823178411943903,2.2049952525724077,2.20499641234453,2.2049964953520957,2.6424911717055574e-05,1.8027641866721218e-08,2.498958809837859e-05,-1.1152728518482036e-07,False,False,False
ces,alpha,rho,0.25,-0.7,6,2050129,100,0.1,1.0,0.25409790007132615,-0.5010935541660942,-94.73598330855941,6.724677956572602e-07,True,True,True,17.853465813976374,17.854298797942917,17.854289709707036,2.2682301801803595,2.268217737574116,2.268217953460684,1.7995539388230485e-05,1.3923876676971543e-08,3.20700673768215e-05,-2.604738114087013e-07,False,False,False
ces,alpha,rho,0.25,-0.7,7,2050130,100,0.1,1.0,0.2603786958363988,-0.5621223628214675,-87.86097582335822,2.115091312649795e-06,True,True,True,23.167076946277934,23.167331362994176,23.1673311719724,2.1892063188520554,2.1892132848154855,2.1892132820760115,2.70101707974621e-05,1.621982161439229e-08,1.8990224276649315e-05,-1.1399237109799287e-08,False,False,False
ces,alpha,rho,0.25,-0.7,8,2050131,100,0.1,1.0,0.28003726622639946,-0.49129452325690975,-98.51131290863452,4.8044932676997675e-06,True,True,True,20.159463156211004,20.159121451143573,20.159118818024616,2.2610904455887857,2.2611072318835017,2.2611072842955426,2.1691799391740926e-05,1.1927803164080287e-08,2.3054096800478874e-06,-7.027517767710378e-08,False,False,False
ces,alpha,rho,0.25,-0.7,9,2050132,100,0.1,1.0,0.27283538776329286,-0.4626787281619923,-81.77383078988835,6.06163337396085e-06,True,True,True,22.27787528022285,22.278607829939062,22.27859752884157,2.145067466369373,2.145057787695458,2.145057984003131,1.0670165409898136e-05,1.1954048022556163e-08,2.150249251542391e-05,-2.3636872015231347e-07,False,False,False
ces,alpha,rho,0.25,-0.7,10,2050133,100,0.1,1.0,0.26821379152651015,-0.4044684871475947,-91.42835612256214,1.5030288367696879e-06,True,True,True,24.34690560032996,24.34715460587965,24.347144352500496,2.2789100777243214,2.2789175983987966,2.278917775791661,2.7568700397807325e-05,1.532772491977132e-08,1.8668942914246145e-05,-2.1690155449505255e-07,False,False,False
ces,alpha,rho,0.25,-0.7,11,2050134,100,0.1,1.0,0.24592975982594031,-0.8,-87.6366255264406,1.5942030415772868,True,True,True,25.55648314250236,25.555809167319563,25.555805934395465,2.236947520556353,2.236969317828818,2.2369693653253706,2.3804749817922668e-05,1.873372136281757e-08,-1.349117184190618e-06,-7.182204342370824e-08,False,False,False
ces,alpha,rho,0.25,-0.7,12,2050135,100,0.1,1.0,0.29619275042166543,-0.41498986966683143,-96.79030933629122,8.622678358792429e-06,True,True,True,21.833586225222255,21.833681443203055,21.83367153707801,2.275999612611563,2.2760083201672034,2.276008512691778,2.4421501882002725e-05,1.2584860863874187e-08,1.4153956357176867e-05,-2.320564220781307e-07,False,False,False
ces,alpha,rho,0.25,-0.7,13,2050136,100,0.1,1.0,0.2524013088225935,-0.45405156272090336,-84.80611853692629,1.8800939305426409e-06,True,True,True,25.5298322288226,25.530599057176204,25.530590063666796,2.2033444701436755,2.203342524798415,2.20334267192211,2.555776098907368e-05,1.565970660666076e-08,2.761356645919477e-05,-1.8288157832557772e-07,False,False,False
ces,alpha,rho,0.25,-0.7,14,2050137,100,0.1,1.0,0.25858292770181757,-0.24037993345829217,-92.92508365089293,9.642860783061473e-06,True,True,True,17.357678858773557,17.35929886282383,17.359287459529032,2.3425294779822883,2.342497442910491,2.3424977255020742,1.961416706660486e-05,9.321530775685828e-09,5.611303716079874e-05,-3.3155298240217235e-07,False,False,False
ces,alpha,rho,0.25,-0.7,15,2050138,100,0.1,1.0,0.2516311141614432,-0.8,-93.79004235287233,1.877156506714178,True,True,True,20.701420119430054,20.70074453003865,20.700751743336166,2.267729731435903,2.2677584235739516,2.267758263995074,3.342123042518802e-05,2.075771357733109e-08,5.623163161772027e-07,1.6473391895033274e-07,False,False,False
ces,alpha,rho,0.25,-0.7,16,2050139,100,0.1,1.0,0.27903686859762117,-0.538912238018704,-87.71426051898658,7.836613166865752e-07,True,True,True,25.601290806829606,25.600429883409532,25.600441135265502,2.197856335462892,2.1978833243635267,2.1978831275221746,2.850972538254381e-05,1.5968312777855275e-08,-2.3436746232619043e-06,2.12896168250154e-07,False,False,False
ces,alpha,rho,0.25,-0.7,17,2050140,100,0.1,1.0,0.23748988813574828,-0.8,-89.22862899140651,1.434786455058598,True,True,True,18.093749460271855,18.093874469509597,18.093876126512864,2.254997852946119,2.255008706605058,2.2550086578702047,3.188969330564617e-05,2.2209765248190523e-08,1.944015644994579e-05,3.547005178461404e-08,False,False,False
ces,alpha,rho,0.25,-0.7,18,2050141,100,0.1,1.0,0.2837182464404624,-0.37885298433472037,-100.8351292271793,5.015148346353293e-06,True,True,True,24.99366549757046,24.994426163350575,24.99441634952826,2.261283260556243,2.261281763418321,2.261281928345594,2.7022008247953315e-05,1.5219276208152127e-08,2.8507474837624613e-05,-2.0276097245641722e-07,False,False,False
ces,alpha,rho,0.25,-0.7,19,2050142,100,0.1,1.0,0.2673661729147951,-0.5798840956800686,-96.1661667817369,5.0959389890877455e-06,True,True,True,21.62952525214045,21.629578057965585,21.629574053791316,2.316108296811142,2.316121204387093,2.3161212781906664,3.21875444570212e-05,1.7513662838996817e-08,1.7201614539885668e-05,-1.0015544660291198e-07,False,False,False
ces,alpha,rho,0.25,-0.3,0,2060123,100,0.1,1.0,0.25846887975120086,-0.35097964530009446,-82.54931593400678,2.19356407604419e-06,True,True,True,17.611690230477713,17.611970959431844,17.611968452392425,2.204427385550059,2.2044219025573035,2.204421961820294,3.6761051324952727e-06,7.094475425594459e-09,9.553145872587265e-06,-7.41195691489338e-08,False,False,False
ces,alpha,rho,0.25,-0.3,1,2060124,100,0.1,1.0,0.2263353636660642,-0.47254507083424563,-88.96221731302626,8.676771314227236e-06,True,True,True,22.55013868205034,22.550688644686367,22.550690524615465,2.3285996964255986,2.328601803445812,2.3286017617409698,2.9261743592891464e-05,1.5747730873841126e-08,2.6849286371088965e-05,3.535012638167245e-08,False,False,False
ces,alpha,rho,0.25,-0.3,2,2060125,100,0.1,1.0,0.2197584590735441,-0.4798728334707416,-93.8609584731372,1.1482907021943784e-06,True,True,True,21.53816605972449,21.539169385401202,21.539162553629623,2.3416895217842697,2.3416823621829828,2.34168249395164,3.0133137410591353e-05,1.6899764616832156e-08,3.817426157581849e-05,-1.6547475922834565e-07,False,False,False
ces,alpha,rho,0.25,-0.3,3,2060126,100,0.1,1.0,0.24810386626583383,-0.1455043507630203,-86.54060223967082,2.766786262844439e-06,True,True,True,26.388594077432227,26.388833585749392,26.388820611770484,2.2109788077767525,2.2109817295672975,2.2109819395058983,1.5795388252718543e-05,1.1640808783252769e-08,1.2190054604843681e-05,-2.4994592706661933e-07,False,False,False
ces,alpha,rho,0.25,-0.3,4,2060127,100,0.1,1.0,0.2598482374158929,-0.3572764497909429,-83.42550130050184,6.36316707597051e-06,True,True,True,20.004506829258194,20.004138251674288,20.004132604791348,2.2601319166746454,2.260149605167097,2.2601497235039227,2.2315747646229586e-05,1.3102201863156732e-08,1.7936869767254393e-06,-1.4604546549890074e-07,False,False,False
ces,alpha,rho,0.25,-0.3,5,2060128,100,0.1,1.0,0.2605315705586301,-0.226812558380626,-96.88474924484785,6.652323313333318e-06,True,True,True,20.30561582534052,20.307014678335904,20.307005851653432,2.1998108361188553,2.1997864817935677,2.1997866655473794,1.2807235801504285e-05,1.384957273772613e-08,4.062552329742175e-05,-2.2310744896003598e-07,False,False,False
ces,alpha,rho,0.25,-0.3,6,2060129,100,0.1,1.0,0.2693070564631209,-0.03168380433449382,-89.88719135105387,6.242114657956595e-05,True,True,True,24.970233671411766,24.965624047486514,24.96554205846628,2.2445287541225927,2.2446138981702464,2.244615317419139,1.146540373981809e-05,2.4751410898273943e-08,-8.824620262259941e-05,-1.6501112583000577e-06,False,False,False
ces,alpha,rho,0.25,-0.3,7,2060130,100,0.1,1.0,0.22816512817677095,-0.704414464411743,-95.41064750345146,2.899327819691161e-07,True,True,True,24.14867208969927,24.149607153403636,24.149599640723775,2.333967853374139,2.3339690553248196,2.3339691798474713,4.153579058935056e-05,2.6757748192438467e-08,3.9936443144483746e-05,-1.6772715127899573e-07,False,False,False
ces,alpha,rho,0.25,-0.3,8,2060131,100,0.1,1.0,0.2604539368386776,-0.39859672213282343,-75.25952624060466,3.511296306352943e-06,True,True,True,22.977912541036442,22.977692091435877,22.977700576445162,2.3077878096441777,2.307802160894449,2.3078019970870534,2.3462717029797513e-05,1.0819017444116257e-08,7.1091441782300535e-06,1.8068129747916828e-07,False,False,False
ces,alpha,rho,0.25,-0.3,9,2060132,100,0.1,1.0,0.26371290879172443,-0.16286350150611856,-86.74338148184741,1.963991792122522e-05,True,True,True,23.29025889358674,23.290174627372078,23.29017951667662,2.1959389086355627,2.195944479630092,2.195944383877998,9.211385331933898e-06,1.1305335792877405e-08,2.895440800898541e-06,9.969123482278519e-08,False,False,False
ces,alpha,rho,0.25,-0.3,10,2060133,100,0.1,1.0,0.23912577566450605,-0.2181141449008793,-95.66246898681446,1.3884012329449898e-05,True,True,True,22.42009495262161,22.42248878557433,22.422464610472556,2.2732548694767085,2.2732159813140327,2.2732164451236123,1.725901404886651e-05,1.3448517221366079e-08,6.145022321391025e-05,-5.441832513497502e-07,False,False,False
ces,alpha,rho,0.25,-0.3,11,2060134,100,0.1,1.0,0.24632332995162745,-0.28927577353734146,-82.5978208931521,8.585520542392951e-08,True,True,True,20.970887538857774,20.972061479538805,20.972060152574983,2.248721645794697,2.2487041662019207,2.248704189376922,1.572327108534752e-05,1.2315125162272755e-08,3.581725866297347e-05,-3.659172875813965e-08,False,False,False
ces,alpha,rho,0.25,-0.3,12,2060135,100,0.1,1.0,0.23550632414840808,-0.2585633691465152,-99.34537898618406,1.260217602601782e-05,True,True,True,19.275872307864056,19.27588852674991,19.27588472283408,2.2368608616741867,2.236868958885262,2.236869041208557,1.9490138703638047e-05,1.1257655064382511e-08,1.0061104617875571e-05,-1.0256243854200875e-07,False,False,False
ces,alpha,rho,0.25,-0.3,13,2060136,100,0.1,1.0,0.24809685844840423,-0.32310221810389045,-73.33982830884136,2.5547346434294557e-06,True,True,True,18.088722487870594,18.08870018625678,18.08869913626518,2.2650631200035654,2.2650713253588095,2.265071347416818,1.7658051511832132e-05,1.04207707578834e-08,8.181210432667285e-06,-3.265161296894803e-08,False,False,False
ces,alpha,rho,0.25,-0.3,14,2060137,100,0.1,1.0,0.2550979065172609,-0.10162629581643066,-101.24969029731484,8.58845146813392e-06,True,True,True,22.692362030896206,22.69404090196763,22.69405119170207,2.2645461375118097,2.2645190416798338,2.2645188441642308,1.1599178598026266e-05,5.398388577515124e-09,4.3012018622334836e-05,2.2601294347168732e-07,False,False,False
ces,alpha,rho,0.25,-0.3,15,2060138,100,0.1,1.0,0.29365264820141146,-0.08395662394846627,-88.03995098444527,3.031187303011325e-06,True,True,True,24.568867052192363,24.570107960987844,24.570092775849005,2.142859001572562,2.1428413774330024,2.142841644941387,9.930204932424552e-06,6.263476239721996e-09,2.990549862147418e-05,-3.1005284029106406e-07,False,False,False
ces,alpha,rho,0.25,-0.3,16,2060139,100,0.1,1.0,0.2776695761457621,-0.17646302622732835,-93.44771164637065,1.4338270019173657e-05,True,True,True,28.591426608722227,28.59301131878207,28.592991607577478,2.1164886276508543,2.116472451846651,2.11647274598355,1.8198086959604598e-05,1.5272874770347034e-08,3.645070485447377e-05,-3.507340267105974e-07,False,False,False
ces,alpha,rho,0.25,-0.3,17,2060140,100,0.1,1.0,0.22899579072385004,-0.0020546780604069645,-102.83449922749098,3.099490116221983e-05,True,True,True,19.836556962534644,19.861431642079136,19.861066971608544,2.2250526762631324,2.224505853813511,2.224513914692246,1.2436431950406034e-05,2.3706150081673423e-07,0.0006145630439391425,-9.080473333256123e-06,False,False,False
ces,alpha,rho,0.25,-0.3,18,2060141,100,0.1,1.0,0.2570616039858094,0.0976404535254608,-99.19819275152649,2.2048654012716108e-05,True,True,True,26.46299796622928,26.461225574701032,26.46122650686906,2.2342708168174927,2.2343035248866063,2.234303507026057,8.372562287113738e-06,8.440509111799898e-09,-2.9307240140497015e-05,1.4664976788480999e-08,False,False,False
ces,alpha,rho,0.25,-0.3,19,2060142,100,0.1,1.0,0.2618137910566916,-0.04164815834308874,-91.40840101379152,4.334316512253483e-06,True,True,True,16.82341496855501,16.824262261801053,16.824220299911254,2.2005599576700408,2.2005360910893024,2.2005371675059546,4.929433007564659e-06,2.2214562983654276e-08,2.1630380231840718e-05,-1.2548621981522956e-06,False,False,False
ces,alpha,rho,0.25,-0.1,0,2070123,100,0.1,1.0,0.24661072390384609,0.34052700606538105,-79.67014856812828,5.805568983549999e-06,True,True,True,31.35245293006463,31.35279183143482,31.35280526502997,2.1050680347144026,2.1050647093443646,2.1050645233649314,3.2454793186647585e-06,5.675741508842315e-09,7.195221968459009e-06,2.1434885866256081e-07,False,False,False
ces,alpha,rho,0.25,-0.1,1,2070124,100,0.1,1.0,0.2650867463237929,0.2863199331213643,-94.2078706391628,7.012610448845995e-06,True,True,True,25.726949194996926,25.7275450294955,25.727536155671626,2.1491670629465127,2.1491579088249537,2.149158057851292,2.1449173617748985e-06,4.5084958807676155e-09,1.2447253524783264e-05,-1.7334244262201537e-07,False,False,False
ces,alpha,rho,0.25,-0.1,2,2070125,100,0.1,1.0,0.2604892692466138,-0.035818578160488675,-88.89365648297715,3.623071274882353e-08,True,True,True,14.926210232879926,14.924864552217262,14.924819617067147,2.2889997860990956,2.2890421099114295,2.2890434200558625,7.339345072695297e-06,1.7643514645486986e-08,-4.2934925218673925e-05,-1.5024026680521274e-06,False,False,False
ces,alpha,rho,0.25,-0.1,3,2070126,100,0.1,1.0,0.24631324766810786,-0.11739640642685573,-104.14630399227052,3.0013551407649035e-05,True,True,True,21.098202269422025,21.097413401316103,21.097392193357393,2.174010634705113,2.1740290831714013,2.174029516494012,5.1275873470424344e-06,1.0833566061474713e-08,-1.6657776171769e-05,-5.06359171481563e-07,False,False,False
ces,alpha,rho,0.25,-0.1,4,2070127,100,0.1,1.0,0.2382558947185679,0.10599939416346775,-92.13221252762592,1.0861279654186869e-05,True,True,True,18.830233467650714,18.83095483777971,18.830972511385777,2.2311539663303246,2.2311399164437793,2.23113950766061,6.041776041351495e-06,6.531959686902081e-09,2.2600791382387797e-05,4.679106240246256e-07,False,False,False
ces,alpha,rho,0.25,-0.1,5,2070128,100,0.1,1.0,0.2535405444017606,-0.1123088330526959,-96.0117840914931,1.7254722418617102e-05,True,True,True,25.076939082475633,25.076498373783796,25.0764909712065,2.197046722011846,2.1970583698864963,2.197058497265446,9.261949598510058e-06,6.387023618235268e-09,-4.312854343879735e-06,-1.4854940388886462e-07,False,False,False
ces,alpha,rho,0.25,-0.1,6,2070129,100,0.1,1.0,0.2722083736313294,-0.11238052807235085,-92.87319650675538,2.936562322775333e-06,True,True,True,27.920267774313782,27.92194377712956,27.92194307903795,2.1823580763123056,2.1823386464783088,2.1823386527056945,1.528868976615864e-05,1.2847178923343765e-08,3.763912175713813e-05,-1.7831993659456202e-08,False,False,False
ces,alpha,rho,0.25,-0.1,7,2070130,100,0.1,1.0,0.24032862396306115,-0.1547750496466988,-79.76610171619254,1.7552052401743745e-05,True,True,True,21.70717573447382,21.708744206971023,21.708722456355652,2.2956775312545115,2.2956528452020635,2.2956532761562505,1.5437756857940624e-05,1.2806681931711573e-08,4.332669161044578e-05,-5.057749348225116e-07,False,False,False
ces,alpha,rho,0.25,-0.1,8,2070131,100,0.1,1.0,0.24620592993684567,0.11328658018997925,-76.97490343552472,1.3068650386105233e-05,True,True,True,26.59721157909197,26.597775798752146,26.597728592686735,2.1826399040293563,2.1826339199927403,2.182634686216902,7.4320923001161545e-06,1.6905264793574448e-08,1.3431221503878987e-05,-8.926659234020917e-07,False,False,False
ces,alpha,rho,0.25,-0.1,9,2070132,100,0.1,1.0,0.22823551163974182,-0.146269221828788,-78.22012913993271,7.1970719025664194e-06,True,True,True,26.586922337114675,26.587779785906456,26.587711551711635,2.2115885207487858,2.21158163472879,2.2115827420375798,1.6393026443723242e-05,2.40206345496663e-08,2.3030888016251083e-05,-1.2915412384018055e-06,False,False,False
ces,alpha,rho,0.25,-0.1,10,2070133,100,0.1,1.0,0.2373164893191486,-0.3483913754575892,-87.74287306228682,7.000072157231895e-06,True,True,True,22.06715931166725,22.067302911320148,22.06730063007413,2.372489229693882,2.3724968230541137,2.3724968647023945,2.40219850406581e-05,1.148212388206378e-08,1.5194122326533943e-05,-5.5427392453566426e-08,False,False,False
ces,alpha,rho,0.25,-0.1,11,2070134,100,0.1,1.0,0.24375111870769928,-0.3815075618919865,-86.04853366481878,7.958713028384552e-07,True,True,True,20.419279664383872,20.419967948485933,20.419954155809528,2.2567900409931685,2.256785841440861,2.256786129363742,2.4044251651233596e-05,1.5678657551152312e-08,2.852811181242032e-05,-3.439672155991502e-07,False,False,False
ces,alpha,rho,0.25,-0.1,12,2070135,100,0.1,1.0,0.25540458630942164,0.02627125955550699,-89.79506585062119,1.47012390979106e-05,True,True,True,22.21194632696935,22.191673569760216,22.19182471303913,2.257517785513706,2.2579186330956023,2.257915672133803,1.1811213568075874e-05,3.837435444103262e-08,-0.00044821819258800133,3.4018538457303293e-06,False,False,False
ces,alpha,rho,0.25,-0.1,13,2070136,100,0.1,1.0,0.24923339523850924,-0.17311270939848786,-90.11596968425656,8.63931436470723e-06,True,True,True,27.37510704501115,27.374169806972674,27.374160229038957,2.200115058543325,2.2001366569941805,2.200136805820731,1.548935213184401e-05,1.0791376017314514e-08,-9.549869346869855e-06,-1.7854664235983364e-07,False,False,False
ces,alpha,rho,0.25,-0.1,14,2070137,100,0.1,1.0,0.24882770731751755,-0.0970299253463087,-102.34846893003582,9.062540158745798e-06,True,True,True,26.021282903742765,26.025224700113792,26.02521316553152,2.207297620245256,2.2072386581538903,2.207238848263211,1.57514323659621e-05,9.471740537765373e-09,8.336512711082378e-05,-2.243364463083708e-07,False,False,False
ces,alpha,rho,0.25,-0.1,15,2070138,100,0.1,1.0,0.24119671145950922,0.1321873661590728,-93.07430219742635,4.100003983761362e-06,True,True,True,26.97415935984159,26.975394706916447,26.975368266575266,2.1895932795076676,2.1895774444741942,2.1895778668281585,9.34973974930935e-06,1.147271149975643e-08,2.7071708970538566e-05,-4.939126370118174e-07,False,False,False
ces,alpha,rho,0.25,-0.1,16,2070139,100,0.1,1.0,0.24994359665751026,-0.1427606020331175,-92.74388413578308,1.9814844516529947e-06,True,True,True,26.62075678905715,26.622530048528198,26.62254485325171,2.2068167113786417,2.206793781529598,2.2067935367437386,1.381043783699256e-05,1.0705329921326901e-08,4.0485005072810054e-05,2.7427725513007317e-07,False,False,False
ces,alpha,rho,0.25,-0.1,17,2070140,100,0.1,1.0,0.2549514208165943,0.023317500698906105,-96.86255124620865,2.311176099182517e-07,True,True,True,23.013995489444216,23.01330854124854,23.013114495197698,2.2152585249590646,2.2152752445669064,2.2152788930469147,9.231206140923343e-06,6.009478692141358e-08,-1.4831908828227824e-05,-4.2314735537729575e-06,False,False,False
ces,alpha,rho,0.25,-0.1,18,2070141,100,0.1,1.0,0.23520143362384488,-0.001573849975241705,-100.28121051841244,0.0004597937274013767,True,True,True,22.74002867177149,22.917783378315132,22.918411409647078,2.259973510162246,2.256587051040739,2.2565750582318427,4.603042776328885e-05,2.6095416349745936e-07,0.0039012176690818023,1.3596061251064384e-05,False,False,False
ces,alpha,rho,0.25,-0.1,19,2070142,100,0.1,1.0,0.254672262557451,0.17099920824309514,-95.97746512191526,9.653870404641436e-06,True,True,True,25.226007520712034,25.224967427598376,25.224957468292995,2.161178950617473,2.1611980406580353,2.1611982098393185,3.0993650226191894e-06,6.2962477061496785e-09,-1.9453654928724973e-05,-2.000422796299972e-07,False,False,False
ces,alpha,rho,0.25,0.3,0,2080123,100,0.1,1.0,0.26957772338698577,0.4023466675409016,-73.46339713286207,2.2857951085140387e-06,True,True,True,16.616681505861806,16.61584270558628,16.615849182361817,2.205823902089842,2.205844994142495,2.2058448259026897,2.3660256505179733e-06,3.4476894285918183e-09,-2.6001459062285903e-05,1.9610187962371128e-07,False,False,False
ces,alpha,rho,0.25,0.3,1,2080124,100,0.1,1.0,0.27102951075951986,0.4029324409223366,-92.70548043905954,3.3574027732103624e-06,True,True,True,34.43981156620127,34.439668037141736,34.43967140521704,2.1104383514832463,2.110439858897206,2.1104398163981797,1.5062159089148189e-06,2.0455344166852738e-09,-2.383199898758903e-06,4.886757665190089e-08,False,False,False
ces,alpha,rho,0.25,0.3,2,2080125,100,0.1,1.0,0.24277601685609498,0.2289792641079003,-90.6986261069811,3.975231018870137e-07,True,True,True,29.651692944455974,29.651753553233576,29.651752086941546,2.1473003486777054,2.147301945732022,2.147301965241466,5.728714072046388e-06,6.5757690712811184e-09,3.855709479694269e-06,-2.6989354751094652e-08,False,False,False
ces,alpha,rho,0.25,0.3,3,2080126,100,0.1,1.0,0.26197258130288786,0.24908539685567796,-92.44841548245392,6.540467726363372e-07,True,True,True,24.169203222080686,24.169310462050774,24.169309272627412,2.1991919011908045,2.199192010409649,2.1991920312185926,4.717613236278599e-06,4.721091038549467e-09,4.537528340620156e-06,-2.5254948354813678e-08,False,False,False
ces,alpha,rho,0.25,0.3,4,2080127,100,0.1,1.0,0.26190452980738516,0.20272030912329012,-80.44533381545101,6.430411758628907e-06,True,True,True,25.688602835436303,25.69130265028251,25.691308318476278,2.1842720196660714,2.1842300777245165,2.184229981897702,8.547131586379618e-06,7.649503324223056e-09,5.691510412475509e-05,1.1030222424324165e-07,False,False,False
ces,alpha,rho,0.25,0.3,5,2080128,100,0.1,1.0,0.24279072378988242,0.2134519942910502,-93.71352313293283,7.251749173763839e-06,True,True,True,17.697067782442126,17.695758467024795,17.695772604277494,2.3001827269498203,2.3002196033288103,2.300219257593763,1.0995660449828523e-05,6.5519408024940784e-09,-3.11312518874729e-05,4.008637830565931e-07,False,False,False
ces,alpha,rho,0.25,0.3,6,2080129,100,0.1,1.0,0.26547486421970573,-0.05993506339783775,-84.51667615918316,1.3182626437820336e-06,True,True,True,21.34391670207699,21.354542775992392,21.354479167944802,2.1744198807769144,2.17420632614701,2.1742076100149177,7.377600309021499e-06,3.0047708918983206e-08,0.00025036193082428326,-1.500562746059586e-06,False,False,False
ces,alpha,rho,0.25,0.3,7,2080130,100,0.1,1.0,0.23587316698824506,0.2377851652674997,-94.44406838995438,9.602114271158815e-06,True,True,True,23.333743495649873,23.3358805824563,23.33586340313418,2.199095912700607,2.1990570134287726,2.1990573319187794,2.1537460325691887e-06,6.089870970680086e-09,4.642968757195831e-05,-3.695013930382629e-07,False,False,False
ces,alpha,rho,0.25,0.3,8,2080131,100,0.1,1.0,0.25024580243455363,0.5121882174485928,-75.71176002588417,8.911577023760144e-07,True,True,True,29.715639305061078,29.716809904747652,29.716810990970497,2.165170524580125,2.1651542475319996,2.165154231303221,1.9391647926874873e-06,2.8557034170918086e-09,2.067083556767102e-05,1.7868387658381835e-08,False,False,False
ces,alpha,rho,0.25,0.3,9,2080132,100,0.1,1.0,0.27302360550233623,0.432663693502515,-84.93671157892422,5.0053739087043166e-06,True,True,True,24.62483033932055,24.62452942343195,24.624529625167956,2.1639568483372376,2.163964116222564,2.1639641113105643,4.521504134541705e-06,4.64924491947867e-09,-3.850093875712446e-06,2.5373338985446026e-09,False,False,False
ces,alpha,rho,0.25,0.3,10,2080133,100,0.1,1.0,0.24775363961245017,0.06965581586031787,-80.22919539084955,8.101312135547473e-06,True,True,True,22.127936782287822,22.12794569853229,22.127898332764932,2.2210017028410367,2.2210047060215814,2.2210056318130396,7.388909362961266e-06,1.6281157884683204e-08,2.785793768111944e-06,-1.074686139190817e-06,False,False,False
ces,alpha,rho,0.25,0.3,11,2080134,100,0.1,1.0,0.2264984492472836,0.18613866869349774,-88.7568288753364,4.001592235133788e-06,True,True,True,26.56190022840026,26.562308998574125,26.56230379312007,2.1696215445809655,2.16961766073564,2.169617743248177,6.448819382523544e-06,8.68810460239894e-09,1.0816806295110837e-05,-1.009753844982697e-07,False,False,False
ces,alpha,rho,0.25,0.3,12,2080135,100,0.1,1.0,0.28218351081973,0.26455897520463845,-87.6134464858021,2.26285406182736e-05,True,True,True,30.921732983790292,30.923515626381725,30.923495753409792,2.086789895190654,2.0867674629007102,2.0867677404384826,6.0132839583459114e-06,7.97506256965213e-09,3.149923936973664e-05,-3.231222223121222e-07,False,False,False
ces,alpha,rho,0.25,0.3,13,2080136,100,0.1,1.0,0.22902767381873368,0.21458179982960324,-95.94096352164144,6.349326554872933e-07,True,True,True,24.97101243883693,24.97207101229688,24.97206742292412,2.2473489359460914,2.2473324380931907,2.2473324990934915,4.414892824451538e-06,5.378743019374541e-09,2.3323832223809404e-05,-7.350631392455398e-08,False,False,False
ces,alpha,rho,0.25,0.3,14,2080137,100,0.1,1.0,0.23143035260103906,-0.09254847037874046,-86.13027298449664,6.467461307766718e-06,True,True,True,15.312133791176628,15.310693124717169,15.310730417289726,2.2869491985672896,2.2869939607507366,2.2869929015320607,9.010225558202121e-06,1.4522882587962255e-08,-4.134040140968409e-05,1.216247198954079e-06,False,False,False
ces,alpha,rho,0.25,0.3,15,2080138,100,0.1,1.0,0.24796794455058518,0.027433177886174134,-84.07489142706855,1.1568790094296701e-05,True,True,True,17.289031370723606,17.306154465369154,17.306066004622107,2.3325092442496578,2.332085467394816,2.332087673654857,1.5345213646161536e-05,4.185096171410969e-08,0.0004994494556314066,-2.5714818718824972e-06,False,False,False
ces,alpha,rho,0.25,0.3,16,2080139,100,0.1,1.0,0.2603749369191672,0.3136609278869904,-78.28397701839215,2.1668889324084108e-05,True,True,True,25.23128757969037,25.23283290688049,25.232818070049547,2.241012704724445,2.240989477428109,2.2409897306730886,7.799413761978377e-06,7.2484152255239505e-09,3.420673894538595e-05,-2.964381451420195e-07,False,False,False
ces,alpha,rho,0.25,0.3,17,2080140,100,0.1,1.0,0.2501242441567915,0.3016472208353241,-96.91384581732541,1.022362113495513e-05,True,True,True,29.529209066664215,29.53103244587703,29.531028770580285,2.1909434520550737,2.1909194719222995,2.190919525135861,6.540158115402737e-06,5.421214647846576e-09,3.407507996655568e-05,-6.319103817986615e-08,False,False,False
ces,alpha,rho,0.25,0.3,18,2080141,100,0.1,1.0,0.2421251616306544,0.017115263082647374,-97.85962208223528,5.276591970233288e-06,True,True,True,21.650509099984248,21.64173207367843,21.641766459400884,2.1860759048913203,2.186256304017682,2.1862556244074614,1.0583151642772956e-05,2.6252966619131992e-08,-0.00019697943433527598,8.064304068966521e-07,False,False,False
ces,alpha,rho,0.25,0.3,19,2080142,100,0.1,1.0,0.2552821103879447,0.06515785961457853,-95.25795538500826,1.4832322194569718e-05,True,True,True,25.816424955920795,25.814910549502624,25.814942055241342,2.1802237510713343,2.180252336074367,2.1802518095398575,7.6601937003544e-06,1.3016156018667738e-08,-2.5138346657627153e-05,6.142513342410894e-07,False,False,False
ces,alpha,rho,0.25,0.7,0,2090123,100,0.1,1.0,0.25370820430412255,0.7787399948070358,-88.87861500386714,8.808437551870005e-07,True,True,True,27.71029735480846,27.710842221985025,27.710843912156005,2.169941080356576,2.1699323842291065,2.1699323587180026,5.474772559895592e-07,2.289768986671787e-09,9.682627876372862e-06,3.162237760534481e-08,False,False,False
ces,alpha,rho,0.25,0.7,1,2090124,100,0.1,1.0,0.24481257210395807,0.5889035730871925,-91.24552270958456,4.621532947090168e-06,True,True,True,23.697372597983453,23.69643695894139,23.696445110092345,2.2210501703264214,2.221068097361108,2.2210679480539213,1.8104854892920115e-06,3.0259597807140815e-09,-1.867224992224692e-05,1.720858193721142e-07,False,False,False
ces,alpha,rho,0.25,0.7,2,2090125,100,0.1,1.0,0.23310624064709673,0.5630654823434891,-84.76030858918286,2.667139309995073e-06,True,True,True,20.289905349722495,20.290103623144006,20.290095618139343,2.3147780122107102,2.314775474809169,2.3147756455837607,4.051012561664729e-06,4.612580548816162e-09,6.6527676523264745e-06,-1.9791610839092755e-07,False,False,False
ces,alpha,rho,0.25,0.7,3,2090126,100,0.1,1.0,0.2486672200765943,0.573678186894974,-90.0887759097976,4.42029543939015e-06,True,True,True,24.278744601544204,24.278775271514426,24.278779743452827,2.213601278978578,2.213601334328309,2.2136012542571875,1.402934930594218e-06,2.5142105162623658e-09,1.4189725732194347e-06,9.200597617109452e-08,False,False,False
ces,alpha,rho,0.25,0.7,4,2090127,100,0.1,1.0,0.25890017737278126,0.7320621741788772,-78.47846322517795,4.4876835189137773e-07,True,True,True,21.3068706843528,21.30726374917823,21.30725705678349,2.1528412468861617,2.1528333884675006,2.152833524750243,3.753976169021669e-07,2.384344851668492e-09,9.243099455602533e-06,-1.5718856616331323e-07,False,False,False
ces,alpha,rho,0.25,0.7,5,2090128,100,0.1,1.0,0.2475664175517467,0.4953817493768593,-95.80960624077416,3.170971603730031e-06,True,True,True,32.484438043011195,32.48548518637462,32.48547726721375,2.150858500818605,2.1508454722776693,2.150845577107997,2.2538609643228364e-06,4.407084764225046e-09,1.7111964339733277e-05,-1.230850159572583e-07,False,False,False
ces,alpha,rho,0.25,0.7,6,2090129,100,0.1,1.0,0.23035376955996056,0.5148382676778698,-96.42138676937,1.3866157289789809e-05,True,True,True,28.417322349247986,28.417758147687866,28.41776536893291,2.280017961713637,2.28001314683495,2.2800130366669857,4.306546143540482e-06,4.2287886124423794e-09,9.919484796228062e-06,1.272747027769583e-07,False,False,False
ces,alpha,rho,0.25,0.7,7,2090130,100,0.1,1.0,0.23705343580884697,0.6980793227725073,-82.74224430715527,3.0080220606839895e-06,True,True,True,33.44337689082788,33.44302662451783,33.44302792067576,2.1344352685592245,2.1344399002017402,2.134439883550164,3.898026483523798e-07,1.2235589215163114e-09,-5.121506333694015e-06,1.958635209575732e-08,False,False,False
ces,alpha,rho,0.25,0.7,8,2090131,100,0.1,1.0,0.23806544311531866,0.7789758372849442,-64.27386762845863,5.262335338695017e-07,True,True,True,24.79634075185238,24.796120272088313,24.79611576559502,2.218943332842467,2.2189476554072907,2.2189477342049355,1.1437311909738615e-06,1.9544737620472377e-09,-4.006150639668249e-06,-9.10227413442044e-08,False,False,False
ces,alpha,rho,0.25,0.7,9,2090132,100,0.1,1.0,0.2663474376891748,0.3431795868298403,-81.68347341866546,7.198958676739268e-06,True,True,True,23.209984291269212,23.210191448197925,23.210182167287687,2.161942664400531,2.1619402526329017,2.161940423877894,3.387686663418629e-06,6.88367290519501e-09,5.945936379703198e-06,-2.0271058076559711e-07,False,False,False
ces,alpha,rho,0.25,0.7,10,2090133,100,0.1,1.0,0.24335981577707774,0.7351607280236235,-87.76819837438862,1.240790732694067e-05,True,True,True,19.144513948741366,19.14512483817441,19.145112350468604,2.222457243710731,2.2224438251229945,2.2224441066412455,1.1067401200620066e-06,5.860432313523646e-09,1.6131987749190557e-05,-3.2815592021506745e-07,False,False,False
ces,alpha,rho,0.25,0.7,11,2090134,100,0.1,1.0,0.2509245546289033,0.7132788763182326,-75.67388017429877,9.048610396105216e-06,True,True,True,24.45728065798952,24.45740550661444,24.45739715038332,2.1256165985692452,2.125614144860047,2.1256142922412034,7.535941597979414e-07,3.55842835975974e-09,2.1078271146279803e-06,-1.719858886417569e-07,False,False,False
ces,alpha,rho,0.25,0.7,12,2090135,100,0.1,1.0,0.2734378720386721,0.6045575104448272,-86.7327146560926,4.138263357890832e-07,True,True,True,27.118700313427976,27.11817987208765,27.118188144582675,2.1526161605311125,2.1526246519193055,2.152624519785005,6.408598659156035e-07,2.782249928578041e-09,-9.262418643629644e-06,1.529281945522598e-07,False,False,False
ces,alpha,rho,0.25,0.7,13,2090136,100,0.1,1.0,0.23745298241700039,0.6963806992789638,-85.31808447706656,5.133640532957442e-07,True,True,True,22.447822973588057,22.44767965592749,22.447674951194248,2.224367009991915,2.224369656107163,2.2243697466811514,5.544200505333243e-07,1.8204258929488786e-09,-3.443356376919837e-06,-1.0530948202358559e-07,False,False,False
ces,alpha,rho,0.25,0.7,14,2090137,100,0.1,1.0,0.2194315936874309,0.5216876425745519,-94.87318477723917,4.467296947797457e-06,True,True,True,24.972441269532137,24.972544534022113,24.97254841459792,2.224782278288465,2.2247809004714445,2.2247808327368173,9.923396077793641e-07,3.161339927145018e-09,2.62627025904294e-06,7.741131469174434e-08,False,False,False
ces,alpha,rho,0.25,0.7,15,2090138,100,0.1,1.0,0.2538721133857173,0.7950462571981763,-81.81335566802912,2.7418204480768045e-06,True,True,True,27.662508218158536,27.66221931212889,27.662224635632928,2.171703215908608,2.1717077587920253,2.1717076751429487,1.8151369780433778e-07,1.899044584556358e-09,-5.117680942134939e-06,9.61421733336465e-08,False,False,False
ces,alpha,rho,0.25,0.7,16,2090139,100,0.1,1.0,0.2508330254516853,0.7188764023810243,-90.64225883667494,8.122805716191905e-06,True,True,True,30.04630662318102,30.046420170374017,30.04641994735954,2.1847430436347497,2.1847416125007646,2.18474161570362,5.331739046635606e-07,1.122349498871007e-09,2.1276772912415254e-06,-3.734911047104106e-09,False,False,False
ces,alpha,rho,0.25,0.7,17,2090140,100,0.1,1.0,0.2422596951469335,0.7254069658994508,-88.1259932216956,1.5617076317296605e-06,True,True,True,21.8386428862651,21.838222094637242,21.838224641857476,2.1943648785427583,2.1943725073613387,2.1943724569034133,2.0567524751040936e-06,9.37523594918222e-10,-1.0426848291444912e-05,5.8548607739794534e-08,False,False,False
ces,alpha,rho,0.25,0.7,18,2090141,100,0.1,1.0,0.26396251535200776,0.5697357827397268,-79.64688236158942,6.386984823121859e-07,True,True,True,23.943097409350706,23.94380529994919,23.943806215299,2.1133177496348363,2.1133050025769458,2.1133049862956876,5.284336282790893e-07,1.6021310196970955e-09,1.4908994558027189e-05,1.948458816514176e-08,False,False,False
ces,alpha,rho,0.25,0.7,19,2090142,100,0.1,1.0,0.249888124528697,0.43579059910136464,-91.84046209142144,6.423471388856906e-06,True,True,True,30.10673913189009,30.106645283955785,30.106642642429303,2.182447772684196,2.182450021794317,2.1824500594448546,2.090201022353681e-06,2.7241571708893232e-09,-5.721870195429801e-07,-4.4392209019861184e-08,False,False,False
ces,alpha,rho,0.5,-0.7,0,2100123,100,0.1,1.0,0.5172859886430415,-0.6752929096284929,-82.21525496039223,4.615580822755643e-06,True,True,True,34.995464565284195,34.99552883338213,34.995527460474314,1.944966875879075,1.944967169256993,1.944967180096532,3.7370786983914798e-06,1.4284447112826333e-08,2.1474800036003217e-06,-2.675146504316217e-08,False,False,False
ces,alpha,rho,0.5,-0.7,1,2100124,100,0.1,1.0,0.49183261095198916,-0.5778283533386087,-92.47708270218355,9.227759174129358e-07,True,True,True,41.30296513055382,41.302371173376045,41.302367676747714,1.938497917352068,1.9385043726208107,1.9385044043657078,3.032616645064713e-06,1.1608985136898612e-08,-6.996809489123734e-06,-4.811160181361629e-08,False,False,False
ces,alpha,rho,0.5,-0.7,2,2100125,100,0.1,1.0,0.4677596518266068,-0.44531376334865874,-88.1934957032815,8.19014166499903e-06,True,True,True,19.312250352237676,19.313479119377465,19.313467467142186,2.0487277563963264,2.0486974844876813,2.0486977437583715,6.359827625483908e-06,8.381066133731144e-09,2.8467633413242766e-05,-3.04825178432111e-07,False,False,False
ces,alpha,rho,0.5,-0.7,3,2100126,100,0.1,1.0,0.49371110639041094,-0.6315537000036747,-84.73630320061909,2.673000953916808e-06,True,True,True,37.604690394401544,37.60530415973001,37.60530316087194,1.956626258805885,1.9566218653279228,1.9566218719516482,6.7295851751107885e-06,1.132578150058501e-08,1.1244262552168038e-05,-1.8935779166895372e-08,False,False,False
ces,alpha,rho,0.5,-0.7,4,2100127,100,0.1,1.0,0.5205766856440993,-0.5658967526610689,-89.7366428538705,4.383225201885827e-06,True,True,True,29.61413887637598,29.614627388426353,29.614627572583867,2.041704319377897,2.0416912714212465,2.0416912637143896,1.3677580667948848e-05,1.1600479966230248e-08,1.4711002904732595e-06,-2.6543887088337215e-09,False,False,False
ces,alpha,rho,0.5,-0.7,5,2100128,100,0.1,1.0,0.5269267477404096,-0.5216766363008063,-97.93864722637538,2.5806790869433646e-06,True,True,True,39.0734714728311,39.07327928095491,39.07327434057366,1.92006537384521,1.920069859141675,1.920069908906914,6.071349974051981e-06,1.1949663303284014e-08,1.7600125090666552e-07,-6.914453365425288e-08,False,False,False
ces,alpha,rho,0.5,-0.7,6,2100129,100,0.1,1.0,0.48883204816827835,-0.8,-82.97117528771878,3.310473395856667,True,True,True,34.60581301896925,34.60474365749773,34.60474169424247,1.977893767388091,1.9779111023932652,1.9779111215784273,9.4106911627529e-06,1.2578618157562925e-08,-1.0978670474059982e-05,-3.464596431967948e-08,False,False,False
ces,alpha,rho,0.5,-0.7,7,2100130,100,0.1,1.0,0.4899979317273094,-0.5458584367568459,-95.86046651041181,8.391320189014111e-06,True,True,True,43.23730818122588,43.23739426643535,43.2373884081873,1.912125665761367,1.912127029231191,1.9121270822875405,5.813383798756073e-06,1.3439916225797113e-08,3.486337448066479e-06,-7.440694105298462e-08,False,False,False
ces,alpha,rho,0.5,-0.7,8,2100131,100,0.1,1.0,0.500631901757139,-0.7150633807306851,-87.30423629844975,1.3441282675300636e-06,True,True,True,22.22919760696634,22.228775080720737,22.228772858809393,2.027075538739953,2.02708477154415,2.0270848106958184,3.2323621758459033e-06,9.851190950747507e-09,-8.433118182438193e-06,-5.488151089139137e-08,False,False,False
ces,alpha,rho,0.5,-0.7,9,2100132,100,0.1,1.0,0.5121853202093796,-0.6629995702799512,-91.68274909682857,3.688873473865705e-06,True,True,True,32.72148530541941,32.72222801378255,32.7222240687444,1.9938188639454169,1.9938056317231496,1.9938056788128138,8.164265742335248e-06,1.2200787353301588e-08,7.397116590368569e-06,-6.63474395423691e-08,False,False,False
ces,alpha,rho,0.5,-0.7,10,2100133,100,0.1,1.0,0.4985603512151286,-0.7499814621907333,-79.7136776477879,6.986817700701731e-06,True,True,True,36.081539550798254,36.08246139358959,36.08245498790461,1.9490280278416574,1.949015341957688,1.9490154126543706,4.7522194554247175e-06,1.487870500178232e-08,1.0847249782841573e-05,-9.613650320261513e-08,False,False,False
ces,alpha,rho,0.5,-0.7,11,2100134,100,0.1,1.0,0.4982125347943791,-0.8,-91.9808945090896,4.823210119311181,True,True,True,25.06271819429086,25.06286838051936,25.06286938693221,2.0317306401312747,2.0317311489356613,2.03173112587184,7.400004992594378e-06,1.296809173723297e-08,6.591782863551998e-06,1.3602317494587624e-08,False,False,False
ces,alpha,rho,0.5,-0.7,12,2100135,100,0.1,1.0,0.5064951193224457,-0.49787620538401395,-95.01909153284271,3.4768708243694675e-06,True,True,True,27.332647207225488,27.331499160998785,27.331504232828078,2.00606396425559,2.006083314610006,2.006083231212984,3.7017724639679715e-06,6.735931995895719e-09,-1.9636156110891534e-05,8.955279895417334e-08,False,False,False
ces,alpha,rho,0.5,-0.7,13,2100136,100,0.1,1.0,0.4877754065104769,-0.8,-90.09552664025698,2.7207267621065996,True,True,True,26.695723713144947,26.695666888323725,26.695662449992657,2.01457054890817,2.014570633662199,2.0145707001032838,3.1332230081151613e-06,1.3369298426119334e-08,-2.120800459692873e-06,-8.976350329703564e-08,False,False,False
ces,alpha,rho,0.5,-0.7,14,2100137,100,0.1,1.0,0.49224120589506815,-0.45690642761475764,-84.81037325296535,4.3552270542255524e-07,True,True,True,33.124267189466636,33.12505357054148,33.125045408663695,1.9623776196341558,1.9623678071779838,1.9623679091320922,2.35233352362241e-06,1.1960470207020826e-08,1.2314024843362859e-05,-1.2901693935418734e-07,False,False,False
ces,alpha,rho,0.5,-0.7,15,2100138,100,0.1,1.0,0.5096069816586043,-0.6377868543813889,-93.04494890924147,7.996261187096415e-06,True,True,True,32.281426879208055,32.28107184472948,32.28106982197294,1.9626428457738414,1.962649892435464,1.9626499142587284,5.835939254513707e-06,1.2430630280532773e-08,-2.92293091774809e-06,-3.753579846943467e-08,False,False,False
ces,alpha,rho,0.5,-0.7,16,2100139,100,0.1,1.0,0.5052858445441099,-0.8,-98.67286834454637,0.07790500075995334,True,True,True,26.727927204486548,26.72741271466475,26.727407769655965,1.9929099056691373,1.992919992774112,1.9929200678458814,4.830864583036993e-06,1.230732281480276e-08,-7.734711132911798e-06,-9.858682403773855e-08,False,False,False
ces,alpha,rho,0.5,-0.7,17,2100140,100,0.1,1.0,0.48231111334747423,-0.8,-71.91651129659263,2.813782650439588,True,True,True,32.02406294151397,32.02397462195596,32.02397159123008,1.9187058666058079,1.9187028478376684,1.9187028823481338,1.0132228316983116e-05,1.5231298045775263e-08,-6.28830903792732e-06,-5.490764465321263e-08,False,False,False
ces,alpha,rho,0.5,-0.7,18,2100141,100,0.1,1.0,0.5104503106431393,-0.6721142693104688,-95.99691499723713,9.205299841540663e-07,True,True,True,34.00704272610751,34.006295658022694,34.00629005664345,1.9702217539435387,1.9702352947563844,1.9702353605304286,9.579987836878041e-06,1.345093484423113e-08,-6.467835490298057e-06,-8.899078807189653e-08,False,False,False
ces,alpha,rho,0.5,-0.7,19,2100142,100,0.1,1.0,0.5186049853007486,-0.245191617987262,-87.26662413069387,2.5141568489962837e-07,True,True,True,33.12092824765804,33.120753360975385,33.12075810631638,1.9892022889899996,1.9892056899655786,1.9892056241621632,2.8950869555964847e-06,8.383327945074152e-09,-1.2972281666634444e-06,6.751496073320595e-08,False,False,False
ces,alpha,rho,0.5,-0.3,0,2110123,100,0.1,1.0,0.4870964062717458,-0.1754456364224214,-86.00019034745952,2.3967523866572014e-06,True,True,True,38.2008806093691,38.201437309468744,38.201429289569084,1.938341352070302,1.9383368455844001,1.938336934668588,4.552865679574928e-06,5.67150136778973e-09,9.277200092583371e-06,-1.0737518607584207e-07,False,False,False
ces,alpha,rho,0.5,-0.3,1,2110124,100,0.1,1.0,0.49289606803552377,-0.24654946742627523,-94.57511754861389,3.1720779653525305e-07,True,True,True,42.70452309668853,42.7026852111588,42.70267644985769,1.9672941785113591,1.96731703466757,1.967317120407919,9.820065252169847e-06,8.056701186341347e-09,-1.6830518305255282e-05,-1.0645759118688147e-07,False,False,False
ces,alpha,rho,0.5,-0.3,2,2110125,100,0.1,1.0,0.4667328773290218,-0.08968479125295509,-81.09823492940644,1.669493304618408e-05,True,True,True,50.0010874109254,50.00481019071481,50.0047699483874,1.8978216030156543,1.8977906405084966,1.8977909874331753,3.847076227727226e-06,1.1878107025745113e-08,3.8398943630113536e-05,-4.05357653221472e-07,False,False,False
ces,alpha,rho,0.5,-0.3,3,2110126,100,0.1,1.0,0.503335106189498,-0.4388261461530118,-92.03633122628221,3.626838703728084e-06,True,True,True,38.98934881673041,38.98874246212061,38.98874105374726,1.9175571903933348,1.9175634372820771,1.91756344872599,3.0668641102802305e-06,9.782630918459729e-09,-8.382873161849602e-06,-2.2947276079321455e-08,False,False,False
ces,alpha,rho,0.5,-0.3,4,2110127,100,0.1,1.0,0.5442114989412143,-0.38048894854917337,-98.76950655920595,2.8562138784917314e-06,True,True,True,47.675647994056334,47.67602767957278,47.67601602056502,1.914414890239199,1.9144078462486638,1.9144079480917133,8.583669968995082e-06,1.0556652680262023e-08,-2.7309108929785e-07,-1.2729543641398777e-07,False,False,False
ces,alpha,rho,0.5,-0.3,5,2110128,100,0.1,1.0,0.48159112596596454,-0.3720810053269685,-82.83711414156434,1.9760256078645712e-05,True,True,True,47.10390475052001,47.104092573532036,47.10407670333837,1.9010623763331307,1.901060544057999,1.9010606844911302,2.689369492267232e-06,1.4239336977112982e-08,1.7026885501536526e-06,-1.7523794326734787e-07,False,False,False
ces,alpha,rho,0.5,-0.3,6,2110129,100,0.1,1.0,0.5043776974718097,-0.1858125128549203,-90.48300554552245,3.2739678183055403e-06,True,True,True,38.726567235284364,38.727183731631115,38.727182296236194,1.93768926772959,1.937679304979495,1.9376793184522747,7.357716822291024e-06,6.058032125759021e-09,4.427489955105557e-06,-2.1553162810050708e-08,False,False,False
ces,alpha,rho,0.5,-0.3,7,2110130,100,0.1,1.0,0.4924809255681111,-0.48693774396276,-91.71197580994257,2.706225863878889e-06,True,True,True,33.716143393291205,33.716891622005576,33.71688503233199,1.992825728056966,1.9928127495520387,1.9928128306529174,8.04294760316444e-06,8.93506850721619e-09,7.147629077053352e-06,-1.0207048717347789e-07,False,False,False
ces,alpha,rho,0.5,-0.3,8,2110131,100,0.1,1.0,0.5057630144259582,-0.3907687399734415,-89.75028356591393,6.8295244675060475e-06,True,True,True,46.553511668735275,46.5530267053368,46.55302789293676,1.920305696821142,1.9203092090428582,1.9203091947966617,3.52381093506536e-06,7.303416698020007e-09,-6.36468267600776e-06,9.10914366158977e-09,False,False,False
ces,alpha,rho,0.5,-0.3,9,2110132,100,0.1,1.0,0.514827826581873,-0.029367499636240427,-82.16095361382675,1.6031598332619676e-05,True,True,True,42.724308197925076,42.72389179582382,42.723903144299236,1.9267348878977522,1.9267424582185113,1.9267423380567568,7.883140754103152e-06,1.2245933034236151e-08,-9.033686723114442e-07,1.2728226295166678e-07,False,False,False
ces,alpha,rho,0.5,-0.3,10,2110133,100,0.1,1.0,0.5071391194247923,-0.32335170634029803,-85.76186112114574,1.4111493219986672e-05,True,True,True,36.53792009385885,36.53914248688738,36.53913184367692,1.963741057622891,1.9637264611026481,1.9637265832009534,1.8872351929195977e-06,1.0720942489713394e-08,1.6499326662255953e-05,-1.5071161385549203e-07,False,False,False
ces,alpha,rho,0.5,-0.3,11,2110134,100,0.1,1.0,0.4906795687374486,-0.31410697651908037,-96.71735485173859,3.552713678800501e-08,True,True,True,42.20159123265206,42.20184556794384,42.201836872966055,1.9264813342036808,1.9264780802863248,1.926478166341531,2.588104792704315e-06,8.261468346191207e-09,2.173488027779058e-06,-1.0695842433960934e-07,False,False,False
ces,alpha,rho,0.5,-0.3,12,2110135,100,0.1,1.0,0.48076978514682833,-0.31823556934593694,-79.486827096245,4.1219869574591415e-06,True,True,True,38.534695392843375,38.53538818208892,38.53539091651689,1.9399404982124668,1.9399309539781313,1.9399309198216361,4.748928041946485e-06,7.742763889328961e-09,7.0215914718119166e-06,3.163475525980175e-08,False,False,False
ces,alpha,rho,0.5,-0.3,13,2110136,100,0.1,1.0,0.47124721871814046,-0.43380906182674445,-81.63688255070991,1.2885139562939745e-06,True,True,True,36.83335162295152,36.83355275347434,36.83354171088072,1.9714530910384693,1.9714515209379204,1.9714516465839296,2.848466568061483e-06,1.0984066881668946e-08,3.4977526297552686e-06,-1.5514186202381097e-07,False,False,False
ces,alpha,rho,0.5,-0.3,14,2110137,100,0.1,1.0,0.48831184627276675,-0.14567513627948062,-95.1417187846252,7.025977928394399e-06,True,True,True,36.02044760499382,36.022402751463474,36.02238183277258,1.9573646761547048,1.9573374003210704,1.9573376488243677,8.616310248987932e-06,1.06646828591672e-08,2.2580243850711668e-05,-2.9461354245086113e-07,False,False,False
ces,alpha,rho,0.5,-0.3,15,2110138,100,0.1,1.0,0.4952494284645515,-0.3319043934147189,-75.32275297672345,8.30568840621058e-06,True,True,True,23.52275711028325,23.52129736735908,23.52128722651324,2.040261769078381,2.040288926235815,2.04028911016958,2.2495011458623973e-06,8.588561264375254e-09,-3.1012091113780116e-05,-2.1937314897968463e-07,False,False,False
ces,alpha,rho,0.5,-0.3,16,2110139,100,0.1,1.0,0.52172491029728,-0.12677480548377093,-105.59090433181358,2.7475203809190926e-05,True,True,True,32.71385982009228,32.714501533014904,32.714485139898756,2.0140806040064314,2.014067192347479,2.0140674065983095,1.1392049234352943e-05,9.287705879988914e-09,3.920567792192742e-06,-2.544310575558484e-07,False,False,False
ces,alpha,rho,0.5,-0.3,17,2110140,100,0.1,1.0,0.48273888045421176,-0.4398061129057367,-82.12801601430463,6.64771115806997e-06,True,True,True,39.48287093190918,39.482709788912715,39.48270295980336,1.9230733056923068,1.9230759581131913,1.9230760292260713,3.297747885773083e-06,9.449730171489384e-09,-1.118728164328786e-06,-9.10928434905145e-08,False,False,False
ces,alpha,rho,0.5,-0.3,18,2110141,100,0.1,1.0,0.4668809380965515,-0.26770076237228285,-82.96437965399943,1.806791563081309e-05,True,True,True,32.199705849825854,32.19930990378404,32.19929461133837,1.9594040152134058,1.9594087733964587,1.959408973533148,2.5773813029709956e-06,1.5061899217853883e-08,-7.063103268478699e-06,-2.44515092617803e-07,False,False,False
ces,alpha,rho,0.5,-0.3,19,2110142,100,0.1,1.0,0.4956469277702153,-0.21125398094993939,-93.72297881324604,1.1445661379450722e-05,True,True,True,47.50918470331828,47.51069993690263,47.51068637781484,1.9050186166437513,1.9050062426016992,1.905006361378509,3.811696148974196e-06,1.2465311899005642e-08,1.7498193059850564e-05,-1.4864338027109625e-07,False,False,False
ces,alpha,rho,0.5,-0.1,0,2120123,100,0.1,1.0,0.5188507077307474,-0.16336320890300973,-77.35908051985882,2.6248279599972e-06,True,True,True,39.16642393287281,39.167189789760364,39.167187610652256,1.9374778319954113,1.937467948910917,1.937467969347252,3.7702988598422526e-06,8.709032038185857e-09,8.143293499074389e-06,-3.2107863034980255e-08,False,False,False
ces,alpha,rho,0.5,-0.1,1,2120124,100,0.1,1.0,0.49476833287666355,-0.1267756175065193,-85.94932333848755,1.2083877577569204e-05,True,True,True,27.504907814361605,27.50378379291519,27.503774570247433,1.9904411945807856,1.990456404593534,1.9904565465309403,6.288027093092546e-06,9.167607130240903e-09,-2.3527786837007625e-05,-1.7191217693834915e-07,False,False,False
ces,alpha,rho,0.5,-0.1,2,2120125,100,0.1,1.0,0.4900317690887463,0.018917609037684333,-102.52331292460913,2.9431138138926015e-05,True,True,True,36.77761317819905,36.797248116660946,36.797240365222706,1.9587986073250816,1.958570342046555,1.958570426070557,1.029008261263197e-05,1.9120691485521784e-08,0.0002708263963597801,-1.1391647092295898e-07,False,False,False
ces,alpha,rho,0.5,-0.1,3,2120126,100,0.1,1.0,0.48261165716816085,0.2255252123740863,-75.64995008842446,5.2464091040660096e-06,True,True,True,43.73432263165133,43.73379625433669,43.73378152979634,1.9550427383504272,1.9550495725564396,1.9550497182215683,3.9655498933495654e-06,4.124555362802238e-09,-4.336678870231481e-06,-1.6898250976282725e-07,False,False,False
ces,alpha,rho,0.5,-0.1,4,2120127,100,0.1,1.0,0.48473207422976994,-0.02137852546527075,-90.2194907263537,9.044011685259363e-06,True,True,True,51.699732452416335,51.70648560842962,51.706365604796396,1.8810687709550133,1.881012060860183,1.8810130515877457,2.2756237963462626e-06,5.002649090887013e-08,6.414396152365498e-05,-1.1802477359879049e-06,False,False,False
ces,alpha,rho,0.5,-0.1,5,2120128,100,0.1,1.0,0.4929950848242239,-0.23443947457658057,-89.3306648263282,1.2726342086210478e-05,True,True,True,33.07867367484783,33.079135806229715,33.07911805066715,1.995939428677807,1.9959342782693725,1.995934507081159,2.585002397605799e-06,1.1298093462769748e-08,7.76761902443468e-06,-2.7333101115800673e-07,False,False,False
ces,alpha,rho,0.5,-0.1,6,2120129,100,0.1,1.0,0.48932763843285093,-0.33683927257754637,-84.79485117402015,2.346351549582631e-06,True,True,True,32.038413976212524,32.03894752130699,32.03894894463729,1.9776464760671004,1.9776387223842518,1.9776386988761032,2.3544337198709594e-06,9.715437772646492e-09,7.74375729406529e-06,1.7360250126330357e-08,False,False,False
ces,alpha,rho,0.5,-0.1,7,2120130,100,0.1,1.0,0.4798212583062077,-0.03853412200751482,-95.9361293652083,1.491884773811274e-05,True,True,True,42.65861206885375,42.66090425355984,42.66091655117687,1.938740127691915,1.9387175209589063,1.938717395696697,2.916259953586562e-06,3.5120198683169684e-09,2.7848866835711306e-05,1.440508441419297e-07,False,False,False
ces,alpha,rho,0.5,-0.1,8,2120131,100,0.1,1.0,0.4969332185535869,-0.09579388045667209,-93.30237214203441,1.5955220914466234e-05,True,True,True,45.93545594482149,45.93478162351675,45.934760064077494,1.905573563288253,1.9055798960093968,1.9055800949222508,2.1230265995628694e-06,1.275411812573609e-08,-7.629391646446493e-06,-2.403421177632481e-07,False,False,False
ces,alpha,rho,0.5,-0.1,9,2120132,100,0.1,1.0,0.49284624447066755,-0.1324483727582956,-85.949849844868,5.078268368721876e-07,True,True,True,45.60174800572903,45.60105583357505,45.60106464142202,1.9014435551395656,1.9014516140695799,1.9014515263886145,4.02046549013101e-06,9.088337222074268e-09,-5.808357585124213e-06,9.220360652761883e-08,False,False,False
ces,alpha,rho,0.5,-0.1,10,2120133,100,0.1,1.0,0.49485368967605786,-0.24548418690434062,-93.9326957583206,3.542253301159164e-06,True,True,True,37.05234914820259,37.0531227959781,37.05311948568483,1.9632208095551484,1.9632128871241037,1.9632129218884071,3.3377786238019675e-06,9.352810894547146e-09,1.1709288614270008e-05,-4.931523278628447e-08,False,False,False
ces,alpha,rho,0.5,-0.1,11,2120134,100,0.1,1.0,0.5006845106521333,-0.1977438819685823,-96.52248842500988,4.826677631438595e-06,True,True,True,35.088469674708804,35.09098879848576,35.09098876669055,1.9613058797382508,1.9612751274926348,1.9612751258417438,1.8797183804235848e-06,4.773379628068976e-09,3.638327734734048e-05,-2.806743282235402e-09,False,False,False
ces,alpha,rho,0.5,-0.1,12,2120135,100,0.1,1.0,0.4994737850207112,-0.07201450097592874,-89.54200113950824,2.240993664807031e-06,True,True,True,55.44718344139382,55.452215899999224,55.452183563395906,1.8313758167425322,1.831337323023875,1.8313375702105688,2.7787421553743453e-06,1.681138969246989e-08,4.614109332123917e-05,-2.9855954153390485e-07,False,False,False
ces,alpha,rho,0.5,-0.1,13,2120136,100,0.1,1.0,0.5121954443817377,0.040371821273782964,-82.3086684567409,8.318565092388328e-06,True,True,True,42.524844996773645,42.512488466104195,42.51251711384086,1.9708351817465095,1.9709620228543396,1.9709617310048395,4.200292701348507e-06,9.261100073204013e-09,-0.00014424517334532538,3.378619908289693e-07,False,False,False
ces,alpha,rho,0.5,-0.1,14,2120137,100,0.1,1.0,0.4995829783902844,-0.1403555741981007,-78.79682576712773,1.4740979258806352e-06,True,True,True,38.2863126360917,38.29024981455324,38.290233254609866,1.9543611956952862,1.9543200836168515,1.9543202662875652,8.263647676320552e-06,1.2843502864059496e-08,5.527564978535793e-05,-2.2217726325379772e-07,False,False,False
ces,alpha,rho,0.5,-0.1,15,2120138,100,0.1,1.0,0.49661411690650514,0.07897982768299804,-82.09589505205072,7.3142048848018934e-06,True,True,True,35.109440533032746,35.10776223181408,35.107750396259426,2.0057671012434457,2.0057888416145446,2.005788987441852,2.89941200287497e-06,4.236265861659887e-09,-2.294283891046689e-05,-1.6923090129239426e-07,False,False,False
ces,alpha,rho,0.5,-0.1,16,2120139,100,0.1,1.0,0.5049202954741524,-0.3023780444912053,-92.07217324903748,8.473060499993477e-06,True,True,True,41.46748192370793,41.46812498178096,41.46811233718014,1.9131385296468915,1.9131316426167506,1.9131317705565833,2.206527014175756e-06,1.102775582515479e-08,7.420792499601703e-06,-1.576272410375168e-07,False,False,False
ces,alpha,rho,0.5,-0.1,17,2120140,100,0.1,1.0,0.49776270813212536,-0.0036927341391787922,-94.03344129949826,4.7081295693062855e-05,True,True,True,37.89453000090496,37.91219784889246,37.91192769252508,1.9606508158631706,1.9604462937848675,1.960449352559784,7.292926072879376e-06,1.2137575208303796e-07,0.00022705969951175575,-3.6043235667193585e-06,False,False,False
ces,alpha,rho,0.5,-0.1,18,2120141,100,0.1,1.0,0.48775129214015484,-0.11063086647065778,-83.42012086680619,5.030888443074435e-06,True,True,True,35.62507774845248,35.62385505982138,35.62386293215954,1.9536351274610053,1.9536513644057918,1.953651264398125,3.8061551650178254e-06,9.614993920601734e-09,-1.5522278047797045e-05,1.058469081272051e-07,False,False,False
ces,alpha,rho,0.5,-0.1,19,2120142,100,0.1,1.0,0.48032731752527685,-0.20077593025677037,-95.49257065384705,7.379977480494992e-06,True,True,True,44.85424058834191,44.85361393036486,44.85360579157071,1.9754799515182555,1.9754895253698022,1.975489601147088,8.21596638047969e-06,7.85532940067812e-09,-3.0429904427364818e-06,-9.421054869562795e-08,False,False,False
ces,alpha,rho,0.5,0.3,0,2130123,100,0.1,1.0,0.49754562348677506,0.23993280211088033,-88.89785201392296,1.8198773652309366e-06,True,True,True,37.192095529862776,37.19249500220672,37.1924909772854,1.9260301052920057,1.9260262396505512,1.9260262857421808,1.9976799111028273e-06,2.547413809882035e-09,6.23509056651983e-06,-5.5153691391751636e-08,False,False,False
ces,alpha,rho,0.5,0.3,1,2130124,100,0.1,1.0,0.4751565397101887,0.26943103869619006,-81.93025992239114,1.1153187683344314e-05,True,True,True,36.313758158584264,36.31489033742311,36.31488030774462,1.949757239625092,1.9497460149377577,1.94974613296547,5.4926468958944356e-06,5.586068858016698e-09,1.8113996077318006e-05,-1.4030199224634998e-07,False,False,False
ces,alpha,rho,0.5,0.3,2,2130125,100,0.1,1.0,0.49864389566999906,0.03899767248188238,-94.3399306707125,1.2096572194845917e-05,True,True,True,47.50952769133137,47.50369542500234,47.503650498709256,1.9379578647896256,1.9380098859551342,1.938010292162879,5.082377234824816e-06,1.5082943527750292e-08,-6.335396587076048e-05,-4.780796274417298e-07,False,False,False
ces,alpha,rho,0.5,0.3,3,2130126,100,0.1,1.0,0.4970978180788265,0.4116430771453275,-82.2347682621596,4.587630604943601e-06,True,True,True,40.96421359818177,40.96381057918955,40.96380949449443,1.9522802236466776,1.952283194440754,1.9522832058988853,3.0904364329114694e-06,1.4149736138927367e-09,-6.431401800455205e-06,-1.3287689171193051e-08,False,False,False
ces,alpha,rho,0.5,0.3,4,2130127,100,0.1,1.0,0.4805966287335462,0.43834009645182337,-83.33560089739632,6.202920065228289e-07,True,True,True,35.448438132201375,35.448516817968574,35.44851805552271,1.9495568073960254,1.94955620683229,1.9495561917970365,1.2452571377368708e-06,1.2802111117471135e-09,1.545898840049631e-06,1.760133727657376e-08,False,False,False
ces,alpha,rho,0.5,0.3,5,2130128,100,0.1,1.0,0.47445146515907854,0.047686466946618676,-99.32386037299284,1.7880567590318853e-05,True,True,True,43.32014132947885,43.31409505023147,43.31407480720471,1.9481449260474535,1.9482050411817546,1.9482052387574864,3.400506907189827e-06,1.34905630943373e-08,-7.06115330473267e-05,-2.3988690145415603e-07,False,False,False
ces,alpha,rho,0.5,0.3,6,2130129,100,0.1,1.0,0.529382112039041,0.26369010935567133,-72.78248475168908,3.34998106009535e-06,True,True,True,45.19354765772986,45.19265371801455,45.1926536698026,1.9230952767524945,1.9231028618083685,1.923102860947376,2.670256178770951e-06,3.942683739271398e-09,-1.1049886381897522e-05,-2.058072823274415e-09,False,False,False
ces,alpha,rho,0.5,0.3,7,2130130,100,0.1,1.0,0.49290519720514897,0.4946944025826926,-85.479155737931,6.439775468778528e-06,True,True,True,37.77258044450664,37.77298694028728,37.772977564946025,1.974303666086342,1.9742984445863314,1.9742985526893917,1.502413273067064e-06,2.7308743064925975e-09,4.626386967743201e-06,-1.237440585555305e-07,False,False,False
ces,alpha,rho,0.5,0.3,8,2130131,100,0.1,1.0,0.5029092209774382,0.2641266321792117,-88.1197853167463,1.4813580633012404e-06,True,True,True,43.3019801506346,43.30187826118526,43.30189775405217,1.969108664755108,1.9691070527248595,1.9691068580743496,6.235681166699265e-06,5.494758631307479e-09,-3.982856270567936e-06,2.260623688243868e-07,False,False,False
ces,alpha,rho,0.5,0.3,9,2130132,100,0.1,1.0,0.49387545984905123,0.23414320891382648,-91.72425184572361,3.891348774318236e-06,True,True,True,45.565760812090346,45.56379350961321,45.56382083086197,1.9572299174321661,1.9572510822474587,1.9572508213239352,5.668390901497967e-06,6.842445518999878e-09,-1.8509827711454818e-05,2.9922681221705716e-07,False,False,False
ces,alpha,rho,0.5,0.3,10,2130133,100,0.1,1.0,0.5066480307953287,0.40384381657187624,-95.98596879999096,3.818464859518941e-07,True,True,True,38.61436922895906,38.61471933481818,38.61470938717948,1.9491364145899601,1.9491329049283668,1.9491330159053692,1.1863671782131115e-06,3.5780448085565383e-09,4.896190816339185e-06,-1.2984564534690435e-07,False,False,False
ces,alpha,rho,0.5,0.3,11,2130134,100,0.1,1.0,0.5119076343253504,0.16734720062179606,-85.88110010071757,4.3220627292571263e-07,True,True,True,50.86201588276858,50.86287304056273,50.862860473103005,1.901436774599709,1.9014292773454533,1.9014293810216247,1.6131479037618886e-06,9.076407630714679e-09,8.093212997550836e-06,-1.2772355262313795e-07,False,False,False
ces,alpha,rho,0.5,0.3,12,2130135,100,0.1,1.0,0.5255821296876269,0.14584205393107458,-92.86148611093921,4.251545982095475e-06,True,True,True,33.26533839771901,33.26407671500498,33.26405337206262,2.053530948478058,2.053548563957851,2.0535488659680072,2.8209265567939783e-06,8.93888109673646e-09,-1.800204165647301e-05,-3.5404450215992256e-07,False,False,False
ces,alpha,rho,0.5,0.3,13,2130136,100,0.1,1.0,0.4876800785523742,0.3678928996876453,-87.05515332041233,1.2118961993909962e-05,True,True,True,28.80022480708371,28.798969209644,28.798964687656767,2.0164246837854773,2.01644580845461,2.01644587430766,5.1267771578830545e-06,5.802502378097203e-09,-1.9358272211889016e-05,-8.120294126001681e-08,False,False,False
ces,alpha,rho,0.5,0.3,14,2130137,100,0.1,1.0,0.517017896713895,0.3185094183054816,-90.25622450748554,1.657564626598505e-05,True,True,True,41.27178863183733,41.27314762570771,41.273151547277166,1.9680292259746581,1.9680155262946701,1.9680154832690924,1.5260918957934596e-06,4.212546880072437e-09,1.7200511550186093e-05,4.5479993104891037e-08,False,False,False
ces,alpha,rho,0.5,0.3,15,2130138,100,0.1,1.0,0.49678451050038813,0.251000551804329,-85.86012509046108,5.684488433630986e-06,True,True,True,42.31184291356709,42.31370597240244,42.31367737126534,1.9407497745472917,1.9407292990954117,1.9407295878338615,3.2317634726945346e-06,1.3524311936272215e-08,2.01139032753872e-05,-3.435086028957812e-07,False,False,False
ces,alpha,rho,0.5,0.3,16,2130139,100,0.1,1.0,0.5111530360483537,0.2708386703823855,-89.59916475546213,9.994182035209883e-07,True,True,True,40.962200200091075,40.962982823731906,40.96297682564911,1.9395736358154787,1.939565270779714,1.93956533303791,8.383918197032929e-07,3.5072281292816857e-09,9.400460825759183e-06,-7.4749522127604e-08,False,False,False
ces,alpha,rho,0.5,0.3,17,2130140,100,0.1,1.0,0.46108492931042977,0.2431296742380446,-92.22539062255075,3.554901476792276e-06,True,True,True,41.879073199771085,41.87905212269661,41.8790205850735,1.974259070190625,1.9742584562333516,1.9742587809164334,2.154476680352685e-06,9.70699465436518e-09,-1.5893881908368712e-06,-3.7925946116956766e-07,False,False,False
ces,alpha,rho,0.5,0.3,18,2130141,100,0.1,1.0,0.4921679282896615,0.37201877027795416,-102.31978915571995,6.711767274802646e-06,True,True,True,46.470626823307384,46.472380669132825,46.47237557298145,1.9643513096259482,1.9643328511018248,1.9643328974592684,4.826734132702127e-06,3.3928393905498237e-09,1.6432792548926045e-05,-5.6288811833837826e-08,False,False,False
ces,alpha,rho,0.5,0.3,19,2130142,100,0.1,1.0,0.49331512913014697,0.3766230375287213,-96.81883437301168,2.526836228832322e-06,True,True,True,39.44091144178931,39.44033019330421,39.44032575437776,1.9204690729241418,1.9204758733541263,1.9204759206828328,1.4455035555984602e-06,3.912157384833708e-09,-6.966080050574419e-06,-5.805873115605209e-08,False,False,False
ces,alpha,rho,0.5,0.7,0,2140123,100,0.1,1.0,0.5024306535366472,0.5045709033141219,-77.99240388131071,1.5676120343483026e-05,True,True,True,32.383099945220586,32.3835728638919,32.383559712206754,1.979352015974572,1.97934554816565,1.9793457223458608,4.791080043475852e-07,6.647369049255817e-09,6.95183611298944e-06,-2.0558981361773476e-07,False,False,False
ces,alpha,rho,0.5,0.7,1,2140124,100,0.1,1.0,0.4969833433354349,0.5887255784206338,-78.13284757894534,2.3275020103823182e-07,True,True,True,32.98269505940812,32.982866910504136,32.98286475975533,2.0457391396905034,2.045738213084069,2.045738241015458,3.0782123214429154e-06,2.485884859090517e-09,4.11048171145012e-06,-3.305086693217163e-08,False,False,False
ces,alpha,rho,0.5,0.7,2,2140125,100,0.1,1.0,0.540418340151076,0.45749614263240623,-97.29191871939796,2.2453600156107917e-06,True,True,True,31.18851548458449,31.188383365322878,31.18839101118934,1.9217948870079888,1.9217978819954622,1.9217977763258627,2.7592566021080203e-06,3.500215230610433e-09,-6.645587973252987e-07,1.2349444489245798e-07,False,False,False
ces,alpha,rho,0.5,0.7,3,2140126,100,0.1,1.0,0.49401420086240344,0.8,-92.61899987387415,5.513773494697275,True,True,True,47.55982274170754,47.55973237052254,47.559728712910605,1.9303072869464906,1.9303076999931517,1.9303077328028053,9.879992391154898e-07,2.1712587452419233e-09,-1.4637545575624245e-06,-3.9132146412157454e-08,False,False,False
ces,alpha,rho,0.5,0.7,4,2140127,100,0.1,1.0,0.5043158575314696,0.5652288805688588,-84.45434990219111,3.8085687169814146e-06,True,True,True,57.23483256266901,57.23553512787608,57.235531272899905,1.9207660720095503,1.9207610412056955,1.9207610698846793,7.82793545048121e-07,1.6418024314396766e-09,6.448796170843707e-06,-3.433494555338257e-08,False,False,False
ces,alpha,rho,0.5,0.7,5,2140128,100,0.1,1.0,0.4790639577723032,0.5424151537472143,-93.03373322710605,4.981634325604318e-06,True,True,True,41.388958545355734,41.3898765446672,41.38986686365608,1.9455045909459567,1.9454950962617252,1.9454951971958172,5.828333779948358e-07,3.0417804817096255e-09,1.1130713247098356e-05,-1.1769340346745594e-07,False,False,False
ces,alpha,rho,0.5,0.7,6,2140129,100,0.1,1.0,0.5191566151693211,0.4921190923894485,-82.46718249097086,4.973799150320701e-08,True,True,True,28.034250650509744,28.034397615633512,28.034394850957774,2.0215010403912657,2.0214983764043186,2.02149841826465,9.541343211148289e-07,2.6469638620366266e-09,2.1248759480840818e-06,-5.0423793140907947e-08,False,False,False
ces,alpha,rho,0.5,0.7,7,2140130,100,0.1,1.0,0.48650080258340034,0.8,-82.8546895925686,0.6919590518538107,True,True,True,30.679428599007863,30.679647335733428,30.679646343754236,2.0278711907566755,2.027868102483222,2.0278681158205445,7.028922588377414e-08,1.6666767786763384e-09,3.5572423371377226e-06,-1.6978290773295157e-08,False,False,False
ces,alpha,rho,0.5,0.7,8,2140131,100,0.1,1.0,0.4870159207679274,0.7800234641370352,-82.94856607471081,1.8268687990484262e-06,True,True,True,52.47545532295083,52.47497520614231,52.47498025192782,1.9161601594450894,1.9161641042852249,1.9161640631037982,3.014792929436329e-07,1.8066744893088468e-09,-4.5589922024191765e-06,4.8744169589554076e-08,False,False,False
ces,alpha,rho,0.5,0.7,9,2140132,100,0.1,1.0,0.48804802057299185,0.8,-73.79741492845521,6.293533957098526,True,True,True,35.900645095265666,35.900780249520224,35.90077044589608,1.978418801242252,1.9784171075316228,1.9784172253005803,1.672331097565046e-07,3.480059060467661e-09,1.6772222721783692e-06,-1.3748903882060404e-07,False,False,False
ces,alpha,rho,0.5,0.7,10,2140133,100,0.1,1.0,0.47982998258052706,0.5260213412149742,-91.05472511986945,3.7707599902533246e-06,True,True,True,51.567251942358794,51.56838264775134,51.568380044088464,1.9299355517247443,1.929926454746678,1.9299264760701869,1.1350936570630545e-06,1.6003325118533066e-09,1.1427347743619976e-05,-2.593992576294113e-08,False,False,False
ces,alpha,rho,0.5,0.7,11,2140134,100,0.1,1.0,0.4898052761326861,0.6530703364837378,-94.69086103326516,5.213553760304864e-06,True,True,True,54.67051044555932,54.6699738071316,54.669968484637685,1.9472466418835646,1.9472518342096408,1.9472518757092971,2.1798369392624876e-06,2.7597128232677108e-09,-3.887606851549208e-06,-4.957855992415716e-08,False,False,False
ces,alpha,rho,0.5,0.7,12,2140135,100,0.1,1.0,0.47351399307390124,0.660690762175849,-99.40961688693065,2.999534088595772e-06,True,True,True,40.609474736351544,40.60956954846688,40.60957699083371,1.9687494185431598,1.968748975581933,1.9687488964937658,1.410607715885697e-06,2.4279267240692457e-09,1.916960940206991e-06,9.221268726378185e-08,False,False,False
ces,alpha,rho,0.5,0.7,13,2140136,100,0.1,1.0,0.5209880256691782,0.669478536984227,-78.68198130555359,7.602890279508884e-06,True,True,True,32.481177020241965,32.48106341637628,32.48105946520603,2.001542002156688,2.0015436028966165,2.001543654337781,2.9776687376378055e-07,3.4297560351260145e-09,-1.717036909099079e-06,-6.242152039703797e-08,False,False,False
ces,alpha,rho,0.5,0.7,14,2140137,100,0.1,1.0,0.46975952548052186,0.6211608562025517,-100.55721508554299,4.311888065016084e-06,True,True,True,66.97481701835133,66.97503421940283,66.97503408341598,1.8610672412307134,1.8610662006778846,1.8610662009129229,9.939305581614619e-07,1.7069530730402107e-09,2.0432798919500783e-06,-1.7598154045117553e-09,False,False,False
ces,alpha,rho,0.5,0.7,15,2140138,100,0.1,1.0,0.4773188093663177,0.5351221322175643,-93.19800231314248,2.2002515416900115e-06,True,True,True,39.933628337709315,39.93457718449986,39.93457662073176,1.947807281231555,1.947797662935422,1.9477976687071403,1.6689564869160587e-06,1.1016232511831427e-09,1.2679368239787436e-05,-7.472351626347518e-09,False,False,False
ces,alpha,rho,0.5,0.7,16,2140139,100,0.1,1.0,0.4879989157900505,0.46239266342048085,-77.48153835435564,1.2963415541177557e-05,True,True,True,37.31248628101244,37.31247289174481,37.312462690795456,1.9539568795224134,1.9539578959337904,1.953958013132462,2.1037851637337513e-06,4.902471260620425e-09,6.728827486313094e-07,-1.3846255342286895e-07,False,False,False
ces,alpha,rho,0.5,0.7,17,2140140,100,0.1,1.0,0.496798832992541,0.5288496081541673,-96.6790038872107,1.2295674636383173e-06,True,True,True,39.38828623162263,39.387314815757556,39.38731081816791,1.970055864684693,1.970067702993507,1.970067747240375,2.6666237220533913e-06,2.0680078988088797e-09,-1.1084057959465099e-05,-5.055325402736344e-08,False,False,False
ces,alpha,rho,0.5,0.7,18,2140141,100,0.1,1.0,0.49088800585536,0.6636584867992338,-84.88898777395768,3.166342986437582e-06,True,True,True,38.91131582359803,38.9117417687856,38.91173793941302,1.9701079006292435,1.9701039479671174,1.9701039894155243,1.8512477732515122e-06,3.384887186060023e-09,6.345140576513586e-06,-5.06925061927177e-08,False,False,False
ces,alpha,rho,0.5,0.7,19,2140142,100,0.1,1.0,0.5082285729956385,0.8,-98.35559937598806,1.4553559353420318,True,True,True,45.97086116575044,45.970946472320534,45.970945146615186,1.9470056392140571,1.9470055686263734,1.9470055810650024,1.6946322754828483e-06,1.7315182775157945e-09,1.759879936003017e-06,-1.4517397062263626e-08,False,False,False
ces,alpha,rho,0.75,-0.7,0,2150123,100,0.1,1.0,0.7204727219397428,-0.4316130532410965,-95.85977930502612,7.7374025862635e-06,True,True,True,28.709986266689487,28.710170430837238,28.710165137591122,2.183577564771603,2.1835637434403665,2.1835638171996847,2.5441137797268573e-05,1.6676503610657456e-08,-9.597228725510831e-06,-9.944979240117391e-08,False,False,False
ces,alpha,rho,0.75,-0.7,1,2150124,100,0.1,1.0,0.7516997458694185,-0.5325708073190221,-81.82454445137537,2.6648668250809085e-06,True,True,True,23.190661971886783,23.19166822653006,23.19165732757991,2.192405630214421,2.1923779963023278,2.1923781944478624,2.0258705190113445e-05,1.5365158282027236e-08,1.1333023607562609e-05,-2.4182773472603003e-07,False,False,False
ces,alpha,rho,0.75,-0.7,2,2150125,100,0.1,1.0,0.7349046964351321,-0.4355789895347104,-87.6641127693954,7.253106648008069e-07,True,True,True,19.58799285742029,19.58720711176975,19.587207949221323,2.3310285911842143,2.331034187411349,2.3310341641685217,2.7302317476852232e-05,1.3719574683076593e-08,-3.365555204482007e-05,1.599572385657666e-08,False,False,False
ces,alpha,rho,0.75,-0.7,3,2150126,100,0.1,1.0,0.72676855568121,-0.7147660167330832,-79.81120473273887,5.515573969977757e-06,True,True,True,23.70222400428774,23.702382807137717,23.702367639164976,2.1898395695442794,2.189826571093475,2.18982684139822,2.3247501504104703e-05,1.9304019746011194e-08,-8.593863370265353e-06,-3.287348704361648e-07,False,False,False
ces,alpha,rho,0.75,-0.7,4,2150127,100,0.1,1.0,0.7214977007351274,-0.5074890527595242,-87.66777490390488,6.069370204178979e-06,True,True,True,28.575237523540682,28.575106603738305,28.575106961225195,2.1459355008679233,2.1459288237378353,2.1459288124676847,1.997149646023687e-05,1.4841228671770842e-08,-1.2269387696051126e-05,-4.6480863602482714e-10,False,False,False
ces,alpha,rho,0.75,-0.7,5,2150128,100,0.1,1.0,0.7310737618757641,-0.20923283689110952,-83.051545801275,3.066129811214646e-06,True,True,True,25.063234257952875,25.063125062168336,25.063141119025467,2.20719029140154,2.2071866158311964,2.207186335427318,1.2832900961388952e-05,8.438733562487384e-09,-8.270648095276556e-06,3.178295173711376e-07,False,False,False
ces,alpha,rho,0.75,-0.7,6,2150129,100,0.1,1.0,0.7520172492674166,-0.5333048719981942,-81.61608409343823,3.3684522246455703e-06,True,True,True,21.496829664819778,21.497442111319604,21.49742665468911,2.270877603874774,2.2708533146891314,2.2708536194585727,2.7496229500081366e-05,1.93147918766111e-08,1.5760049620894279e-07,-3.681200553273811e-07,False,False,False
ces,alpha,rho,0.75,-0.7,7,2150130,100,0.1,1.0,0.747444517470511,-0.5755563804228094,-89.42989472046467,4.1504454959835564e-07,True,True,True,20.179160873992718,20.178661033063403,20.17865797743264,2.2862957346132493,2.286295260551812,2.2862953201984624,2.5896924832005273e-05,1.611671409120578e-08,-2.539900260956074e-05,-8.275807772406552e-08,False,False,False
ces,alpha,rho,0.75,-0.7,8,2150131,100,0.1,1.0,0.7371715268932152,-0.5365080534537578,-96.20128241841562,9.697898434936736e-06,True,True,True,30.833734250101127,30.83301528754892,30.833009453617237,2.160420058801817,2.1604192876677626,2.1604193631344297,2.5110146374728478e-05,1.7366533983442755e-08,-2.430780030238111e-05,-1.023263536126251e-07,False,False,False
ces,alpha,rho,0.75,-0.7,9,2150132,100,0.1,1.0,0.7562494683023525,-0.6342332090269096,-80.33851631030652,1.2136837438430679e-05,True,True,True,17.62860005605249,17.627874969415952,17.62787475920333,2.2728544285942007,2.2728636175241177,2.27286361662069,1.9989098136696836e-05,1.515456435925644e-08,-3.056593043027078e-05,-1.2965131190867396e-08,False,False,False
ces,alpha,rho,0.75,-0.7,10,2150133,100,0.1,1.0,0.7507152089081391,-0.3816904480326045,-93.21509612608705,6.516106917678358e-07,True,True,True,22.94976484923899,22.949784096207505,22.949788266771314,2.179340299375236,2.179334995625299,2.179334913067049,1.1398513594483316e-05,1.087550909568429e-08,-5.180834747875451e-06,8.667691986374848e-08,False,False,False
ces,alpha,rho,0.75,-0.7,11,2150134,100,0.1,1.0,0.7145498670719014,-0.4589798289637534,-84.01746315652221,2.375062831207207e-06,True,True,True,22.986321486460053,22.985535029805487,22.985543414494575,2.1453982321594514,2.1454078189706194,2.145407656754575,1.218467952248329e-05,1.0622261591434351e-08,-2.299945349193422e-05,1.780229297310143e-07,False,False,False
ces,alpha,rho,0.75,-0.7,12,2150135,100,0.1,1.0,0.7479462638338079,-0.2561950408031299,-91.47741949346049,7.836613166865752e-07,True,True,True,21.154495465992277,21.1543468769482,21.15435225738268,2.220815006020606,2.220815239533459,2.2208151269918126,6.498153896175587e-06,7.139517281242842e-09,-6.630403419194408e-06,1.2477340760597144e-07,False,False,False
ces,alpha,rho,0.75,-0.7,13,2150136,100,0.1,1.0,0.7473609312654032,-0.5067751498755727,-93.87912736174394,4.068829775854381e-06,True,True,True,23.374408035469468,23.374642973785537,23.37463976536743,2.248996733307425,2.2489851935262806,2.2489852481718926,1.6531706124264405e-05,1.3056611330347827e-08,-3.3089704913891183e-06,-7.434753968027508e-08,False,False,False
ces,alpha,rho,0.75,-0.7,14,2150137,100,0.1,1.0,0.7340437397296168,-0.8,-74.41833883118201,3.4300163633999086,True,True,True,24.006025984736404,24.00570241799373,24.005698788869367,2.2080133106482425,2.2080069992625857,2.208007056586437,2.8031777266428364e-05,2.0459677297705147e-08,-2.0830086569390005e-05,-8.518108529642632e-08,False,False,False
ces,alpha,rho,0.75,-0.7,15,2150138,100,0.1,1.0,0.7490935704480501,-0.8,-91.51505845879637,1.80379493043083,True,True,True,23.80014567178452,23.79973913529015,23.799732500585495,2.4200036649731658,2.4199904998812944,2.419990609585046,4.7556966108528217e-05,2.8048942596568064e-08,-3.2390749879596115e-05,-1.5247108819949062e-07,False,False,False
ces,alpha,rho,0.75,-0.7,16,2150139,100,0.1,1.0,0.7312580692114066,-0.20394461621115817,-91.02837455326359,2.7745124406484203e-06,True,True,True,18.228806585368,18.229076277690293,18.229072575540506,2.3289216726408237,2.3289080511845626,2.3289081373623315,1.6636597525997775e-05,7.135864593885563e-09,-9.914225813645317e-07,-1.038745693904275e-07,False,False,False
ces,alpha,rho,0.75,-0.7,17,2150140,100,0.1,1.0,0.7401001839355524,-0.6020237520189992,-75.70794077856944,4.224527637694289e-06,True,True,True,18.980012718780895,18.98043371600988,18.980422133282108,2.3333953708155364,2.3333750079092526,2.333375266680561,2.4757853087118023e-05,1.6515592402593025e-08,-1.5751500654914707e-06,-3.1232438857387024e-07,False,False,False
ces,alpha,rho,0.75,-0.7,18,2150141,100,0.1,1.0,0.7382700494056031,-0.7948403327322364,-96.15792501779804,8.398915699299372e-06,True,True,True,18.37749824051979,18.377392057402112,18.377399270000833,2.2751892648944714,2.2751796650621756,2.27517948770945,2.790553962919288e-05,1.7169803291948223e-08,-1.664183324123769e-05,1.8828635006684635e-07,False,False,False
ces,alpha,rho,0.75,-0.7,19,2150142,100,0.1,1.0,0.7260406941777728,-0.49495700597092707,-73.62239574243546,1.3562435028543715e-06,True,True,True,23.33312131990891,23.333664762531185,23.333662274605697,2.189966510142287,2.1899471517222473,2.189947193093121,2.1302805577439483e-05,1.3246362222325024e-08,9.441398987064531e-07,-5.899389066144067e-08,False,False,False
ces,alpha,rho,0.75,-0.3,0,2160123,100,0.1,1.0,0.7343007401868548,-0.11265173939683132,-88.02023985720666,1.3492519938553692e-05,True,True,True,23.98663009049372,23.99062567845365,23.990620264813334,2.204044081547891,2.2039690038867934,2.203969099109249,6.402268945704027e-06,8.613473116137769e-09,8.000937611996051e-05,-1.1602760707773996e-07,False,False,False
ces,alpha,rho,0.75,-0.3,1,2160124,100,0.1,1.0,0.7854228881604192,-0.2618904715635276,-89.49281075336246,2.770934473029764e-06,True,True,True,21.290291768800984,21.289728482180784,21.289725466564153,2.235513447853245,2.235517969267162,2.235518025920591,1.6076945637784227e-05,1.437767099491181e-08,-2.132874189442191e-05,-7.64218839321984e-08,False,False,False
ces,alpha,rho,0.75,-0.3,2,2160125,100,0.1,1.0,0.7668404893777789,-0.4433864644382067,-81.27292307613632,5.96857589804505e-06,True,True,True,16.55678518825981,16.556128052832626,16.556132269131414,2.2847845752903724,2.2847930583283524,2.2847929425878517,2.018974280105828e-05,1.4389397857302616e-08,-2.9802709548221173e-05,1.214157521189918e-07,False,False,False
ces,alpha,rho,0.75,-0.3,3,2160126,100,0.1,1.0,0.7341416648484007,-0.4071425697445266,-85.65935846346771,8.228133967536591e-06,True,True,True,23.871551117874375,23.871423873998605,23.87141898681621,2.162055886416388,2.1620513885949806,2.1620514723874806,1.5703393109068936e-05,1.3217994741682062e-08,-1.0616938624252725e-05,-1.0825974072758981e-07,False,False,False
ces,alpha,rho,0.75,-0.3,4,2160127,100,0.1,1.0,0.7492286211900832,-0.10817841649286175,-78.87753914276074,4.240898589387881e-06,True,True,True,28.786423135550073,28.78868605012289,28.788670652992376,2.1501422671782744,2.150103700219277,2.1501039272029794,1.0225506344275707e-05,1.4666762784373454e-08,3.3932030859773477e-05,-2.7350819209459587e-07,False,False,False
ces,alpha,rho,0.75,-0.3,5,2160128,100,0.1,1.0,0.7142422154010224,-0.10321493166030414,-87.28972617162134,1.1044540611482541e-06,True,True,True,20.555306056901006,20.555768753854846,20.555754675848334,2.155285759613338,2.1552757077664086,2.1552760011603316,6.63829934300534e-07,1.1703160012752073e-08,1.0589898082002946e-05,-3.4708688190221437e-07,False,False,False
ces,alpha,rho,0.75,-0.3,6,2160129,100,0.1,1.0,0.7328514594948543,-0.07350556475392814,-103.5683607946937,6.107775099292668e-07,True,True,True,27.21698447212629,27.218870814212092,27.21882808692345,2.1516889878308025,2.1516558870887703,2.151656561656495,6.961848520689493e-06,2.0718035452099344e-08,3.040335153059459e-05,-7.93143570376742e-07,False,False,False
ces,alpha,rho,0.75,-0.3,7,2160130,100,0.1,1.0,0.7521494513878983,-0.3608979315543789,-71.51608705066683,1.4353666752772893e-06,True,True,True,25.927789327112755,25.926428311665532,25.926413522324722,2.238876364832506,2.2388906196940437,2.2388908629532605,1.9694243467484236e-05,1.2961660973449797e-08,-3.637277178825116e-05,-2.903725970782034e-07,False,False,False
ces,alpha,rho,0.75,-0.3,8,2160131,100,0.1,1.0,0.7258783393737029,0.03182920511058306,-95.41332081867384,1.693641324198125e-05,True,True,True,23.343826196244763,23.338228862933892,23.338110482980245,2.1182293872783884,2.118331497834497,2.118333695963566,5.149423352785902e-06,4.015981592049252e-08,-0.00012478920137937166,-2.5416856033189106e-06,False,False,False
ces,alpha,rho,0.75,-0.3,9,2160132,100,0.1,1.0,0.7451915532063096,-0.422841406046287,-88.14898072936286,1.8019212479708888e-05,True,True,True,29.531205210789782,29.530903633547943,29.530888746732057,2.1932200656956318,2.193214196867921,2.1932144103618194,2.375177351139208e-05,1.514915783251149e-08,-1.722726055675139e-05,-2.583159215419073e-07,False,False,False
ces,alpha,rho,0.75,-0.3,10,2160133,100,0.1,1.0,0.750855858959386,-0.10083065871849793,-94.76561808757063,5.099875628224896e-06,True,True,True,24.48725474135999,24.489751619765144,24.489730350131694,2.2011613528622123,2.2011108744694483,2.2011112441845087,1.438419749459782e-05,1.8926077108673518e-08,4.3402991366292554e-05,-4.428617899066012e-07,False,False,False
ces,alpha,rho,0.75,-0.3,11,2160134,100,0.1,1.0,0.71700678386132,-0.18331217944446218,-84.09906612586255,4.252929194295483e-06,True,True,True,24.103552983123247,24.10578734793649,24.10576464034722,2.1539317792803554,2.153887032248701,2.1538874370091543,1.0369669688442442e-05,1.3291482676007034e-08,4.070134623646027e-05,-4.7600016728210903e-07,False,False,False
ces,alpha,rho,0.75,-0.3,12,2160135,100,0.1,1.0,0.7350767591960975,-0.11539977586347785,-99.14391213218929,2.0135833384529424e-06,True,True,True,24.96751413674577,24.96712424557688,24.967114160076772,2.199469631817077,2.1994712615882057,2.19947143351625,1.1883243584581904e-05,9.941618529695789e-09,-1.3945729051556555e-05,-2.0601183337021212e-07,False,False,False
ces,alpha,rho,0.75,-0.3,13,2160136,100,0.1,1.0,0.7684311136481553,-0.48468122501513694,-86.5249701416903,3.3415911554370018e-06,True,True,True,21.38730972667284,21.38858507674994,21.388574370883706,2.2121234192875483,2.2120883523662354,2.2120885626689493,2.1151469081492837e-05,1.8427877067910537e-08,1.8998675173520496e-05,-2.584212950296205e-07,False,False,False
ces,alpha,rho,0.75,-0.3,14,2160137,100,0.1,1.0,0.729223473099876,-0.14614645530427775,-93.19844493371069,4.25017419857697e-06,True,True,True,19.99201923223611,19.989790997125272,19.989782792152553,2.231800623503766,2.2318439623723707,2.231844136580818,1.1699559724447281e-05,1.0750605353474234e-08,-6.177661951767277e-05,-2.0989335780541296e-07,False,False,False
ces,alpha,rho,0.75,-0.3,15,2160138,100,0.1,1.0,0.7670619214425772,-0.24738281500249124,-96.27740573628448,7.81378971493408e-06,True,True,True,15.250414095481469,15.25183704634227,15.251823661726414,2.2767686764269537,2.2767226154980507,2.2767229934219086,1.2832983393962802e-05,1.1089724047742506e-08,3.982928924983753e-05,-4.424734783015083e-07,False,False,False
ces,alpha,rho,0.75,-0.3,16,2160139,100,0.1,1.0,0.7467927385984706,-0.23089715137348057,-96.8012217752946,3.4856883165939466e-06,True,True,True,27.629457117344174,27.628725978983034,27.62872529870262,2.1506673125562323,2.1506729291508373,2.1506729363428736,1.3539940352503928e-05,1.0833991158449777e-08,-2.0012626194443328e-05,-1.6342070807695563e-08,False,False,False
ces,alpha,rho,0.75,-0.3,17,2160140,100,0.1,1.0,0.7473496598074331,-0.05955453993829726,-88.73569202194254,2.3224303175806403e-05,True,True,True,19.351901721461033,19.353697346162647,19.353644850240627,2.2690809932138873,2.2690362056665907,2.2690373790561726,1.0686401418394083e-05,1.847765768252781e-08,3.9858610804799355e-05,-1.3615382528087139e-06,False,False,False
ces,alpha,rho,0.75,-0.3,18,2160141,100,0.1,1.0,0.7606569127108859,-0.45086132469639856,-86.34599915254435,1.8189495738587806e-05,True,True,True,27.287212529140252,27.286616833211774,27.286612999493663,2.2682288812738447,2.2682262061618372,2.2682262610220443,2.806225677589539e-05,1.7483123781959096e-08,-2.4988002024883826e-05,-7.733797247055918e-08,False,False,False
ces,alpha,rho,0.75,-0.3,19,2160142,100,0.1,1.0,0.7354045356504348,-0.157474282331003,-73.52707684983939,1.5563152022574528e-05,True,True,True,28.983947780334084,28.984001284954886,28.98398785255985,2.136637603329015,2.1366312092363446,2.136631405221082,1.2889852329032602e-05,1.4290990930159716e-08,-5.753270244213127e-06,-2.3780604863077315e-07,False,False,False
ces,alpha,rho,0.75,-0.1,0,2170123,100,0.1,1.0,0.7758085465914031,-0.3368414901829856,-89.4331270386155,6.1574380630352275e-06,True,True,True,22.691424719331128,22.691187110785496,22.691183497947982,2.270043221747295,2.2700380129272837,2.270038077505175,2.2516813289201663e-05,1.3486846737452536e-08,-1.6553092606841346e-05,-8.486962599363324e-08,False,False,False
ces,alpha,rho,0.75,-0.1,1,2170124,100,0.1,1.0,0.7454534521795335,-0.20845140571819168,-96.2661981447324,6.728873471473797e-06,True,True,True,22.231776940959854,22.23233747911649,22.23232718990947,2.273606404677014,2.2735885690991444,2.273588767065106,1.5891895082758906e-05,9.66752595979654e-09,4.444203497655508e-06,-2.3488702538543293e-07,False,False,False
ces,alpha,rho,0.75,-0.1,2,2170125,100,0.1,1.0,0.7495564913224746,-0.16567291656028849,-99.18410074890063,2.082262308063994e-05,True,True,True,30.540445311892306,30.54008748366011,30.540065089987213,2.1287442317300598,2.1287435394908303,2.128743852401083,1.3338062099800305e-05,1.5680003843421708e-08,-1.2886578744542021e-05,-3.7300405608675646e-07,False,False,False
ces,alpha,rho,0.75,-0.1,3,2170126,100,0.1,1.0,0.75028460237888,0.20380591510138282,-84.2674411316134,9.135103949892845e-07,True,True,True,21.267087136981463,21.26831469743598,21.26829723723961,2.1845447415925343,2.1845185023707,2.184518856451089,2.7333533614177474e-06,8.973804417792005e-09,2.7097151914290407e-05,-4.132989630534212e-07,False,False,False
ces,alpha,rho,0.75,-0.1,4,2170127,100,0.1,1.0,0.781051956593769,-0.08871978831064527,-85.91829064507468,1.0305537533587932e-05,True,True,True,18.318531586002976,18.314453034069725,18.314455056420588,2.242707263778013,2.2428027447540733,2.2428026934964476,3.418998107353988e-06,9.785578989513281e-09,-0.00011269306857286665,5.141123438079376e-08,False,False,False
ces,alpha,rho,0.75,-0.1,5,2170128,100,0.1,1.0,0.724892334644724,0.19416252619084173,-80.35204486210678,6.530146748268435e-06,True,True,True,31.179377056610758,31.180027619470252,31.18001571518088,2.172628124887281,2.1726139606648966,2.1726141247660293,1.1867592632579693e-05,6.531264330233217e-09,4.364920272337258e-06,-1.9286379426830536e-07,False,False,False
ces,alpha,rho,0.75,-0.1,6,2170129,100,0.1,1.0,0.727287238644404,0.18114688556634495,-90.07181498755634,3.3797493853243394e-06,True,True,True,18.52983583188842,18.531309432954927,18.53130721132801,2.26053117413751,2.260494127877364,2.2604941775456,5.8562597142575805e-06,6.366922571143404e-09,3.680890898749567e-05,-6.270238372962922e-08,False,False,False
ces,alpha,rho,0.75,-0.1,7,2170130,100,0.1,1.0,0.7414413970294156,0.2501049550218458,-93.28851374936586,7.302533614639538e-06,True,True,True,18.166965707008615,18.16756059960641,18.167553575617216,2.21410988125963,2.214097077019508,2.2140972458070576,3.4655697955008312e-06,3.3048460223827573e-09,1.7811581344062688e-05,-1.9229881331739307e-07,False,False,False
ces,alpha,rho,0.75,-0.1,8,2170131,100,0.1,1.0,0.7393201816221104,-0.2382859323649245,-75.37920333766229,1.8447446534008513e-06,True,True,True,32.73763443270569,32.738738478027535,32.7387268323428,2.0738220739045654,2.073805051142404,2.0738052021402194,5.631890518948457e-06,9.875056677991315e-09,1.3943419887141317e-05,-1.8187314765327756e-07,False,False,False
ces,alpha,rho,0.75,-0.1,9,2170132,100,0.1,1.0,0.750566654681107,-0.08571588234627844,-93.56452494043758,3.4673466268975603e-06,True,True,True,20.41682937728551,20.41489919800626,20.414876049902396,2.292551718152805,2.292585930354827,2.2925864200043997,1.5881994142538096e-05,1.274551917763148e-08,-5.572500928963109e-05,-5.701535741309272e-07,False,False,False
ces,alpha,rho,0.75,-0.1,10,2170133,100,0.1,1.0,0.7745471677522422,-0.20337542771436515,-90.0285503005321,3.4838338570271113e-07,True,True,True,19.6227797291162,19.622936404429037,19.622931119979807,2.269023495665931,2.2690138250585075,2.2690139385187647,1.4310481600193405e-05,1.0874726196141831e-08,-3.288045078875257e-06,-1.3867369830222742e-07,False,False,False
ces,alpha,rho,0.75,-0.1,11,2170134,100,0.1,1.0,0.7525414005137973,0.03351407643134463,-96.78090115665377,1.5220150481421411e-05,True,True,True,25.33838464051227,25.356461941042497,25.35629884761711,2.23672014823169,2.2364066508215408,2.236409429520946,1.1982904789288698e-05,5.0412845178023584e-08,0.0003490208413978735,-3.232950888332198e-06,False,False,False
ces,alpha,rho,0.75,-0.1,12,2170135,100,0.1,1.0,0.7312675007165857,-0.3803238799069135,-91.2061436779204,1.0067916692264712e-06,True,True,True,24.157080245049805,24.15803668805894,24.15803033099033,2.1377103738380607,2.1376875314520136,2.137687640988584,1.3023599534628988e-05,1.2429778023633165e-08,1.3156568641647937e-05,-1.3703649415219843e-07,False,False,False
ces,alpha,rho,0.75,-0.1,13,2170136,100,0.1,1.0,0.7526044264872818,-0.2901003943257392,-90.41633792195816,1.1133669595605157e-05,True,True,True,23.158845911295565,23.158700417630584,23.158706086650163,2.0935917075174597,2.093589251922608,2.0935891419953814,1.1993910004363881e-05,1.04963301684098e-08,-8.991319106144147e-06,1.182316253789395e-07,False,False,False
ces,alpha,rho,0.75,-0.1,14,2170137,100,0.1,1.0,0.735030981475775,-0.3586354164569165,-81.87078642564492,3.570433058939987e-07,True,True,True,21.294777306302258,21.29404458124267,21.294030215258413,2.178488747114173,2.1784971295538993,2.1784974167266715,1.5122984266079624e-05,1.5504229161651518e-08,-2.5102654390707357e-05,-3.440283364852803e-07,False,False,False
ces,alpha,rho,0.75,-0.1,15,2170138,100,0.1,1.0,0.7598636339790709,-0.012675923212230699,-87.37433633844968,1.1601916203618706e-05,True,True,True,19.94551269428007,19.962749675441387,19.962817895457334,2.271512383176287,2.2711296445590525,2.271128169880979,1.8756275379272304e-05,3.763892661059894e-08,0.0004249057118812516,1.7195739872022386e-06,False,False,False
ces,alpha,rho,0.75,-0.1,16,2170139,100,0.1,1.0,0.7384205870410202,0.28775238386201746,-88.06308720989007,1.2582997676420447e-05,True,True,True,21.378423399165914,21.379083858808016,21.37906576817983,2.228215620873288,2.2282010202139273,2.2282013851054767,2.756615094021293e-06,8.232136842921467e-09,1.3657554347901169e-05,-4.260869559402636e-07,False,False,False
ces,alpha,rho,0.75,-0.1,17,2170140,100,0.1,1.0,0.7527659320308739,-0.3768454247744132,-92.78464949348182,4.2424221315827665e-06,True,True,True,18.70804271284398,18.70721357433817,18.707214119024744,2.3091908745388783,2.3092007711853295,2.3092007555042424,2.1570936820960964e-05,1.0945083510222965e-08,-3.291587989906475e-05,1.1062880389545171e-08,False,False,False
ces,alpha,rho,0.75,-0.1,18,2170141,100,0.1,1.0,0.7735070002638074,-0.08823092763293525,-97.12455561786985,5.877739041957878e-06,True,True,True,20.887145499719235,20.892468657478428,20.892440626287776,2.257215978554065,2.2571005488437885,2.2571011274060466,1.1082712426083918e-05,1.3197287007196853e-08,0.00012125186054845472,-6.755952597359283e-07,False,False,False
ces,alpha,rho,0.75,-0.1,19,2170142,100,0.1,1.0,0.725192851816244,-0.1704259050669059,-83.2504099356615,4.774852471081254e-06,True,True,True,25.5348806513228,25.53497071229573,25.534967675472256,2.1818222400775302,2.181814164280945,2.181814212637516,1.5084579384839718e-05,1.0080285465265134e-08,-5.8338876840480225e-06,-6.325547019514488e-08,False,False,False
ces,alpha,rho,0.75,0.3,0,2180123,100,0.1,1.0,0.7560322385424476,0.41484083437407565,-78.48490884656889,4.6065094388389976e-06,True,True,True,18.965456640889617,18.966341652009906,18.96633799226784,2.1641598605112398,2.164140020860669,2.164140104048046,1.0709222428330868e-06,2.3492889223714884e-09,2.3724854386841798e-05,-9.718684168547043e-08,False,False,False
ces,alpha,rho,0.75,0.3,1,2180124,100,0.1,1.0,0.7167750295524102,0.18339054426225332,-87.47437484278542,9.939240837434442e-06,True,True,True,28.521223209202965,28.522997830161113,28.522996348570345,2.062300193212153,2.0622717637223342,2.0622717865148075,3.305579659621451e-06,3.8984404299290325e-09,2.946276931936609e-05,-2.5702931338855706e-08,False,False,False
ces,alpha,rho,0.75,0.3,2,2180125,100,0.1,1.0,0.7607015113559782,0.24329330013717573,-90.44801034485913,3.0212691549237003e-07,True,True,True,30.461868850060267,30.462974591014607,30.462980735527246,2.1181877895341823,2.118171324748317,2.118171236773283,1.6377166916255526e-06,4.980246409752144e-09,1.7443158299101924e-05,1.004192711206997e-07,False,False,False
ces,alpha,rho,0.75,0.3,3,2180126,100,0.1,1.0,0.7439627531693634,0.26888718409528334,-95.54756615914836,3.831117023809213e-06,True,True,True,21.489334753964506,21.48845811074666,21.4884588267374,2.2013322380395417,2.201348057533051,2.2013480428014196,4.378761334167409e-06,3.6898505839563467e-09,-2.2565947290331678e-05,1.6359365417883964e-08,False,False,False
ces,alpha,rho,0.75,0.3,4,2180127,100,0.1,1.0,0.7559214020856511,0.20743734291660343,-79.28882827704948,8.411157490804523e-07,True,True,True,25.535176693795375,25.537368304598672,25.53735178057137,2.179050627141081,2.1790113770611796,2.1790116550148064,4.706243028639746e-06,8.942681889363945e-09,4.030807053823082e-05,-3.2704713248676853e-07,False,False,False
ces,alpha,rho,0.75,0.3,5,2180128,100,0.1,1.0,0.7458790489777669,0.21900739202861289,-87.52425002038605,1.2410236579577465e-05,True,True,True,24.035137652998657,24.037597744879797,24.037577618827555,2.1495724697549234,2.1495272177745135,2.14952757985343,1.990246523014281e-06,7.695465760145065e-09,4.983005408121244e-05,-4.204154606668453e-07,False,False,False
ces,alpha,rho,0.75,0.3,6,2180129,100,0.1,1.0,0.7850030762359311,-0.08407840712691675,-95.03532563280244,6.737841147827864e-06,True,True,True,20.043720602363717,20.04351079824624,20.043486123324435,2.3404346405689815,2.3404332676181867,2.3404337981214245,1.3725309840491619e-05,1.2750492018240396e-08,-1.2668350976241527e-05,-6.203041920116448e-07,False,False,False
ces,alpha,rho,0.75,0.3,7,2180130,100,0.1,1.0,0.710403853050701,0.7264237860830423,-83.58915175624097,1.2267023889505247e-05,True,True,True,20.99877277608257,20.999107603299606,20.999101432561073,2.1940190932664585,2.1940114089503497,2.1940115355040954,2.1008874075439275e-06,3.5758424846042786e-09,6.949905184683303e-06,-1.4815684323821188e-07,False,False,False
ces,alpha,rho,0.75,0.3,8,2180131,100,0.1,1.0,0.7545858204036131,0.18931672044198092,-85.26432032986712,3.927296392887532e-06,True,True,True,24.140097905942856,24.138591262901276,24.138608027131504,2.227759984521109,2.227783683428065,2.2277833829507814,7.858692151320011e-06,7.04894196768387e-09,-3.4781477253886806e-05,3.4856161335028446e-07,False,False,False
ces,alpha,rho,0.75,0.3,9,2180132,100,0.1,1.0,0.725263388246119,0.28430439386396067,-93.80675532561496,3.6101235292174974e-06,True,True,True,21.51592678953382,21.514978949891812,21.51496804841193,2.13136333445697,2.1313835642019843,2.131383783215406,2.8005383085927695e-06,4.974184822511178e-09,-2.1018091047153575e-05,-2.545441617485267e-07,False,False,False
ces,alpha,rho,0.75,0.3,10,2180133,100,0.1,1.0,0.765836449950825,0.23094669546921293,-90.36799979342776,6.238892967409996e-06,True,True,True,24.86268312878993,24.862829550098795,24.862819957867387,2.1832888658267837,2.1832846505524706,2.183284815905391,3.828034868870977e-06,7.271891383506078e-09,8.407319853631634e-07,-1.954365984602191e-07,False,False,False
ces,alpha,rho,0.75,0.3,11,2180134,100,0.1,1.0,0.7675139537166996,-0.07137831471760266,-93.09634459477769,4.229711167757171e-06,True,True,True,21.11288846606325,21.109128774994094,21.109142356296054,2.3054519881215465,2.3055245913614812,2.3055243096130305,1.0993597683304524e-05,7.14573320493346e-09,-9.418491552537489e-05,3.190101409700219e-07,False,False,False
ces,alpha,rho,0.75,0.3,12,2180135,100,0.1,1.0,0.7602754333750181,0.36749028127544225,-91.27858343872946,2.5240978352650107e-05,True,True,True,35.22309375285269,35.223004262663984,35.22298765035845,2.1718160134102242,2.1718150907144818,2.1718152947022373,4.745383798802139e-06,5.719317782747366e-09,-3.8397467960749054e-06,-2.3678279603700503e-07,False,False,False
ces,alpha,rho,0.75,0.3,13,2180136,100,0.1,1.0,0.7430855480943224,0.39724918882672633,-78.55635330202853,1.6074292202376006e-05,True,True,True,25.359928290577738,25.360959334210754,25.36094016581405,2.173792579524977,2.1737743114643817,2.173774638460434,1.4391432690979984e-06,6.340566966029543e-09,1.9244346006530577e-05,-3.7935518548692926e-07,False,False,False
ces,alpha,rho,0.75,0.3,14,2180137,100,0.1,1.0,0.7316056024167196,0.34715687282238455,-88.01513652398633,1.451612898288452e-06,True,True,True,19.697241321673577,19.697404898985507,19.697403029165386,2.1441176453452937,2.144114538529104,2.1441145777105466,1.3193660274554322e-06,4.998628492298709e-09,4.677873036484925e-06,-4.9817927560980024e-08,False,False,False
ces,alpha,rho,0.75,0.3,15,2180138,100,0.1,1.0,0.7042359356798195,0.5135814576742558,-87.47298041093447,1.5648080552598201e-07,True,True,True,22.00149127001246,22.001282293484905,22.0012835784309,2.219320839740865,2.2193227252777747,2.2193227007044762,5.34174375985905e-06,4.398767597209216e-09,-7.2974175679974e-06,3.011217586390558e-08,False,False,False
ces,alpha,rho,0.75,0.3,16,2180139,100,0.1,1.0,0.7678331911692228,0.06884478890032983,-92.70047956707879,6.949518430978442e-06,True,True,True,22.15239898815632,22.14762017480601,22.14760685448794,2.2083954356546136,2.2084869014887194,2.208487156047662,5.330826710801605e-06,1.6593479888756026e-08,-0.00011075211723721168,-3.08361748579955e-07,False,False,False
ces,alpha,rho,0.75,0.3,17,2180140,100,0.1,1.0,0.7545212960213542,0.2086124009034159,-92.210684882854,1.135535328044908e-06,True,True,True,20.66352860385579,20.663141718733442,20.66313267312335,2.192156826755176,2.1921637121023787,2.1921639008268134,2.884328818034992e-06,5.603453666212218e-09,-1.1016705713018382e-05,-2.2048854475542612e-07,False,False,False
ces,alpha,rho,0.75,0.3,18,2180141,100,0.1,1.0,0.777404961756902,0.2047634128934477,-98.25406507886466,3.4693117685644957e-06,True,True,True,21.72836405521697,21.727291679545118,21.727300214408338,2.2473815991271144,2.2474028592908573,2.2474026886664684,6.373437771653498e-07,3.897268309783995e-09,-2.4681894430500506e-05,1.963789628689483e-07,False,False,False
ces,alpha,rho,0.75,0.3,19,2180142,100,0.1,1.0,0.7489104818855036,0.22854535412976099,-91.39098773712077,5.669801572154707e-06,True,True,True,20.705607228559458,20.70601043931925,20.706010411315628,2.288107683909634,2.288096086982068,2.2880960869661453,7.298852484112551e-06,5.491809587762953e-09,6.12048901871276e-06,-1.3707790458283853e-09,False,False,False
ces,alpha,rho,0.75,0.7,0,2190123,100,0.1,1.0,0.7338646761710556,0.605879841261469,-78.61427294633029,5.2695307524368385e-06,True,True,True,30.695674035830603,30.696172289825164,30.696166882512728,2.0972636069252544,2.0972562562028427,2.097256331786404,8.255724675870008e-07,3.1586489645681893e-09,7.679958287098998e-06,-8.91371456646084e-08,False,False,False
ces,alpha,rho,0.75,0.7,1,2190124,100,0.1,1.0,0.7319449977293455,0.5043889208085999,-94.0275584972105,7.114576810009226e-06,True,True,True,25.239616195486107,25.23988449860317,25.239882881339057,2.1678732228957114,2.1678675380793146,2.1678675656507473,2.5341543830228483e-06,2.0832631918161355e-09,4.052961401157518e-06,-3.233294876281434e-08,False,False,False
ces,alpha,rho,0.75,0.7,2,2190125,100,0.1,1.0,0.7490186449334026,0.6410519990720503,-80.02233725190243,4.9326713966574325e-06,True,True,True,26.662076984874453,26.66110732447336,26.66111259567485,2.1604545164062334,2.1604704683318894,2.1604703820342976,4.404256161853142e-07,1.8264833243937026e-09,-1.7905495298009555e-05,9.835747505348991e-08,False,False,False
ces,alpha,rho,0.75,0.7,3,2190126,100,0.1,1.0,0.7517283583332104,0.7522915019549894,-74.17033719349207,8.531248465603559e-07,True,True,True,28.118732215611608,28.118595714670057,28.118601031811792,2.1347037684765953,2.1347059485346853,2.134705866489522,6.478109499940812e-07,1.6678847283540196e-09,-2.2499368128592323e-06,9.463899175443657e-08,False,False,False
ces,alpha,rho,0.75,0.7,4,2190127,100,0.1,1.0,0.7705346207676251,0.7564598717118073,-84.49342861876448,3.2467449297664094e-06,True,True,True,20.608557077682807,20.608017732104187,20.608014012397277,2.229454881804581,2.22946744645996,2.229467525233795,2.8899026572175006e-06,2.2603812897328572e-09,-1.1795507703027397e-05,-8.980633481314726e-08,False,False,False
ces,alpha,rho,0.75,0.7,5,2190128,100,0.1,1.0,0.7467000923184433,0.4756914532924903,-96.57068076670679,1.6023650869957142e-05,True,True,True,32.22346337747768,32.223578362577385,32.223570763402584,2.086153838884775,2.0861527449790125,2.086152846621778,1.0575283837507399e-06,3.2307470503835787e-09,2.190147725400493e-06,-1.1880599970481853e-07,False,False,False
ces,alpha,rho,0.75,0.7,6,2190129,100,0.1,1.0,0.7947493152161739,0.3689070566949756,-94.52410345153793,3.672028212536469e-06,True,True,True,19.28401966468724,19.283726318813326,19.283719364697614,2.256350673286221,2.256356965910277,2.2563571220099434,7.309929349554283e-07,3.77848592659602e-09,-8.148232623739204e-06,-1.809046352718724e-07,False,False,False
ces,alpha,rho,0.75,0.7,7,2190130,100,0.1,1.0,0.7640085541999528,0.6019772654813451,-89.25034660876759,7.403190421519062e-06,True,True,True,27.903968019043283,27.90379915340192,27.903801682333945,2.169006894591227,2.1690097843122156,2.1690097454419353,6.046992849543579e-07,1.8282520112873935e-09,-2.6788960241219684e-06,4.587931812238821e-08,False,False,False
ces,alpha,rho,0.75,0.7,8,2190131,100,0.1,1.0,0.7461714238831807,0.49991768803385217,-82.02815085389423,1.0704934137626525e-06,True,True,True,30.74547944544483,30.74598881433535,30.745985440641014,2.1087039548296933,2.1086962324335707,2.1086962802594535,1.2350747221955935e-06,2.513516857545345e-09,7.621736813234747e-06,-5.466637276185793e-08,False,False,False
ces,alpha,rho,0.75,0.7,9,2190132,100,0.1,1.0,0.7400586762781358,0.6716346602642871,-93.62284604448581,8.948190540151273e-06,True,True,True,32.38032539799635,32.38113731136697,32.381127688628446,2.1097948033586285,2.1097837470003706,2.109783875445832,8.420242132780721e-07,3.2150436823276816e-09,1.2195570704420788e-05,-1.4929285896414513e-07,False,False,False
ces,alpha,rho,0.75,0.7,10,2190133,100,0.1,1.0,0.7437392540404055,0.39799513486247734,-80.3460340383441,1.377665225168402e-06,True,True,True,26.085358517177916,26.087461040713308,26.087460360541957,2.17955499167196,2.1795190880763844,2.1795190989591564,2.146606484467528e-06,2.5480941137179328e-09,3.9249339323532695e-05,-1.3543484556066687e-08,False,False,False
ces,alpha,rho,0.75,0.7,11,2190134,100,0.1,1.0,0.7711769255116622,0.4368425940454988,-72.91477367407612,4.129983427867865e-06,True,True,True,22.7780477178473,22.776298937065338,22.776308462669004,2.2411612599934627,2.2411929869048786,2.241192805575738,3.7990854989960954e-06,4.407943754697952e-09,-4.0041361074827364e-05,2.094614188763444e-07,False,False,False
ces,alpha,rho,0.75,0.7,12,2190135,100,0.1,1.0,0.7346080188615617,0.8,-79.88044441997909,2.1108708808511794,True,True,True,26.959982177635425,26.960243158928492,26.96023160907946,2.1333800283036317,2.133375643256341,2.1333758283404936,1.1053351474141105e-06,3.931716860467951e-09,4.416485225533506e-06,-2.1531708682687167e-07,False,False,False
ces,alpha,rho,0.75,0.7,13,2190136,100,0.1,1.0,0.7680233774028629,0.6489150578377348,-89.09951534147514,4.288288767274527e-06,True,True,True,20.80401932154808,20.804053202380228,20.80404618241473,2.2570742919394347,2.257074089049827,2.257074234974361,1.161075047866352e-06,2.377612591125899e-09,1.2255540156047573e-06,-1.6943081959652773e-07,False,False,False
ces,alpha,rho,0.75,0.7,14,2190137,100,0.1,1.0,0.7742472052596241,0.5433764291066481,-81.52261831138003,6.132934694005622e-07,True,True,True,21.63360644970139,21.63295159119297,21.632949075041843,2.237884961156618,2.2378971930382643,2.237897243968761,2.232420351678041e-06,2.807581113785527e-09,-1.6246086303794982e-05,-5.767515176557936e-08,False,False,False
ces,alpha,rho,0.75,0.7,15,2190138,100,0.1,1.0,0.7191190017718786,0.47637444431388554,-94.63522167204495,2.936665476474784e-06,True,True,True,26.423826896728787,26.423702059687116,26.42370662804094,2.130369604534521,2.1303707558452065,2.13037068114316,2.10989997336693e-06,3.501082223380055e-09,-3.3120430629196562e-06,8.688456887284701e-08,False,False,False
ces,alpha,rho,0.75,0.7,16,2190139,100,0.1,1.0,0.7225518455119185,0.8,-80.72817013822386,2.2247743558543918,True,True,True,36.17506867432733,36.17504659558348,36.17504413290087,2.0327134799847353,2.032714128990316,2.032714158439235,9.553215683860373e-07,7.846465957669202e-10,1.0269219785641326e-07,-3.417251548398781e-08,False,False,False
ces,alpha,rho,0.75,0.7,17,2190140,100,0.1,1.0,0.7551964728148998,0.3213411664739098,-83.15469119776508,3.2289691939803384e-06,True,True,True,19.028689656070263,19.027470686705275,19.027474999773485,2.176060891116158,2.17608785138476,2.1760877545314146,2.1471388816324105e-06,4.651614986263664e-09,-3.2907279901905895e-05,1.1516929987465119e-07,False,False,False
ces,alpha,rho,0.75,0.7,18,2190141,100,0.1,1.0,0.7388773882113844,0.6638482706635452,-91.57007347669563,1.4482227586830911e-05,True,True,True,30.09519115539647,30.09533564661364,30.095329742405067,2.1561039837555365,2.156101478682385,2.156101563815799,1.1275254215558349e-06,2.4706271610930753e-09,1.8188860764212222e-06,-9.817006230150582e-08,False,False,False
ces,alpha,rho,0.75,0.7,19,2190142,100,0.1,1.0,0.7714174776316941,0.338272781859205,-80.12067309907738,1.6586548382450476e-05,True,True,True,20.91706010246449,20.916156136076243,20.916145968388626,2.245616924799655,2.24563349183006,2.2456337017691115,5.196232500316452e-06,5.7172493512372555e-09,-2.438855422326469e-05,-2.4441530399599287e-07,False,False,False
ces,alpha,rho,0.95,-0.7,0,2200123,100,0.1,1.0,0.9342631931529218,-0.24372272595517075,-92.26648462436242,4.747962253416594e-06,True,True,True,6.687541466956389,6.686443670210317,6.686442013793459,2.9379710349963815,2.938031311600256,2.9380314154476186,2.569683668225004e-05,1.622866568757477e-08,-9.490114409516082e-05,-1.2816896344247652e-07,False,False,False
ces,alpha,rho,0.95,-0.7,1,2200124,100,0.1,1.0,0.9445493438648476,-0.13736676524289895,-88.42142583470239,3.666737871099108e-06,True,True,True,5.3234530457615135,5.3248879561044955,5.324882162632744,2.9497162546124756,2.9495904725041266,2.9495909410793035,2.0589073930232567e-05,1.4519785400105869e-08,0.00012414817916805987,-5.485322844833718e-07,False,False,False
ces,alpha,rho,0.95,-0.7,2,2200125,100,0.1,1.0,0.9398838646194826,-0.19430501959450586,-89.8178737741919,1.1304743857966513e-05,True,True,True,5.316963405290454,5.317416590042377,5.317423883691142,2.85117690052808,2.851132958755433,2.8511323621597184,1.6173017141453986e-05,1.111656018925794e-08,3.532508222292563e-05,6.847955518196613e-07,False,False,False
ces,alpha,rho,0.95,-0.7,3,2200126,100,0.1,1.0,0.9564381405543181,-0.5112827758711584,-84.49276424024309,4.618533248150769e-06,True,True,True,5.588967591594034,5.588445817630816,5.5884390703570785,3.1025104870608833,3.102533011253107,3.1025335264365763,4.183074148074935e-05,3.018225868581401e-08,-6.804450248409921e-05,-6.14235233342697e-07,False,False,False
ces,alpha,rho,0.95,-0.7,4,2200127,100,0.1,1.0,0.9318312104355897,-0.4894257902560135,-83.57257118478786,8.243401289670388e-06,True,True,True,6.996269017199844,6.9942952926203015,6.994288360536555,3.013594260881754,3.0136995436322485,3.013699966430785,4.006591894316026e-05,2.577279535921194e-08,-0.0001614439146493396,-5.043410737926024e-07,False,False,False
ces,alpha,rho,0.95,-0.7,5,2200128,100,0.1,1.0,0.9545028383055751,0.4025526419698792,-87.51346814871005,7.66971888494535e-06,True,True,True,4.167247184772213,4.1662897585076095,4.166296305161878,2.8800740278626287,2.8801740190274097,2.880173337003845,5.5633122214828e-07,4.034139036634885e-09,-0.00011387147831953826,7.861292914412843e-07,False,False,False
ces,alpha,rho,0.95,-0.7,6,2200129,100,0.1,1.0,0.9242885497414405,-0.10615280181593435,-88.74824659178114,3.750225442758702e-06,True,True,True,6.720865682063479,6.72127076366315,6.721252596678293,2.839802658125711,2.8397683660641064,2.8397695368343436,1.9092832268952384e-05,1.369132072972599e-08,1.943521050407071e-05,-1.3550138504569986e-06,False,False,False
ces,alpha,rho,0.95,-0.7,7,2200130,100,0.1,1.0,0.9155957272538349,0.45784803815157304,-80.92076512389903,5.33913177943422e-06,True,True,True,6.387003132667425,6.3871939284295784,6.387194017962959,2.7618820450354074,2.761868519807319,2.7618685126838085,1.6398394677317393e-06,4.207140504528315e-09,1.430637766475229e-05,5.8163891480944585e-09,False,False,False
ces,alpha,rho,0.95,-0.7,8,2200131,100,0.1,1.0,0.9503905613042898,-0.3026744502987651,-82.317761263318,5.014166725571958e-06,True,True,True,5.580715854194673,5.580159757597567,5.580148314069602,2.9911981510009116,2.991227125609824,2.9912280104998796,3.332011791949051e-05,2.272403206911649e-08,-6.732480609628055e-05,-1.0319875229924946e-06,False,False,False
ces,alpha,rho,0.95,-0.7,9,2200132,100,0.1,1.0,0.9374577897878842,-0.016382837971108486,-95.72551984093502,1.1697115425152094e-05,True,True,True,5.986387830066771,5.976854924338388,5.976981466519178,2.901272236450348,2.9019556550650867,2.901946471767832,2.0156462633439937e-05,4.168760428152385e-08,-0.0007962857187209238,1.0599149049994594e-05,False,False,False
ces,alpha,rho,0.95,-0.7,10,2200133,100,0.1,1.0,0.9168595949412874,0.6034909131705024,-87.81687066823055,6.637701456465894e-06,True,True,True,6.792814924529222,6.793287487858649,6.793278799122937,2.7112964799399633,2.7112667442096305,2.711267298783423,1.1056392953456614e-06,3.448510869243983e-09,3.4690628538669444e-05,-6.405419554766922e-07,False,False,False
ces,alpha,rho,0.95,-0.7,11,2200134,100,0.1,1.0,0.9372497170985509,-0.23013907262542074,-68.77076815877965,3.8664560173096415e-06,True,True,True,6.008287133916516,6.0063594288329805,6.006343511922568,2.990309831563326,2.990436246255294,2.990437391488537,3.026159771316578e-05,2.1460719766403152e-08,-0.00017668374100310302,-1.3315146674131029e-06,False,False,False
ces,alpha,rho,0.95,-0.7,12,2200135,100,0.1,1.0,0.9209178911436456,-0.5227362186844157,-84.27558905573859,5.2208695926699235e-06,True,True,True,8.23299900554839,8.232322220822429,8.23231776843056,2.961003482186191,2.9610198886290484,2.9610201141266197,4.4799833014046355e-05,3.012046637165773e-08,-6.359990480575561e-05,-2.812292336784594e-07,False,False,False
ces,alpha,rho,0.95,-0.7,13,2200136,100,0.1,1.0,0.9502184175067747,0.2281496461327655,-90.32864254005517,1.230798673022527e-06,True,True,True,5.57245056991466,5.571647411500764,5.571645469801338,2.9486564759618497,2.9487141631004175,2.948714312243183,1.1973474995593394e-05,9.917572607977074e-09,-7.790260444551222e-05,-1.7678956965028192e-07,False,False,False
ces,alpha,rho,0.95,-0.7,14,2200137,100,0.1,1.0,0.9381378837548903,-0.20775999045656793,-82.14528222480041,3.5031558405592383e-06,True,True,True,5.570561045559954,5.569130302044211,5.569122990298778,2.9645268050727043,2.9646280241636194,2.964628591374705,2.4147648152461733e-05,1.4822238624853621e-08,-0.00014100019598117797,-6.598811239655333e-07,False,False,False
ces,alpha,rho,0.95,-0.7,15,2200138,100,0.1,1.0,0.9417467796822885,-0.4817446285297914,-88.823273447638,1.0494725828604032e-05,True,True,True,5.937916993598624,5.937947994044463,5.93793910221889,3.108228940683647,3.1082097321844455,3.1082103744329506,3.935024999835459e-05,2.7027137874352227e-08,-1.765189736602224e-05,-7.580428444953213e-07,False,False,False
ces,alpha,rho,0.95,-0.7,16,2200139,100,0.1,1.0,0.9533810532740292,-0.48470434423625824,-79.20292387134002,2.8982654088414914e-06,True,True,True,6.046280505855628,6.045817937628439,6.0458164454071595,2.966952760120083,2.9669711503376033,2.9669712509857553,3.4458894651254414e-05,2.2474010329674428e-08,-5.5465942239152355e-05,-1.3094332018681598e-07,False,False,False
ces,alpha,rho,0.95,-0.7,17,2200140,100,0.1,1.0,0.9590535027932046,-0.33968074288401645,-87.01155116452087,2.3164220637878516e-05,True,True,True,5.601097578500143,5.601006783997152,5.60100365678895,2.9389051281830434,2.9389003377209733,2.9389005752686033,2.751893671084953e-05,1.988135907457044e-08,-2.2010324641996704e-05,-2.8484299718911643e-07,False,False,False
ces,alpha,rho,0.95,-0.7,18,2200141,100,0.1,1.0,0.9714401006712339,-0.37279268100766016,-88.47033691473226,1.4393605397668033e-05,True,True,True,4.091980407813809,4.092538137034122,4.092537728513241,3.089240105331809,3.089166961122621,3.0891669980268186,3.248152737118926e-05,2.3789734828237863e-08,5.2021112026068295e-05,-5.733338070967875e-08,False,False,False
ces,alpha,rho,0.95,-0.7,19,2200142,100,0.1,1.0,0.9588188717370069,-0.060171360576269484,-85.91091407986579,6.619177545648535e-06,True,True,True,4.743032799682807,4.744702346149957,4.7446833127378305,3.0577089300157865,3.057546113845286,3.057547856263021,2.343766313470088e-05,1.4820480035062079e-08,0.0001624833080740018,-2.005483651146278e-06,False,False,False
ces,alpha,rho,0.95,-0.3,0,2210123,100,0.1,1.0,0.9583031177485718,0.24186767955928024,-91.41221946702181,5.818212712237673e-06,True,True,True,4.446930311841069,4.447065936518296,4.447053551148047,3.04331597890335,3.043299222246753,3.0433004301888404,8.538931457104407e-06,7.83376162706357e-09,9.811840314455367e-06,-1.394374734786652e-06,False,False,False
ces,alpha,rho,0.95,-0.3,1,2210124,100,0.1,1.0,0.935340502742947,0.06831925499154876,-72.56491420279417,1.3918115751189886e-05,True,True,True,5.396299120201973,5.396507432407675,5.396501378546918,2.9050538817299447,2.905032559285941,2.905033043692873,1.099722901142289e-05,1.1734817287544e-08,1.348955738933455e-05,-5.641174141146621e-07,False,False,False
ces,alpha,rho,0.95,-0.3,2,2210125,100,0.1,1.0,0.940882358284571,0.04479279210431121,-78.02791739959495,4.949097203254414e-06,True,True,True,5.670017063521741,5.678203006577704,5.678212772316795,2.945187922851831,2.944554326584353,2.944553582229285,1.7587990912915974e-05,1.793298262597298e-08,0.0007140916530943286,8.62892463260323e-07,False,False,False
ces,alpha,rho,0.95,-0.3,3,2210126,100,0.1,1.0,0.9302780449506147,-0.06825718470505326,-78.97405055216049,2.5656890427609237e-06,True,True,True,6.841889813044549,6.847857208574565,6.847836978469371,2.837745561567471,2.837359343281083,2.83736062399101,1.808062943570621e-05,9.864750751344533e-09,0.0004256751486337862,-1.4797567331470418e-06,False,False,False
ces,alpha,rho,0.95,-0.3,4,2210127,100,0.1,1.0,0.9206141839531237,0.14152988133066677,-86.2583501589172,3.7662049436402204e-06,True,True,True,6.917990965641519,6.917972059101387,6.917969655099049,2.7589371268008436,2.758932823909801,2.758932975272812,1.3009021237539996e-05,1.0541882191195951e-08,-7.860080515342815e-06,-1.7323797862900392e-07,False,False,False
ces,alpha,rho,0.95,-0.3,5,2210128,100,0.1,1.0,0.9471829776402904,-0.07915260552140245,-89.7710246645357,1.4746800522199218e-06,True,True,True,5.256695805392168,5.253829448982387,5.253849695562121,2.947001180732915,2.947229539920491,2.947227864033133,2.001540763400119e-05,1.4282406791129777e-08,-0.00028059345828523874,1.9242363862304046e-06,False,False,False
ces,alpha,rho,0.95,-0.3,6,2210129,100,0.1,1.0,0.9543520736157984,0.021727273479578882,-93.91026382550206,1.9532852115164293e-05,True,True,True,4.808930463623304,4.805448761497574,4.8052712060233125,3.0393586035141062,3.0396656963539304,3.0396817342683455,1.838131245168454e-05,4.0383593847715205e-08,-0.00038920123868990686,-1.8485132372347834e-05,False,False,False
ces,alpha,rho,0.95,-0.3,7,2210130,100,0.1,1.0,0.9560034977250252,-0.4406913330830375,-93.71204042410892,1.6272824852022136e-06,True,True,True,5.3284737766175825,5.328322878964801,5.328313987235469,3.005622513869124,3.0056197490006897,3.0056204670707274,3.498953967077674e-05,2.3597701157508067e-08,-3.23447464580795e-05,-8.420597055192047e-07,False,False,False
ces,alpha,rho,0.95,-0.3,8,2210131,100,0.1,1.0,0.9590609027187743,0.15510828880132127,-82.18481707064224,1.9852804358834116e-05,True,True,True,4.32323321457113,4.321579952609567,4.32155533536908,2.9437980152349272,2.943958840108912,2.943961312147878,1.2679112068931497e-05,1.1404763915824304e-08,-0.00020018030687651844,-2.8503281725988927e-06,False,False,False
ces,alpha,rho,0.95,-0.3,9,2210132,100,0.1,1.0,0.9303177066890009,0.10225345273821014,-84.89002512637319,1.1264511673298847e-06,True,True,True,5.202693004702451,5.210335444687302,5.210312298520291,2.9544422903038123,2.953797236465739,2.953799165208214,1.8048863535590684e-05,1.0375970406210732e-08,0.0007229939235458005,-2.2218194288825543e-06,False,False,False
ces,alpha,rho,0.95,-0.3,10,2210133,100,0.1,1.0,0.9436435340936251,-0.6324123737171092,-85.64925738115457,4.642340629569582e-06,True,True,True,5.3661967464787965,5.364612499983164,5.364611906226898,3.1586804758033526,3.1587857615782022,3.158785796277584,5.320288768846236e-05,4.040668710572481e-08,-0.00017412665255278625,-7.073103347465803e-08,False,False,False
ces,alpha,rho,0.95,-0.3,11,2210134,100,0.1,1.0,0.9490750024688657,0.0964792910960897,-63.91615752455711,1.3789784806137012e-05,True,True,True,5.609859357861373,5.611289334914451,5.611254149528299,2.8934266397325272,2.8933121425373893,2.8933148649946623,9.08074645629681e-06,1.0236590363718375e-08,0.00011991587231818812,-3.136138602144456e-06,False,False,False
ces,alpha,rho,0.95,-0.3,12,2210135,100,0.1,1.0,0.9314811318565032,-0.06215454349348261,-93.87516851089538,2.8106074548687678e-06,True,True,True,5.816357382606426,5.812371642752662,5.812351694766276,2.9458746876541713,2.94616216888049,2.9461636556065702,2.383836424247843e-05,1.6915970283041566e-08,-0.00035624416308621676,-1.720336655353094e-06,False,False,False
ces,alpha,rho,0.95,-0.3,13,2210136,100,0.1,1.0,0.9313981435310505,-0.001636784692607058,-78.26735317084801,6.954772624821154e-05,True,True,True,7.313576049771969,7.249376149821787,7.24908676507838,2.786653055733679,2.7904692607346178,2.7904865632385265,3.6333083588073494e-05,1.0289794458858184e-07,-0.00444336772541476,-1.999912493033662e-05,False,False,False
ces,alpha,rho,0.95,-0.3,14,2210137,100,0.1,1.0,0.929499969382116,-0.10215666425592282,-92.99853248089353,1.1739232620620545e-06,True,True,True,6.258971043308404,6.254533010057958,6.254511994779294,2.89081260564715,2.8911126628374024,2.8911141186450755,1.87678523748208e-05,1.4583238135846776e-08,-0.0003655494013514726,-1.6839527603451643e-06,False,False,False
ces,alpha,rho,0.95,-0.3,15,2210138,100,0.1,1.0,0.9540823440946372,-0.01453271518768009,-92.77200896729998,2.7223399671170085e-05,True,True,True,4.500079920826743,4.491594684973937,4.4918677354097625,2.941001021899699,2.9418128972974547,2.9417865008310695,1.8071852727815056e-05,7.053632662999277e-08,-0.0009222487973801208,3.0399521023127818e-05,False,False,False
ces,alpha,rho,0.95,-0.3,16,2210139,100,0.1,1.0,0.9494090972859738,0.13236984595857776,-85.41877321520569,6.8357904129924924e-06,True,True,True,5.287375219004755,5.289327244552507,5.289328691859246,2.9103598678649574,2.91019631035812,2.9101961883464766,7.703088505690817e-06,1.0168411723049931e-08,0.00018094860672590585,1.3315661817614455e-07,False,False,False
ces,alpha,rho,0.95,-0.3,17,2210140,100,0.1,1.0,0.9348364492639236,-0.19334496797849293,-97.16142277496756,1.0267971920540772e-05,True,True,True,5.869052980152263,5.867537382174317,5.86754611153316,2.8454333460903514,2.84553737769654,2.845536728863711,1.9012579793650818e-05,1.077749024924119e-08,-0.00013775732021770182,7.40740574656229e-07,False,False,False
ces,alpha,rho,0.95,-0.3,18,2210141,100,0.1,1.0,0.9652499364792957,-0.07342929059383319,-89.16731180525977,2.367173950645113e-06,True,True,True,4.350102972917387,4.349844014525423,4.349856699724712,3.0530951651023956,3.0531124432334495,3.0531111754360123,2.0247537832727066e-05,1.3878350602452602e-08,-3.818221173901293e-05,1.4566323471854048e-06,False,False,False
ces,alpha,rho,0.95,-0.3,19,2210142,100,0.1,1.0,0.9661688581525473,-0.3991800882083589,-78.95108718850474,9.302317926769458e-06,True,True,True,5.179029538501553,5.178311768425058,5.17830419312257,3.2164045471018374,3.216445363209761,3.216445989602255,4.506132627009809e-05,3.318600181814235e-08,-9.235167098609054e-05,-7.417304459522711e-07,False,False,False
ces,alpha,rho,0.95,-0.1,0,2220123,100,0.1,1.0,0.9485348888752595,0.07454120116291292,-90.28901031653653,9.040139476704618e-06,True,True,True,5.687658066954151,5.690748635373747,5.690754932760968,2.9586173311261774,2.9583742624128866,2.958373778658324,1.6847222202397076e-05,1.408516405794594e-08,0.0002639404245599053,5.496572157426272e-07,False,False,False
ces,alpha,rho,0.95,-0.1,1,2220124,100,0.1,1.0,0.9445471658272915,0.10408681126367368,-102.75648640527515,2.0153417105983333e-05,True,True,True,4.838562638390532,4.8416462411696095,4.8416344426353275,2.7593458054839,2.759070227390249,2.7590712821605727,2.7751961046297965e-06,9.666102402332854e-09,0.0003186007424460513,-1.2225385859210292e-06,False,False,False
ces,alpha,rho,0.95,-0.1,2,2220125,100,0.1,1.0,0.9358948477933928,0.0046133931624898475,-94.87620115238929,4.7188086218648346e-05,True,True,True,5.368246388051514,5.412218822544188,5.41190927386476,2.8464136024619893,2.8428744440707003,2.8428992045047172,3.098691641515697e-05,2.0138722334838597e-07,0.004054548081796838,-2.868954568668869e-05,False,False,False
ces,alpha,rho,0.95,-0.1,3,2220126,100,0.1,1.0,0.9107779588594183,0.0938045972448751,-76.85794098067775,9.562725311755036e-06,True,True,True,6.753677156855173,6.752280675342035,6.7522199423432,2.7883796389786406,2.7884635323074387,2.78846743431557,1.3824408892236522e-05,2.245581437255422e-08,-0.00011471125363016199,-4.502129854699888e-06,False,False,False
ces,alpha,rho,0.95,-0.1,4,2220127,100,0.1,1.0,0.9494208694822719,-0.19190721705915464,-93.88335351803809,2.7791005958115686e-05,True,True,True,5.422454380204435,5.423183172688415,5.423177694598717,3.097748362812884,3.097678155156863,3.097678589975453,2.7769368278205232e-05,1.7120243660355298e-08,5.305459148985392e-05,-5.095215129813369e-07,False,False,False
ces,alpha,rho,0.95,-0.1,5,2220128,100,0.1,1.0,0.9582870451341244,0.03621297289027137,-84.77724598284726,2.7763458848843776e-05,True,True,True,4.8603676678435335,4.867585240243969,4.867513040667987,2.9498637112525796,2.9492158274962743,2.949222271722921,8.780072412656087e-06,1.9123529588080362e-08,0.0007305659710539203,-7.413649569798508e-06,False,False,False
ces,alpha,rho,0.95,-0.1,6,2220129,100,0.1,1.0,0.98,0.0824449874686812,-74.90060767642241,1.0894597153310916,True,True,True,4.088929446739277,4.089589011494374,4.089571713700427,2.945207038371354,2.945132205674654,2.945134038516304,1.1435217038382854e-05,1.790075962313508e-08,7.301807700343943e-05,-2.1195865116396817e-06,False,False,False
ces,alpha,rho,0.95,-0.1,7,2220130,100,0.1,1.0,0.9469797158243894,-0.2195900029994236,-78.95947604478359,5.040633436885079e-06,True,True,True,5.596879163975551,5.597034630316282,5.5970136716857,3.046407723066243,3.0463832372482527,3.0463848584996636,2.9084896570963794e-05,2.0657557034111036e-08,-2.2914667141549216e-06,-1.8780678203711432e-06,False,False,False
ces,alpha,rho,0.95,-0.1,8,2220131,100,0.1,1.0,0.9542359240919648,-0.38537813976648483,-74.90645595132412,1.0023982746498612e-05,True,True,True,5.419754572166832,5.4182802553468825,5.4182869299670084,3.071691156368424,3.07179471265601,3.071794172288187,3.392121588218448e-05,2.2146007440787264e-08,-0.00015223016679044576,6.097483833400474e-07,False,False,False
ces,alpha,rho,0.95,-0.1,9,2220132,100,0.1,1.0,0.9428228820274979,-0.07607963885026688,-95.91526366671559,1.6387340018427355e-05,True,True,True,5.024855313718614,5.025376109898726,5.025366152470255,2.914978102145419,2.9149236627389294,2.9149245197302496,2.226209795630621e-05,1.5967322703131847e-08,3.996817778784134e-05,-9.947837327217712e-07,False,False,False
ces,alpha,rho,0.95,-0.1,10,2220133,100,0.1,1.0,0.9389968645708764,-0.05943665891723682,-87.01790077373781,1.2370310275125161e-05,True,True,True,5.800546424814289,5.801261638112966,5.801233261701662,3.0669128144624556,3.066848188313343,3.0668503106782095,2.610510248765206e-05,1.545756129165367e-08,4.6441846819789134e-05,-2.447969819741047e-06,False,False,False
ces,alpha,rho,0.95,-0.1,11,2220134,100,0.1,1.0,0.948094255181194,-0.16894967804333733,-92.80142248204059,1.595879617235435e-05,True,True,True,4.733646207724799,4.732567628773651,4.732587988245571,2.9954802626799206,2.995570620983162,2.9955687507132085,2.010981754017854e-05,1.1909776459896995e-08,-0.00012170209717510261,2.1487557120281053e-06,False,False,False
ces,alpha,rho,0.95,-0.1,12,2220135,100,0.1,1.0,0.9422678384025212,-0.11399475976001937,-90.60195962627914,1.5590507467394832e-05,True,True,True,6.20922478044203,6.212593842623101,6.212547268797225,2.8221403587497256,2.8218973319464267,2.821900583364786,1.7579273601137862e-05,1.946656296477222e-08,0.00025889435413262163,-3.7533740311346264e-06,False,False,False
ces,alpha,rho,0.95,-0.1,13,2220136,100,0.1,1.0,0.958220893294837,-0.27841027547046315,-80.91410024555694,4.749238092933747e-06,True,True,True,4.633985489635073,4.632634824723357,4.632619086094985,3.1169111483849994,3.117024977333363,3.117026448668143,2.9828072250552966e-05,1.8193734321671957e-08,-0.00016216486044129397,-1.7034074488719853e-06,False,False,False
ces,alpha,rho,0.95,-0.1,14,2220137,100,0.1,1.0,0.9601011398962271,-0.4405184979248776,-94.76043822709629,1.2110470877953197e-05,True,True,True,5.025422863514742,5.02405546089015,5.024065815589732,3.1629839415560803,3.1630817674738307,3.163080863453665,4.7318384784484125e-05,3.2788024563159764e-08,-0.0001584875726194923,1.0202303286632741e-06,False,False,False
ces,alpha,rho,0.95,-0.1,15,2220138,100,0.1,1.0,0.9523842617750131,-0.19556208634585562,-78.08910826195111,7.122619456606936e-06,True,True,True,4.7335443606818925,4.732575960645343,4.732571964115065,3.0531380342690553,3.0532160583364356,3.0532164214556294,2.5338794465774912e-05,1.6541709146720456e-08,-0.00011520125512731738,-4.2641643460683554e-07,False,False,False
ces,alpha,rho,0.95,-0.1,16,2220139,100,0.1,1.0,0.9381558631649796,0.030163839539472458,-96.24650817208352,9.679939384535853e-06,True,True,True,5.409252490984107,5.4000299342680735,5.400002707949345,3.0120026910386386,3.0127367643890604,3.0127389513952676,1.6897024362297042e-05,1.556213275225251e-08,-0.0008638054867589062,-2.5240116912073063e-06,False,False,False
ces,alpha,rho,0.95,-0.1,17,2220140,100,0.1,1.0,0.9574914935459526,-0.18654752087609483,-80.53734616909689,5.4926102464074345e-06,True,True,True,4.760752151003564,4.7606026363164045,4.760602177953462,2.990403815489873,2.9904073276585263,2.9904073655967736,2.3714440387768868e-05,1.5824616717684813e-08,-2.741525010208079e-05,-5.2604534062083985e-08,False,False,False
ces,alpha,rho,0.95,-0.1,18,2220141,100,0.1,1.0,0.9257100110787345,0.1384509500433118,-85.28931085057295,4.490770622364962e-06,True,True,True,6.942334203759104,6.941076623346072,6.941085158481858,2.8310053188161826,2.8310792030194136,2.8310786680543902,1.1273512611458749e-05,8.485471037841327e-09,-9.548694799832447e-05,6.137538974826384e-07,False,False,False
ces,alpha,rho,0.95,-0.1,19,2220142,100,0.1,1.0,0.9329422460769733,-0.25528499093746504,-84.51304891702648,4.7180251672881546e-06,True,True,True,7.188108556072142,7.18624920761023,7.186254969237583,2.8221546901435866,2.8222554574208907,2.8222551051041784,2.6966499177016483e-05,1.8707403062763443e-08,-0.0001422947669311725,3.9613730962173577e-07,False,False,False
ces,alpha,rho,0.95,0.3,0,2230123,100,0.1,1.0,0.9588439183429149,0.08744410556836812,-95.90576304008232,8.178349975230384e-06,True,True,True,4.987250203545855,4.989816098723026,4.989808574970292,2.9428125931895055,2.9425835891247143,2.9425842400291176,1.3546696962989202e-05,1.3216648045522732e-08,0.0002499495470402735,-7.584414021266639e-07,False,False,False
ces,alpha,rho,0.95,0.3,1,2230124,100,0.1,1.0,0.9363918637461635,0.41714163250515396,-77.15325643853829,8.986891040023316e-07,True,True,True,5.961751908264095,5.962080792992213,5.962071204153413,2.7298663453333334,2.729840926093467,2.7298416245145796,3.7143882951684918e-06,5.060584847747441e-09,2.5095064387414823e-05,-8.042183310408291e-07,False,False,False
ces,alpha,rho,0.95,0.3,2,2230125,100,0.1,1.0,0.9501018037352638,-0.012260948531328308,-81.20838112261015,4.801621802413854e-05,True,True,True,6.169289129413943,6.1698880298719505,6.169936701884836,2.9058661088174826,2.905817081169316,2.90581365330796,1.6428269999145196e-05,2.1280118458825837e-08,4.456996748558595e-05,3.942135606394004e-06,False,False,False
ces,alpha,rho,0.95,0.3,3,2230126,100,0.1,1.0,0.9275187776615653,0.21046316761103212,-82.92561736096854,5.674977212509792e-06,True,True,True,5.418900831795404,5.418819111099924,5.418805922776344,2.828946101594018,2.828948297744523,2.8289493538548656,1.0543323849817421e-05,7.499810851257433e-09,-1.3770290735237722e-05,-1.2179112900412292e-06,False,False,False
ces,alpha,rho,0.95,0.3,4,2230127,100,0.1,1.0,0.9755023517531133,0.0024413776634365585,-97.81466060410726,0.00021494727701478882,True,True,True,4.465472312150636,4.432557669303032,4.433668252471652,2.903459189586176,2.9066686454118513,2.906559906265411,3.676782803039645e-05,3.402304992960967e-07,-0.0035778683527638577,0.0001253293670089306,False,False,False
ces,alpha,rho,0.95,0.3,5,2230128,100,0.1,1.0,0.9156404904849806,-0.19669822993436462,-65.25027181399545,1.0963711252262053e-05,True,True,True,8.434097975767566,8.435796244401384,8.43580007705694,2.7228542649267085,2.7227590458068254,2.722758845924117,1.813263958693565e-05,1.3075034186625885e-08,9.193634656412542e-05,2.2420882572760092e-07,False,False,False
ces,alpha,rho,0.95,0.3,6,2230129,100,0.1,1.0,0.9562044930127582,-0.06819586105046883,-84.54590397326734,1.912429436226423e-06,True,True,True,5.321681674596385,5.32043858696069,5.320410759472048,3.028901084570412,3.0289942221449713,3.02899648858141,1.9673655823626928e-05,1.9450703871483627e-08,-0.00012900892375000694,-2.6209820589429e-06,False,False,False
ces,alpha,rho,0.95,0.3,7,2230130,100,0.1,1.0,0.9455672283557407,0.17022107307582734,-84.41512560875397,8.920979357819913e-06,True,True,True,5.033712919098806,5.033036299759322,5.033046422408989,2.8878434743112145,2.887897011703891,2.887896137307827,1.1482419796719713e-05,7.700265073908074e-09,-7.178482657366203e-05,1.0045534395430877e-06,False,False,False
ces,alpha,rho,0.95,0.3,8,2230131,100,0.1,1.0,0.9623577642599275,-0.028047929522962933,-84.24102787695226,2.199845932741041e-05,True,True,True,4.624676058485211,4.626755686764747,4.626696751832938,2.9291830418012035,2.928980159109807,2.9289856874524576,1.8154917852027383e-05,2.4093348233325484e-08,0.00020962925346168504,-6.373193997433191e-06,False,False,False
ces,alpha,rho,0.95,0.3,9,2230132,100,0.1,1.0,0.9684580537753334,0.2814285989781039,-85.76562911109416,5.672045077832756e-06,True,True,True,3.8259990290847123,3.826676247638016,3.8266703545462737,2.9942413977584583,2.9941633558422973,2.994164022799663,3.104812840484027e-06,7.70792946901274e-09,8.636749079471429e-05,-7.721408366023752e-07,False,False,False
ces,alpha,rho,0.95,0.3,10,2230133,100,0.1,1.0,0.9632185942934471,-0.14129594928061098,-89.82094230978525,8.895997889346735e-06,True,True,True,5.050706435394942,5.050232527081142,5.0502228123156465,3.1021254860486156,3.102153923327861,3.102154755892693,2.8851499248279425e-05,1.7818489502422756e-08,-6.205998293751236e-05,-9.651035242086436e-07,False,False,False
ces,alpha,rho,0.95,0.3,11,2230134,100,0.1,1.0,0.9526203813104617,0.1515542985582932,-85.89048486453613,1.5967462057804647e-07,True,True,True,4.691394124748323,4.688945499882823,4.688943386342121,2.9367243464940573,2.9369469089787903,2.936947103349074,9.880034538068464e-06,8.960950463067781e-09,-0.00026606840586396174,-2.2697273038829735e-07,False,False,False
ces,alpha,rho,0.95,0.3,12,2230135,100,0.1,1.0,0.9442411403816113,0.018539871587263897,-85.622443913689,1.1206793015486537e-05,True,True,True,4.307447788967344,4.313750868718822,4.313767976366251,3.083640196366555,3.0829974705435403,3.0829957498451845,1.8927409147262965e-05,7.321150822650962e-09,0.0007242477825002425,1.9848053369742047e-06,False,False,False
ces,alpha,rho,0.95,0.3,13,2230136,100,0.1,1.0,0.9334969718006736,0.28830084257661465,-69.67144388588031,9.415015679725814e-06,True,True,True,5.024495086541367,5.025090178648667,5.025072420481055,2.8920075772860176,2.8919524168011863,2.891953949380032,9.266618771440532e-06,1.093395293462027e-08,5.3155862488551975e-05,-1.7694599279138856e-06,False,False,False
ces,alpha,rho,0.95,0.3,14,2230137,100,0.1,1.0,0.9366312337270545,0.2182372762969453,-87.78070158090217,4.3220627292571263e-07,True,True,True,5.409280969196092,5.407212686286413,5.407222482417647,2.8819344315231334,2.882096425701219,2.882095637334881,9.69046277117709e-06,9.115004114688864e-09,-0.0001950245864890121,9.040366251156229e-07,False,False,False
ces,alpha,rho,0.95,0.3,15,2230138,100,0.1,1.0,0.9392363571870957,0.5525955800734137,-88.8601108112401,3.1969843728088713e-06,True,True,True,5.335748486067315,5.3364359122647045,5.336431819382546,2.873393912786651,2.8733367773748792,2.873337109942229,3.3669787194725153e-06,3.7094270624702262e-09,6.266211131844557e-05,-3.8408721536598023e-07,False,False,False
ces,alpha,rho,0.95,0.3,16,2230139,100,0.1,1.0,0.902057871835465,0.37409789225551804,-102.43671686923396,2.9702811107526274e-06,True,True,True,8.049447592206986,8.048812771562817,8.04880716727072,2.700310299128601,2.700342003040801,2.7003423044314805,6.282842185850648e-06,6.046978368810472e-09,-4.271705088854105e-05,-3.4929944092709775e-07,False,False,False
ces,alpha,rho,0.95,0.3,17,2230140,100,0.1,1.0,0.9568300476350915,0.17086671854928498,-85.09939291917499,6.907297730056827e-06,True,True,True,4.513504051726886,4.513833061851682,4.513845026783262,2.989318914461539,2.989282397342216,2.9892812456262736,1.1654816225442277e-05,1.0044695099919954e-08,3.217482745299094e-05,1.3247598360521806e-06,False,False,False
ces,alpha,rho,0.95,0.3,18,2230141,100,0.1,1.0,0.9478854175120573,0.03270527024179631,-95.67567703006596,1.311632059396126e-05,True,True,True,5.05224865386135,5.054919864782481,5.054974799215645,2.940808915436611,2.940573649289201,2.9405689178169743,1.3880869868489792e-05,3.236594855085308e-08,0.0002631374981802992,5.420150344548347e-06,False,False,False
ces,alpha,rho,0.95,0.3,19,2230142,100,0.1,1.0,0.9725501407822469,0.16571234906949014,-92.33513363069021,3.3950363188345275e-05,True,True,True,3.8248883797890345,3.8279404124286747,3.8279564767398218,3.1923164182308303,3.1919632514343887,3.191961428729947,1.6275958002494556e-05,1.0794555816588924e-08,0.00039312194871854445,2.098118983440145e-06,False,False,False
ces,alpha,rho,0.95,0.7,0,2240123,100,0.1,1.0,0.941942498076243,0.2064303925162038,-98.52679622144174,4.775460410981666e-07,True,True,True,5.169861623756884,5.171191194405608,5.1711953736048155,2.934465866810101,2.93435056368416,2.934350212326039,8.653552823763844e-06,8.000300775533717e-09,0.00012480018099836343,4.036532175177854e-07,False,False,False
ces,alpha,rho,0.95,0.7,1,2240124,100,0.1,1.0,0.9495212986826927,0.012119613915935846,-75.05598448726779,7.602476896285702e-05,True,True,True,6.073760380016032,6.1154931981855425,6.115311017436615,2.9406033090912116,2.937622641222302,2.9376355719624643,2.1105374238136583e-05,3.8462610849441604e-08,0.0034009798726799545,-1.4903412747457878e-05,False,False,False
ces,alpha,rho,0.95,0.7,2,2240125,100,0.1,1.0,0.9517862630364727,-0.2292854345775217,-89.26743362749109,4.4269606618853574e-06,True,True,True,4.907631452252488,4.90685152748075,4.906851895765094,3.1097388801135213,3.109794800694746,3.109794764206638,3.065347029239929e-05,1.9323975886904188e-08,-9.451944551130964e-05,3.30466320974665e-08,False,False,False
ces,alpha,rho,0.95,0.7,3,2240126,100,0.1,1.0,0.9460787854361804,0.03527325393318377,-88.55694117787522,5.615992644508344e-05,True,True,True,5.380855018962393,5.3857116699495675,5.38570821812876,2.9640950034036475,2.9636963477001363,2.963696620800187,1.671247692958808e-05,1.7408629860915154e-08,0.0004428768645254877,-3.2650410730639123e-07,False,False,False
ces,alpha,rho,0.95,0.7,4,2240127,100,0.1,1.0,0.9367450154963324,0.14490663276373583,-91.39930359875365,2.3635026868872917e-06,True,True,True,5.7224581146282025,5.72163901807544,5.721635725872378,2.8072818099821637,2.807339856615637,2.8073401024045124,9.819274512320138e-06,1.2310743282519923e-08,-7.661119522595072e-05,-2.924203670318093e-07,False,False,False
ces,alpha,rho,0.95,0.7,5,2240128,100,0.1,1.0,0.9620625708760824,0.05408191750501141,-79.21104843595691,1.4449197074130757e-06,True,True,True,4.499772870486818,4.495665895577201,4.495666406274815,3.0254827066873857,3.025872590288781,3.0258725418238908,1.582378366108153e-05,1.1457672522053645e-08,-0.0004641960443194648,5.780049150416744e-08,False,False,False
ces,alpha,rho,0.95,0.7,6,2240129,100,0.1,1.0,0.9641070750040045,-0.015952126622719318,-87.82049604585534,4.589291461370756e-05,True,True,True,5.008370920079109,4.999334732447474,4.999172095069821,2.988548743391312,2.9893248119135616,2.989338936630195,1.9072380653257568e-05,3.608645411443957e-08,-0.0009286352418484967,-1.627065218201551e-05,False,False,False
ces,alpha,rho,0.95,0.7,7,2240130,100,0.1,1.0,0.9663416416482232,0.3726354447843853,-85.89456172847913,1.2747233715382168e-05,True,True,True,3.775151981660407,3.7757191254017046,3.7757098523967825,2.9958324021499396,2.9957669687235544,2.9957680351947267,7.882877381781687e-07,4.907357349373698e-09,7.365826478178406e-05,-1.228139993258992e-06,False,False,False
ces,alpha,rho,0.95,0.7,8,2240131,100,0.1,1.0,0.9416389515176938,0.47998685164984206,-82.77594262381413,1.611422261068071e-05,True,True,True,4.866956583577171,4.866499686176006,4.86650424153697,2.9462843034011956,2.946323496004952,2.946323089459645,4.077909725137005e-06,5.094579653492453e-09,-4.829167718867211e-05,4.680121605815657e-07,False,False,False
ces,alpha,rho,0.95,0.7,9,2240132,100,0.1,1.0,0.9339072077583462,0.2560380503726689,-96.34850706802914,2.1456887134144458e-05,True,True,True,5.410586133507905,5.409859981557146,5.40984156994087,2.710760285258468,2.7108181544213936,2.710819630903888,1.0597437934181913e-06,9.085196444868275e-09,-6.929763765128882e-05,-1.7034868307064244e-06,False,False,False
ces,alpha,rho,0.95,0.7,10,2240133,100,0.1,1.0,0.9543804880287304,0.22454042317109024,-83.4328230596117,6.43816024994197e-07,True,True,True,4.279994154476044,4.277813647540143,4.277831948747687,2.9592840722126277,2.9595021200369427,2.9595002612132846,7.991256489233446e-06,9.414271331106626e-09,-0.0002564198100998283,2.1381095223205193e-06,False,False,False
ces,alpha,rho,0.95,0.7,11,2240134,100,0.1,1.0,0.9526425344718451,0.2636444413687107,-91.71539219332722,2.089768879877275e-06,True,True,True,5.020387663647739,5.0208084372881725,5.020803591771181,2.9003146175610377,2.900276209398206,2.9002766281126475,4.919436017137065e-06,6.51208239997404e-09,3.910740956314385e-05,-4.830246496112522e-07,False,False,False
ces,alpha,rho,0.95,0.7,12,2240135,100,0.1,1.0,0.9356667945880379,0.42998046676001483,-95.61124162040822,9.522783768225171e-06,True,True,True,5.4436840067508685,5.443818256120216,5.443815891698676,2.827230461984848,2.827218111966669,2.8272183012355367,4.1866545485166485e-06,5.798054202999511e-09,1.0226276273783697e-05,-2.1642772196628357e-07,False,False,False
ces,alpha,rho,0.95,0.7,13,2240136,100,0.1,1.0,0.9762021943918353,0.014180093530198638,-86.64121930654092,7.391123496725476e-05,True,True,True,4.300101688990966,4.2992981013324885,4.299761652997291,3.005290082814615,3.005364888840888,3.0053180941922477,1.4747921189473768e-05,1.2536436585583532e-07,-4.683010442363411e-05,5.394017010473817e-05,False,False,False
ces,alpha,rho,0.95,0.7,14,2240137,100,0.1,1.0,0.9583016576266374,0.06811614566027945,-96.5649163007856,2.9410339761699825e-05,True,True,True,5.366362005824643,5.368703847984414,5.36873145263527,2.9039254162120014,2.9037312308723084,2.903728994221442,1.1162758665776422e-05,1.518438248979713e-08,0.00021530027129301743,2.566719260244099e-06,False,False,False
ces,alpha,rho,0.95,0.7,15,2240138,100,0.1,1.0,0.9528482868339186,0.17301947622971106,-81.43012514218184,6.088235997502922e-06,True,True,True,4.800860338644336,4.799685575514734,4.799683357547559,2.910928503647541,2.911032265530995,2.911032464687259,6.001039477993398e-06,7.888477223900531e-09,-0.00012550093987329092,-2.3281975813915778e-07,False,False,False
ces,alpha,rho,0.95,0.7,16,2240139,100,0.1,1.0,0.9650169352156867,0.16036716377104343,-86.2904576327732,1.692471929439482e-05,True,True,True,4.953291691523629,4.9538094464563915,4.95381002632407,2.937917247284478,2.9378670865772696,2.9378670356209446,1.1327624282827744e-05,8.632878393945347e-09,4.6830724897972686e-05,5.838924721501826e-08,False,False,False
ces,alpha,rho,0.95,0.7,17,2240140,100,0.1,1.0,0.9626019850623037,0.05892672624063022,-83.7023996628652,1.1065945209277055e-05,True,True,True,4.057852671836971,4.0529197467583575,4.052913610796958,3.0423286189023537,3.0428512247849295,3.0428518810257725,1.3293999116512754e-05,1.3378286838968187e-08,-0.0006154748121929288,-7.584366983337532e-07,False,False,False
ces,alpha,rho,0.95,0.7,18,2240141,100,0.1,1.0,0.9556437432874596,0.13259873844549566,-90.03283753192363,3.901526690187135e-06,True,True,True,4.853759734915484,4.851660795476372,4.8516504643161795,3.00694388076277,3.0071262457409382,3.007127170408676,1.299673062153789e-05,9.584000114342923e-09,-0.00022363872616892877,-1.0648461312712243e-06,False,False,False
ces,alpha,rho,0.95,0.7,19,2240142,100,0.1,1.0,0.9424212147911428,0.2839506116647757,-99.16174542735908,1.0660566079721577e-05,True,True,True,5.04392954759525,5.043064446767364,5.043065683634282,2.86696765213492,2.867041416897044,2.8670413105365133,1.9275538793876625e-06,4.72288145568304e-09,-8.64803459421637e-05,1.2280885641757777e-07,False,False,False
