model,param1_name,param2_name,param1,param2,replicate,seed,n_trials,sigma,prior_scale,theta_map_1,theta_map_2,objective_map,gradient_norm,original_pd,fd_pd,ad_pd,original_min_eig,fd_min_eig,ad_min_eig,original_log10_condition,fd_log10_condition,ad_log10_condition,original_ad_rel_error,fd_ad_rel_error,delta_loge_original_ad,delta_loge_fd_ad,original_numerical_failure,fd_numerical_failure,structural_laplace_failure
binary,alpha,beta,0.05,0.25,0,123,50,0.1,0.01,0.28093788527182256,1.1052287375586567,32.5288215135077,3.2144601004929543e-09,True,True,True,2.4103243953018105,2.4103237999955383,2.410322218119707,0.8188363419223647,0.818877258698761,0.8188774765311455,9.88512722291093e-05,1.8238004708750378e-07,4.645469460484719e-05,-4.055032505334566e-07,False,False,False
binary,alpha,beta,0.05,0.25,1,124,50,0.1,0.01,0.98,0.5902447895617151,33.40745682217139,2.6294487334155336,False,False,False,-2.3073290930233967,-2.307405383171086,-2.3074069224704883,inf,inf,inf,1.4814313811550998e-05,2.5149120214017416e-07,nan,nan,False,False,True
binary,alpha,beta,0.05,0.25,2,125,50,0.1,0.01,0.02,0.1,34.68609388695994,0.4013433484848826,False,False,False,-1.9075109042567253,-1.9061602931845643,-1.9061706490466734,inf,inf,inf,0.0004131041599594152,1.5406747950193226e-06,nan,nan,False,False,True
binary,alpha,beta,0.05,0.25,3,126,50,0.1,0.01,0.6712425385086798,1.2137664097749687,32.65612767923752,7.903175065057401e-08,True,True,True,1.3162534001190231,1.3163464860907264,1.316347115077452,0.9098286924306599,0.9097887638254303,0.9097886208607031,2.5677233781589656e-05,1.6263404767406608e-07,2.5061630736900042e-05,3.132332935251725e-07,False,False,False
binary,alpha,beta,0.05,0.25,4,127,50,0.1,0.01,0.02,1.8660990572779494,34.53425007736424,0.6079783112511465,True,True,True,0.006987013880195319,0.007196620983332369,0.007194977854337984,4.990887842765499,4.978130034786948,4.978229070704688,0.00018230493429000205,3.123830628986739e-07,0.01475604634660499,-0.00011432626740770502,False,False,False
binary,alpha,beta,0.05,0.25,5,128,50,0.1,0.01,0.02,0.3120506480622807,34.674635938933704,0.2526609286235273,False,False,False,-0.03720129119441625,-0.03716744331772586,-0.03716718685744356,inf,inf,inf,0.0003187168660778341,9.161716083092835e-07,nan,nan,False,False,True
binary,alpha,beta,0.05,0.25,6,129,50,0.1,0.01,0.1814392193657284,0.2149568113358508,34.60409044751054,2.7674704617411473e-07,True,True,True,1.8869467905828343,1.8872141862878689,1.8872160098313775,0.3481932252050131,0.34809835876402684,0.3480980565895971,0.00010298773402557301,4.6837739869355444e-07,3.309743646440211e-05,6.183704499562737e-07,False,False,False
binary,alpha,beta,0.05,0.25,7,130,50,0.1,0.01,0.02,2.9051537459351637,33.54397272547959,8.282276024118573,True,True,True,0.0022830706313930367,0.0025341841557101072,0.002529279988048056,6.248637831862757,6.203610952536259,6.204450828186727,0.000668892952529529,3.1981368903210883e-06,0.05154119950513092,-0.0009701380689577377,False,False,False
binary,alpha,beta,0.05,0.25,8,131,50,0.1,0.01,0.28106205966067255,0.3720734558587164,34.39257076593033,1.281441711631106e-07,True,True,True,3.6068582425505853,3.607031758890876,3.6070313900009667,0.6066299844820108,0.6066168130542131,0.606616875170428,3.4260470843615426e-05,4.8591515550801667e-08,3.291125619853119e-05,-3.0755728630538215e-08,False,False,False
binary,alpha,beta,0.05,0.25,9,132,50,0.1,0.01,0.02,0.1,34.72560366817051,2.2078314494232196,False,False,False,-25.90762195710868,-25.9053104221463,-25.905325624513708,inf,inf,inf,0.00013587798662895067,5.157249581905373e-07,nan,nan,False,False,True
binary,alpha,beta,0.05,0.25,10,133,50,0.1,0.01,0.98,0.1,34.67150033332031,0.292393377443016,True,True,True,0.7938286645489576,0.7936621031753435,0.7936619111606925,0.9886074858622842,0.9886999127534547,0.9887000461499564,4.015952102626225e-05,1.0514941466657323e-07,-0.00010352028748883413,-8.835664289108536e-08,False,False,False
binary,alpha,beta,0.05,0.25,11,134,50,0.1,0.01,0.02,0.1,34.70807487402857,1.0321241839494262,False,False,False,-31.678900529201513,-31.684714658950327,-31.68470353937171,inf,inf,inf,0.00018505851954485626,3.9188884280970217e-07,nan,nan,False,False,True
binary,alpha,beta,0.05,0.25,12,135,50,0.1,0.01,0.02,0.1,34.72406325467212,1.8776940766003278,False,False,False,-36.87262325762487,-36.87626603005941,-36.87625970801423,inf,inf,inf,0.0001008120398189919,1.6565948966564636e-07,nan,nan,False,False,True
binary,alpha,beta,0.05,0.25,13,136,50,0.1,0.01,0.02,0.1,34.69958342451536,1.0053041363581579,False,False,False,-7.233062984775312,-7.232009682479613,-7.23201183575154,inf,inf,inf,0.00011779567271722644,2.9101888075777e-07,nan,nan,False,False,True
binary,alpha,beta,0.05,0.25,14,137,50,0.1,0.01,0.06055855468965913,0.7857936458330571,34.301941662980084,8.788928253162696e-08,True,True,True,0.5997819858579531,0.599996568739959,0.5999953268103848,2.156385680522809,2.156333917368937,2.156334401421334,0.0002390875514510919,9.685536546027221e-07,0.0002965970065105239,-1.5126106873708522e-06,False,False,False
binary,alpha,beta,0.05,0.25,15,138,50,0.1,0.01,0.02,0.1,34.69781152131931,0.7465044875434732,False,False,False,-12.837172093157482,-12.837541898508231,-12.837544442089747,inf,inf,inf,3.6941014744027435e-05,1.8119549694762716e-07,nan,nan,False,False,True
binary,alpha,beta,0.05,0.25,16,139,50,0.1,0.01,0.4763971952177879,0.9299288761550923,33.078942044092685,1.4566126083082054e-07,True,True,True,0.34636804955850625,0.3464326124680342,0.3464340679360877,1.2905173237943561,1.2904321408777741,1.2904304085325713,1.5149232953366316e-05,3.025921956813485e-07,9.051875589349834e-05,2.2068571290390082e-06,False,False,False
binary,alpha,beta,0.05,0.25,17,140,50,0.1,0.01,0.02,0.1,34.704396113257836,1.023359982737805,False,False,False,-18.340452614967653,-18.342031133047524,-18.342027949081487,inf,inf,inf,8.541698629151752e-05,1.8332837819635736e-07,nan,nan,False,False,True
binary,alpha,beta,0.05,0.25,18,141,50,0.1,0.01,0.51462604723083,0.1,34.714117090931744,0.6847571181405779,True,True,True,0.36929083162053206,0.3692914637377846,0.3692901627788227,0.9714356714688333,0.9714306542877332,0.9714320705273418,1.0100343106753483e-05,4.7158156798328176e-07,-5.95689041915648e-06,-1.89235153413847e-06,False,False,False
binary,alpha,beta,0.05,0.25,19,142,50,0.1,0.01,0.02,0.1,34.71863740985641,1.7135134611484748,False,False,False,-27.130502022335914,-27.13230471161384,-27.132300792080528,inf,inf,inf,6.455482613623331e-05,1.415816770885805e-07,nan,nan,False,False,True
binary,alpha,beta,0.05,0.5,0,10123,50,0.1,0.01,0.7786789261615443,0.30936021026842225,34.368978556470445,7.965212590944639e-07,True,True,True,3.184810759724353,3.184908569659939,3.184910547310612,0.3099930344422952,0.3099665200521501,0.3099663431646588,3.05198714155604e-05,3.3563527664792226e-07,6.023841407909458e-07,4.1729480670937846e-07,False,False,False
binary,alpha,beta,0.05,0.5,1,10124,50,0.1,0.01,0.3641465265543441,1.8315304196162125,32.669515785977985,9.336320842989406e-08,True,True,True,0.7500908893759033,0.7501139204345949,0.7501135421721778,1.5646733813986182,1.564669588749751,1.564669803568252,2.3630270494005035e-05,1.6991439500221902e-08,2.6080483095825002e-05,-2.5695448613305416e-07,False,False,False
binary,alpha,beta,0.05,0.5,2,10125,50,0.1,0.01,0.26065453119536425,0.5239020465514571,34.4429260377538,3.1714810555842814e-07,True,True,True,1.3000057361057087,1.2999982653683182,1.2999995221862555,0.6215676960489122,0.621550646496252,0.6215502363252029,4.419469411897057e-05,2.6479772938211627e-07,-2.4881178141811233e-05,4.945569855863141e-07,False,False,False
binary,alpha,beta,0.05,0.5,3,10126,50,0.1,0.01,0.02,0.1,34.68494141709649,0.11220313541014866,False,False,False,-4.906430556987878,-4.90799677557068,-4.907993441452899,inf,inf,inf,0.00035384217338096057,6.779759791422511e-07,nan,nan,False,False,True
binary,alpha,beta,0.05,0.5,4,10127,50,0.1,0.01,0.02,0.1,34.72604921968632,1.9352102521647516,False,False,False,-39.87323107101439,-39.87784040423227,-39.87783210697839,inf,inf,inf,0.00011568370211480912,2.380363216901247e-07,nan,nan,False,False,True
binary,alpha,beta,0.05,0.5,5,10128,50,0.1,0.01,0.7269834608757411,0.7680095305076836,32.99360702520628,1.2834101332393604e-07,True,True,True,3.3258786139951204,3.3259265410806584,3.3259246859643916,0.43037278822307906,0.4303696486431292,0.43036984696327757,9.201446653180049e-06,2.4381646465014533e-07,1.0466224459548812e-05,-3.294499180128696e-07,False,False,False
binary,alpha,beta,0.05,0.5,6,10129,50,0.1,0.01,0.02,5.8890345159733455,31.06181105003312,5.246690804483478,True,True,True,0.008296882623889364,0.008463311412543239,0.00845944214093107,6.108280243637027,6.099989972503922,6.100186531311332,0.0007666385056904047,4.693573117828804e-06,0.010085143212887004,-0.00023098961013445773,False,False,False
binary,alpha,beta,0.05,0.5,7,10130,50,0.1,0.01,0.20668956720898926,1.8236417678607235,31.30270798299854,3.8033289117698626e-08,True,True,True,1.769487114871706,1.7695443077720672,1.7695441576456068,1.64880049680198,1.6488261495633925,1.6488261428601634,9.13006826664613e-05,1.0037419079562122e-07,6.176249305767101e-05,-9.255643007577419e-08,False,False,False
binary,alpha,beta,0.05,0.5,8,10131,50,0.1,0.01,0.03831987357667026,4.453035394356389,33.67636452601241,1.4246462273981002e-06,True,True,True,0.014350914806531778,0.01429276203144565,0.014292202472097651,4.600962242456269,4.602962578787187,4.60297835758133,0.0005426499403481671,2.819896145896774e-06,-0.00177844456719356,-2.0984598371853735e-05,False,False,False
binary,alpha,beta,0.05,0.5,9,10132,50,0.1,0.01,0.8830551300655601,0.14251364813423192,34.606073775375776,0.0011905848225551917,True,True,True,1.3770620005444734,1.3768836565815967,1.3768844289814117,0.685143055667453,0.6852055509454577,0.6852054668869227,4.016628916740126e-05,3.89064341713895e-07,-5.710432034788937e-05,4.642006956601108e-07,False,False,False
binary,alpha,beta,0.05,0.5,10,10133,50,0.1,0.01,0.36330519711629794,0.7218731148431609,34.01841441626533,1.004859173557616e-08,True,True,True,1.5031599089746364,1.5033518353207853,1.5033517207335791,0.35192643313538424,0.35187672635867534,0.3518767457067405,6.15485607838083e-05,2.6230646572962027e-07,7.039278388276671e-05,-5.394587532236983e-08,False,False,False
binary,alpha,beta,0.05,0.5,11,10134,50,0.1,0.01,0.02,0.1,34.69250861135187,0.6570350922366304,False,False,False,-4.446840176339763,-4.445130522916484,-4.445142150173546,inf,inf,inf,0.00040205254468054304,1.45941679423486e-06,nan,nan,False,False,True
binary,alpha,beta,0.05,0.5,12,10135,50,0.1,0.01,0.07606443158466925,0.5027464867733307,34.36351929365086,8.651423159652382e-08,True,True,True,1.2292487069691769,1.2295616335785466,1.2295597114898582,1.551294811668479,1.5512668539638104,1.5512672736317872,0.00019537907651860864,6.296581238165915e-07,0.00022126740391570365,-1.0800714633774078e-06,False,False,False
binary,alpha,beta,0.05,0.5,13,10136,50,0.1,0.01,0.98,0.7832749117192432,32.248214385020916,2.1607165301418356,True,True,True,5.145790074159054,5.145575167613488,5.145573504386766,0.17619362240581457,0.17621053955923055,0.1762106304567098,4.366233958557051e-05,2.2415508118584582e-07,-2.2506430738644667e-05,-2.1858482313064087e-07,False,False,False
binary,alpha,beta,0.05,0.5,14,10137,50,0.1,0.01,0.7203135354376041,0.49916122452800726,33.9168909604462,1.7763568394002505e-08,True,True,True,2.406200243534506,2.406362567403207,2.4063630018536855,0.4373135379638394,0.4372837515268967,0.43728368839828524,2.434347004907823e-05,8.213978238023985e-08,3.327334974301266e-05,1.0786288839881308e-07,False,False,False
binary,alpha,beta,0.05,0.5,15,10138,50,0.1,0.01,0.6046189460167077,0.1,34.638935990443926,0.06293773324729579,True,True,True,0.5066308340473659,0.5067185750873303,0.5067185264346444,1.0815424756789664,1.0814565418751443,1.0814565977202206,3.0979313348008906e-05,7.764922945322662e-08,7.420368938682032e-05,-3.172118567817961e-08,False,False,False
binary,alpha,beta,0.05,0.5,16,10139,50,0.1,0.01,0.02,3.780166413496272,33.14822018646838,11.558817810453096,True,True,True,0.003384411779926425,0.003636176387321297,0.0036325173829246933,6.230588836443791,6.199689427546837,6.2001254882522225,0.0006011960947101515,2.719217375255091e-06,0.03567355740887024,-0.0005047512235378804,False,False,False
binary,alpha,beta,0.05,0.5,17,10140,50,0.1,0.01,0.11204163259036831,0.9143854260266824,33.34559886696497,6.081266252743835e-08,True,True,True,0.38059487331113856,0.3814906219929626,0.38148568673862066,1.9123252511807134,1.9114355466977422,1.9114407446733237,0.00032295229475854477,1.0508931674783884e-06,0.0013195211396421769,-6.952457653142119e-06,False,False,False
binary,alpha,beta,0.05,0.5,18,10141,50,0.1,0.01,0.14908510857260115,0.5898426680997196,34.011388280229355,6.786520101673873e-07,True,True,True,2.945655942342874,2.945783440972071,2.945784649409753,0.7689706009276039,0.769000209300082,0.7689999992056495,0.00011741102308694213,1.0002975878336553e-07,7.75389199461074e-05,1.6834600558013335e-07,False,False,False
binary,alpha,beta,0.05,0.5,19,10142,50,0.1,0.01,0.781180861161759,0.2750249925858103,34.46913785506971,1.1942614942463772e-07,True,True,True,1.832320368932005,1.8321782137522298,1.8321767101815674,0.46328731870045886,0.46334135875764365,0.463341545963694,5.4775982792586045e-05,4.568153204437165e-07,-1.5974267583374058e-05,-6.05117918439646e-07,False,False,False
binary,alpha,beta,0.05,1.0,0,20123,50,0.1,0.01,0.08147642909483122,0.1,34.675430044345035,0.0652853771043901,True,True,True,0.20345515572311398,0.20368824337996067,0.2036877298594142,1.2626153992527973,1.2620962598521352,1.2620972576004317,8.181929223321622e-05,2.652052129704476e-07,0.0005459368635385431,-1.3724133864911892e-06,False,False,False
binary,alpha,beta,0.05,1.0,1,20124,50,0.1,0.01,0.5100417990008154,0.8142976944344089,32.789377421329476,1.2084449957466567e-07,True,True,True,3.85374852642016,3.8538939305262057,3.853892745536653,0.275630482498818,0.2756178049810325,0.27561788922010744,2.4318614769962317e-05,1.9141762959378034e-07,2.2923825909515472e-05,-2.1049473986067824e-07,False,False,False
binary,alpha,beta,0.05,1.0,2,20125,50,0.1,0.01,0.02,0.1,34.69738399310405,0.66564495363389,False,False,False,-16.20984455216345,-16.21140226260293,-16.211400930316124,inf,inf,inf,9.883756855743737e-05,8.815999338098787e-08,nan,nan,False,False,True
binary,alpha,beta,0.05,1.0,3,20126,50,0.1,0.01,0.02,0.4374541554801169,34.67129543015922,0.1154764106559019,False,False,False,-0.019110794616158354,-0.01884553874354856,-0.018849402949020364,inf,inf,inf,0.00037532940647193465,9.72683980748487e-07,nan,nan,False,False,True
binary,alpha,beta,0.05,1.0,4,20127,50,0.1,0.01,0.105929131835959,0.39696107856603885,34.56783183775703,3.494144023637915e-07,True,True,True,1.0604372765544245,1.060483691544207,1.060481684523606,1.3948168473241047,1.3947981750169327,1.3947990073203378,1.2658304751714601e-05,9.446302221290037e-08,2.1337095034823506e-05,-9.343291509367191e-07,False,False,False
binary,alpha,beta,0.05,1.0,5,20128,50,0.1,0.01,0.15226618194861802,1.5489448243844675,30.325162110339765,9.802887976407325e-08,True,True,True,3.004574106701733,3.0047088877640853,3.004708704630555,1.1633512474420402,1.1634195584590161,1.163419410955527,0.0002015653100768659,3.9981233043629477e-07,0.0001232728147968487,-2.3076851363157402e-07,False,False,False
binary,alpha,beta,0.05,1.0,6,20129,50,0.1,0.01,0.4902565040979832,0.3674282123156317,34.38731303839729,2.537393773944401e-07,True,True,True,1.5257176962538073,1.5257628042981564,1.5257629142600329,0.45999208084483184,0.4599868513044607,0.4599867828304757,1.9983509076835352e-05,8.54900719654863e-08,2.3537200135592684e-05,-6.763492876871169e-09,False,False,False
binary,alpha,beta,0.05,1.0,7,20130,50,0.1,0.01,0.98,0.7741796727163608,33.19322956242835,0.14716454899174342,True,True,True,1.8430010785030557,1.843094351230259,1.8430929522135917,0.582935419187789,0.582924933055221,0.582925202260931,3.616232946136181e-05,2.389616522191293e-07,3.8086143717919185e-05,-4.491243856818983e-07,False,False,False
binary,alpha,beta,0.05,1.0,8,20131,50,0.1,0.01,0.02,4.461313653091186,34.004758821488856,4.2623021201393385,True,True,True,0.0045778894581461685,0.004654882955696039,0.004654036026456438,5.785443640123177,5.778395208169419,5.778473563401927,0.0004474669430858319,1.54214819795967e-06,0.008472133519937586,-9.175101973823985e-05,False,False,False
binary,alpha,beta,0.05,1.0,9,20132,50,0.1,0.01,0.6802044012800484,0.8108098813307791,32.79762079915455,1.2789769243681803e-07,True,True,True,4.509948143828396,4.51008275639218,4.510080912774869,0.3393890272896936,0.3393678761394902,0.33936798863721485,2.2331182548655832e-05,2.197887221296431e-07,5.217052176931247e-06,-2.7925911894044475e-07,False,False,False
binary,alpha,beta,0.05,1.0,10,20133,50,0.1,0.01,0.02,0.1,34.72894932465272,2.036142488677981,False,False,False,-44.380566258490575,-44.3860645244445,-44.386055921111726,inf,inf,inf,0.0001262757168929278,2.2061747425831344e-07,nan,nan,False,False,True
binary,alpha,beta,0.05,1.0,11,20134,50,0.1,0.01,0.10019514314802495,1.3278645184345839,31.34750634765342,8.527562189646945e-08,True,True,True,0.9145395294688077,0.9153076589823034,0.9153041715864196,1.9720609884623042,1.971860003588369,1.971861101604787,0.00038458370346405586,1.3140343142607034e-06,0.000605617625353716,-2.5459496626467626e-06,False,False,False
binary,alpha,beta,0.05,1.0,12,20135,50,0.1,0.01,0.41144101579275805,1.2514734378670347,31.37934332465582,1.023607765020283e-07,True,True,True,3.5183115151494433,3.518417169467775,3.5184166121420573,0.8469894641364094,0.8469965798514475,0.8469966254740399,4.744073524348168e-05,6.057732047446264e-08,3.811577748891182e-05,-1.0587746146484278e-07,False,False,False
binary,alpha,beta,0.05,1.0,13,20136,50,0.1,0.01,0.21912798346262005,1.3264373814448218,29.42414813818409,1.8402403937888736e-07,True,True,True,4.453792337482137,4.453968532394078,4.453968036197593,0.5857817724929141,0.5858238182718696,0.58582377200362,0.00013735520836006998,2.1374771354597555e-07,8.780218387727245e-05,-1.6467377150775064e-07,False,False,False
binary,alpha,beta,0.05,1.0,14,20137,50,0.1,0.01,0.02,0.1,34.750983361763794,2.9697723591603435,False,False,False,-66.6420179061959,-66.64922605687752,-66.64921686160639,inf,inf,inf,0.00010745632717883864,1.9465078019055296e-07,nan,nan,False,False,True
binary,alpha,beta,0.05,1.0,15,20138,50,0.1,0.01,0.5556242901819054,0.1,34.690927684635085,0.5208369046052383,True,True,True,0.7638469602175828,0.763963348580396,0.7639612086870237,0.7945731440108997,0.7945159995354437,0.794517007570783,3.3761199160734255e-05,6.531574729287929e-07,8.492919283042966e-05,-1.6405022833509975e-06,False,False,False
binary,alpha,beta,0.05,1.0,16,20139,50,0.1,0.01,0.06229267417185991,0.8843517814847044,34.25059126883557,7.081673287820777e-07,True,True,True,0.3753616052899483,0.37569676249847445,0.3756948620408347,2.40816113497325,2.407881566360026,2.4078833704682068,0.00025002369510648115,9.237923138827658e-07,0.0005676464620378852,-2.9814446946829776e-06,False,False,False
binary,alpha,beta,0.05,1.0,17,20140,50,0.1,0.01,0.4664548199022944,1.7000006757246486,30.84433453664974,7.35763925473654e-08,True,True,True,1.6300236413724,1.6300847519778643,1.6300847251484476,1.051873575346201,1.0518607413399577,1.051860741944834,9.27820121513584e-06,1.544398975128334e-08,2.2698464231751814e-05,-1.5762516625272838e-08,False,False,False
binary,alpha,beta,0.05,1.0,18,20141,50,0.1,0.01,0.02,0.1,34.69599405022351,0.6725278317784477,False,False,False,-9.68719844307449,-9.688172049114929,-9.688166841842653,inf,inf,inf,0.00011966396510931946,5.506947333273208e-07,nan,nan,False,False,True
binary,alpha,beta,0.05,1.0,19,20142,50,0.1,0.01,0.98,0.2911575427596895,34.39440143059966,0.026136991239694218,True,True,True,2.177135768675418,2.1771071319323125,2.1771063167256974,0.4982164233242996,0.4982308355462358,0.49823090606532794,2.0243598248201428e-05,2.3285616805583062e-07,3.145937824911016e-06,-2.9325683925662815e-07,False,False,False
binary,alpha,beta,0.05,3.0,0,30123,50,0.1,0.01,0.03647150231261243,3.2434200905700816,29.957400952698784,8.386595225389943e-07,True,True,True,0.028105299442025916,0.02863327369672299,0.02862614960698226,4.917090293493807,4.9093498592441485,4.909455952589834,0.0007836964298670238,4.550091224915661e-06,0.009573111429091341,-0.00012669106252616302,False,False,False
binary,alpha,beta,0.05,3.0,1,30124,50,0.1,0.01,0.98,0.9741129832887715,31.675602798264798,0.8600871055364229,True,True,True,0.5094420179547233,0.509580087303899,0.509580548206724,1.1247363188300625,1.124615776937536,1.1246154021885604,2.1538724226446147e-05,8.148682122579167e-08,0.00013267806082950528,4.7302962613571253e-07,False,False,False
binary,alpha,beta,0.05,3.0,2,30125,50,0.1,0.01,0.02,4.786596202775357,32.198896484122464,15.656370578653883,True,True,True,0.004230753431809971,0.004579536687953015,0.0045757234716678735,6.319434303248113,6.285309683625461,6.285670068663228,0.0006395288282377998,3.194742828959938e-06,0.039512217028757846,-0.0004181024566420888,False,False,False
binary,alpha,beta,0.05,3.0,3,30126,50,0.1,0.01,0.02,4.711299667077248,28.486444868387203,9.28332168470547,True,True,True,0.004878998298349925,0.00555938271081889,0.005547990718424044,6.508232851564735,6.451957608317893,6.452845418218744,0.0009611919339504201,6.99263155927663e-06,0.06472875824807289,-0.0010291204510934904,False,False,False
binary,alpha,beta,0.05,3.0,4,30127,50,0.1,0.01,0.026775302179626155,4.750376688485952,27.60370944143564,1.3057456495644627e-06,True,True,True,0.015613920224040042,0.01608131187365999,0.016073627375942225,5.698159845203433,5.685743019410947,5.685947923247284,0.0008977074175198679,6.159602320555727e-06,0.014957544580781246,-0.00024206261233672421,False,False,False
binary,alpha,beta,0.05,3.0,5,30128,50,0.1,0.01,0.1905395123365295,2.3874987012885005,30.16542458954124,5.196819215350461e-07,True,True,True,1.3456415159349926,1.3455556871193863,1.3455556091382506,2.063670301806823,2.0637473078211133,2.0637473137368856,0.00011353700631598171,4.4850826791060825e-08,2.482044854090759e-05,-5.114381096404941e-08,False,False,False
binary,alpha,beta,0.05,3.0,6,30129,50,0.1,0.01,0.14778152447085074,3.1152309716827817,26.879247519997566,3.552713678800501e-09,True,True,True,1.2478380666138136,1.2479137220042018,1.247913546587899,2.092837966332628,2.092826780597479,2.0928268609262113,3.4962274999710234e-05,5.06638764124007e-08,4.770119613084489e-05,-4.8085791348739804e-08,False,False,False
binary,alpha,beta,0.05,3.0,7,30130,50,0.1,0.01,0.778090259202915,0.45910923652264685,34.287370404370655,5.826883674891095e-08,True,True,True,1.0705922718481962,1.07047891666962,1.0704780319881126,0.598273140707076,0.5983233086888603,0.5983235456007396,4.7510710116142135e-05,3.488083641924625e-07,-4.8682074520911556e-05,-5.536807066164329e-07,False,False,False
binary,alpha,beta,0.05,3.0,8,30131,50,0.1,0.01,0.163639143157933,1.6526019668456127,28.473204561448892,1.723066134218243e-07,True,True,True,2.2631072421479916,2.2633171701009807,2.2633167766471325,1.2942247075619504,1.2942500721464083,1.2942500107700554,0.00015456143313264488,3.178793945237538e-07,0.00012171419244921822,-2.4450161717481933e-07,False,False,False
binary,alpha,beta,0.05,3.0,9,30132,50,0.1,0.01,0.11641240981125178,3.094486645302907,26.26416440433326,1.316307726299499e-07,True,True,True,1.1787237887645212,1.1787703039246864,1.1787704130197771,2.0305260386262027,2.0306018697822137,2.0306016056356033,0.00021365344954533448,5.161088619970335e-07,0.00012655381310011649,-2.1156011342782222e-07,False,False,False
binary,alpha,beta,0.05,3.0,10,30133,50,0.1,0.01,0.057844413471639655,3.724782891165082,21.90289207356524,1.8646284691210426e-06,True,True,True,0.28041030754609786,0.2809046570623346,0.2809017679530676,3.561508062244763,3.5610317906385944,3.5610345950973987,0.0006611334948494698,3.830355751519962e-06,0.0012060141454313111,-7.056317706144455e-06,False,False,False
binary,alpha,beta,0.05,3.0,11,30134,50,0.1,0.01,0.6404743657366426,1.0269175897937843,30.872098334216645,1.3327167414518112e-07,True,True,True,3.80259839800705,3.802527835172153,3.8025280935809396,0.29046261321607425,0.290470886355403,0.2904708685823334,1.6739298669305145e-05,8.497616775735919e-08,-8.984351790530809e-06,4.749510296164772e-08,False,False,False
binary,alpha,beta,0.05,3.0,12,30135,50,0.1,0.01,0.023141167678160098,3.6872805486893276,29.55503317396635,4.105223098359291e-06,True,True,True,0.020780637722294232,0.021467908537270864,0.0214556611625508,5.630695599866834,5.616951151015747,5.617196381077276,0.0008834458973873524,5.9985361172554176e-06,0.01642530980365109,-0.00028832812762757953,False,False,False
binary,alpha,beta,0.05,3.0,13,30136,50,0.1,0.01,0.09120659996755676,2.6983349262618783,24.801383503949037,4.1394349459705747e-07,True,True,True,1.617716283048273,1.617840600773672,1.6178409512312057,2.4462008960376287,2.446272771990057,2.4462724423040427,0.00024187731353084337,5.425370767985274e-07,0.0001594320201192545,-1.6294451654630393e-07,False,False,False
binary,alpha,beta,0.05,3.0,14,30137,50,0.1,0.01,0.02,6.9473691004648055,28.542655825400832,20.839407003592214,True,True,True,0.006799010129049629,0.006986545440731574,0.006982068225137238,6.404325850879201,6.392879805877413,6.393155528180021,0.0008471832810665455,6.165729349501019e-06,0.013707838616234369,-0.00032360235179140773,False,False,False
binary,alpha,beta,0.05,3.0,15,30138,50,0.1,0.01,0.0334401273132402,5.204930251821305,30.78268396049777,8.455514344345441e-07,True,True,True,0.04479805960470976,0.04491525380297325,0.044912850066296264,4.659309927901344,4.658559770182557,4.658580220960601,0.0008786058574833686,6.430276971707686e-06,0.0017190145660173073,-2.9973760483414935e-05,False,False,False
binary,alpha,beta,0.05,3.0,16,30139,50,0.1,0.01,0.02,4.462843872478161,34.09705545415762,2.8414396808784663,True,True,True,0.005272455828113291,0.005387414066223476,0.005386475231353736,5.603904143924843,5.594793769697011,5.594868320863663,0.0005890774094882773,2.6202653986009226e-06,0.010992093769893074,-8.844945569563833e-05,False,False,False
binary,alpha,beta,0.05,3.0,17,30140,50,0.1,0.01,0.059059512327196716,0.9462162014910035,34.21233213025548,2.2673439851827268e-07,True,True,True,0.1802588110647301,0.18056613609897698,0.1805662189783321,2.8140553708755505,2.8134519959572497,2.813451370052459,0.000316300561196937,1.0076489482827466e-06,0.0010085355572755361,-2.6160240196304585e-07,False,False,False
binary,alpha,beta,0.05,3.0,18,30141,50,0.1,0.01,0.03307248454152861,6.890809888276152,28.953229613310278,1.2631113557768707e-06,True,True,True,0.01148681995162284,0.011611771350774281,0.011610250850716614,5.556736663858143,5.552332841395812,5.552387940902425,0.0006746111193542436,4.082421265310272e-06,0.0056814626449686045,-6.751763492829355e-05,False,False,False
binary,alpha,beta,0.05,3.0,19,30142,50,0.1,0.01,0.06589205750248824,5.41564886205353,29.505178757372825,2.0288790203742191e-07,True,True,True,0.08572584875067084,0.08589345023707111,0.08589321672606634,4.244115612072482,4.243340968399693,4.2433420628882645,0.00016932182564049984,1.9884420470840116e-07,0.0010598782079718205,-1.4585396286292962e-06,False,False,False
binary,alpha,beta,0.05,8.0,0,40123,50,0.1,0.01,0.034298032936477256,8.0,25.42566265643246,0.15230274756176115,True,True,True,0.07759545218175054,0.07772360519211702,0.07772272749970159,4.722136964503302,4.721774186944167,4.721776330043722,0.0008081957711276079,6.358113635271192e-06,0.0012237024847117084,-8.825211253338239e-06,False,False,False
binary,alpha,beta,0.05,8.0,1,40124,50,0.1,0.01,0.133479413961414,5.262951702793517,9.674135108515248,2.095015805949133e-07,True,True,True,0.43353556590840026,0.4336107629439841,0.4336107913817779,2.584587696451601,2.584593474954222,2.584593258033564,0.00018636540977958195,4.3389558163403545e-07,0.00017990422350777635,-1.8415544822403263e-07,False,False,False
binary,alpha,beta,0.05,8.0,2,40125,50,0.1,0.01,0.07249080566617642,8.0,6.402748935652003,0.11864880387518369,True,True,True,0.07459926506477822,0.07462274574581146,0.07462273363260294,4.069814138723112,4.06985244053616,4.06985174170712,0.0004010764680932353,1.771488302328888e-06,0.0003578377218156348,-9.66882634401145e-07,False,False,False
binary,alpha,beta,0.05,8.0,3,40126,50,0.1,0.01,0.08891773079223947,8.0,7.173475252074737,0.028957675761722375,True,True,True,0.03070746595192736,0.030717298041505383,0.030717279093525902,4.096314526071212,4.096332453645528,4.096332162279388,0.0003601138344376056,1.2878366902313961e-06,0.0003398219739150221,-9.52298317535849e-07,False,False,False
binary,alpha,beta,0.05,8.0,4,40127,50,0.1,0.01,0.07202538015113077,8.0,6.87048092973829,0.09195283761430392,True,True,True,0.05206503100904485,0.05211649974612307,0.05211642341908787,4.24809085103441,4.247857165655435,4.247856959148583,0.00044797702619854985,1.940156190311185e-06,0.0007173163086227063,-1.7022973297642352e-06,False,False,False
binary,alpha,beta,0.05,8.0,5,40128,50,0.1,0.01,0.1143581483781483,6.384941294219063,16.52280581149403,3.5541611680873595e-06,True,True,True,0.031415540989927965,0.03141985101594018,0.0314197189313803,3.8432920856414796,3.843355473758686,3.843356948235644,0.00028251348035080093,8.092577975075881e-07,0.00020765661777844002,-2.5063114819090515e-06,False,False,False
binary,alpha,beta,0.05,8.0,6,40129,50,0.1,0.01,0.03070743240046201,8.0,20.56249587135306,0.026629093278165625,True,True,True,0.02140606114765706,0.02155451723472206,0.021552602059564465,5.51707810417505,5.5145167039911085,5.514551558491771,0.0010043734531788653,8.601414359939018e-06,0.0039136481461561345,-4.8728832844346925e-05,False,False,False
binary,alpha,beta,0.05,8.0,7,40130,50,0.1,0.01,0.0714314124754743,7.914398025737325,14.285654990403824,4.807248707426004e-06,True,True,True,0.04643268253544574,0.046491752301403684,0.046491635059045425,4.362960596680586,4.362555515006854,4.362556007602666,0.0003372104394106052,1.3876686435211348e-06,0.0008030285461479991,-1.9546696208294634e-06,False,False,False
binary,alpha,beta,0.05,8.0,8,40131,50,0.1,0.01,0.06397056598031861,8.0,7.2738543308749355,0.05766796192733429,True,True,True,0.04238375946096646,0.042432095416476016,0.04243200732580065,4.4223487562346975,4.422073869936811,4.4220736946665635,0.0005042670115906455,2.479725694148319e-06,0.000821033596579035,-2.2778282593449717e-06,False,False,False
binary,alpha,beta,0.05,8.0,9,40132,50,0.1,0.01,0.09665077788771284,8.0,4.322792061765871,0.10533623775022227,True,True,True,0.07317148747274699,0.07321946244398486,0.07321944412536305,3.7208144345492418,3.720668257366913,3.720667926523599,0.000317828309875962,1.0120479129218363e-06,0.000486512537009709,-6.310853493118884e-07,False,False,False
binary,alpha,beta,0.05,8.0,10,40133,50,0.1,0.01,0.03647977991343231,7.663762626409016,27.69139556879575,8.090472351764343e-06,True,True,True,0.010522703854935627,0.010556603867971678,0.010555812845900651,5.664358206434459,5.663174980262894,5.663206447931024,0.0004893680338489039,2.477522855335347e-06,0.0018154831450729603,-3.870580704656845e-05,False,False,False
binary,alpha,beta,0.05,8.0,11,40134,50,0.1,0.01,0.05616824488867338,8.0,9.081454690998958,0.10504611368083536,True,True,True,0.07418903186734925,0.07429976302473375,0.07429958539108251,4.3502850226427325,4.349895683315385,4.349895270091608,0.0005914686348904455,3.3423855432326365e-06,0.0010403315525131518,-2.8665144053974245e-06,False,False,False
binary,alpha,beta,0.05,8.0,12,40135,50,0.1,0.01,0.45408405196474944,3.689227892135046,15.124398096749351,3.5710281769557445e-08,True,True,True,1.2397712789973148,1.239838364243351,1.2398383064760532,1.3507152159171887,1.3506881137593487,1.3506881344997015,8.733088061971177e-06,3.1284284961486033e-09,2.288429511665413e-05,-2.2714392144962403e-08,False,False,False
binary,alpha,beta,0.05,8.0,13,40136,50,0.1,0.01,0.09586683949220558,5.9399484117335515,20.303266326437996,1.7895136338744315e-06,True,True,True,0.08244801293202969,0.08244100841108154,0.0824408122972575,3.9625285508407138,3.9626635224861873,3.962664348413319,0.00022540279015809917,4.773441093227612e-07,6.900346361504717e-05,-1.4279573257169886e-06,False,False,False
binary,alpha,beta,0.05,8.0,14,40137,50,0.1,0.01,0.048920468549061055,8.0,18.74150599492163,0.08060830027449639,True,True,True,0.05600107475454307,0.05610011148220003,0.05609956609661493,4.493764782918476,4.493338297119128,4.493340358220688,0.0007796656179547388,4.976161241324014e-06,0.0012685584480358614,-7.348765258541334e-06,False,False,False
binary,alpha,beta,0.05,8.0,15,40138,50,0.1,0.01,0.035667042605337144,8.0,14.367884950116428,0.10951991609685197,True,True,True,0.057597162890527395,0.05775163568354639,0.05775039892136975,5.032933602020558,5.032160708201028,5.032166951094069,0.0008912916935323308,7.040848926790132e-06,0.0017743064939885755,-1.4228021793627477e-05,False,False,False
binary,alpha,beta,0.05,8.0,16,40139,50,0.1,0.01,0.0545223037535456,6.729178041918989,12.576809652198596,3.693955345494856e-06,True,True,True,0.031092931173398702,0.031213539923065015,0.03121302179158979,4.589975254357947,4.5886269147341725,4.588632037998503,0.0007618179679983241,4.803462406072303e-06,0.002308437984673617,-1.070133604130774e-05,False,False,False
binary,alpha,beta,0.05,8.0,17,40140,50,0.1,0.01,0.05838302565324519,8.0,23.737038770728354,0.08378965550283583,True,True,True,0.04832152588261103,0.048340230716949206,0.04834007167100403,4.6299766918621845,4.629945223000443,4.629946106826567,0.0003132668978937047,1.2551241749128604e-06,0.00034851377017020013,-2.272599228803074e-06,False,False,False
binary,alpha,beta,0.05,8.0,18,40141,50,0.1,0.01,0.09760643149030077,8.0,13.082009547225255,0.13106801866067616,True,True,True,0.10755144679768973,0.10754590773790405,0.10754587334381177,3.3980705627138867,3.398244753080293,3.3982443177095747,0.0003482804808763547,1.322464218083624e-06,0.00014822020646043654,-8.210475836989417e-07,False,False,False
binary,alpha,beta,0.05,8.0,19,40142,50,0.1,0.01,0.07669460751272197,8.0,12.110524756965702,0.09130347904893181,True,True,True,0.050580937438446945,0.05061367122106425,0.05061366589050134,4.194754742050335,4.194606668405301,4.194606175203197,0.0003047300577522329,1.240988098988611e-06,0.0004757979656400124,-6.731385493452535e-07,False,False,False
binary,alpha,beta,0.25,0.25,0,50123,50,0.1,0.01,0.0614447590845189,1.0232913276395441,33.78604875366321,1.1209358171761384e-08,True,True,True,0.11426132713969785,0.11498739071817231,0.11498121501790956,3.018823602129065,3.016300578391287,3.016322951941857,0.0005291192248515457,2.240626241236194e-06,0.0034016191136743146,-2.7950570533619157e-05,False,False,False
binary,alpha,beta,0.25,0.25,1,50124,50,0.1,0.01,0.11072249542330065,1.5684100662700688,31.333022272087316,7.418007154898041e-07,True,True,True,1.406078774128263,1.4062041618390346,1.4062033860875292,2.0714047548648327,2.0714376196319586,2.0714377309161085,0.000165512414594667,2.970775126121691e-07,0.00012658489488615032,-4.235430353105585e-07,False,False,False
binary,alpha,beta,0.25,0.25,2,50125,50,0.1,0.01,0.02,2.0992598777408378,34.50949010363341,1.9123523351538554,True,True,True,0.00045435633720569934,0.0007771777080015613,0.0007761173177605752,6.217297383823411,5.984372715265039,5.984965025901468,0.00045692807176144997,1.5016328076265543e-06,0.26793940555761253,-0.0006834203857692955,False,False,False
binary,alpha,beta,0.25,0.25,3,50126,50,0.1,0.01,0.511136322671163,0.8422112028145574,32.84704388094431,1.8150160165141645e-07,True,True,True,0.5794972299834305,0.5794711547240293,0.5794701025140078,0.9615064061145104,0.9615409422947164,0.9615417353924891,4.4400944465257516e-05,2.4729731093227615e-07,-6.138839122371564e-06,-9.027249632254097e-07,False,False,False
binary,alpha,beta,0.25,0.25,4,50127,50,0.1,0.01,0.02,0.1,34.70515323646993,1.0178335308293724,False,False,False,-20.55022839146544,-20.55374372924242,-20.553734605863088,inf,inf,inf,0.00018109400074307568,4.6186536567919254e-07,nan,nan,False,False,True
binary,alpha,beta,0.25,0.25,5,50128,50,0.1,0.01,0.02,0.1,34.6924695221657,0.5783725511944325,False,False,False,-6.755805103990114,-6.754100798625036,-6.7541109938993635,inf,inf,inf,0.00026887920367512865,1.1473525043736342e-06,nan,nan,False,False,True
binary,alpha,beta,0.25,0.25,6,50129,50,0.1,0.01,0.02,0.1,34.727398487008436,2.0542275869841693,False,False,False,-37.79143220272632,-37.79428161480572,-37.79427743958888,inf,inf,inf,7.47033519606975e-05,1.1606821393602874e-07,nan,nan,False,False,True
binary,alpha,beta,0.25,0.25,7,50130,50,0.1,0.01,0.02,0.1,34.707944156778986,1.0970881313207848,False,False,False,-27.030276808456705,-27.033724333665447,-27.033717747256066,inf,inf,inf,0.00012831735088661566,2.6264716989019525e-07,nan,nan,False,False,True
binary,alpha,beta,0.25,0.25,8,50131,50,0.1,0.01,0.39570374720809,0.6144462103142242,33.885698356448856,3.793592923091243e-07,True,True,True,3.488737203126897,3.4888709393649577,3.488872697843235,0.3687328798150045,0.3687099041526419,0.36870978978061103,3.9994800405311817e-05,2.9729194018632055e-07,1.225361507550815e-05,3.7234923411233467e-07,False,False,False
binary,alpha,beta,0.25,0.25,9,50132,50,0.1,0.01,0.02,0.35240656281980665,34.6653820739916,0.3220531610281846,False,False,False,-0.028769837561023196,-0.02854944503783931,-0.028552846019994145,inf,inf,inf,0.00041592524174839413,1.3935235404940994e-06,nan,nan,False,False,True
binary,alpha,beta,0.25,0.25,10,50133,50,0.1,0.01,0.6344479532663008,0.11520735892296802,34.6320450156185,7.494457715654686e-08,True,True,True,0.6410194762901272,0.641007323570653,0.6410067328364801,0.8728531052653878,0.8728671517254946,0.8728674275051456,2.988699960886289e-05,3.5157919950064103e-07,-3.3910886045873667e-06,-6.04069015253117e-07,False,False,False
binary,alpha,beta,0.25,0.25,11,50134,50,0.1,0.01,0.02,1.1898197256862129,34.45782220776677,1.381178012849205,True,True,True,0.005247234847835284,0.005577304056128147,0.005571207885228269,5.202285893715288,5.176031786842249,5.176505725160851,0.0005499539522301014,2.3605247940030515e-06,0.030230127841782917,-0.000547987978578135,False,False,False
binary,alpha,beta,0.25,0.25,12,50135,50,0.1,0.01,0.02,3.8523585661057775,33.816669896756096,0.6134475221131198,True,True,True,0.004716640818291226,0.004933422563574363,0.00493139486847835,5.771607019828893,5.752370692373208,5.752547937697388,0.000639716018814062,2.9754593546480788e-06,0.022582448432473257,-0.00020703511004427355,False,False,False
binary,alpha,beta,0.25,0.25,13,50136,50,0.1,0.01,0.9501036270481596,0.13756308126304082,34.613470351326605,1.918794313324778e-07,True,True,True,1.158405433033291,1.158155094385389,1.158155945699648,0.7735057801720591,0.7735999725666289,0.7735997223478163,7.525415439952295e-05,2.0023206406081608e-07,-0.00010723961180758579,4.46985346513884e-07,False,False,False
binary,alpha,beta,0.25,0.25,14,50137,50,0.1,0.01,0.15845750056594218,0.3224024270699777,34.59191467961652,1.6701533345359335e-07,True,True,True,1.2563436777746444,1.2563939489581064,1.2563936975115555,0.7674872746413226,0.7674840041450288,0.7674839981262996,5.31813486776774e-05,2.3440748586239262e-07,3.6040717247942666e-05,-2.070628610795211e-07,False,False,False
binary,alpha,beta,0.25,0.25,15,50138,50,0.1,0.01,0.23909836389810102,0.22386019430281312,34.605541304068616,2.4161065164093007e-07,True,True,True,2.02053754642581,2.0207018796185565,2.020701538732332,0.24039900884718704,0.24036146897443186,0.2403614876892856,4.5616790041427215e-05,1.574859059208006e-07,3.79615888377316e-05,-1.4715068630266614e-07,False,False,False
binary,alpha,beta,0.25,0.25,16,50139,50,0.1,0.01,0.47239085239163275,0.2305944576877711,34.598908972231555,0.0009672633748999469,True,True,True,1.8263091451235776,1.8264867826919782,1.8264869429793762,0.2214290722755436,0.22135435790782093,0.22135426632416655,8.155424026529628e-05,1.2228275096686514e-07,1.1225374173307046e-05,-1.768236757015984e-08,False,False,False
binary,alpha,beta,0.25,0.25,17,50140,50,0.1,0.01,0.8317309157569504,0.1,34.66085830760198,0.1914695424432621,True,True,True,0.621648554804941,0.6216771063185291,0.6216768331178331,0.9765268466492432,0.9765141740117611,0.9765144108198417,2.4963728700291336e-05,1.2158724997672472e-07,3.117091577564679e-05,-1.6682226089415053e-07,False,False,False
binary,alpha,beta,0.25,0.25,18,50141,50,0.1,0.01,0.23395724868269047,0.1,34.66206130993983,0.01661798521013832,True,True,True,1.2086474298737633,1.20862455825333,1.2086246089503236,0.30589698069823096,0.3059033293995538,0.305903159500233,9.387023715394073e-06,5.925316793948831e-07,-1.1767942972085166e-05,-1.5365780114962035e-07,False,False,False
binary,alpha,beta,0.25,0.25,19,50142,50,0.1,0.01,0.36941726780862594,0.9756081256034277,33.18658608783211,6.050053388380547e-08,True,True,True,2.096594231573838,2.0964898254406124,2.0964895470108225,0.2610764717491144,0.26110809892705944,0.26110801978898435,3.1551460916413235e-05,3.418912727500088e-07,-1.3610992780854758e-05,-2.23918689812308e-07,False,False,False
binary,alpha,beta,0.25,0.5,0,60123,50,0.1,0.01,0.5118908930200503,0.608840559087627,33.831917310771686,1.1234667099445444e-08,True,True,True,1.4361872240122433,1.436295860478758,1.4362962275439306,0.6050753662561493,0.6050463096522076,0.6050462379351753,2.253828162663315e-05,1.1022423039367562e-07,4.235975747235443e-05,1.72996443836837e-07,False,False,False
binary,alpha,beta,0.25,0.5,1,60124,50,0.1,0.01,0.98,0.7599474438324268,33.05893394306383,1.853958028874579,True,True,True,2.2106930091262194,2.210684349011862,2.2106844452276397,0.4251406792717148,0.42513982060863664,0.42513984269182203,2.4665702977428244e-05,1.1115106322503432e-07,-4.83700816999999e-06,6.894727988537852e-08,False,False,False
binary,alpha,beta,0.25,0.5,2,60125,50,0.1,0.01,0.98,0.4749070733775309,33.9834150073732,0.12588894904298825,True,True,True,3.608121779619156,3.6081894095787863,3.6081883060035738,0.26353943022358256,0.26352349625969357,0.26352362235082666,2.2514473006375643e-05,2.047665786186329e-07,2.382982202675521e-07,-1.606851753876981e-07,False,False,False
binary,alpha,beta,0.25,0.5,3,60126,50,0.1,0.01,0.2330600420669699,0.8812435928869141,33.34903197814384,1.464821375527116e-08,True,True,True,3.140732566226358,3.1408722813641954,3.140871633815259,0.4798489202659736,0.4799120763102634,0.4799120172902721,0.00018430084081173497,3.381362048451599e-07,0.00011692086427217419,-2.7411780223474125e-07,False,False,False
binary,alpha,beta,0.25,0.5,4,60127,50,0.1,0.01,0.7474483341110286,1.241297519826669,31.07933849004824,5.132452361457207e-08,True,True,True,3.4251400102585676,3.425212112521913,3.4252111620459598,0.5716953781365226,0.5716821322122494,0.5716822046755484,1.1062312482242842e-05,1.2901912915993215e-07,5.606672107916211e-06,-1.9406762419293955e-07,False,False,False
binary,alpha,beta,0.25,0.5,5,60128,50,0.1,0.01,0.1729146581305262,0.1,34.667468322087046,0.08781244531520124,True,True,True,0.5122945116687383,0.512414986659536,0.5124149183632256,0.7620825578599276,0.7619939230976607,0.7619939855124543,5.226822846701309e-05,1.4219017231926312e-07,0.00013303382961993293,-6.14255242226136e-08,False,False,False
binary,alpha,beta,0.25,0.5,6,60129,50,0.1,0.01,0.98,1.0000200121673894,31.85679214126164,2.795271807798372,True,True,True,3.2628327004105606,3.262417611068431,3.2624167815126532,0.1884836414164485,0.18853981223827748,0.18853987305365671,9.208361432212429e-05,1.709300701279283e-07,-6.274078087997736e-05,-1.8426013070893532e-07,False,False,False
binary,alpha,beta,0.25,0.5,7,60130,50,0.1,0.01,0.8277240735971667,1.6175350374423219,28.188632878688768,5.312632485181789e-08,True,True,True,2.342469582031617,2.3425253238279806,2.3425251560876004,1.0639400083427855,1.0639256691485826,1.0639256851403087,1.0115254530080466e-05,3.5710411846065466e-08,7.234080545259758e-06,-5.319549245541566e-08,False,False,False
binary,alpha,beta,0.25,0.5,8,60131,50,0.1,0.01,0.02,0.1,34.70201476057196,0.961276907228824,False,False,False,-15.898099828982948,-15.897679451980911,-15.89768692272201,inf,inf,inf,4.28856215330255e-05,4.453593656569521e-07,nan,nan,False,False,True
binary,alpha,beta,0.25,0.5,9,60132,50,0.1,0.01,0.2734929288833681,0.31788306901658,34.51197733256879,3.511440088192664e-07,True,True,True,2.387490436729108,2.3877581812737443,2.38775780955765,0.2755669414740841,0.27553709759717065,0.27553715174533927,8.402564993452643e-05,1.568089457792256e-07,7.768610489478078e-05,-9.33353945242743e-08,False,False,False
binary,alpha,beta,0.25,0.5,10,60133,50,0.1,0.01,0.98,0.5692523196101995,33.302756775137524,1.5112004909667598,True,True,True,0.20790551225365217,0.2078492210870894,0.2078508136197589,1.5984478885623683,1.5985668840120029,1.5985635824139002,9.763387294692891e-06,2.029300194432812e-07,-0.00012993086274804,3.860826570445397e-06,False,False,False
binary,alpha,beta,0.25,0.5,11,60134,50,0.1,0.01,0.0539257123644216,0.9152038721536976,34.10283314135868,4.5922174172280066e-07,True,True,True,0.35813181561365476,0.3585435264833977,0.35853958338524616,2.5507834426095175,2.550481358183013,2.5504852308082366,0.0004546185476092103,2.115856511727079e-06,0.0007946201564195121,-6.539079755896182e-06,False,False,False
binary,alpha,beta,0.25,0.5,12,60135,50,0.1,0.01,0.98,0.40428647786899824,34.19388452438458,0.8603148948793808,True,True,True,2.204144647878616,2.204017857902329,2.2040154359031834,0.43172067853229573,0.431749777183443,0.43175010998647784,2.304481107621623e-05,4.940062456669229e-07,-2.473978030792523e-05,-7.157487260656126e-07,False,False,False
binary,alpha,beta,0.25,0.5,13,60136,50,0.1,0.01,0.020804745355489544,8.0,30.686673494131806,0.04074947959006319,True,True,True,0.017667926803138095,0.01777281195728564,0.017771395487244743,5.840151652283342,5.837814679590024,5.837848054939211,0.0005348545256713419,2.8525450267909275e-06,0.0031871043256188614,-4.1277087184710126e-05,False,False,False
binary,alpha,beta,0.25,0.5,14,60137,50,0.1,0.01,0.21808532464216607,0.5716586362249345,34.11053786167351,2.5264265982458803e-07,True,True,True,2.0835964338886663,2.083750626275755,2.0837468480174164,0.7968597177394989,0.7968577942866406,0.7968584632701734,7.558746006078484e-05,3.929464201511108e-07,7.074279836416508e-05,-1.0430067050037906e-06,False,False,False
binary,alpha,beta,0.25,0.5,15,60138,50,0.1,0.01,0.07963036065056585,0.9529236013153876,34.04772256567712,1.0658141036401503e-07,True,True,True,0.16606530923942564,0.16626043015424527,0.1662571062016692,2.561608048343206,2.5612408490546525,2.561249112896699,0.0003352580137670721,1.0057016459211018e-06,0.0007410428516649858,-1.047854551927685e-05,False,False,False
binary,alpha,beta,0.25,0.5,16,60139,50,0.1,0.01,0.41003306193000855,0.2072580030011143,34.61435119003988,0.0017471244687099394,True,True,True,2.1715760947147302,2.171792249592074,2.17179256918818,0.3527871112070171,0.35272204890126074,0.35272205241955074,6.253731860306845e-05,1.5554365458353484e-07,2.477875390383133e-05,1.512083400712072e-07,False,False,False
binary,alpha,beta,0.25,0.5,17,60140,50,0.1,0.01,0.12519280695894164,0.6358889037713201,34.521745061904205,8.94550447015815e-08,True,True,True,0.23473810366940082,0.23485642663781733,0.23485608096597435,1.6801701396707238,1.6799770752078211,1.6799776646282913,6.869532950328184e-05,1.6607206611425742e-07,0.0002808698248415453,-7.932489225481731e-07,False,False,False
binary,alpha,beta,0.25,0.5,18,60141,50,0.1,0.01,0.02,0.1,34.68847273239268,0.428974052364758,False,False,False,-3.100472888259282,-3.099362618849369,-3.0993706555420593,inf,inf,inf,0.00020100832867940183,9.343382428539553e-07,nan,nan,False,False,True
binary,alpha,beta,0.25,0.5,19,60142,50,0.1,0.01,0.98,0.35014446496482365,34.25634693271662,0.42946373923774456,False,False,False,-0.9043840888817487,-0.9043933153558382,-0.9043941712580662,inf,inf,inf,1.4705753312518102e-05,1.9175840204587368e-07,nan,nan,False,False,True
binary,alpha,beta,0.25,1.0,0,70123,50,0.1,0.01,0.2781351088223985,1.4873839096801749,30.613911310835476,1.3456169302605114e-07,True,True,True,3.125877256333588,3.125923572101747,3.1259235659987863,0.7203932125218785,0.7204429383843944,0.7204429064534625,0.00012749466549993069,7.473759727292013e-08,7.202707728382052e-05,-3.871421228041072e-08,False,False,False
binary,alpha,beta,0.25,1.0,1,70124,50,0.1,0.01,0.5337358967033797,1.0141362304540265,30.93869457456487,1.95049299119358e-07,True,True,True,5.1385976281750265,5.138728786256214,5.138728193433195,0.22612418901215653,0.22610897869985122,0.22610901786926607,1.9970660436408565e-05,7.169221213609737e-08,7.941987060888778e-06,-7.02683031761353e-08,False,False,False
binary,alpha,beta,0.25,1.0,2,70125,50,0.1,0.01,0.1530448117810781,1.2407507738958081,32.74586688989846,1.4568940155678083e-07,True,True,True,2.118468842783634,2.1184454298896775,2.1184442703930286,1.4299970373268343,1.4300519339886673,1.4300521262853705,0.00011584320105674862,1.0647634005270408e-07,5.1824312400583494e-05,-3.259441285763387e-07,False,False,False
binary,alpha,beta,0.25,1.0,3,70126,50,0.1,0.01,0.02,1.953060581061927,34.20457280607023,4.637881310998183,False,False,False,-0.00126506152757322,-0.0008418126860092327,-0.0008455044860186559,inf,inf,inf,0.0005612662168453674,2.244354954559218e-06,nan,nan,False,False,True
binary,alpha,beta,0.25,1.0,4,70127,50,0.1,0.01,0.049257188918726325,3.37048187028205,30.769562557257096,1.5514372334589984e-06,True,True,True,0.05651213253998017,0.056785402465835626,0.0567825121522495,4.19353827024553,4.1917122754069185,4.191732999574955,0.0006164151673009637,3.184487411180355e-06,0.0026946486889869448,-2.7040598723715448e-05,False,False,False
binary,alpha,beta,0.25,1.0,5,70128,50,0.1,0.01,0.03657685389745734,1.0190561419500732,34.136092704104705,8.570623866339845e-07,True,True,True,0.04686190388847437,0.047548739618439965,0.04754031051650147,3.9482331919122116,3.942122904684098,3.942199095522534,0.00048051328674018407,1.8782810849973668e-06,0.007425921858441598,-8.957064873271747e-05,False,False,False
binary,alpha,beta,0.25,1.0,6,70129,50,0.1,0.01,0.5059542243750137,0.540510552080419,34.04689216701433,3.387210209823771e-07,True,True,True,3.5351427021430157,3.5351787195164626,3.5351774666414064,0.3877391199196495,0.38774528697691246,0.3877453949385704,3.321538669119881e-05,1.669696139719078e-07,1.705830730713842e-05,-2.30106792287188e-07,False,False,False
binary,alpha,beta,0.25,1.0,7,70130,50,0.1,0.01,0.32576178153998975,0.1,34.67098499750779,0.22095451280932663,True,True,True,1.185418981471154,1.1856084625095353,1.1856070590561023,0.4470604178520434,0.44700544844107826,0.4470057919669178,6.665855902490866e-05,5.758167720907257e-07,9.575620487822789e-05,-7.882430352879055e-07,False,False,False
binary,alpha,beta,0.25,1.0,8,70131,50,0.1,0.01,0.04486720740872029,3.9187920174227697,29.394375920295435,1.2708717611874928e-06,True,True,True,0.07889921877958861,0.07916152567160574,0.07915839009378459,4.244816697042686,4.243676920758419,4.243692372015088,0.0006905848591791305,4.035262486445545e-06,0.0019850297299441877,-2.1821738865668294e-05,False,False,False
binary,alpha,beta,0.25,1.0,9,70132,50,0.1,0.01,0.5432198030264985,0.9245095320168141,32.935508876352976,2.2384915612894024e-07,True,True,True,3.0640798554601765,3.064162769925293,3.0641621796026857,0.42113808716110024,0.4211271107910518,0.42112714257617295,2.425428391964354e-05,1.321492507711199e-07,1.426671251181233e-05,-1.5605984771127623e-07,False,False,False
binary,alpha,beta,0.25,1.0,10,70133,50,0.1,0.01,0.3505921870663348,1.055662155755582,33.31944818885075,2.5943542470523923e-07,True,True,True,1.9737632168237589,1.974018632990848,1.9740170857526038,0.926972440410219,0.9269249852319634,0.9269252920611203,2.5986485840506628e-05,1.2009431953535e-07,7.433196127237807e-05,-4.3055141674130937e-07,False,False,False
binary,alpha,beta,0.25,1.0,11,70134,50,0.1,0.01,0.20368877127054316,2.237891045915606,31.087004638575287,1.6472475723495732e-08,True,True,True,0.9314080012093114,0.9315590101295494,0.9315588180196327,1.6442748249754078,1.6442303265816391,1.6442303727469103,6.02059241563289e-05,1.0213961913643143e-07,0.00011073283686258151,-1.5307438516742877e-07,False,False,False
binary,alpha,beta,0.25,1.0,12,70135,50,0.1,0.01,0.29042016449542063,1.7468450792936838,29.516518543616982,9.960583841599681e-08,True,True,True,2.1405694984858092,2.140715657643816,2.140715049022234,1.297499556176924,1.2974909692525345,1.2974910768396852,4.959918547649934e-05,4.169804106724366e-08,5.823166476304209e-05,-1.604432853241633e-07,False,False,False
binary,alpha,beta,0.25,1.0,13,70136,50,0.1,0.01,0.555185090258001,1.1819159054869157,31.02535302860785,2.153644890840781e-07,True,True,True,3.9027599154006993,3.9028574063146104,3.902856329422235,0.4179562249614983,0.4179545814195604,0.4179546785346816,2.4022824906814515e-05,1.1041490701094005e-07,2.2923366838512038e-05,-1.6411621217571337e-07,False,False,False
binary,alpha,beta,0.25,1.0,14,70137,50,0.1,0.01,0.12822912958913865,2.151881775995248,30.76611089899055,1.6442172061768946e-07,True,True,True,1.4509129991419458,1.4509574006943946,1.450957448700251,1.7753624066898581,1.775411907026242,1.7754118025530405,0.00014436594579862315,2.0929912761347326e-07,8.750419781478058e-05,-8.719357680320172e-08,False,False,False
binary,alpha,beta,0.25,1.0,15,70138,50,0.1,0.01,0.98,0.4969140106115048,33.84498390322992,0.8967923221803186,False,False,False,-0.41555316022308264,-0.4157603879523879,-0.4157615393764605,inf,inf,inf,5.4300999589797726e-05,1.7935514917793033e-07,nan,nan,False,False,True
binary,alpha,beta,0.25,1.0,16,70139,50,0.1,0.01,0.02,0.1,34.68593273826137,0.19686041502811652,False,False,False,-3.3760132820131004,-3.3761462452681026,-3.376144660553309,inf,inf,inf,5.474431694678763e-05,6.205738632897353e-07,nan,nan,False,False,True
binary,alpha,beta,0.25,1.0,17,70140,50,0.1,0.01,0.3012208503319086,1.394020861573246,32.77766131127839,1.344065072107099e-07,True,True,True,1.7878873727270506,1.7879622680138698,1.7879621753619763,1.27141971636167,1.2714081622111522,1.2714081940730524,1.589004120881182e-05,2.2673159159547945e-08,2.85721608008771e-05,-1.5137459286052035e-08,False,False,False
binary,alpha,beta,0.25,1.0,18,70141,50,0.1,0.01,0.4230218172436799,1.6125712544279747,26.950088060889037,4.1452320314058835e-08,True,True,True,4.616751526346943,4.616908473533257,4.616907850546012,0.6632668153508656,0.6632583114669547,0.6632583303732921,1.59658735948935e-05,9.383464351620384e-08,2.4090950272892542e-05,-1.1316930326188412e-07,False,False,False
binary,alpha,beta,0.25,1.0,19,70142,50,0.1,0.01,0.7086555540776706,1.3589667863137846,30.889756524172615,3.0668596674096704e-08,True,True,True,2.6966878192899384,2.6968188256347587,2.696818451479879,0.8194701496383219,0.8194532729168609,0.8194533079334374,1.2347669966604706e-05,6.202925760294332e-08,2.9050815086861803e-05,-9.842503345680598e-08,False,False,False
binary,alpha,beta,0.25,3.0,0,80123,50,0.1,0.01,0.27620895201429463,2.389830962305806,24.537029368548477,1.6798860397671538e-07,True,True,True,2.595042792824599,2.595076935482193,2.5950770078998877,1.298361972976596,1.29837160971524,1.2983715963347968,3.553915064487211e-05,4.866019673437583e-09,2.426399633748133e-05,1.2500994017727862e-08,False,False,False
binary,alpha,beta,0.25,3.0,1,80124,50,0.1,0.01,0.23410571245825262,3.026493869938056,21.30998068142831,2.5051950967091586e-07,True,True,True,1.7239942138548316,1.724052037542839,1.7240520413623557,1.2198865711607034,1.2198842825609684,1.2198842736003936,2.8343424150398675e-05,3.163928007408774e-08,3.089702374836634e-05,-8.100812465272611e-09,False,False,False
binary,alpha,beta,0.25,3.0,2,80125,50,0.1,0.01,0.7608732636863424,3.2710323139613275,21.239147502869162,3.8741367854694617e-07,True,True,True,0.9067832588951236,0.9068697795717212,0.9068697188138236,1.5193766845133965,1.5193301732562943,1.5193301890917543,1.2148978100086827e-05,3.074329463707621e-08,4.181356553090154e-05,-4.876613246551642e-08,False,False,False
binary,alpha,beta,0.25,3.0,3,80126,50,0.1,0.01,0.4325809210598353,2.8831531083442514,25.1859608565082,1.31062424089471e-07,True,True,True,1.2771117095098614,1.2771916295120944,1.2771915860510903,1.4123566191578156,1.4123337264565967,1.4123337341207551,1.1479107368860538e-05,1.67389391134349e-08,3.619535002741259e-05,-2.5204879960938342e-08,False,False,False
binary,alpha,beta,0.25,3.0,4,80127,50,0.1,0.01,0.1885250532145665,2.094222446049846,24.918188943588138,1.811017766667952e-07,True,True,True,2.421840203346397,2.4218400509531075,2.421840191528824,0.9440142569942879,0.9440543121195066,0.9440541720075893,9.259594827537657e-05,2.630070682640523e-07,4.5948977724918905e-05,-1.0326480293088025e-07,False,False,False
binary,alpha,beta,0.25,3.0,5,80128,50,0.1,0.01,0.15594988625173492,2.666090049812951,22.832236081246812,4.5341705797245004e-08,True,True,True,2.122327988236714,2.122330395757541,2.12233046021847,1.6643153208507757,1.6643833156862406,1.6643831933406594,0.00015751939064903136,2.514854151883025e-07,7.930584114745898e-05,-1.1048284420667187e-07,False,False,False
binary,alpha,beta,0.25,3.0,6,80129,50,0.1,0.01,0.23667459315873673,3.3022645882641615,18.630474524806747,1.4922270074667006e-07,True,True,True,1.426157416583143,1.4263161929220618,1.4263161260837447,1.5374196930574167,1.5374275669548714,1.5374275001488857,0.00012980097139706347,2.016468123395463e-07,0.00012026675477727622,-1.2377403635355222e-07,False,False,False
binary,alpha,beta,0.25,3.0,7,80130,50,0.1,0.01,0.29163368915714194,2.7593254158617757,22.042578000733855,9.091809075708253e-09,True,True,True,2.178286310722552,2.178382042424148,2.178382035683217,1.282847283409009,1.282859784976025,1.2828597501839032,7.271363659148128e-05,8.31228788116976e-08,5.82970169240582e-05,-4.315037571700486e-08,False,False,False
binary,alpha,beta,0.25,3.0,8,80131,50,0.1,0.01,0.337485523196927,2.6348520987806348,24.460318217421328,3.3338395518829035e-08,True,True,True,1.9591990445807166,1.9593242467083456,1.959324151964321,1.161740677862517,1.1617140598723865,1.1617140583076477,5.5933233611336286e-06,5.194220938785316e-08,3.3207458873363294e-05,-5.0156934605638526e-08,False,False,False
binary,alpha,beta,0.25,3.0,9,80132,50,0.1,0.01,0.44086275626743604,2.037794887427473,29.44060958092463,1.3987942528966712e-07,True,True,True,1.7470505887994159,1.747058593911647,1.7470582458637776,1.2707779083267392,1.2707757938772481,1.270775853368768,6.158480187547952e-06,6.338899267085425e-08,2.0169847125828255e-06,-1.3072722282458926e-07,False,False,False
binary,alpha,beta,0.25,3.0,10,80133,50,0.1,0.01,0.12855013599295467,3.2665792139931,27.043142720669135,2.9434814342293216e-08,True,True,True,0.5025711620834997,0.5027100817592061,0.5027099464469925,2.758998671602105,2.758928483205149,2.7589285401039243,0.0001148718146459773,1.3861500540087464e-07,0.00019536868779113092,-2.0365840569525062e-07,False,False,False
binary,alpha,beta,0.25,3.0,11,80134,50,0.1,0.01,0.11067041969380888,2.8004278437186887,21.52666402294742,5.207971698166647e-07,True,True,True,1.3103016910663368,1.3104734654347245,1.3104732502831524,2.2726657149677556,2.272737502907731,2.2727372504689036,0.0002963786422737001,7.465960111844234e-07,0.00021328079953164547,-4.548094594269969e-07,False,False,False
binary,alpha,beta,0.25,3.0,12,80135,50,0.1,0.01,0.363646579938848,3.190250020856423,23.475771831946513,1.7095897102360365e-07,True,True,True,0.648885707686377,0.6489150190042647,0.6489149263889687,1.661426848888962,1.6614058659101025,1.6614059100613774,3.653562442738144e-06,4.1661317183854156e-08,2.0921313335975356e-05,-9.189227867523186e-08,False,False,False
binary,alpha,beta,0.25,3.0,13,80136,50,0.1,0.01,0.23560753464493464,3.265493637560704,16.27920180669909,1.2083635272129635e-07,True,True,True,1.7182259713044108,1.7182836628684668,1.7182835847472324,1.4521501652546185,1.4521736578033437,1.4521736016331002,8.749002812445587e-05,1.7475487312829867e-07,6.0512337444862396e-05,-1.1013307599228028e-07,False,False,False
binary,alpha,beta,0.25,3.0,14,80137,50,0.1,0.01,0.2857694108716186,3.2316171167375307,22.217160959683937,2.41674563440566e-07,True,True,True,1.4941291912990764,1.494139780147934,1.4941397793911042,1.5926103318295608,1.5926301324487255,1.592630105567935,5.262628823127603e-05,6.24819280044582e-08,2.985179603243182e-05,-3.1454185034363036e-08,False,False,False
binary,alpha,beta,0.25,3.0,15,80138,50,0.1,0.01,0.3219925031170351,1.5189047024519866,32.162036081118195,1.1639570434393381e-08,True,True,True,1.736272487015236,1.7362004605867594,1.7361999181663925,1.0777775662207714,1.0778278071964098,1.0778279189562507,7.737047759543312e-05,6.156944520564476e-08,1.617408367593498e-05,-1.8374982602153977e-07,False,False,False
binary,alpha,beta,0.25,3.0,16,80139,50,0.1,0.01,0.2717365136701348,3.338317849375853,16.250251651507433,1.355271523410228e-07,True,True,True,1.7070832901388044,1.7070710868649517,1.7070710127358943,1.302945701789824,1.3029701454855382,1.3029701398207125,4.9020216034709234e-05,5.743942791382393e-08,2.094326186963258e-05,-4.994657487600307e-08,False,False,False
binary,alpha,beta,0.25,3.0,17,80140,50,0.1,0.01,0.5391037808806394,2.8334004154795487,21.100864922543575,2.061527445016654e-07,True,True,True,1.6642294125262769,1.6642411425211519,1.6642411046563186,1.048820921443476,1.0488059783563597,1.0488059867105297,2.7276181405342765e-05,4.704296129474767e-09,-1.0168719544623173e-05,-1.3133917065033529e-08,False,False,False
binary,alpha,beta,0.25,3.0,18,80141,50,0.1,0.01,0.02,6.488654771085958,26.160481336880814,8.422152424358844,True,True,True,0.00605310178929268,0.006410036146526836,0.006403072556961583,6.510613569720293,6.486181751600366,6.4866500265518505,0.0010285191845464921,8.70539560839403e-06,0.028618080442527116,-0.0005478263531060179,False,False,False
binary,alpha,beta,0.25,3.0,19,80142,50,0.1,0.01,0.15876961480687152,3.115002496667503,23.039619595112814,2.8137316541071784e-07,True,True,True,1.5480331063271813,1.5481367584385581,1.5481366936813477,1.892619162826583,1.8926365575088298,1.892636512600653,0.00010691247921309356,1.4552992577295515e-07,8.688789120014917e-05,-9.353157537361767e-08,False,False,False
binary,alpha,beta,0.25,8.0,0,90123,50,0.1,0.01,0.177996953308779,7.935245347557288,12.162543617315546,4.6730030676607296e-07,True,True,True,0.22213985023793228,0.22214506479573654,0.22214505388045996,3.239350115075107,3.2393528440263597,3.239352851677075,2.972768323949834e-05,3.168380817064103e-08,2.6575429524555716e-05,-4.0327595485223355e-08,False,False,False
binary,alpha,beta,0.25,8.0,1,90124,50,0.1,0.01,0.2912524731046315,8.0,1.5848718167526987,0.30639814416200667,True,True,True,0.1434989571644802,0.1435278453300901,0.14352783670064947,2.2799872374514676,2.2799216633663826,2.2799216533846027,5.0249431302417364e-05,8.317688503875367e-08,0.00012572588972759036,-7.161575887870697e-08,False,False,False
binary,alpha,beta,0.25,8.0,2,90125,50,0.1,0.01,0.36945838887934884,8.0,0.9700617828529127,0.10061827533660371,True,True,True,0.06711236904000722,0.06712841042866732,0.06712840409084604,2.230604811679504,2.2305089720344284,2.230508983623871,1.8526026307905576e-05,6.775984370464822e-08,0.000128573733230386,-8.107056270745261e-08,False,False,False
binary,alpha,beta,0.25,8.0,3,90126,50,0.1,0.01,0.34131309488265743,8.0,2.5771539784524142,0.16384205953073946,True,True,True,0.08723860148275038,0.0872544098768133,0.0872544047467676,2.288918970121309,2.2888488658315698,2.2888488586262197,1.9861347979476897e-05,7.541857453613494e-08,0.00010041465356391832,-6.708958122381148e-08,False,False,False
binary,alpha,beta,0.25,8.0,4,90127,50,0.1,0.01,0.23909401731159527,5.451300061873443,16.84488305798534,2.934493573944111e-07,True,True,True,0.4791116701144186,0.4791542779844986,0.4791542725919928,2.741254298307392,2.74122485018591,2.7412248839462374,2.1237146199120193e-05,6.648175776030882e-08,5.5051236330427855e-05,2.7613793918135343e-08,False,False,False
binary,alpha,beta,0.25,8.0,5,90128,50,0.1,0.01,0.30020887913583005,8.0,3.2510031742931447,0.3246145688917764,True,True,True,0.12531937801377344,0.12533395626160573,0.12533395578163917,2.4583460498727896,2.45831557822832,2.458315553701651,4.612476858395473e-05,6.033849379880776e-08,8.120815017687022e-05,-3.2066872712732675e-08,False,False,False
binary,alpha,beta,0.25,8.0,6,90129,50,0.1,0.01,0.27236374605425584,8.0,1.9255420588809349,0.355126905410294,True,True,True,0.1401151514508464,0.14012549648517644,0.14012549295307808,2.4599205928674017,2.4599143510888615,2.4599143314780783,5.9391584512323384e-05,7.03721612371337e-08,6.659575145062657e-05,-4.7784427192887335e-08,False,False,False
binary,alpha,beta,0.25,8.0,7,90130,50,0.1,0.01,0.26425601251661174,8.0,2.617717187742749,0.20122520402739105,True,True,True,0.11161283694809893,0.11163379462665358,0.11163378950599755,2.3356054210757775,2.3355487294248882,2.3355486993105146,5.714341233092391e-05,1.1528436613645433e-07,0.0001224043774332717,-8.054057953899019e-08,False,False,False
binary,alpha,beta,0.25,8.0,8,90131,50,0.1,0.01,0.31452231720718193,8.0,2.5140452897244367,0.16945491584929898,True,True,True,0.10004220777342471,0.1000551143009425,0.10005511259049987,2.201931571560307,2.2018949273752733,2.2018948901691853,4.4568827039783016e-05,1.0280490134026618e-07,8.675439420380293e-05,-5.993009577487385e-08,False,False,False
binary,alpha,beta,0.25,8.0,9,90132,50,0.1,0.01,0.5577790251754113,8.0,4.301252769961679,0.11869650379272546,True,True,True,0.06537246237176599,0.0653638672206729,0.06536386332625377,2.796613386928921,2.7966598955002104,2.7966599218231636,2.448524681723306e-05,1.864126421289603e-09,-7.797263802178378e-05,-2.9275192936495387e-08,False,False,False
binary,alpha,beta,0.25,8.0,10,90133,50,0.1,0.01,0.5008544233242731,8.0,10.879658991396731,0.3794687402081152,True,True,True,0.15294771338489396,0.15292558373991758,0.1529255753334234,1.9470942339556658,1.947158651148563,1.9471586013492146,4.2203543156913846e-06,1.6969636812867007e-07,-7.064738737305731e-05,-1.1230476459900274e-07,False,False,False
binary,alpha,beta,0.25,8.0,11,90134,50,0.1,0.01,0.3328686388240763,8.0,2.0314288973277344,0.22452131165362513,True,True,True,0.1145458570178148,0.11455828235109401,0.11455827729771388,2.2573701847350054,2.2573362202243836,2.257336212280362,3.0275301743439375e-05,6.242935695292957e-08,6.931252201169968e-05,-5.3257764864866886e-08,False,False,False
binary,alpha,beta,0.25,8.0,12,90135,50,0.1,0.01,0.223830030420303,8.0,1.5027793264395384,0.2733390867260683,True,True,True,0.1295809158153354,0.12957048821169698,0.12957048486958272,2.502778876181631,2.502854711454,2.502854663798161,9.401013242942814e-05,1.3558451130530046e-07,6.75293176355396e-06,-8.06596043290142e-08,False,False,False
binary,alpha,beta,0.25,8.0,13,90136,50,0.1,0.01,0.2511260738661695,8.0,1.3500444349680845,0.2404944699913588,True,True,True,0.12424133721157424,0.1242625855486685,0.12426257818371654,2.419865622371297,2.4198206133845677,2.4198205880380654,6.72930567504314e-05,1.1773389499723423e-07,0.00011910311283647168,-8.845050492034545e-08,False,False,False
binary,alpha,beta,0.25,8.0,14,90137,50,0.1,0.01,0.3673394356136211,5.383938072783345,11.771131227989706,1.091609192762024e-07,True,True,True,0.42269811496257836,0.42274916065702317,0.42274914294772475,1.6317764507211507,1.631742617782968,1.631742600014252,4.297746792577119e-05,8.335222213712323e-08,8.17403368138514e-05,-6.23477856009913e-08,False,False,False
binary,alpha,beta,0.25,8.0,15,90138,50,0.1,0.01,0.09091484481159479,8.0,9.419090082101551,0.15500013784947242,True,True,True,0.10181056704191524,0.1018434968545708,0.10184343163462371,3.5967945866154185,3.596837335757289,3.5968369370966324,0.0004202462338126645,1.5585251133754183e-06,0.00037150709568223306,-1.0993690775507048e-06,False,False,False
binary,alpha,beta,0.25,8.0,16,90139,50,0.1,0.01,0.34657260293192865,8.0,2.5173301324711015,0.17497840390515756,True,True,True,0.102628593319184,0.10264191148836166,0.10264190870356454,2.158741155658375,2.158697137161666,2.1586971164916062,2.8398276854085276e-05,7.474444971549414e-08,7.903303660961036e-05,-5.0928475436862186e-08,False,False,False
binary,alpha,beta,0.25,8.0,17,90140,50,0.1,0.01,0.15369191743178126,6.4281169264654086,13.164505330963072,5.808205326308769e-07,True,True,True,0.36894793539231185,0.3689365346108646,0.3689365288098929,2.475680301023379,2.4757487296562375,2.475748605959087,0.00012635835415285724,3.0073317632104343e-07,4.772197575597659e-05,-1.5813510323425817e-07,False,False,False
binary,alpha,beta,0.25,8.0,18,90141,50,0.1,0.01,0.3320218909895696,8.0,2.4059506746732837,0.12994491829787516,True,True,True,0.08466577049342666,0.0846534751551127,0.08465347310124959,2.183721448882726,2.1837988615690325,2.1837988416868197,3.304190989162909e-05,7.00684197291259e-08,-5.615511764878178e-05,-4.715224988238731e-08,False,False,False
binary,alpha,beta,0.25,8.0,19,90142,50,0.1,0.01,0.24208909671474232,8.0,4.6999018347431445,0.16442415590197657,True,True,True,0.10912213750791976,0.10914932177655949,0.10914931839975017,2.814242744988813,2.8141604743201,2.8141604662220217,5.9631635425943124e-05,4.961088213303343e-08,0.0001543289234557932,-4.0260777822709315e-08,False,False,False
binary,alpha,beta,0.5,0.25,0,100123,50,0.1,0.01,0.98,0.8278392431150369,31.895904939956534,0.6365899114513329,True,True,True,2.4483531628657182,2.4483604739825546,2.4483607612132223,0.5466359865633066,0.5466347330350292,0.5466346679880392,1.853127763287812e-05,6.353315278624401e-08,1.5853817103561596e-06,4.242739493065528e-08,False,False,False
binary,alpha,beta,0.5,0.25,1,100124,50,0.1,0.01,0.22447894469362248,0.46905914416392847,34.266382509317424,1.446177040310745e-07,True,True,True,3.5687241180625127,3.5688112642268086,3.568812446924944,0.5832951009867985,0.5833050437225831,0.5833049206132126,4.651086711456454e-05,1.0523434098066279e-07,3.60557803702477e-05,1.8966338188874943e-07,False,False,False
binary,alpha,beta,0.5,0.25,2,100125,50,0.1,0.01,0.02,0.7966203304300514,34.583998191282944,0.04888214988341184,False,False,False,-0.0014355985874832983,-0.0009611997666043463,-0.0009666752309909388,inf,inf,inf,0.00047026753588737973,1.6730856519691116e-06,nan,nan,False,False,True
binary,alpha,beta,0.5,0.25,3,100126,50,0.1,0.01,0.513066245112151,0.6030294259533006,33.74591739357178,2.74687036211357e-07,True,True,True,3.381914527576408,3.3819388294218466,3.3819381793361947,0.28000988900762736,0.2800011559745645,0.2800012401087388,1.2043592861182559e-05,1.2009062091980145e-07,-2.963836585934132e-06,-9.535973788388219e-08,False,False,False
binary,alpha,beta,0.5,0.25,4,100127,50,0.1,0.01,0.98,0.6542977380141235,32.93944714678359,0.8988272952592812,False,False,False,-0.19528392621653695,-0.19514871492157462,-0.19515118621438765,inf,inf,inf,3.4856343991724374e-05,4.1767367049755126e-07,nan,nan,False,False,True
binary,alpha,beta,0.5,0.25,5,100128,50,0.1,0.01,0.3412830460573714,1.083397100076325,33.43111369947792,7.888728466613702e-07,True,True,True,1.847512442743598,1.8475669030454216,1.847566509696894,1.0177742795758995,1.0177923458654323,1.017792430459783,7.292503321106795e-05,2.7191029694464917e-08,5.016127938262116e-05,-1.1550800849136067e-07,False,False,False
binary,alpha,beta,0.5,0.25,6,100129,50,0.1,0.01,0.2748832003099245,0.7116396264574988,33.94627146084758,2.1674465305451413e-07,True,True,True,2.640533121034717,2.640658533297192,2.6406611813192518,0.9081400312148847,0.9081323060608927,0.9081318924057896,3.4215635267787204e-05,1.338004953622554e-07,3.912656364946088e-05,5.26549975177204e-07,False,False,False
binary,alpha,beta,0.5,0.25,7,100130,50,0.1,0.01,0.98,0.18537250003688632,34.37376139211512,1.1604901765188194,False,False,False,-1.0635680580529758,-1.0636701097603145,-1.0636707645971126,inf,inf,inf,1.5081152105947939e-05,1.57152384829432e-07,nan,nan,False,False,True
binary,alpha,beta,0.5,0.25,8,100131,50,0.1,0.01,0.20759968198376666,0.8640641630853636,33.16578010134983,1.7466204203176765e-07,True,True,True,3.106133092190477,3.1063948457074257,3.1063927556007602,0.5817850079464034,0.5818155115098076,0.5818156411534431,0.00015376897866377912,4.0701915562482667e-07,0.00011886128960725273,-5.235824644955756e-07,False,False,False
binary,alpha,beta,0.5,0.25,9,100132,50,0.1,0.01,0.4106570871157644,0.8731284160902295,33.2333624929527,9.953940410498703e-08,True,True,True,3.373625160572447,3.373840199135222,3.37383874162053,0.48747855326998474,0.48748148637895233,0.48748157318420043,6.962984490207869e-05,2.6166587267235685e-07,6.678386386482771e-05,-3.320665200590156e-07,False,False,False
binary,alpha,beta,0.5,0.25,10,100133,50,0.1,0.01,0.20057512427485702,0.9292544934432403,33.39041804190771,3.34125119239601e-07,True,True,True,1.9301639911790507,1.9300790067187645,1.9300797743164313,0.8345677813898797,0.8345904745631078,0.8345903199038693,1.3308826902425004e-05,8.406915227847109e-08,-1.768450145789302e-05,2.1964461183188178e-07,False,False,False
binary,alpha,beta,0.5,0.25,11,100134,50,0.1,0.01,0.98,0.41064054742611455,34.184105483990365,0.3711040399434702,True,True,True,2.1558580706000607,2.1558860346762274,2.155882720968437,0.45759907313177406,0.45759516879805684,0.45759572687231204,3.724156687611096e-05,5.714269328169476e-07,7.581544274160024e-06,-8.945459128995026e-07,False,False,False
binary,alpha,beta,0.5,0.25,12,100135,50,0.1,0.01,0.02,0.1,34.76588810620367,3.6178653397105425,False,False,False,-78.84515876182803,-78.85592459537816,-78.8559026378152,inf,inf,inf,0.00013867323702829024,2.90310624680487e-07,nan,nan,False,False,True
binary,alpha,beta,0.5,0.25,13,100136,50,0.1,0.01,0.98,0.37823108771331804,34.2191861044098,0.22048730841113184,True,True,True,1.176210783717602,1.1761418122906973,1.1761407698007222,0.7421762143981685,0.7422023498829649,0.7422026223056177,1.3773986377589255e-05,2.998878552733761e-07,-2.9123519141194265e-05,-5.72726399639123e-07,False,False,False
binary,alpha,beta,0.5,0.25,14,100137,50,0.1,0.01,0.24479646991828533,0.41810879766559905,34.26177373216414,2.0973050344459583e-07,True,True,True,2.0381412827903898,2.0383248471137425,2.0383254752244344,0.4440523631056924,0.4440340897672556,0.4440339630584385,7.102470648590135e-05,1.0619134969632107e-07,6.918483006757015e-05,1.622714691507099e-07,False,False,False
binary,alpha,beta,0.5,0.25,15,100138,50,0.1,0.01,0.02,0.1,34.7505728739045,3.068876915123817,False,False,False,-58.4599303600066,-58.465360036279215,-58.46535078575436,inf,inf,inf,9.2730201706023e-05,1.6056069015625793e-07,nan,nan,False,False,True
binary,alpha,beta,0.5,0.25,16,100139,50,0.1,0.01,0.26534474203080327,0.8438522025318016,33.721603409579686,2.8609824802981963e-07,True,True,True,2.2133677812678205,2.213437250873407,2.2134360396887622,0.7494098977009027,0.7494275774640835,0.7494277492419597,7.27387091299007e-05,1.7759587266335847e-07,5.1391038688564095e-05,-3.494298468353918e-07,False,False,False
binary,alpha,beta,0.5,0.25,17,100140,50,0.1,0.01,0.02,0.9513361774210559,34.64930473506775,0.29426409753341914,False,False,False,-0.00043489378853569464,-0.0004035275349240353,-0.00040370282748342773,inf,inf,inf,0.00014990639372243112,1.243366268197813e-07,nan,nan,False,False,True
binary,alpha,beta,0.5,0.25,18,100141,50,0.1,0.01,0.98,0.1,34.67395334929638,0.3403759401829313,True,True,True,0.8329991254540545,0.8328537447348656,0.832854087414138,0.9933192046354311,0.9933989424568606,0.9933987797573018,2.0666461658618176e-05,5.727134485875656e-08,-8.251639197709437e-05,2.2413704670043444e-07,False,False,False
binary,alpha,beta,0.5,0.25,19,100142,50,0.1,0.01,0.02,4.019476538129945,31.203534229407534,1.16938171323966,True,True,True,0.005792491784115575,0.006325806244650307,0.0063159071860489305,6.181185261962313,6.1433569390097,6.1440342716796605,0.0009651166621140384,6.48044180692637e-06,0.043737184068099566,-0.000786286712543216,False,False,False
binary,alpha,beta,0.5,0.5,0,110123,50,0.1,0.01,0.46943839364944756,0.3827266722318268,34.46531211695186,7.280202978713243e-07,True,True,True,2.306721605775375,2.3068339194044203,2.306834195206557,0.381111349154277,0.3810921471064266,0.3810922152931159,2.237631445549253e-05,2.6314904794308697e-07,2.6779421652634028e-05,1.9806154938351028e-07,False,False,False
binary,alpha,beta,0.5,0.5,1,110124,50,0.1,0.01,0.02,3.6467883530304706,32.44497279597673,0.29639098642064826,True,True,True,0.007615642958025472,0.008062323879301432,0.008055521662345817,5.922093280117279,5.897685456409515,5.898050046946493,0.0007915185952720338,4.561571240685799e-06,0.028472566060628424,-0.00042431000520082307,False,False,False
binary,alpha,beta,0.5,0.5,2,110125,50,0.1,0.01,0.31654914089939423,1.5406153782981074,30.982060944342244,5.0369027289666333e-08,True,True,True,2.2254790974143988,2.225482254016076,2.2254818448254756,1.2053620921847785,1.2053756860971834,1.2053757661976947,3.425575595674822e-05,1.1464847964737788e-08,1.6977314057697868e-05,-9.164693182128758e-08,False,False,False
binary,alpha,beta,0.5,0.5,3,110126,50,0.1,0.01,0.8223628053090006,0.4860348787022273,33.98589594523065,7.32410687763558e-08,True,True,True,2.766620571514708,2.766688837527266,2.7666875170433696,0.339367394361505,0.33935330466553076,0.3393534568621761,1.4010140680869865e-05,2.2973067747775708e-07,8.151150332480483e-06,-3.020567618250425e-07,False,False,False
binary,alpha,beta,0.5,0.5,4,110127,50,0.1,0.01,0.16520795539472757,1.2332844811692347,33.60300734122423,2.503528191341621e-08,True,True,True,1.278530947182336,1.278640406391935,1.278640491240076,1.2783234279998883,1.2783523839105497,1.2783523132176287,0.0001528853137743118,9.640144214946469e-08,0.00011893129500606392,-1.503013891124283e-08,False,False,False
binary,alpha,beta,0.5,0.5,5,110128,50,0.1,0.01,0.9306722489619597,0.5639332667361379,33.59323955284338,1.9131948672901813e-07,True,True,True,2.625077554285952,2.6249266355411622,2.624925929128795,0.43105747928419885,0.4310878679748248,0.4310879264599564,2.6358158600216863e-05,1.585620324492314e-07,-2.2708319804110033e-05,-2.0178352855282355e-07,False,False,False
binary,alpha,beta,0.5,0.5,6,110129,50,0.1,0.01,0.12150238257789187,0.1,34.671354727481365,0.026065698932685427,True,True,True,0.6493525105421147,0.6494900458399854,0.6494891013995936,0.6280552905084119,0.6279613496235306,0.6279619602240767,7.86455999211932e-05,3.4380398441898447e-07,0.00010287673657671803,-7.511472404075903e-07,False,False,False
binary,alpha,beta,0.5,0.5,7,110130,50,0.1,0.01,0.02,0.1,34.74337628941534,2.662828857992824,False,False,False,-57.263386582709956,-57.27088406043592,-57.27087010044701,inf,inf,inf,0.00013270941017844845,2.578323483842598e-07,nan,nan,False,False,True
binary,alpha,beta,0.5,0.5,8,110131,50,0.1,0.01,0.98,0.41212921367654776,33.98173906816259,0.3108418411557289,True,True,True,1.2146590145446867,1.2146642338973086,1.2146645018797113,0.8682268197937815,0.868224081487699,0.8682239946265101,8.147299020500027e-06,3.6474066968820245e-08,1.2649887395355108e-06,1.2061995136036785e-07,False,False,False
binary,alpha,beta,0.5,0.5,9,110132,50,0.1,0.01,0.9737748165730388,0.7108763925007269,33.147814265986156,3.323828997622956e-07,True,True,True,3.5768815981285074,3.577053209481141,3.577053579167346,0.5246465382626772,0.5246142180895688,0.5246141909952403,3.452857006076362e-05,9.170305295478206e-08,1.0838954331404693e-05,7.215587061182305e-08,False,False,False
binary,alpha,beta,0.5,0.5,10,110133,50,0.1,0.01,0.98,0.1331276245712832,34.55453352623588,0.4911129217345375,False,False,False,-0.3116651426591762,-0.31170625470060237,-0.3117045051756305,inf,inf,inf,3.490195556979178e-05,2.4042756722970666e-07,nan,nan,False,False,True
binary,alpha,beta,0.5,0.5,11,110134,50,0.1,0.01,0.3961487876653995,0.27723923968897524,34.48374940826135,0.002575625675638231,True,True,True,3.7492112323666626,3.749271982441127,3.7492713836312026,0.12360084095475311,0.1235943923124079,0.12359455257315316,1.73266019693145e-05,1.9554333567881026e-07,8.803816250235741e-06,2.479333716109977e-08,False,False,False
binary,alpha,beta,0.5,0.5,12,110135,50,0.1,0.01,0.6273185677387603,0.8018403672328497,32.69616696580664,2.7056661287843682e-08,True,True,True,2.2796966810240167,2.2797345508951294,2.279733409923169,0.46446957019070567,0.4644618774865502,0.46446204572887656,1.0329060569642694e-05,1.958354296642198e-07,7.448323053438344e-06,-3.067885501195633e-07,False,False,False
binary,alpha,beta,0.5,0.5,13,110136,50,0.1,0.01,0.5229231668836876,1.2487641129160876,32.09528946856656,3.5979899663283694e-08,True,True,True,1.4989255320918204,1.498903505901684,1.4989033485474275,0.7770948443447496,0.7770895273130249,0.7770895585170755,2.7582128121213703e-05,5.273048025244931e-08,-2.088527426735709e-05,-6.905459315476037e-08,False,False,False
binary,alpha,beta,0.5,0.5,14,110137,50,0.1,0.01,0.02,4.610078293191212,30.67893803480167,5.613096309531329,True,True,True,0.007200261935280934,0.007642775616475279,0.007635595290125041,6.204905052605589,6.179350422626699,6.179756480862882,0.0007964882213361751,4.951012027264794e-06,0.02975013575056451,-0.00047244175235761077,False,False,False
binary,alpha,beta,0.5,0.5,15,110138,50,0.1,0.01,0.02,0.1,34.7058953063334,1.0298515297915998,False,False,False,-23.898928851245653,-23.901422547095095,-23.901420690248813,inf,inf,inf,0.00010402798376918586,2.1443589423054992e-07,nan,nan,False,False,True
binary,alpha,beta,0.5,0.5,16,110139,50,0.1,0.01,0.25278743937440973,1.7039877296127375,31.520494802166983,7.283809079956566e-08,True,True,True,1.76668796411747,1.766725926501731,1.7667257248333572,1.2545941346729055,1.2545986630153385,1.2545986968255418,3.26363073504648e-05,3.683355622089742e-08,2.662587636947933e-05,-7.522265477177825e-08,False,False,False
binary,alpha,beta,0.5,0.5,17,110140,50,0.1,0.01,0.24176542196230133,0.8826695430387712,33.74609128700665,1.0740717796289072e-07,True,True,True,1.96051562022655,1.9603177435521955,1.9603164650749196,0.7963039535028822,0.7963773629937014,0.7963776101646377,7.350673890726758e-05,1.3852009790961355e-07,-1.6787841857990315e-05,-3.6761275623575784e-07,False,False,False
binary,alpha,beta,0.5,0.5,18,110141,50,0.1,0.01,0.02,1.8934651310003228,34.07674741839073,1.107205644501629,True,True,True,0.005767197461516515,0.006288348054931224,0.006282401064976288,5.52667344069825,5.489391695907249,5.489801211561471,0.0006645459726636172,3.2252225801022655e-06,0.04311526606864646,-0.00047469092603336094,False,False,False
binary,alpha,beta,0.5,0.5,19,110142,50,0.1,0.01,0.4499191399130423,0.9854062875472683,33.37804620457477,4.799451888752876e-07,True,True,True,2.262144126514464,2.262056940555317,2.2620582372873757,0.6456853929485491,0.6457106969024979,0.6457104452250586,2.9497091638314144e-05,1.2679236367148914e-07,-9.12628298266327e-06,2.8349897718271677e-07,False,False,False
binary,alpha,beta,0.5,1.0,0,120123,50,0.1,0.01,0.306108516862105,1.2657432422151136,30.693013255893774,7.90092939572469e-08,True,True,True,4.206207690044873,4.2062637724516865,4.206263519322102,0.565128578838147,0.5651627094687759,0.5651626881810392,9.126482518997825e-05,1.091222334727944e-07,5.254281132494043e-05,-8.468761336644093e-08,False,False,False
binary,alpha,beta,0.5,1.0,1,120124,50,0.1,0.01,0.4536819485517121,0.4848792527257982,34.26895807821867,1.293207299340885e-07,True,True,True,2.292939206328875,2.29310245926159,2.293099895007241,0.3100880175667091,0.3100803103017,0.31008054810140157,5.809422408758906e-05,7.185429011926484e-07,6.147778619691735e-05,-8.444703425425359e-07,False,False,False
binary,alpha,beta,0.5,1.0,2,120125,50,0.1,0.01,0.08873727195321308,0.9123107861818072,34.382258713991384,2.1328121164008897e-07,True,True,True,0.5570787691283898,0.5573207781943851,0.5573197574092335,1.8630801129634555,1.8629293652328962,1.8629301363480026,8.757992784049726e-05,6.655722999035125e-08,0.0002598323284175308,-9.438161683306134e-07,False,False,False
binary,alpha,beta,0.5,1.0,3,120126,50,0.1,0.01,0.98,0.6013416783291697,33.38353516341023,1.455325719490484,False,False,False,-0.28699800312443163,-0.28684294790683607,-0.28684404079534626,inf,inf,inf,2.5174595463013848e-05,2.480267823313048e-07,nan,nan,False,False,True
binary,alpha,beta,0.5,1.0,4,120127,50,0.1,0.01,0.98,0.2258270230657129,34.515664714542545,0.06872840430110787,False,False,False,-0.0006116809201234833,-0.0006130127985841844,-0.0006131434079096017,inf,inf,inf,3.534936548141922e-05,6.601380970953792e-08,nan,nan,False,False,True
binary,alpha,beta,0.5,1.0,5,120128,50,0.1,0.01,0.28357150601693215,1.385444872288756,31.38773266585099,1.511410827296665e-07,True,True,True,2.7462441857808937,2.7462901082338003,2.7462893534146304,1.2504130095821742,1.2504439726263967,1.2504440668684975,8.877095697257649e-05,6.318282041049365e-08,5.2202943670920376e-05,-1.6635029354006292e-07,False,False,False
binary,alpha,beta,0.5,1.0,6,120129,50,0.1,0.01,0.11998664575215473,1.7901567613834994,33.33929121810401,2.7358493953699893e-06,True,True,True,0.25725804576615563,0.2574277322448237,0.25742785065227175,2.5931811112037817,2.592912470266684,2.592912260971406,4.1406244752348376e-05,2.3295146756960047e-08,0.00035031364846815904,2.1900363833537995e-07,False,False,False
binary,alpha,beta,0.5,1.0,7,120130,50,0.1,0.01,0.11217118609188495,1.3851865039354474,32.1335519581047,5.293543381412746e-07,True,True,True,2.253959552038898,2.2539169495733957,2.2539170556400077,1.6192428035348196,1.6193060056642676,1.6193058937221856,0.0001265061225279265,2.144294276767078e-07,5.378097581143493e-05,-8.18192873452972e-08,False,False,False
binary,alpha,beta,0.5,1.0,8,120131,50,0.1,0.01,0.98,1.2671511598872136,30.317378376506607,2.728262430196083,True,True,True,3.5889904420407626,3.589100335505656,3.5891001015754855,0.6098953675698124,0.6098712507698736,0.6098712582352317,2.747199384430532e-05,4.993851180614294e-08,2.797059746484365e-06,-5.6583132845844375e-08,False,False,False
binary,alpha,beta,0.5,1.0,9,120132,50,0.1,0.01,0.98,0.8789429538113276,31.72600296528316,0.8740097428017182,True,True,True,2.503607222252287,2.503559043706941,2.503559608249148,0.45865214859081765,0.4586559105897629,0.45865584001647525,1.7627264753050676e-05,9.546358631393053e-08,-1.4768430162348523e-05,1.4424533745227563e-07,False,False,False
binary,alpha,beta,0.5,1.0,10,120133,50,0.1,0.01,0.19880147320099592,1.7655968434392937,32.080001311199844,1.4922754133051678e-07,True,True,True,1.4869319484266466,1.4871030870189086,1.4871027899762481,1.4142015380419062,1.4142113868836579,1.4142114314386451,0.0001378672220404732,9.75509162916906e-08,0.00012627893249828048,-1.4845004159269592e-07,False,False,False
binary,alpha,beta,0.5,1.0,11,120134,50,0.1,0.01,0.3461409621959472,0.42686878513979376,34.21692201303626,2.0163019518779936e-07,True,True,True,2.0600746182190264,2.060351530832049,2.0603512622782483,0.4144100956759574,0.4143508731351251,0.4143509164818758,4.8322682302103484e-05,1.1221689644112973e-07,6.614678744654157e-05,-8.043890176168134e-08,False,False,False
binary,alpha,beta,0.5,1.0,12,120135,50,0.1,0.01,0.98,0.9181112806094494,32.06772698607391,2.269789622033618,False,False,False,-0.5343312932185642,-0.5345906946882669,-0.5345905732579461,inf,inf,inf,5.557995984654845e-05,1.0540891810185876e-07,nan,nan,False,False,True
binary,alpha,beta,0.5,1.0,13,120136,50,0.1,0.01,0.3229742431666953,1.489169126711633,31.57571151932334,1.7555211495966961e-07,True,True,True,2.3297910773654,2.3298366876457943,2.329836449721847,0.8099337783340822,0.8099622200237513,0.8099622075310291,8.95838098081196e-05,1.3509236744697943e-07,5.220499351210606e-05,-1.165032230687757e-07,False,False,False
binary,alpha,beta,0.5,1.0,14,120137,50,0.1,0.01,0.947573449643825,1.0538157878642023,30.746048072013526,1.9467661900025346e-07,True,True,True,4.707812642946886,4.70786471465519,4.707864638929525,0.4879921052028795,0.4879805070505016,0.4879805017801252,1.532053528740322e-05,2.818626888233837e-08,-2.31437916298205e-06,-2.2152672585207256e-08,False,False,False
binary,alpha,beta,0.5,1.0,15,120138,50,0.1,0.01,0.7703708345314064,0.26902322934799305,34.47581878297757,4.4465728070570756e-07,True,True,True,2.768875059291297,2.7689604838908224,2.768958773846575,0.30879298687973766,0.3088059583245592,0.3088060502606399,5.682912431159711e-05,4.669976056539899e-07,4.527345569727004e-05,-5.117311232538668e-07,False,False,False
binary,alpha,beta,0.5,1.0,16,120139,50,0.1,0.01,0.08290764351700257,2.3788063101746,29.382834378534596,7.929055883117477e-07,True,True,True,0.7567067117699869,0.7568695052698154,0.7568687440632699,2.6671091868551966,2.6671443868453113,2.6671444026332005,0.0002956914108239773,9.71446995030362e-07,0.000254649002876306,-9.87554262366075e-07,False,False,False
binary,alpha,beta,0.5,1.0,17,120140,50,0.1,0.01,0.3974559176856293,1.225223097491624,29.94449348444199,7.674310840156047e-09,True,True,True,4.105009655440325,4.105086288642184,4.105085293146587,0.2906722214382823,0.29067620820842055,0.29067623522886055,2.640774192095516e-05,1.974270260548164e-07,2.304658469398646e-05,-2.1139456407581747e-07,False,False,False
binary,alpha,beta,0.5,1.0,18,120141,50,0.1,0.01,0.13519898970030872,1.3626230669921258,31.57227127541676,1.8100635318178818e-07,True,True,True,2.7235588270462774,2.7237214717690628,2.723721145008679,1.3877981045380745,1.387852472212377,1.3878524026843817,0.00018540022464620692,2.7989100354004463e-07,0.00012210901950027164,-2.0001542111458548e-07,False,False,False
binary,alpha,beta,0.5,1.0,19,120142,50,0.1,0.01,0.98,0.5092923673639791,33.72819606571541,1.4611355210057364,False,False,False,-1.9937031403116017,-1.9937164864501644,-1.9937153708181576,inf,inf,inf,2.8617318573668124e-05,2.1370499400179536e-07,nan,nan,False,False,True
binary,alpha,beta,0.5,3.0,0,130123,50,0.1,0.01,0.5766342320457876,2.9447535367314734,27.144999207718666,7.437558737040494e-08,True,True,True,1.1182223236695965,1.1182857194753602,1.1182856188155474,1.0819822920727376,1.0819495397617758,1.0819495569965814,1.9340574984678364e-05,5.100672046117736e-08,1.8914113557144674e-05,-7.017030512201927e-08,False,False,False
binary,alpha,beta,0.5,3.0,1,130124,50,0.1,0.01,0.48138219931177345,3.511734713041429,15.172142973766876,1.9909659770942638e-07,True,True,True,1.3487058151186486,1.3486981655094792,1.3486981339190034,1.4306743042496977,1.4306819242595825,1.4306819254314596,1.2333793220180156e-05,2.0742875251029757e-08,3.0789562543986904e-06,-2.2073766814401097e-08,False,False,False
binary,alpha,beta,0.5,3.0,2,130125,50,0.1,0.01,0.02041643245209111,8.0,25.3210464893667,0.021698592564684576,True,True,True,0.014090413014647498,0.01437224476902594,0.01436770802291112,6.136152006017216,6.128008437814117,6.128141578760442,0.0010433282151089246,9.142043317693848e-06,0.010266206724068638,-0.0001624258838113235,False,False,False
binary,alpha,beta,0.5,3.0,3,130126,50,0.1,0.01,0.2642416914002925,5.713756737138728,15.715464565656681,2.5687628286810117e-07,True,True,True,0.42043454155458043,0.4204765762654499,0.420476567744415,2.7212669249654406,2.7212568068186953,2.721256814484119,7.671600409378716e-05,6.330092526046022e-09,8.831381961016405e-05,-1.1440036473686632e-08,False,False,False
binary,alpha,beta,0.5,3.0,4,130127,50,0.1,0.01,0.5784587913030287,2.832859344199335,21.242035670742048,5.206100728969666e-08,True,True,True,1.7411536825961353,1.7412385321112716,1.7412383983366246,1.2295748475099098,1.2295619583320927,1.2295619865989424,1.9223740157303796e-05,1.2973387747672382e-08,3.384709264508956e-05,-4.428388677979456e-08,False,False,False
binary,alpha,beta,0.5,3.0,5,130128,50,0.1,0.01,0.37133042555267926,3.514209748684506,20.924946478485158,5.832096836351922e-08,True,True,True,1.1953011123454962,1.195396516149707,1.1953964282157092,1.4734368051910143,1.4734245217753932,1.4734245445585545,5.155110550270767e-05,2.1344916864307377e-08,6.56233873108647e-05,-4.733044534077635e-08,False,False,False
binary,alpha,beta,0.5,3.0,6,130129,50,0.1,0.01,0.3533068712655562,2.7690774897861843,20.448796625619146,1.7568649475235917e-07,True,True,True,2.2670745901625375,2.2670301540298476,2.2670301273801288,1.0671302901771385,1.0671437301864672,1.0671437284538658,1.1978903767291586e-05,1.82280301558071e-08,-4.141208336250202e-06,-1.3750074856488936e-08,False,False,False
binary,alpha,beta,0.5,3.0,7,130130,50,0.1,0.01,0.5567980230286496,4.335483400119894,8.107687544389892,1.7734498824819226e-07,True,True,True,0.7673988882717857,0.7674312598486119,0.7674312235185858,1.5142967692121487,1.5142724758876862,1.5142724822479765,1.3954716704981831e-05,3.306958880589279e-08,1.4173877280754255e-05,-4.0017225089172825e-08,False,False,False
binary,alpha,beta,0.5,3.0,8,130131,50,0.1,0.01,0.6663649535852186,3.958013710059546,12.593461684016113,1.7088884134500247e-08,True,True,True,0.9135295679634059,0.9135323145538796,0.9135322999451095,1.4771726453529932,1.4771653759435606,1.4771653850075,1.372011791492887e-05,5.945183161505873e-09,-5.368207821376814e-06,-5.556273663387401e-09,False,False,False
binary,alpha,beta,0.5,3.0,9,130132,50,0.1,0.01,0.2830988079771862,3.891166435974301,24.732035151981666,1.9126821983403805e-08,True,True,True,0.8619322056182983,0.8619323000435046,0.8619321850979761,1.7993371329475338,1.7993622509046936,1.7993622811119048,5.8037268042889296e-05,6.425476764718462e-08,2.8929086848705765e-05,-9.858062455236904e-08,False,False,False
binary,alpha,beta,0.5,3.0,10,130133,50,0.1,0.01,0.2766527747752262,3.669322790388371,19.504708915186637,5.3290705182007514e-08,True,True,True,1.1789484933359404,1.1789046666509981,1.1789046503174152,1.8539510531588026,1.8539932343184926,1.8539932169481437,5.9895647552786087e-05,5.388757420035392e-08,1.1353925742696447e-05,-3.385323310567401e-08,False,False,False
binary,alpha,beta,0.5,3.0,11,130134,50,0.1,0.01,0.35317228721239124,3.9306957462942456,14.865430925507436,1.1404401235114662e-07,True,True,True,1.1372719908957607,1.1372821622861273,1.1372821009924714,1.3956289223241334,1.395643251754689,1.3956432471031395,4.210931764951653e-05,6.480763026245462e-08,2.5381750829112093e-05,-5.925014967544939e-08,False,False,False
binary,alpha,beta,0.5,3.0,12,130135,50,0.1,0.01,0.6004875910481783,3.197445411133163,17.85534381940158,3.917844747980432e-08,True,True,True,1.4788054581536474,1.4788911498428687,1.4788911740958686,1.337005552052686,1.3369755832616494,1.3369755695504066,1.176380435179033e-05,1.5295563009521914e-08,2.3442649222715772e-05,6.137987895726837e-10,False,False,False
binary,alpha,beta,0.5,3.0,13,130136,50,0.1,0.01,0.38543625728484654,2.795181993152116,20.0405482692907,9.315677740885207e-08,True,True,True,2.2646672947585835,2.2647229742430257,2.2647229092170216,0.9930271290907701,0.9930020538587933,0.9930020391624962,3.314884771612313e-05,6.230748015891422e-08,-4.328696917355046e-06,-4.563230149301489e-08,False,False,False
binary,alpha,beta,0.5,3.0,14,130137,50,0.1,0.01,0.07990250646637281,5.448762927356745,16.31903742347699,1.3646237795947903e-06,True,True,True,0.07989934086358107,0.08005108318930258,0.08005024507220077,3.6952461113678883,3.694683179303748,3.694686506439233,0.0005987270922080501,2.8110283682250468e-06,0.0012426287227036426,-6.6393269264608534e-06,False,False,False
binary,alpha,beta,0.5,3.0,15,130138,50,0.1,0.01,0.98,1.666235772184555,26.91071311202708,1.3698740382039918,True,True,True,3.1347724190719757,3.134841074386278,3.134840657197756,0.7232216658713817,0.723203881896977,0.7232039195266701,1.940988984878212e-05,5.197390106449931e-08,1.3366562079397681e-06,-8.975845844361174e-08,False,False,False
binary,alpha,beta,0.5,3.0,16,130139,50,0.1,0.01,0.5364822172614232,2.3373757160701927,23.67310699465113,2.650189765658277e-07,True,True,True,2.3313523202404753,2.331394836577558,2.3313945414066066,0.9004840590901617,0.900491474801764,0.9004915059704118,3.528355800803438e-05,5.897300984902561e-08,2.6683534851912327e-05,-9.072279638644432e-08,False,False,False
binary,alpha,beta,0.5,3.0,17,130140,50,0.1,0.01,0.7151416857788996,3.924415502016065,15.546918198295035,7.083711841461481e-09,True,True,True,0.8651769380235798,0.865200508185628,0.8652005256558521,1.6194441575393257,1.6194316201567702,1.6194316111353695,3.1110708916662762e-06,2.0552636161572206e-09,1.2818409253156915e-05,9.805839695786744e-09,False,False,False
binary,alpha,beta,0.5,3.0,18,130141,50,0.1,0.01,0.4219168339457981,3.62758261963177,22.633840282453008,6.764527583632036e-08,True,True,True,0.8170792895008459,0.8170385394470595,0.8170384717127943,1.7962820251631104,1.7963087668363074,1.796308798375898,1.2317751735263965e-05,1.1150586378251895e-08,-1.913317220925137e-05,-4.659087338154677e-08,False,False,False
binary,alpha,beta,0.5,3.0,19,130142,50,0.1,0.01,0.4212561277804551,2.3727483653956183,23.53429302661515,2.3371334650794671e-07,True,True,True,2.6415387501887597,2.6416442965829936,2.6416442642223066,1.1346569202088803,1.1346554361200525,1.1346554274046168,3.661229202198629e-05,3.28379166959254e-08,3.822470293712854e-05,-2.228422246730588e-08,False,False,False
binary,alpha,beta,0.5,8.0,0,140123,50,0.1,0.01,0.4886223664349028,8.0,5.882076914961209,0.19570910098085317,True,True,True,0.08900902254951804,0.08904336461147709,0.0890433553220982,2.6302651859155253,2.6300963999011424,2.630096438519088,3.050846870704734e-06,1.5421477970056594e-08,0.00019137039478689388,-5.986366513610619e-08,False,False,False
binary,alpha,beta,0.5,8.0,1,140124,50,0.1,0.01,0.35011665325446784,8.0,1.192600440851755,0.1688311178222138,True,True,True,0.09073228470716331,0.09073647984379447,0.09073647361145241,2.22640104936401,2.226390109949022,2.2263901082148547,2.1112373174136514e-05,7.270484766258333e-08,3.357020817573719e-05,-7.068271501431411e-08,False,False,False
binary,alpha,beta,0.5,8.0,2,140125,50,0.1,0.01,0.39751778430870627,8.0,2.524600055581512,0.15440767425769267,True,True,True,0.08674905179060707,0.08675608800115618,0.08675608483525857,2.1304059966615676,2.1303769744511327,2.130376956483794,1.4375519141320148e-05,7.786907569198177e-08,4.763642049310235e-05,-5.717759976597847e-08,False,False,False
binary,alpha,beta,0.5,8.0,3,140126,50,0.1,0.01,0.6386722287215898,8.0,5.808589334347318,0.15047276941131835,True,True,True,0.06389563236804177,0.06389204894877905,0.06389204292146708,3.046855349569908,3.046875700724197,3.0468757403626348,9.270978619680703e-06,3.128959287026496e-09,-3.270252286746711e-05,-4.870043568416804e-08,False,False,False
binary,alpha,beta,0.5,8.0,4,140127,50,0.1,0.01,0.3786537107437121,8.0,0.9328859255978922,0.0941154636308216,True,True,True,0.06863840328846753,0.06863802394906757,0.06863802096309844,2.0838623964708614,2.0838729162162255,2.083872910199665,1.872694421184159e-05,5.73691055198558e-08,6.5342242301369424e-06,-5.0429955766873036e-08,False,False,False
binary,alpha,beta,0.5,8.0,5,140128,50,0.1,0.01,0.3791990487287861,7.110405934945429,14.674598179602166,4.5778339836186796e-08,True,True,True,0.27337779719285055,0.27340767453398007,0.2734076778290221,2.5957399080919727,2.595701926135388,2.5957019101665515,2.1824881907812043e-05,2.4757881398923465e-08,6.554891893628678e-05,-6.3330478639045396e-09,False,False,False
binary,alpha,beta,0.5,8.0,6,140129,50,0.1,0.01,0.4723518793049823,7.065107480902786,13.543133337022343,1.6703223965523065e-07,True,True,True,0.19004012660263533,0.19006806378744057,0.19006805270973598,2.8600955108504706,2.8600402252004113,2.8600402563134657,1.971366153593252e-05,1.3391823789439805e-08,8.332354413553844e-05,-2.2462602444761615e-08,False,False,False
binary,alpha,beta,0.5,8.0,7,140130,50,0.1,0.01,0.5994196542518238,4.838386047813045,16.696736080997898,1.0714900146472543e-07,True,True,True,0.5052841020415866,0.505256793841994,0.5052567875494226,1.8164668214365869,1.8165068288680322,1.8165068240949873,3.824408876838574e-05,2.4122332884789457e-08,-8.00439032389022e-06,-1.794937531940377e-08,False,False,False
binary,alpha,beta,0.5,8.0,8,140131,50,0.1,0.01,0.5236644009650581,8.0,3.9663016205357198,0.23174719268604718,True,True,True,0.11098079842791528,0.11099483840598727,0.11099483626454158,2.679800848575848,2.679765403359781,2.6797653862723188,4.4845958204277854e-05,5.8638960840660725e-08,8.565339280375284e-05,-3.8965868753848554e-08,False,False,False
binary,alpha,beta,0.5,8.0,9,140132,50,0.1,0.01,0.4165992900203299,8.0,3.0536185477154767,0.27626228507606515,True,True,True,0.11483610303416536,0.11485053900865604,0.11485053691099918,2.325517958618942,2.3254693923902146,2.3254693851824157,1.3867740791953355e-05,3.487054451928289e-08,6.97609724071846e-05,-2.656251640864582e-08,False,False,False
binary,alpha,beta,0.5,8.0,10,140133,50,0.1,0.01,0.5806131693731279,8.0,7.577113834585952,0.3261115467667987,True,True,True,0.12369981440035974,0.12369648599661395,0.12369648052971331,2.5104616257674652,2.5104782023574876,2.510478197185244,1.1229816381917048e-05,5.6125769445991856e-08,-7.8731121142539e-06,-5.015085413617726e-08,False,False,False
binary,alpha,beta,0.5,8.0,11,140134,50,0.1,0.01,0.31504111367783005,8.0,1.1768472655208142,0.17209404296060188,True,True,True,0.0921136813612028,0.09213027789693368,0.09213027693048738,2.387994500018593,2.38793335600736,2.3879333352110548,3.932423357601268e-05,5.846186733228063e-08,0.00010972918534357667,-3.44326278600704e-08,False,False,False
binary,alpha,beta,0.5,8.0,12,140135,50,0.1,0.01,0.335759947846769,8.0,7.068437021653066,0.5198729544076361,True,True,True,0.16319205180867047,0.16317136159300194,0.16317136074299102,2.5791168059657408,2.579201349517248,2.579201343952746,6.789809392699012e-05,1.8142100060925032e-08,-2.9469749766697362e-05,-1.1615684414323368e-08,False,False,False
binary,alpha,beta,0.5,8.0,13,140136,50,0.1,0.01,0.44642519723846136,5.098076168465123,8.634316767754576,1.8304967046225707e-07,True,True,True,0.46644814101909965,0.46644574751608847,0.46644573055546446,1.9420404514880274,1.9420450248496297,1.9420450365512374,5.5445853230205935e-06,9.436641782262189e-09,1.1103665364942117e-07,-2.2889436124273743e-08,False,False,False
binary,alpha,beta,0.5,8.0,14,140137,50,0.1,0.01,0.48835496053909544,5.524009259988429,11.587436648612067,2.6647292960099862e-08,True,True,True,0.4258727354603593,0.42589483551604973,0.42589481180941136,1.667960291424574,1.6679144592984125,1.6679144802577404,5.3651354381019354e-05,7.50058020568516e-09,-9.054966323418512e-07,-3.153281014078857e-08,False,False,False
binary,alpha,beta,0.5,8.0,15,140138,50,0.1,0.01,0.8485116167346964,8.0,8.067187023903404,0.01507051883398212,True,True,True,0.0290886426618321,0.029133568006315638,0.029133554699620402,3.315757137830602,3.3150544512531797,3.31505462570434,7.485959875243061e-05,5.54439189444271e-08,0.0007339839140065862,-2.559036573757112e-07,False,False,False
binary,alpha,beta,0.5,8.0,16,140139,50,0.1,0.01,0.32313813579188394,4.271046420699277,12.512480360110086,4.867483047160859e-09,True,True,True,0.8988312893477689,0.8988591309136758,0.8988590974624244,1.643672140359359,1.6436809104988586,1.643680901642425,5.1101817321858086e-05,5.760167727724371e-08,4.10244016730843e-05,-4.741158043941596e-08,False,False,False
binary,alpha,beta,0.5,8.0,17,140140,50,0.1,0.01,0.6520114610137724,7.019339597311649,10.463055850911822,1.572077839743183e-07,True,True,True,0.0808891257838983,0.08096875725141384,0.08096873177748495,2.608147489083706,2.6076900216158387,2.6076901301519473,6.956938377567515e-05,6.53238715620559e-08,0.0004570992737296109,-1.896575376747478e-07,False,False,False
binary,alpha,beta,0.5,8.0,18,140141,50,0.1,0.01,0.7071774955881299,8.0,13.943506551770533,0.09182441451667533,True,True,True,0.059511890958965634,0.059565251943512594,0.059565246238997546,3.128988472122224,3.128597656093255,3.128597685307745,3.7673801140063407e-06,2.8533139113767665e-08,0.0004462366159980746,-6.213475423066939e-08,False,False,False
binary,alpha,beta,0.5,8.0,19,140142,50,0.1,0.01,0.36971095048311947,5.951061680730249,13.772456816634824,2.096488378718841e-07,True,True,True,0.3457054082766016,0.34565062034122296,0.3456506088287845,2.590404572484217,2.5905027495823743,2.590502735841967,6.750945002950781e-05,6.498394958374233e-08,-4.551269259422952e-05,-4.9125803869287665e-08,False,False,False
binary,alpha,beta,0.75,0.25,0,150123,50,0.1,0.01,0.230831813977008,0.1,34.66752940685276,0.06324911041472825,True,True,True,0.6426926850635749,0.642708228479608,0.6427093572529268,0.4891428636903302,0.4891389183153247,0.4891383066499465,6.629660780599107e-05,7.142043876884817e-07,2.0694330025605723e-05,1.052069109164222e-06,False,False,False
binary,alpha,beta,0.75,0.25,1,150124,50,0.1,0.01,0.24637037097541598,0.1,34.67245543934653,0.11046211767507118,True,True,True,0.6108608415790202,0.6109735145328983,0.6109735820696212,0.4598175296713744,0.459704035789288,0.45970394772509227,0.00011797707920882563,2.5553923509624984e-07,5.377694511565778e-05,9.151868596291024e-09,False,False,False
binary,alpha,beta,0.75,0.25,2,150125,50,0.1,0.01,0.02,1.178545267728175,34.55964526988247,1.6298518445978614,False,False,False,-0.000752658656221977,-0.000584892055105321,-0.0005870593767291027,inf,inf,inf,0.0004337549253243228,1.5489111562203037e-06,nan,nan,False,False,True
binary,alpha,beta,0.75,0.25,3,150126,50,0.1,0.01,0.26047845216737103,0.31922277339069477,34.51526571766721,1.3481600519334533e-07,True,True,True,0.6748985059091744,0.6749825689840446,0.6749829802016312,0.710323220736577,0.7102549373765285,0.7102547937621516,3.990518326952879e-05,3.0194555179560273e-07,4.6378621853193636e-05,4.438846232801552e-07,False,False,False
binary,alpha,beta,0.75,0.25,4,150127,50,0.1,0.01,0.02,0.1,34.707480272835795,1.2228898092250087,False,False,False,-18.173968301661944,-18.174486510793177,-18.174486150217383,inf,inf,inf,2.5737064802631947e-05,9.29911862704128e-08,nan,nan,False,False,True
binary,alpha,beta,0.75,0.25,5,150128,50,0.1,0.01,0.02,0.1,34.72463253985765,2.013351175913044,False,False,False,-30.74569151779227,-30.747222211771657,-30.74721887547006,inf,inf,inf,4.793504688292168e-05,1.058459046917626e-07,nan,nan,False,False,True
binary,alpha,beta,0.75,0.25,6,150129,50,0.1,0.01,0.02,0.1,34.763349882712355,3.459394486550636,False,False,False,-79.7626362557277,-79.773675314471,-79.77365478550013,inf,inf,inf,0.00013959686957804376,2.9263147192316113e-07,nan,nan,False,False,True
binary,alpha,beta,0.75,0.25,7,150130,50,0.1,0.01,0.5761926186957648,0.7551290103252504,33.28733982202764,1.8115356374411765e-08,True,True,True,2.8883150318570814,2.8884324357903455,2.8884306816243366,0.22248000306610427,0.22244786888336043,0.2224480115938821,3.748656230671572e-05,3.943911820101742e-07,3.2082203915706486e-06,-4.4300588797341334e-07,False,False,False
binary,alpha,beta,0.75,0.25,8,150131,50,0.1,0.01,0.5732848150131745,0.9270367624401766,32.21534615270062,1.2755182205393283e-07,True,True,True,4.724395782457865,4.724387266590899,4.7243874179353345,0.2775525684012796,0.27755059288433936,0.27755054715329947,1.0040790749806723e-05,7.996056924923031e-08,-4.097545030390393e-06,-2.061508297401815e-08,False,False,False
binary,alpha,beta,0.75,0.25,9,150132,50,0.1,0.01,0.06604543001261166,0.3246447885700632,34.608795278482255,2.2181000188635333e-07,True,True,True,0.6647524669039049,0.6648737458268829,0.6648747926376148,1.4826390320938097,1.4826201709167333,1.482619421982996,0.00014837518765184557,2.359591702831599e-07,0.0001614230649593651,7.122073242271654e-07,False,False,False
binary,alpha,beta,0.75,0.25,10,150133,50,0.1,0.01,0.30832294890833906,0.713600539901004,33.86809787516003,1.2079226507921703e-07,True,True,True,1.657629694489986,1.657757282784028,1.6577551119966099,0.5033423944258701,0.5033337033531522,0.5033341819913774,6.044440944084449e-05,4.488133768810364e-07,6.620297368442607e-05,-7.58420640067925e-07,False,False,False
binary,alpha,beta,0.75,0.25,11,150134,50,0.1,0.01,0.02,0.1,34.689779009997146,0.34342396410982584,False,False,False,-8.529477524613556,-8.530348314790334,-8.530348584700345,inf,inf,inf,0.00011291652632548778,1.8872945425139205e-07,nan,nan,False,False,True
binary,alpha,beta,0.75,0.25,12,150135,50,0.1,0.01,0.98,0.7749389512901848,32.04350435095661,0.2716271936265757,True,True,True,2.2157368947020704,2.2156731701604877,2.2156725731368057,0.5687828596391937,0.5688049987971752,0.5688050532437351,2.2654967968804283e-05,1.5861058562343517e-07,-3.4785136371340286e-06,-2.067708777531152e-07,False,False,False
binary,alpha,beta,0.75,0.25,13,150136,50,0.1,0.01,0.3804240831164324,0.9566207089722225,32.276399282468375,1.0828494122086006e-07,True,True,True,4.7076340233289375,4.707699753177589,4.707698505784083,0.4379223457792097,0.4379306179891565,0.4379306467858628,3.412352725599901e-05,2.0760439178164666e-07,2.3254216408474804e-05,-2.3181539177130617e-07,False,False,False
binary,alpha,beta,0.75,0.25,14,150137,50,0.1,0.01,0.10457766105140227,0.3147039035431355,34.62072377802442,2.566820266478721e-07,True,True,True,0.44808729253189705,0.4481659176869402,0.44816653714527677,1.1875663523454727,1.1875057744783353,1.1875051365712062,8.90581347662483e-05,1.897811086477953e-07,0.00010635793753266398,6.477889158418293e-07,False,False,False
binary,alpha,beta,0.75,0.25,15,150138,50,0.1,0.01,0.02,1.2357638202657475,34.51328413030744,0.8259162811441476,False,False,False,-0.004642939437682468,-0.004329463322258207,-0.004332075484153748,inf,inf,inf,0.00048268599955048687,1.6497807952044572e-06,nan,nan,False,False,True
binary,alpha,beta,0.75,0.25,16,150139,50,0.1,0.01,0.02,0.1,34.6918432907582,0.44831661797283884,False,False,False,-8.976175873925227,-8.976960123958346,-8.976957804623312,inf,inf,inf,8.486433200076041e-05,2.4486284284951827e-07,nan,nan,False,False,True
binary,alpha,beta,0.75,0.25,17,150140,50,0.1,0.01,0.3449693177258001,1.5285832326048285,30.355862461474118,7.032085335459e-08,True,True,True,3.16334131682593,3.1634241595433186,3.163424085179061,0.7338006184343057,0.7338032220481172,0.7338032030380813,3.220890859931233e-05,6.773741967375979e-08,2.914014342536575e-05,-4.5393633740786754e-08,False,False,False
binary,alpha,beta,0.75,0.25,18,150141,50,0.1,0.01,0.02,0.1,34.72102045927043,1.769270169877401,False,False,False,-31.90685534371034,-31.91019347608556,-31.91018731359052,inf,inf,inf,0.00010898087429584642,2.1159034984424915e-07,nan,nan,False,False,True
binary,alpha,beta,0.75,0.25,19,150142,50,0.1,0.01,0.07700715049212835,0.32069043703539485,34.61845868119849,2.7438820090210395e-07,True,True,True,0.7106536741367765,0.7110006049466618,0.7109979570855919,1.3511784084652512,1.3509908885418123,1.3509924188705786,6.48355587707416e-05,2.677258069245238e-07,0.0002702137887098388,-1.9622841946898006e-06,False,False,False
binary,alpha,beta,0.75,0.5,0,160123,50,0.1,0.01,0.06047376759822523,2.1093125322393154,30.644831895255443,1.0783936252369727e-06,True,True,True,0.20625069987825514,0.20676512468515645,0.20676091038038638,3.4799328580507725,3.479051341087719,3.4790593557497433,0.00046021204295127117,1.935023866659175e-06,0.0014650281493686634,-1.1155074115976049e-05,False,False,False
binary,alpha,beta,0.75,0.5,1,160124,50,0.1,0.01,0.4205999548967704,1.5234124128855449,30.27156331252583,4.812211053765514e-08,True,True,True,1.7019361586136694,1.701997327621965,1.7019966616506728,0.8048964074008313,0.8048850266866959,0.8048851382663673,1.738874565359428e-05,1.5658424430629284e-07,2.257483142287242e-05,-2.6282732790150476e-07,False,False,False
binary,alpha,beta,0.75,0.5,2,160125,50,0.1,0.01,0.98,1.384107563882583,30.899477143619514,3.9897795858223617,True,True,True,3.139876899852528,3.139859233141544,3.139858912543932,0.7139810809928245,0.7139804793947655,0.7139805323908378,1.4863109235918098e-05,3.015641225789869e-08,-6.3602846012145164e-06,-4.1091748670396555e-08,False,False,False
binary,alpha,beta,0.75,0.5,3,160126,50,0.1,0.01,0.98,0.5547872460453408,33.60006601516927,0.019829496267389106,True,True,True,2.6062842071406798,2.606273377003081,2.6062743909225223,0.5061670467864582,0.5061560142860585,0.5061558761093643,3.388429396513517e-05,1.3415195894355897e-07,-1.6627089571841225e-05,2.299484762602333e-07,False,False,False
binary,alpha,beta,0.75,0.5,4,160127,50,0.1,0.01,0.45063954448080845,1.1267688529353055,31.463679913428276,2.362554596402333e-07,True,True,True,3.4122226434687217,3.412414509651552,3.41241415384285,0.6488503877145334,0.6488426340960447,0.6488426658365031,4.5991683509838024e-05,4.5535988855184734e-08,4.723310223297972e-05,-6.772635074980826e-08,False,False,False
binary,alpha,beta,0.75,0.5,5,160128,50,0.1,0.01,0.1162137245385154,1.576294514526853,33.003629711728514,1.7409755978801126e-07,True,True,True,0.4565082858801708,0.4566678772474767,0.45666727322480055,2.1974126848940085,2.197340688405607,2.1973410920990095,0.00018511788441504123,3.998070817769126e-07,0.0002657833735426607,-8.579055545965275e-07,False,False,False
binary,alpha,beta,0.75,0.5,6,160129,50,0.1,0.01,0.98,1.0244957072037297,30.78302872027316,1.1224665410480945,True,True,True,1.5698906311974579,1.5699958859800667,1.5699953936599953,0.6287181371791528,0.6286967048818942,0.6286967833125179,2.350859186833552e-05,1.4977319327975787e-07,4.2145557831219094e-05,-2.2328394067017143e-07,False,False,False
binary,alpha,beta,0.75,0.5,7,160130,50,0.1,0.01,0.07971980858069151,1.3186774021709142,33.32640180985309,3.886644983947387e-07,True,True,True,0.7662582740689949,0.7663772314664691,0.7663768950691655,2.323812527608275,2.3238280594247107,2.323828028711186,0.0001915178937796294,5.135060946670792e-07,0.00017263982953608092,-4.743051533750986e-07,False,False,False
binary,alpha,beta,0.75,0.5,8,160131,50,0.1,0.01,0.32083094234332654,0.3307712489420856,34.37633371906404,1.687819451521435e-07,True,True,True,2.003220791855883,2.003098713302907,2.003098499917449,0.44418948834158845,0.4442120675003574,0.4442121252295448,3.2226713408831995e-05,8.920481322485905e-08,-3.498784141697797e-05,-4.0064499273739784e-08,False,False,False
binary,alpha,beta,0.75,0.5,9,160132,50,0.1,0.01,0.02,0.1,34.68122718169735,0.016399282929591235,False,False,False,-0.24327288167395367,-0.2431021811630553,-0.24310324465274422,inf,inf,inf,0.00011744048647311701,4.4356027843203946e-07,nan,nan,False,False,True
binary,alpha,beta,0.75,0.5,10,160133,50,0.1,0.01,0.7033779750800716,1.6001475288371667,30.304402516336882,3.9610751232607046e-08,True,True,True,2.1806563459169244,2.1808123538568744,2.1808125780611265,0.8703039942726597,0.8702689771775602,0.8702689294568178,1.353924783628954e-05,1.5496124298374564e-08,3.1272123258929696e-05,4.786713603266435e-08,False,False,False
binary,alpha,beta,0.75,0.5,11,160134,50,0.1,0.01,0.26408226721744416,0.8349500515618684,34.34099516297525,2.1316282072803006e-07,True,True,True,0.820741866361607,0.8209229002016367,0.8209212679474949,1.2534904915041991,1.2534100863452453,1.2534108918972613,4.003936126358525e-05,1.743520988963256e-07,0.00012691834464817475,-1.060891953841292e-06,False,False,False
binary,alpha,beta,0.75,0.5,12,160135,50,0.1,0.01,0.7966096927057449,0.6732976075045372,33.315711435563514,6.550880341146756e-08,True,True,True,1.131603178363569,1.1315048236216139,1.131504940657083,0.7535746626567077,0.7536060350862726,0.7536059612034789,2.138737427012903e-05,6.872601573217923e-08,-5.0782843239005615e-05,1.8372752208506427e-08,False,False,False
binary,alpha,beta,0.75,0.5,13,160136,50,0.1,0.01,0.02,0.1,34.68651382682315,0.17044036122220277,False,False,False,-7.872891716255948,-7.874558944525979,-7.874557474823255,inf,inf,inf,0.00023238017831570757,2.1343524523181502e-07,nan,nan,False,False,True
binary,alpha,beta,0.75,0.5,14,160137,50,0.1,0.01,0.039146689767419224,2.8309358059313823,33.36399883036219,9.529433309511296e-06,True,True,True,0.03423133562430833,0.03457099729194096,0.03456885088012387,4.31078038197724,4.306740879538137,4.306766642078168,0.0005696568670989274,2.772231571174745e-06,0.005190553277508059,-3.242877392750643e-05,False,False,False
binary,alpha,beta,0.75,0.5,15,160138,50,0.1,0.01,0.8635836355117087,0.6973133273387151,33.04744348923386,5.51529477954916e-08,True,True,True,3.7720357367701025,3.7720544892696335,3.772053710884442,0.31868830612002386,0.3186865244047177,0.3186865790077053,5.296674977879192e-06,1.4050181944388317e-07,2.776673618143377e-06,-1.4349177490657894e-07,False,False,False
binary,alpha,beta,0.75,0.5,16,160139,50,0.1,0.01,0.5706760056033607,0.410564480696705,34.12194948742389,1.0173423748423966e-07,True,True,True,2.0690423507108275,2.0692705274811125,2.069271092379229,0.5087814768474453,0.508737877265202,0.5087378114283808,3.622169575048194e-05,1.4139492993737098e-07,6.027658530172175e-05,1.971963712321667e-07,False,False,False
binary,alpha,beta,0.75,0.5,17,160140,50,0.1,0.01,0.98,1.1723697673391555,29.171816088786827,1.6300986054318496,True,True,True,5.1993561213517445,5.199262698112537,5.199261840355615,0.13225766668053818,0.13226389694373392,0.1322639418787162,1.539051559878492e-05,1.0972107822078614e-07,-1.090878161846831e-05,-1.1324334892037768e-07,False,False,False
binary,alpha,beta,0.75,0.5,18,160141,50,0.1,0.01,0.599440962064273,0.666863122336208,33.91566150155134,3.5528913100437707e-07,True,True,True,2.4278237018009134,2.428045508239412,2.428045325242707,0.4977912936529455,0.4977661952193965,0.4977662004137668,4.229358075325136e-05,6.929635686062037e-08,6.239099133864556e-05,-6.938767427300263e-08,False,False,False
binary,alpha,beta,0.75,0.5,19,160142,50,0.1,0.01,0.98,0.39056443432180205,34.22709061383351,2.434540867568563,False,False,False,-4.710937720674681,-4.710940247521536,-4.7109412515206275,inf,inf,inf,1.2961499799260213e-05,1.502874982549129e-07,nan,nan,False,False,True
binary,alpha,beta,0.75,1.0,0,170123,50,0.1,0.01,0.98,0.607176844034825,33.222346420757916,1.7910466603154875,True,True,True,3.453654757474527,3.4536255311299335,3.453626466231724,0.340906025577588,0.34092209576818316,0.3409219648673404,2.6265075707059803e-05,1.1961862757601576e-07,1.0159069560700118e-05,1.200542598667198e-07,False,False,False
binary,alpha,beta,0.75,1.0,1,170124,50,0.1,0.01,0.98,0.2216857014830833,34.51970542888881,0.26142980757983364,False,False,False,-0.8955126953513027,-0.8955072593128037,-0.8955098680031596,inf,inf,inf,5.4525712285399605e-05,4.7427157857598773e-07,nan,nan,False,False,True
binary,alpha,beta,0.75,1.0,2,170125,50,0.1,0.01,0.46778028103183517,0.7786395706805502,33.63835424669767,2.929642751054232e-08,True,True,True,3.023467246250084,3.0234040868118477,3.0234039174973812,0.5270385116772176,0.527054859144153,0.5270548511328174,1.7109536823300407e-05,7.578575287192905e-08,-2.1344638909681635e-06,-6.522466122760306e-08,False,False,False
binary,alpha,beta,0.75,1.0,3,170126,50,0.1,0.01,0.45120335710223003,3.3136331619630326,27.843171309871934,1.9127591785747442e-07,True,True,True,0.7859671547277041,0.7860613887860413,0.78606136467932,1.947720651234282,1.9476730207984223,1.9476730357337377,1.0919857060869662e-05,4.603464954925513e-09,6.503844412719673e-05,-1.3472817528281666e-08,False,False,False
binary,alpha,beta,0.75,1.0,4,170127,50,0.1,0.01,0.98,1.18419487526911,29.69130706967119,1.544964396416049,True,True,True,4.214264426363045,4.214287611079059,4.214287621052426,0.23549201457520436,0.23548672507315305,0.2354867090540325,1.3676716644975543e-05,5.301680589375258e-08,-6.04369724044318e-07,-1.6076132425268952e-08,False,False,False
binary,alpha,beta,0.75,1.0,5,170128,50,0.1,0.01,0.02,2.750060146284266,33.13782786709425,1.2885859703715161,True,True,True,0.00399090886833291,0.004476691905937195,0.004468921891686814,6.078385828941584,6.028806133780317,6.029559067407709,0.0007002855086840513,3.477390388579347e-06,0.05691431385749013,-0.000870320945601577,False,False,False
binary,alpha,beta,0.75,1.0,6,170129,50,0.1,0.01,0.98,1.516527177815145,27.452092324216064,0.18187789407875257,True,True,True,3.7807960254658823,3.7809064010284374,3.780906339311222,0.5223064987215041,0.5222923778046183,0.5222923653451745,8.994688701022742e-06,4.653593937759883e-08,1.2905336056689976e-05,-3.0667855810406763e-08,False,False,False
binary,alpha,beta,0.75,1.0,7,170130,50,0.1,0.01,0.98,1.7717682518661244,25.35998761335735,2.751320586469319,True,True,True,3.556514597252381,3.55648702052605,3.5564869412313302,0.6815181490360988,0.6815074198297171,0.6815074318770163,3.181249645464962e-05,7.024094960246301e-09,-2.011477405972073e-05,-8.425832476177675e-09,False,False,False
binary,alpha,beta,0.75,1.0,8,170131,50,0.1,0.01,0.02,0.6351733142048404,34.66285987489544,0.5426444928957864,False,False,False,-0.01691852688345395,-0.016777162754253627,-0.01677780868864876,inf,inf,inf,0.0003972893489480854,1.1449086574989327e-06,nan,nan,False,False,True
binary,alpha,beta,0.75,1.0,9,170132,50,0.1,0.01,0.4829324529902813,1.4331684702431196,27.84105729486637,1.5162245462858165e-08,True,True,True,4.879694836751047,4.87974887713097,4.879748363433787,0.30435057686270495,0.3043520515066986,0.3043520354866457,1.56581814331889e-05,1.4438121521903024e-07,1.2648511180657351e-05,-1.2371500801577895e-07,False,False,False
binary,alpha,beta,0.75,1.0,10,170133,50,0.1,0.01,0.4307928862164419,1.2562747129195422,32.66662584623795,1.4838108793178072e-07,True,True,True,1.455396951226406,1.4554993747264477,1.455498419045241,0.8627212238193924,0.8627071375894415,0.8627073808122087,4.133489021971748e-05,1.3154514173182256e-07,5.3778530869408314e-05,-3.765798766153239e-07,False,False,False
binary,alpha,beta,0.75,1.0,11,170134,50,0.1,0.01,0.7139588309013879,0.8639201094327392,31.012316125211964,1.464821375527116e-08,True,True,True,2.1463874487092416,2.146478147556581,2.1464773142445632,0.6295341276258439,0.6295187402943077,0.6295188668835568,1.2432747574022789e-05,1.33147219407229e-07,2.4297817539320476e-05,-2.424817395763057e-07,False,False,False
binary,alpha,beta,0.75,1.0,12,170135,50,0.1,0.01,0.45498941730025705,0.4524425541374872,34.30246909957639,1.0594594871069272e-06,True,True,True,2.9680042048296995,2.968026122353729,2.968024705887354,0.3998600020612866,0.3998615214658321,0.39986167548828333,1.1576470375669105e-05,2.1671279425375848e-07,8.833934828089696e-06,-2.9991709737942074e-07,False,False,False
binary,alpha,beta,0.75,1.0,13,170136,50,0.1,0.01,0.6963730111556223,1.121902286468228,31.959248219894807,1.2485202699777098e-07,True,True,True,2.896020205742228,2.896110147633068,2.896109441423589,0.6241239919075479,0.6241080808327435,0.6241081647661482,9.249766279427814e-06,8.132280439096052e-08,1.2591066251843586e-05,-1.472157151738429e-07,False,False,False
binary,alpha,beta,0.75,1.0,14,170137,50,0.1,0.01,0.18112785006766274,0.7761114788909796,33.143885168158334,9.237055564881302e-08,True,True,True,4.144817757339291,4.145040884753809,4.1450408169189705,0.6233410230951535,0.623375894346515,0.6233758074291946,0.00013659057352252634,2.1590169528330716e-07,9.386199521799199e-05,-1.1643255959370435e-07,False,False,False
binary,alpha,beta,0.75,1.0,15,170138,50,0.1,0.01,0.5136612468401666,1.2427482203652633,30.540970107164224,6.634855310809015e-08,True,True,True,3.288868632990733,3.2889617691187434,3.2889609586322015,0.41392678286521284,0.4139214031725398,0.41392145338895914,1.8862930612057497e-05,1.5142000056839102e-07,2.1935978171683246e-05,-1.8861249984070128e-07,False,False,False
binary,alpha,beta,0.75,1.0,16,170139,50,0.1,0.01,0.34882888579558585,1.1165458215415769,32.19112030402908,7.161412215258115e-07,True,True,True,3.4627632230818794,3.462745993914038,3.462746384025385,0.6344754962153726,0.6344955996109364,0.634495548294878,4.1441298243838214e-05,2.6026852301585556e-08,1.8222902120612616e-05,5.357972554520529e-08,False,False,False
binary,alpha,beta,0.75,1.0,17,170140,50,0.1,0.01,0.98,0.47516034275908636,33.98990676148344,0.4500533385966476,True,True,True,3.5652100295957334,3.5651274054026567,3.565127571875451,0.2685066791398846,0.2685133057294323,0.26851324200902066,1.3091739286747946e-05,9.507018048060199e-08,-1.5572917860140478e-05,-2.6666064911751164e-08,False,False,False
binary,alpha,beta,0.75,1.0,18,170141,50,0.1,0.01,0.98,1.48672537778499,27.958454333063376,0.9681463470912285,True,True,True,0.8088549229096905,0.8087412014918199,0.8087399715765425,1.11451759893924,1.1145773842493727,1.1145779854488556,3.135071218275979e-05,2.1375084012553017e-07,-7.260369321571147e-05,-8.286219923547833e-07,False,False,False
binary,alpha,beta,0.75,1.0,19,170142,50,0.1,0.01,0.8183309733908571,1.0754619926085853,31.71523680693207,1.213499212080562e-07,True,True,True,2.998321271788864,2.998328942138891,2.9983292707522593,0.7248822630330943,0.7248729244077474,0.7248728722785439,2.0715544566916616e-05,2.3686072408276075e-08,-8.143695303886034e-06,4.958286936584955e-08,False,False,False
binary,alpha,beta,0.75,3.0,0,180123,50,0.1,0.01,0.7772401347270836,2.900840953049763,24.252938396280907,2.6113594341957504e-07,True,True,True,1.2306768652843862,1.2308105558837075,1.2308104916212055,1.4590444710907273,1.4589969606903024,1.4589969850705806,5.391973479350823e-06,4.609317540246556e-09,5.390335184074502e-05,-2.4142696730677926e-08,False,False,False
binary,alpha,beta,0.75,3.0,1,180124,50,0.1,0.01,0.98,1.4767250812254438,27.962814949742892,1.2215493558898065,True,True,True,3.1843603853128974,3.184337087678081,3.184336583527684,0.41257314878963913,0.41257539743555854,0.41257543175220235,2.0521517693933314e-05,9.535894951705318e-08,-4.846259187729629e-06,-1.1881344974540298e-07,False,False,False
binary,alpha,beta,0.75,3.0,2,180125,50,0.1,0.01,0.6999530515343366,2.194378955452408,22.50941663831792,1.9549674480915656e-07,True,True,True,3.1079875257451417,3.1080837598335247,3.108083504890677,0.3459362344845045,0.34591577476669527,0.3459157348168081,2.776267839966925e-05,1.670801529875886e-07,7.279853459607466e-06,-1.2801974236253955e-07,False,False,False
binary,alpha,beta,0.75,3.0,3,180126,50,0.1,0.01,0.8812453364988192,2.9810483196849735,19.68563113419655,2.1224965976291616e-07,True,True,True,1.3665308224171469,1.3665011695795164,1.3665010964639488,1.5592950030727326,1.5593023798142063,1.559302397053991,5.0649886731848434e-06,1.4253039790042866e-08,-1.3240460742025562e-05,-3.3657642006801325e-08,False,False,False
binary,alpha,beta,0.75,3.0,4,180127,50,0.1,0.01,0.5765309654173152,4.083949812277379,15.856148155251136,1.0791427278958939e-07,True,True,True,0.6926423170001997,0.692686438989607,0.6926864216796371,1.9065538275780576,1.9065342598690451,1.9065342709683122,1.866292638428766e-05,6.824542887807556e-10,4.1158575342592485e-05,-1.2211115674176654e-08,False,False,False
binary,alpha,beta,0.75,3.0,5,180128,50,0.1,0.01,0.7130392839909186,2.327335016712455,19.080629365660613,1.0998962466530014e-08,True,True,True,3.2992339966402584,3.299238978323535,3.2992390160650555,0.2907599962320491,0.29075601609409585,0.29075596374264734,7.68865821282664e-06,1.0020708673414136e-07,-3.121185184085107e-06,-4.8832372812057656e-08,False,False,False
binary,alpha,beta,0.75,3.0,6,180129,50,0.1,0.01,0.8252953493884966,3.0274871227566673,17.065766474864407,2.310009175875564e-08,True,True,True,1.63066177301756,1.6306842016657146,1.630684135358803,1.2371928221080013,1.2371884167554776,1.2371884294462208,3.845102675756305e-06,1.1804745687062823e-08,8.656327270983866e-06,-2.605126070420738e-08,False,False,False
binary,alpha,beta,0.75,3.0,7,180130,50,0.1,0.01,0.7779342315015713,3.057870313785845,21.894818437544036,2.9667946117439533e-07,True,True,True,1.2796104871838698,1.2795706487693808,1.2795706674069594,1.6094078308957855,1.6094156805022495,1.609415673655284,1.3264675910145244e-05,1.2886095849324327e-09,-2.2089843977113333e-05,6.6826331135416694e-09,False,False,False
binary,alpha,beta,0.75,3.0,8,180131,50,0.1,0.01,0.7452155672917484,2.7435424985296937,24.20560781375562,2.0080184368471704e-07,True,True,True,1.195915699797472,1.1959715669175408,1.1959714392406116,1.4258732735491844,1.4258543800071246,1.425854407874889,3.6167869133246263e-06,4.3215872561912155e-08,2.4887174422616454e-05,-7.467188112286749e-08,False,False,False
binary,alpha,beta,0.75,3.0,9,180132,50,0.1,0.01,0.5916906279788064,3.45685892119096,17.06345057947777,1.364492847253717e-07,True,True,True,1.0538544327920971,1.0538172108521127,1.0538171960906333,1.3988763036331986,1.398893705731146,1.3988937075365055,5.181035232903004e-06,9.860446930587177e-09,-1.5297458798357866e-05,-1.192913146041974e-08,False,False,False
binary,alpha,beta,0.75,3.0,10,180133,50,0.1,0.01,0.754886832773349,8.0,6.631133569937647,0.12482494971042343,True,True,True,0.04209749124604306,0.04208889016089502,0.04208888686282873,3.333555715652828,3.333640416830749,3.333640445459856,9.345512997368732e-06,1.2469040008006888e-08,-0.0001068639241372793,-4.539907116907216e-08,False,False,False
binary,alpha,beta,0.75,3.0,11,180134,50,0.1,0.01,0.6788725711242873,2.8624199536235264,20.707885663910545,2.2447290224724623e-08,True,True,True,1.60673034432324,1.6066953014340073,1.6066952910537438,1.2811030874341152,1.2811134256625607,1.2811134307877488,5.615527310354957e-06,6.1336110483023845e-09,-9.908535030689336e-06,-5.600391261850746e-10,False,False,False
binary,alpha,beta,0.75,3.0,12,180135,50,0.1,0.01,0.8507078281063006,3.4820872588147957,20.368772142288865,1.119151317215233e-07,True,True,True,0.8702705512864011,0.8703124323394279,0.8703124304890553,1.7354287494869938,1.7354044360815304,1.7354044344905415,8.160415869966056e-06,6.478828677856463e-09,2.0127217609910986e-05,-3.957794092457334e-09,False,False,False
binary,alpha,beta,0.75,3.0,13,180136,50,0.1,0.01,0.732175030438012,1.7957881942876537,29.508278197707554,8.271808239137113e-08,True,True,True,1.3329973045245103,1.3330032825443285,1.3330033195726771,1.0564124608980434,1.056403375445701,1.056403352717098,1.6798743717682685e-05,2.9830346960209275e-08,-5.9737676636473225e-06,1.6108643308143655e-09,False,False,False
binary,alpha,beta,0.75,3.0,14,180137,50,0.1,0.01,0.6743992041976474,2.570109017700664,24.610183991543796,7.563714757363824e-08,True,True,True,1.7815268262888875,1.781565554950492,1.781565521962267,1.2640126075309586,1.2640081122235054,1.264008103016951,1.3035170503048932e-05,3.9721244235311246e-08,1.653426190628693e-05,-2.91158634979638e-08,False,False,False
binary,alpha,beta,0.75,3.0,15,180138,50,0.1,0.01,0.8543136601470421,2.1816041081718014,25.701945099853834,4.097871110427167e-08,True,True,True,2.3588444618119477,2.3589065299392593,2.358906248174387,1.0172135028005573,1.0171972382231633,1.0171972723006593,1.1406560710523744e-05,4.236353298630381e-08,7.507090693081864e-06,-8.021407893465948e-08,False,False,False
binary,alpha,beta,0.75,3.0,16,180139,50,0.1,0.01,0.98,2.629089852204672,21.385692156813178,7.944196292797301,True,True,True,1.844442197075681,1.8445078677878801,1.8445077007397854,1.0918481965534137,1.0918207432120997,1.0918207740864991,2.8976328128957343e-05,2.0796347994621263e-08,3.9421656516935855e-06,-5.501966526821889e-08,False,False,False
binary,alpha,beta,0.75,3.0,17,180140,50,0.1,0.01,0.7443958070218835,3.1001678794959924,20.265216493885074,2.0786218281966776e-07,True,True,True,1.3562329305831216,1.356309733833862,1.3563096346874761,1.408419738515013,1.4083983432636922,1.4083983610031063,7.788672232390813e-06,3.259492694445846e-08,3.1943364060538215e-05,-5.267685665444333e-08,False,False,False
binary,alpha,beta,0.75,3.0,18,180141,50,0.1,0.01,0.4600313879850946,4.4135110204993,20.21116079863971,1.7585978767102433e-07,True,True,True,0.6881830730171973,0.6881820176923109,0.6881820658148822,1.8070139614726393,1.8070273396278838,1.8070273050024235,2.9316097468304917e-05,9.946094837538853e-09,1.3898737908135672e-05,3.006306315000984e-08,False,False,False
binary,alpha,beta,0.75,3.0,19,180142,50,0.1,0.01,0.9036658652987164,2.8602498364520152,19.258020445340197,5.743537985269717e-08,True,True,True,1.595347983995748,1.5953920161349766,1.5953918838828298,1.1413854926902767,1.1413705820576787,1.1413706082840371,8.322184526946741e-06,2.3289249177918884e-08,1.038075208725786e-05,-5.2702127106840635e-08,False,False,False
binary,alpha,beta,0.75,8.0,0,190123,50,0.1,0.01,0.629751804679422,7.12760973850325,4.274925366283509,8.75224956211415e-07,True,True,True,0.06195708623365589,0.0619347821049817,0.06193477207637264,2.54099707138366,2.541122882173819,2.5411229439223413,7.06193029602426e-05,2.0399576235938557e-08,-0.00021530380246970182,-9.083148455601986e-08,False,False,False
binary,alpha,beta,0.75,8.0,1,190124,50,0.1,0.01,0.8719821460826459,8.0,10.727970133014606,0.0013790381200270115,True,True,True,0.034739771331229394,0.034759854890027767,0.034759837971798116,3.03093854274557,3.030650327411053,3.030650511707998,8.576125854279279e-05,6.309210492911434e-08,0.00024585255810016804,-2.7453791773268676e-07,False,False,False
binary,alpha,beta,0.75,8.0,2,190125,50,0.1,0.01,0.8061983445707187,8.0,10.810580730606768,0.061138112572633116,True,True,True,0.045150799467552766,0.04514800111605608,0.0451479929353115,3.2299840607073826,3.2300029502333447,3.230003015058455,1.856376639164325e-05,3.199429927036272e-08,-4.033901072730828e-05,-1.065657286858368e-07,False,False,False
binary,alpha,beta,0.75,8.0,3,190126,50,0.1,0.01,0.46885165659762257,5.74880139678211,12.319412027836337,2.2828341105766967e-07,True,True,True,0.3028947098483865,0.30287234301832194,0.302872331803784,1.8694150552187614,1.8694625530532305,1.8694625643501042,3.578197073661565e-05,1.1219802287048241e-08,-1.9186426120754163e-05,-2.4021270306207043e-08,False,False,False
binary,alpha,beta,0.75,8.0,4,190127,50,0.1,0.01,0.6145207845479057,8.0,4.988017842300868,0.08584130056782188,True,True,True,0.04561236858171181,0.0456058768357775,0.04560587430506291,2.8694388999345586,2.869490541600342,2.8694905582997503,2.3504807013625072e-05,1.7110272300623788e-08,-8.291597451393073e-05,-3.626507227849629e-08,False,False,False
binary,alpha,beta,0.75,8.0,5,190128,50,0.1,0.01,0.7714624947541844,8.0,7.639609628122122,0.04732652958519821,True,True,True,0.034390139481870155,0.034425051501058596,0.03442504350370968,3.3670065743331454,3.366548156027336,3.3665482505863107,4.093628856173539e-05,1.4939732564905854e-08,0.0004867633041119035,-1.2344687760901252e-07,False,False,False
binary,alpha,beta,0.75,8.0,6,190129,50,0.1,0.01,0.6599985540772383,6.10278070202405,8.635469752391193,1.236669976168486e-07,True,True,True,0.13661976738394016,0.1366626400573609,0.1366626334576882,2.1303002015098533,2.130182585306452,2.1301825799781864,4.3039118623354384e-05,6.064865315024776e-08,0.0001782958647229549,-5.442610451211749e-08,False,False,False
binary,alpha,beta,0.75,8.0,7,190130,50,0.1,0.01,0.6196015730067476,7.122674457660803,6.066718740154151,5.147178979287386e-07,True,True,True,0.07806795448367629,0.07806705958142779,0.07806705049016588,2.5594167472495974,2.55940574564165,2.559405790943615,3.692107848796493e-05,1.2295516859718833e-08,-2.419355259419831e-05,-6.429871213242677e-08,False,False,False
binary,alpha,beta,0.75,8.0,8,190131,50,0.1,0.01,0.6337341723457741,8.0,4.46776100771583,0.26910804978860414,True,True,True,0.10103338200916982,0.10102803476043101,0.10102802922966632,2.746407991929552,2.7464362823670325,2.7464362876823674,1.2172024139388979e-05,4.251508006173885e-08,-2.040502027567115e-05,-4.8625347304209754e-08,False,False,False
binary,alpha,beta,0.75,8.0,9,190132,50,0.1,0.01,0.6945218961243658,8.0,7.313081060114684,0.043480014255880474,True,True,True,0.053289772712543426,0.05331006150287873,0.053310047223185844,2.6152112967169354,2.61502041835675,2.6150205006639258,5.8968366759472126e-05,7.862984311171182e-08,0.0001607233884417525,-1.731015197847796e-07,False,False,False
binary,alpha,beta,0.75,8.0,10,190133,50,0.1,0.01,0.7901101111180289,8.0,11.405202338223532,0.1134003606573258,True,True,True,0.05853907399184777,0.05855462032501113,0.05855460803061431,3.166563341192513,3.166434589044302,3.1664346659243288,3.0962184009802044e-05,3.3061291668936777e-08,0.0001171838012457016,-1.214532083793074e-07,False,False,False
binary,alpha,beta,0.75,8.0,11,190134,50,0.1,0.01,0.6173338982488553,8.0,9.13707256836564,0.3727089104011916,True,True,True,0.12951112280122315,0.1295076820618508,0.12950767678699512,2.6824108652238596,2.682419073872561,2.682419084455692,7.701704556491536e-06,1.6474472833958624e-08,-1.7145476769897527e-05,-2.8545780850208757e-08,False,False,False
binary,alpha,beta,0.75,8.0,12,190135,50,0.1,0.01,0.8320972927755448,8.0,9.655785655984506,0.010534191641975391,True,True,True,0.026278364661023252,0.02630503296827423,0.026305023329662596,3.4933432702689267,3.4928806617771113,3.4928808134965355,5.0931113228877105e-05,1.7659586165084393e-08,0.00048153486838309334,-1.917436396325911e-07,False,False,False
binary,alpha,beta,0.75,8.0,13,190136,50,0.1,0.01,0.4110383249905991,8.0,2.3563634890624265,0.10203211686654926,True,True,True,0.06767143128396717,0.06769211816071231,0.06769211362225074,2.1056082291623577,2.105481297618126,2.105481291439136,1.3994639487524627e-05,8.127617789515776e-08,0.0001594396496200634,-7.415946989830502e-08,False,False,False
binary,alpha,beta,0.75,8.0,14,190137,50,0.1,0.01,0.6142767826061837,7.611063194795134,11.495831758041861,2.7276065672161464e-07,True,True,True,0.1261288932818681,0.12611643332705247,0.12611642087262392,2.446453290880959,2.4464988286942546,2.4464988491439152,6.047319357921473e-06,5.172132180265116e-08,-4.6440219046317566e-05,-7.520987743703245e-08,False,False,False
binary,alpha,beta,0.75,8.0,15,190138,50,0.1,0.01,0.7365439837445645,8.0,6.449690176538047,0.006204211371142748,True,True,True,0.028793078680471318,0.02879768890943109,0.028797678515883617,3.2021682531778417,3.202073039663865,3.202073181666366,5.924493139533296e-05,3.4251704009085507e-08,5.0287018241057524e-05,-1.974296717222046e-07,False,False,False
binary,alpha,beta,0.75,8.0,16,190139,50,0.1,0.01,0.8845234090505231,8.0,12.833521544834534,0.014447136832450531,True,True,True,0.025164832948000523,0.02511840812348114,0.02511838818796063,3.7661857569348434,3.7669716834114757,3.766972028149183,3.69271148440491e-05,3.750704678869542e-09,-0.000942098700924987,-3.9676814189704146e-07,False,False,False
binary,alpha,beta,0.75,8.0,17,190140,50,0.1,0.01,0.8481110525804878,8.0,14.009130990239766,0.03161503270536248,True,True,True,0.03131983424747491,0.03136618433700823,0.03136617100003624,3.4363039687296295,3.4356409393235574,3.435641104031965,4.795558009020567e-05,4.61662906773311e-08,0.0007152253934421537,-2.3557477391022985e-07,False,False,False
binary,alpha,beta,0.75,8.0,18,190141,50,0.1,0.01,0.9514619225657893,8.0,8.301537198502768,0.003523108140480203,True,True,True,0.02049679409684788,0.02055856736185851,0.020558556763269006,3.56299461991679,3.561670240058374,3.5616704604736333,4.027239304797755e-05,8.770947861373168e-09,0.0014842584914935841,-2.6176920808751447e-07,False,False,False
binary,alpha,beta,0.75,8.0,19,190142,50,0.1,0.01,0.6709648648091808,8.0,7.7771929679067275,0.1667536453365188,True,True,True,0.09577952283849098,0.09578073185628634,0.09578072581151278,2.7481344793832347,2.7481225823453994,2.7481225929673325,1.4813379982097252e-05,3.870170771039411e-08,-1.1250065945489496e-06,-5.088158872013082e-08,False,False,False
binary,alpha,beta,0.95,0.25,0,200123,50,0.1,0.01,0.781658707126112,0.1,34.66407821189287,0.2774059240095996,True,True,True,0.4275110052382499,0.427559421768608,0.42756012721288655,1.1799386784714025,1.1798865802853231,1.1798858025486623,1.2426817767258655e-05,1.7777346401958894e-07,5.4019989370601706e-05,7.545289335553207e-07,False,False,False
binary,alpha,beta,0.95,0.25,1,200124,50,0.1,0.01,0.9753299741616612,0.12542526520382954,34.619048306958206,1.4498597971392042e-06,True,True,True,0.508736196475947,0.5087820512414464,0.5087840519433154,1.1851662992988687,1.1851239271330876,1.185122252215879,2.0096025772474417e-05,2.7321973461082716e-07,4.335185058579327e-05,2.004008358369447e-06,False,False,False
binary,alpha,beta,0.95,0.25,2,200125,50,0.1,0.01,0.5377448586196284,1.047242473956485,32.49128294677473,1.4610170515331834e-08,True,True,True,2.1799136879101355,2.1800579545289867,2.1800578916794753,0.40583220135742304,0.405807896546026,0.40580794139788884,3.4839309546508797e-05,9.803308625091698e-08,3.821863866804165e-05,2.2808329447343567e-08,False,False,False
binary,alpha,beta,0.95,0.25,3,200126,50,0.1,0.01,0.02,0.1,34.71847175597103,1.6105685075975913,False,False,False,-32.94396315130148,-32.947298232764815,-32.94729138814781,inf,inf,inf,0.00010178887450227652,2.1966135346996798e-07,nan,nan,False,False,True
binary,alpha,beta,0.95,0.25,4,200127,50,0.1,0.01,0.98,0.34403352412736676,34.26742070946527,1.0055342549721635,True,True,True,1.0799126077071288,1.0798535174692707,1.0798539260683864,0.8378519284645901,0.8378676467340869,0.8378675317771315,2.7638879706130494e-05,1.3129532000393593e-07,-3.637674675616154e-05,2.4603468062878164e-07,False,False,False
binary,alpha,beta,0.95,0.25,5,200128,50,0.1,0.01,0.09203977885473937,0.9131481913854904,34.18062535518577,1.3518997541297358e-07,True,True,True,0.07270740539196854,0.07294452584038283,0.07294268723440143,2.653976873263421,2.6526885170996177,2.6526991122106867,0.00029862769008774084,8.590366832402925e-07,0.0017597079468885113,-1.3007782762031184e-05,False,False,False
binary,alpha,beta,0.95,0.25,6,200129,50,0.1,0.01,0.98,0.48268196699282495,33.73987598490135,0.4988071005129784,True,True,True,1.3818334430117711,1.3817578042497844,1.3817575092895296,0.762535654814751,0.7625666600551687,0.7625667933178102,2.113494504477891e-05,1.054097409561693e-07,-1.910341233468671e-05,-6.004314201391026e-08,False,False,False
binary,alpha,beta,0.95,0.25,7,200130,50,0.1,0.01,0.024585236956106073,2.833578992417762,33.691071693524734,7.531752999057062e-07,True,True,True,0.012584858781256791,0.012875351831073304,0.012872276748394992,5.185727679097635,5.176067631647466,5.176170184445057,0.000574515476418225,2.729700571419674e-06,0.011578029803949619,-0.00012079510060658549,False,False,False
binary,alpha,beta,0.95,0.25,8,200131,50,0.1,0.01,0.5137710348975767,0.37028338393184457,34.39281840085774,3.9241005173050994e-08,True,True,True,2.191642377982779,2.1917404166564625,2.1917386505138263,0.2914573124915525,0.29146710585488855,0.2914674043206063,7.211661831414279e-05,3.878061621210588e-07,5.55447997498959e-05,-4.621963967110787e-07,False,False,False
binary,alpha,beta,0.95,0.25,9,200132,50,0.1,0.01,0.1317953795316669,1.2572066772885198,32.435764665368815,5.73739104974115e-07,True,True,True,2.1729732597438436,2.1731065466400867,2.1731068152204127,1.3405932005874623,1.3406223756467839,1.3406222299512571,0.00012840481300074204,2.134814290657867e-07,9.488149076020136e-05,-4.414538068431284e-08,False,False,False
binary,alpha,beta,0.95,0.25,10,200133,50,0.1,0.01,0.98,0.6895679508273342,33.36311637990292,2.1651396302502235,True,True,True,2.1545791455634995,2.154428136169301,2.154427620459062,0.4230243845062067,0.4230658836738931,0.4230660108445431,3.5079920247170784e-05,1.208894736766109e-07,-2.240538782416479e-05,-9.296162772898242e-08,False,False,False
binary,alpha,beta,0.95,0.25,11,200134,50,0.1,0.01,0.21275127907621094,1.6052999536162296,32.0626494170499,3.1709563054231716e-07,True,True,True,1.821328795031011,1.8214280633043098,1.821427591568474,1.4747384151915952,1.4747411386435292,1.4747412214789852,6.074390403426816e-05,6.878913992651094e-08,5.7473594296197916e-05,-1.6362449173357163e-07,False,False,False
binary,alpha,beta,0.95,0.25,12,200135,50,0.1,0.01,0.98,0.44803428440246507,33.817362768207246,1.657013928735303,False,False,False,-1.1280055235164506,-1.1280011853003076,-1.128001385243311,inf,inf,inf,2.067405365860904e-05,3.203363497936664e-08,nan,nan,False,False,True
binary,alpha,beta,0.95,0.25,13,200136,50,0.1,0.01,0.02,1.0484689662156639,34.51009556915541,1.4100896343904878,False,False,False,-0.008590088590919372,-0.008298369577659568,-0.008302996167275456,inf,inf,inf,0.00046731696794267616,1.5533941834777569e-06,nan,nan,False,False,True
binary,alpha,beta,0.95,0.25,14,200137,50,0.1,0.01,0.7285747356674305,0.46916931557902947,33.89976132962166,1.0497051549900616e-07,True,True,True,2.635511471449223,2.63564583092208,2.635644763837453,0.43007542157316053,0.43006597773232597,0.43006609789428213,3.396843918190494e-05,1.8570987075948915e-07,3.98399686289963e-05,-2.6652498519297296e-07,False,False,False
binary,alpha,beta,0.95,0.25,15,200138,50,0.1,0.01,0.98,0.37797275857544227,34.13274043965428,0.8779812432635563,False,False,False,-1.8755719203546473,-1.875552513870794,-1.87555398783958,inf,inf,inf,2.6325613101915526e-05,3.307485186104074e-07,nan,nan,False,False,True
binary,alpha,beta,0.95,0.25,16,200139,50,0.1,0.01,0.48664867390043137,0.1,34.696533704816126,0.5267981038059751,True,True,True,1.398770407723942,1.3989194656389408,1.3989174191956342,0.4247775151732861,0.42472901607343805,0.4247293871265697,3.9046268506595517e-05,7.699111797926278e-07,4.968551762374318e-05,-1.035684647376911e-06,False,False,False
binary,alpha,beta,0.95,0.25,17,200140,50,0.1,0.01,0.6028349435337744,0.4525940140272679,34.03106970928557,2.1610313646285633e-08,True,True,True,1.1878860557663247,1.1881049728199238,1.1881023725716773,0.7070459215031225,0.7069832261712745,0.7069839752890358,5.618507700488628e-05,6.234784765223119e-07,0.00011076752573302429,-1.32611646819214e-06,False,False,False
binary,alpha,beta,0.95,0.25,18,200141,50,0.1,0.01,0.02,5.404959356263971,31.95982091747205,7.352584605158086,True,True,True,0.00684287294491166,0.007116578111369206,0.007113136433531318,6.097425980246091,6.080704453583836,6.0809127842213,0.000712342062116633,4.032853107743997e-06,0.019724092299497897,-0.00024388161380528572,False,False,False
binary,alpha,beta,0.95,0.25,19,200142,50,0.1,0.01,0.02,0.1,34.743586223948284,2.7149221070496083,False,False,False,-55.07282388068515,-55.07849973699097,-55.078489569437764,inf,inf,inf,0.00010236171446912457,1.9883920495096542e-07,nan,nan,False,False,True
binary,alpha,beta,0.95,0.5,0,210123,50,0.1,0.01,0.98,0.8170672758071923,31.7200949593372,0.11475652961223969,True,True,True,4.305315959810928,4.305269015658505,4.305268853093725,0.3453751137301768,0.34537436652303427,0.3453743650293482,1.4438205023737355e-05,4.408707788636529e-08,-1.180355738128469e-05,-3.947916482616165e-08,False,False,False
binary,alpha,beta,0.95,0.5,1,210124,50,0.1,0.01,0.02,0.1,34.684041149991295,0.263410504181077,False,False,False,-1.3933371511346186,-1.392176918049977,-1.392186785635223,inf,inf,inf,0.00030804441828850826,1.450517937492297e-06,nan,nan,False,False,True
binary,alpha,beta,0.95,0.5,2,210125,50,0.1,0.01,0.98,0.3461789306317632,34.26284664500057,0.7542609559153838,False,False,False,-0.9211797433901706,-0.9213830912467683,-0.9213822280580094,inf,inf,inf,2.8953536227594475e-05,2.4402955069073303e-07,nan,nan,False,False,True
binary,alpha,beta,0.95,0.5,3,210126,50,0.1,0.01,0.5634654899931499,0.1,34.693779592216075,0.45019694895639306,True,True,True,0.42873531743747634,0.4285271326905849,0.4285276164195468,0.8134959811557695,0.8137157624344148,0.8137154952345294,0.00010225052843524873,5.463639096166538e-07,-0.00023184291239175536,8.211917119638201e-07,False,False,False
binary,alpha,beta,0.95,0.5,4,210127,50,0.1,0.01,0.98,1.1610783057001526,30.62846187197999,1.3147801070090335,True,True,True,3.5913119513660727,3.591299132414744,3.591299339274681,0.6215566288730252,0.6215469830869482,0.6215469582251245,2.508700001043975e-05,1.4064561570472779e-08,-1.4645585007855288e-05,2.897707318538778e-08,False,False,False
binary,alpha,beta,0.95,0.5,5,210128,50,0.1,0.01,0.2688990852941984,0.7737668141532716,34.17603774801392,1.2600869930401047e-07,True,True,True,1.3029880459629728,1.3028494937343538,1.302847786948054,0.826879859928416,0.826963933878308,0.8269644541555847,9.477692802166974e-05,2.2276689838222825e-07,-1.0257221070730793e-05,-7.110505393370659e-07,False,False,False
binary,alpha,beta,0.95,0.5,6,210129,50,0.1,0.01,0.6410935384346801,0.8855748781673342,32.4893715094303,2.8779173747862265e-07,True,True,True,4.056445790304039,4.056509445457458,4.056509654291291,0.3732426599589918,0.37322220111215726,0.37322220534141604,3.0162978820903525e-05,7.320994348481042e-08,-7.8055440937419e-06,5.6350273780481075e-08,False,False,False
binary,alpha,beta,0.95,0.5,7,210130,50,0.1,0.01,0.98,0.1,34.66953651504683,0.2506620565391571,False,False,False,-0.02702146691542707,-0.026939655719612356,-0.026939277307789295,inf,inf,inf,3.106194592395495e-05,3.4451640275006953e-07,nan,nan,False,False,True
binary,alpha,beta,0.95,0.5,8,210131,50,0.1,0.01,0.98,0.8108185160344107,32.55426396688751,0.825202580045926,True,True,True,4.439492800217045,4.439486483094037,4.439485072916107,0.4918205311450483,0.49180750571173387,0.4918076173148769,2.99684996431381e-05,1.1325443636055752e-07,-1.6608179869592732e-05,-1.8915656596618646e-07,False,False,False
binary,alpha,beta,0.95,0.5,9,210132,50,0.1,0.01,0.98,0.960363041604571,32.20268108216193,1.429632643379364,False,False,False,-0.6097609064658165,-0.6098196420244331,-0.6098184987230727,inf,inf,inf,5.938290563145582e-05,1.6552771724655965e-07,nan,nan,False,False,True
binary,alpha,beta,0.95,0.5,10,210133,50,0.1,0.01,0.685227556852971,0.6726311778756501,33.57934192544402,3.161915174132446e-07,True,True,True,3.8917916782157844,3.8919399937504435,3.8919395496816835,0.3085047199539654,0.30848494523480763,0.30848497973369016,3.8434246820681764e-05,5.981600988387961e-08,1.526823973563296e-05,-7.438129046022368e-08,False,False,False
binary,alpha,beta,0.95,0.5,11,210134,50,0.1,0.01,0.98,0.31551052091284737,34.37210322117228,0.019286343189372213,True,True,True,1.4095943665225898,1.4097639647623763,1.4097661178429686,0.6669947950133638,0.6669286094920797,0.6669280160183071,5.0533430390920676e-05,3.634653823286241e-07,4.495491800327045e-05,8.440000840437278e-07,False,False,False
binary,alpha,beta,0.95,0.5,12,210135,50,0.1,0.01,0.11722828163239513,1.3795910928141482,32.97089311777529,2.780791923225566e-07,True,True,True,1.517829668040232,1.5178125161306437,1.5178126957607532,1.7901713350183233,1.7902313769510143,1.7902313096024542,0.00012717343348398746,3.936793755521356e-08,5.7866289694175066e-05,4.0810114398937e-08,False,False,False
binary,alpha,beta,0.95,0.5,13,210136,50,0.1,0.01,0.8418010599579783,0.5775519856744016,33.6397087310117,3.0561598645713515e-08,True,True,True,2.456619987409688,2.456844408019773,2.4568423944152435,0.47793525969988354,0.4779055403184642,0.47790578424946467,4.227761868262409e-05,3.58758164884716e-07,5.6594779898944125e-05,-5.387541577306365e-07,False,False,False
binary,alpha,beta,0.95,0.5,14,210137,50,0.1,0.01,0.9235786647134674,0.7133427395710074,32.45923954617525,1.220914233886076e-07,True,True,True,3.403557853757775,3.403543856084401,3.403542306870462,0.42072392913484813,0.4207334476817885,0.4207335789500349,1.696335575169321e-05,2.1768386122197367e-07,6.541915858804259e-06,-3.040486760141903e-07,False,False,False
binary,alpha,beta,0.95,0.5,15,210138,50,0.1,0.01,0.974126708035743,0.9866819848318579,30.47755248329018,6.658376894816098e-08,True,True,True,3.4096237479708185,3.409700848840849,3.4097012894428067,0.5970605226884913,0.5970434578849626,0.5970434261422689,1.96959056716261e-05,6.43012125780032e-08,3.0585590664600204e-06,9.267498768394944e-08,False,False,False
binary,alpha,beta,0.95,0.5,16,210139,50,0.1,0.01,0.5067056204006756,1.7610941971713046,29.790359170405114,1.0153438421174813e-07,True,True,True,2.2601378382366892,2.260291966942959,2.2602917671930904,0.7899746991959539,0.7899488013117212,0.7899488155422525,1.3905460594370183e-05,5.7362399232314984e-08,3.830402719628978e-05,-7.198998019930514e-08,False,False,False
binary,alpha,beta,0.95,0.5,17,210140,50,0.1,0.01,0.8821663597137381,0.8332683576878356,33.005529314891604,2.929642751054232e-08,True,True,True,1.419177772454686,1.4191462822636183,1.4191443261835206,0.7102300168966132,0.7102431841692882,0.7102436454587189,1.0046132118377074e-05,4.0922430889458015e-07,-7.877174120096697e-06,-8.472717354379711e-07,False,False,False
binary,alpha,beta,0.95,0.5,18,210141,50,0.1,0.01,0.5604825414818246,1.4554135102464107,30.98974280537777,1.671602580706492e-08,True,True,True,2.40570955669117,2.4057726418600383,2.405772735949007,0.6007182485758243,0.6007017534336306,0.6007017233306803,1.7905219779780755e-05,3.393557764227136e-08,7.236477024719079e-06,4.452367363683152e-09,False,False,False
binary,alpha,beta,0.95,0.5,19,210142,50,0.1,0.01,0.33545094315727403,0.662095503867374,33.3322871372515,2.331294939000787e-07,True,True,True,3.1910306334035816,3.191315519877783,3.1913141816109283,0.30166636732411983,0.301628516568435,0.30162870330664876,4.3247926166930435e-05,1.8833004051964257e-07,4.549162673583851e-05,-2.0435622616332694e-07,False,False,False
binary,alpha,beta,0.95,1.0,0,220123,50,0.1,0.01,0.222181116603444,1.3089900881819376,30.50845386542715,5.499141785022936e-09,True,True,True,3.265572354260473,3.2656950007757626,3.2656947121185427,0.6964527655784477,0.6964926292876538,0.6964926041284325,0.00013840531189947137,1.4632342859915897e-07,8.333416276684602e-05,-1.1735637528431653e-07,False,False,False
binary,alpha,beta,0.95,1.0,1,220124,50,0.1,0.01,0.9050117051150464,2.0289161727957152,24.469650571026953,1.5865811016420188e-07,True,True,True,2.9262831114563093,2.9263194841972493,2.926319529991492,0.8279170127445002,0.8279000534264882,0.8279000606636749,2.6410706737581563e-05,3.2414851153732455e-08,-7.0715598816661895e-06,2.3981211683121728e-08,False,False,False
binary,alpha,beta,0.95,1.0,2,220125,50,0.1,0.01,0.9704788100710611,0.7106833939065054,33.14749397888173,6.050053388380547e-08,True,True,True,3.6050610733961754,3.6051093136873313,3.6051093395161877,0.46544452895483,0.4654359948920498,0.46543598504480965,1.549637674689048e-05,1.7536658870118546e-08,3.5518038359327875e-06,-4.1725343180587515e-09,False,False,False
binary,alpha,beta,0.95,1.0,3,220126,50,0.1,0.01,0.98,0.6443429922729251,33.27566971331293,0.8169257128542999,True,True,True,2.2330750998845863,2.2330926137812073,2.2330935225311515,0.46510954406968813,0.4650899116588338,0.46508980586548554,4.35269531894034e-05,2.1019456550954357e-07,-1.447458127046275e-05,2.8514764949250093e-07,False,False,False
binary,alpha,beta,0.95,1.0,4,220127,50,0.1,0.01,0.98,0.5274216054431424,33.795112066311276,1.6210978870390356,False,False,False,-2.4087685524042772,-2.4085963849333676,-2.408596198913192,inf,inf,inf,2.664719916629825e-05,9.954082017355991e-08,nan,nan,False,False,True
binary,alpha,beta,0.95,1.0,5,220128,50,0.1,0.01,0.9160664060326765,1.0842760804813536,31.241058499351464,1.0658141036401503e-07,True,True,True,3.671745776629152,3.6717955439504237,3.671794321493475,0.650361111235376,0.6503485251482818,0.65034863302813,1.5464700672151785e-05,1.1086049643534357e-07,-1.1449600982871289e-06,-2.0873044093150384e-07,False,False,False
binary,alpha,beta,0.95,1.0,6,220129,50,0.1,0.01,0.98,0.6409905707804149,33.43433265566273,0.32390671123043774,True,True,True,3.808625213721379,3.8085685557709095,3.808567698734395,0.2330035495037755,0.2330061125960409,0.23300617606715662,1.8491044347465695e-05,1.403691419868007e-07,-1.2077417366640475e-05,-1.5195471547713169e-07,False,False,False
binary,alpha,beta,0.95,1.0,7,220130,50,0.1,0.01,0.4403679036796448,0.9571981829932836,32.49010706648791,3.161915174132446e-07,True,True,True,3.6406984949404007,3.6407218332827407,3.6407202863846244,0.3127873511800069,0.3127859347267856,0.31278607042513773,4.215831943228636e-06,2.1374389590196102e-07,4.510970462945352e-06,-2.686593418843586e-07,False,False,False
binary,alpha,beta,0.95,1.0,8,220131,50,0.1,0.01,0.1599348163013037,1.0614569993011582,33.22031194392613,8.41439796332546e-08,True,True,True,2.1249765497972732,2.125011171408942,2.125011008476138,1.0813696988061416,1.0814252260535906,1.0814251896752656,0.00014567973371333725,1.6064314869877947e-07,8.010212037135034e-05,-1.185559526106772e-07,False,False,False
binary,alpha,beta,0.95,1.0,9,220132,50,0.1,0.01,0.98,0.3678439277759646,34.330039981324745,0.7300656434950048,False,False,False,-2.0123550111200585,-2.012229728015007,-2.0122303424870234,inf,inf,inf,2.552556478812099e-05,1.7657931596163872e-07,nan,nan,False,False,True
binary,alpha,beta,0.95,1.0,10,220133,50,0.1,0.01,0.98,1.7741122605687558,25.347436388020675,2.11919597958854,True,True,True,3.3881649213376743,3.388244602380606,3.3882447052640563,0.7164629894877881,0.716441552453612,0.7164415289689344,2.579593941461919e-05,2.4187620905682027e-08,-1.1597841798050013e-06,3.3270879384872387e-09,False,False,False
binary,alpha,beta,0.95,1.0,11,220134,50,0.1,0.01,0.98,1.4897177229124046,26.55677721931379,3.328165947280582,True,True,True,5.405229858355304,5.405252397978583,5.405252281552444,0.05182350563917223,0.05181501348346018,0.051814997559133366,2.5903229559074453e-05,4.6362893375275974e-08,-5.646871542808185e-06,-3.987300445373876e-08,False,False,False
binary,alpha,beta,0.95,1.0,12,220135,50,0.1,0.01,0.9194154284745383,1.5805552946017618,27.414241732036096,1.5867991811501848e-07,True,True,True,3.0395779101982763,3.039587293747598,3.039586702363077,0.7234312394024298,0.7234251428827115,0.7234251948447191,1.3094557654098594e-05,8.660705192424694e-08,-4.0664973290915896e-06,-1.3473734128410797e-07,False,False,False
binary,alpha,beta,0.95,1.0,13,220136,50,0.1,0.01,0.98,0.43958905134861903,34.164141390125174,1.5384910803106848,False,False,False,-4.045174024343816,-4.045221376280004,-4.045220959822033,inf,inf,inf,1.9763075602173973e-05,8.043783256492858e-08,nan,nan,False,False,True
binary,alpha,beta,0.95,1.0,14,220137,50,0.1,0.01,0.9500579015223213,1.0017836893377146,31.651567173600583,2.493213121050801e-08,True,True,True,2.6784474584140945,2.6784865029863143,2.6784869196453442,0.6089933435670191,0.6089754933694228,0.6089754467415208,2.8712242560301826e-05,6.080430263351562e-08,-5.871715462291149e-06,1.0187526910954148e-07,False,False,False
binary,alpha,beta,0.95,1.0,15,220138,50,0.1,0.01,0.39838381232137127,0.999768598056389,32.45831868880702,3.1992181746013344e-07,True,True,True,3.680943169996081,3.6810900256448758,3.681088735901291,0.518274874869098,0.5182598188157138,0.5182599288371957,1.261197937787869e-05,1.3786429952434957e-07,2.2337780016812303e-05,-2.2370316798969725e-07,False,False,False
binary,alpha,beta,0.95,1.0,16,220139,50,0.1,0.01,0.98,0.9453860971845278,31.577383112372527,3.3076790906250153,False,False,False,-4.794836659267674,-4.794948330835833,-4.79494834144539,inf,inf,inf,2.778566683577274e-05,5.3603255068172744e-08,nan,nan,False,False,True
binary,alpha,beta,0.95,1.0,17,220140,50,0.1,0.01,0.98,0.6070143074601936,33.216894645205365,1.4959953631432663,True,True,True,1.270213325664526,1.2702650550091803,1.2702642247909066,0.7770905657668881,0.7770695998138154,0.7770699165624201,1.1647544070703428e-05,1.3918490073042173e-07,1.6297243341512058e-05,-2.889086800905716e-07,False,False,False
binary,alpha,beta,0.95,1.0,18,220141,50,0.1,0.01,0.98,0.7504314364791881,32.89267635531119,2.0681962560331613,True,True,True,5.86673260648759,5.866799477060933,5.866798829149761,0.2795085125237515,0.2794880277373233,0.27948807550241644,3.307632836174096e-05,5.851182225680758e-08,-1.2241227132392396e-05,-5.5445312341362296e-08,False,False,False
binary,alpha,beta,0.95,1.0,19,220142,50,0.1,0.01,0.6505728128721844,1.1942181752424967,30.220987614723228,1.8010956710816077e-08,True,True,True,4.090414450608945,4.0904392003212715,4.090438980968537,0.373993729677615,0.3739866831944007,0.37398670185012584,1.2240352114282228e-05,2.3346872480800514e-08,-2.0940681544345807e-06,-3.2147521977776705e-08,False,False,False
binary,alpha,beta,0.95,3.0,0,230123,50,0.1,0.01,0.98,2.760835529956389,19.51119034799577,8.234966955456002,True,True,True,1.5898002945201457,1.5897844557187804,1.5897844427450083,0.9667663722930588,0.9667543690982421,0.9667543751834614,3.744195484148626e-05,5.917383355709784e-09,-2.3783154823320274e-05,-1.1548451084308908e-09,False,False,False
binary,alpha,beta,0.95,3.0,1,230124,50,0.1,0.01,0.7239313292749886,3.0081803323864604,17.971301286407108,2.4139498174875175e-07,True,True,True,1.7017912344805108,1.7018849947778223,1.701884892504468,0.957818423880389,0.9577796655232635,0.9577796724120361,3.473351094512496e-05,4.445610036014451e-08,1.041917567334849e-05,-5.216317333633924e-08,False,False,False
binary,alpha,beta,0.95,3.0,2,230125,50,0.1,0.01,0.9486430308185582,2.6428831437624902,22.44491749733772,6.2466076552834e-08,True,True,True,1.4770752859841267,1.4771322906160962,1.4771322347640752,1.2394462929931265,1.2394172474116687,1.2394172479446515,2.960119595022073e-05,3.659194185168539e-08,5.115005286882024e-06,-3.719749841479825e-08,False,False,False
binary,alpha,beta,0.95,3.0,3,230126,50,0.1,0.01,0.7149304629702808,4.168090416787916,14.50053923546282,7.1646664281041e-08,True,True,True,0.7746399230234636,0.7745736716259304,0.774573659680721,1.5917736599441432,1.5918078272857452,1.5918078320610274,7.36012990312121e-06,4.463435235986998e-09,-4.6202386361215986e-05,-9.923910582188e-09,False,False,False
binary,alpha,beta,0.95,3.0,4,230127,50,0.1,0.01,0.7981433907249595,2.2820258858723217,27.648211245571762,9.017052065589685e-07,True,True,True,1.5153767324102125,1.5154002646415456,1.515400267987517,1.3707252098934697,1.3707160293797358,1.3707160204428626,5.802634980962559e-06,1.8633807703599066e-08,4.951305815126261e-06,-8.080977664803868e-09,False,False,False
binary,alpha,beta,0.95,3.0,5,230128,50,0.1,0.01,0.858209907226352,3.2689717978643897,15.809880415639277,1.5542134936237207e-07,True,True,True,1.162570737966649,1.1625760383683565,1.1625759423818454,1.6111616239213,1.6111587447314357,1.6111587691649711,2.1066503042268136e-06,2.6891202308139092e-08,1.1899741920728957e-06,-5.4433497709283074e-08,False,False,False
binary,alpha,beta,0.95,3.0,6,230129,50,0.1,0.01,0.9352117429150396,7.634859937498657,12.322770466987373,5.657928072998068e-07,True,True,True,0.02036763433100748,0.020399098023524208,0.020399079379778022,3.6515093446891904,3.65080160104097,3.650801985664036,8.610990376425965e-05,2.9051636834169505e-08,0.0007283056747073857,-4.7113628554029674e-07,False,False,False
binary,alpha,beta,0.95,3.0,7,230130,50,0.1,0.01,0.98,2.732702388464441,20.11236407572697,6.850452116680117,True,True,True,1.547934139877992,1.547946243468717,1.547946207210143,1.0937821927505629,1.0937644206044779,1.0937644287968682,3.350506611060716e-05,6.044815070302417e-09,-1.2655771993053122e-05,-1.3991826364190274e-08,False,False,False
binary,alpha,beta,0.95,3.0,8,230131,50,0.1,0.01,0.8682078176668228,3.1277097869056685,18.54913545039487,8.886661186864411e-08,True,True,True,0.9278564825208987,0.9279126072354282,0.9279125347794318,1.5164619816094822,1.5164322845493963,1.5164323017477443,9.599946657390912e-06,3.946681938440642e-08,2.6238455049565346e-05,-5.828460913903655e-08,False,False,False
binary,alpha,beta,0.95,3.0,9,230132,50,0.1,0.01,0.98,2.5823439524946017,22.499171742998623,1.4392159997100886,True,True,True,1.7142284866213264,1.7142676690964493,1.7142676284267169,1.1119625725338693,1.1119439159056794,1.1119438981891998,2.0187993423563126e-05,6.436376409249983e-08,1.3335875479469905e-06,-4.4121112097172954e-08,False,False,False
binary,alpha,beta,0.95,3.0,10,230133,50,0.1,0.01,0.9336050231435945,2.8844516550978097,18.016242290273713,1.1741738994178198e-08,True,True,True,1.6898799456685778,1.6899094814739866,1.6899093889122823,1.2866951724772138,1.2866817640866968,1.2866817788590084,1.3543090378499683e-05,2.094235113712372e-08,2.003150814999799e-06,-3.776592194526529e-08,False,False,False
binary,alpha,beta,0.95,3.0,11,230134,50,0.1,0.01,0.6118332519424835,2.540140739347831,20.725058687950426,7.472488211296276e-08,True,True,True,2.5304779718707966,2.5304707457541964,2.530470709689095,0.46385716765552676,0.46387168742137275,0.46387167993087824,2.8908398226911914e-05,3.100256558814861e-08,1.3837984958797733e-05,-2.2876079697198293e-08,False,False,False
binary,alpha,beta,0.95,3.0,12,230135,50,0.1,0.01,0.8294683846473425,2.993817516962008,15.357556104178979,5.321612184663666e-08,True,True,True,1.84423069289989,1.8442598758997057,1.8442599083369908,0.8136989500106195,0.8136896453641307,0.8136896312502292,7.983180484547012e-06,1.5054066531421193e-08,5.112785823158106e-06,1.3390106801125512e-09,False,False,False
binary,alpha,beta,0.95,3.0,13,230136,50,0.1,0.01,0.44319139729731377,3.5691248606753088,21.730262696381565,1.9332708335138315e-07,True,True,True,0.9795192674470456,0.9794730332995912,0.9794729769640524,1.5391725202452609,1.5391943145692737,1.539194320656348,4.260806418819525e-06,4.449380923716888e-08,-2.216083492712073e-05,-5.050817009077946e-08,False,False,False
binary,alpha,beta,0.95,3.0,14,230137,50,0.1,0.01,0.98,2.6787365128755978,21.239908601403112,0.6699311576596778,True,True,True,1.3800165408855525,1.380100076985098,1.380099977220938,1.3663506748626044,1.3663219234835662,1.3663219464250196,6.633188585409732e-06,1.9933475297364465e-08,2.7383724191309966e-05,-4.587530710864485e-08,False,False,False
binary,alpha,beta,0.95,3.0,15,230138,50,0.1,0.01,0.470505123056106,3.863137596032346,20.537040822082115,8.612650408374211e-08,True,True,True,0.8656609918398732,0.8656131458973647,0.8656131368095868,1.5404501606905912,1.5404969615269966,1.5404969369511927,5.2528920825988955e-05,6.807679407227354e-08,-1.429858844659293e-06,-3.8792599355019775e-08,False,False,False
binary,alpha,beta,0.95,3.0,16,230139,50,0.1,0.01,0.98,3.560849299896031,14.368281108003156,3.8863440652292525,True,True,True,0.9781804511980877,0.9782273628233241,0.9782273322745074,1.4838748059115408,1.4838415480454732,1.4838415623024521,2.8649945943231128e-05,2.0966856252435757e-09,9.652550147620786e-06,-1.4814794724316016e-08,False,False,False
binary,alpha,beta,0.95,3.0,17,230140,50,0.1,0.01,0.98,3.324697615305787,18.988258708718465,3.6075414122649363,True,True,True,0.9782692716674595,0.97821473551668,0.9782146983323371,1.7818599860890507,1.7818730063471369,1.7818730147057225,2.606219093748926e-05,1.8955113378544936e-08,-4.0787403580822e-05,-2.8389276707230238e-08,False,False,False
binary,alpha,beta,0.95,3.0,18,230141,50,0.1,0.01,0.7610585394161222,3.310023787257116,18.12087169969213,5.151714364120388e-08,True,True,True,1.2605535276734667,1.260609171866507,1.2606091541810467,1.5885764979557893,1.5885554530890462,1.588555453606236,4.485138130478508e-06,1.2848596168927023e-08,1.989945941716087e-05,-1.343385847007994e-08,False,False,False
binary,alpha,beta,0.95,3.0,19,230142,50,0.1,0.01,0.98,2.2504001922974597,23.20002847537406,7.890324271286886,True,True,True,2.41037564021323,2.4103798089268036,2.4103797538265446,0.926307827877307,0.9262972824943666,0.9262972916104604,2.2718226191753683e-05,4.2235693547507525e-09,-1.0423699460915259e-05,-1.2364285595367619e-08,False,False,False
binary,alpha,beta,0.95,8.0,0,240123,50,0.1,0.01,0.98,6.710718961389405,17.511523918471323,7.054851858256939,True,True,True,0.024242508182354815,0.02423889765913026,0.024238895924749683,3.866039957015384,3.8660899828471704,3.866090015611394,3.381949905283937e-05,4.874240514485827e-09,-9.138412416831443e-05,-3.38324035453752e-08,False,False,False
binary,alpha,beta,0.95,8.0,1,240124,50,0.1,0.01,0.856901478500061,8.0,13.796684916750994,0.014026482088886133,True,True,True,0.02506790628514354,0.025127217381752096,0.025127195227810418,3.6551946937192836,3.6541426940036668,3.6541430649551714,5.915445423903103e-05,2.8023498480707386e-08,0.0011516085261629172,-4.5459779762779817e-07,False,False,False
binary,alpha,beta,0.95,8.0,2,240125,50,0.1,0.01,0.98,7.041005946673743,16.750218306184635,4.0013899340607395,True,True,True,0.021948857637306935,0.02202438229763759,0.022024384626429062,3.9502209165469986,3.9487169191954763,3.948716878487155,2.8138031201801377e-05,1.2185803191500816e-08,0.0017035495393695754,5.886977660907178e-08,False,False,False
binary,alpha,beta,0.95,8.0,3,240126,50,0.1,0.01,0.98,7.185175719441266,12.640013614504433,4.866156566585289,True,True,True,0.019817285632670087,0.019823795992168186,0.019823791744610367,3.4585373848927983,3.4583708433552784,3.458370935291823,5.5133251391989354e-05,5.6601577711228375e-09,0.00013661883287063858,-1.0841977982067874e-07,False,False,False
binary,alpha,beta,0.95,8.0,4,240127,50,0.1,0.01,0.9407491645663314,8.0,14.39931916008697,0.0017741524255824564,True,True,True,0.01747870284096884,0.017524356508586695,0.017524342845503166,3.8517888665553186,3.8506414288305453,3.8506417695002035,3.355170831774464e-05,5.675250287445703e-09,0.0012871305198576266,-3.874523617497516e-07,False,False,False
binary,alpha,beta,0.95,8.0,5,240128,50,0.1,0.01,0.9079131963753483,7.501434631489028,13.465552763038529,1.6931566235492916e-06,True,True,True,0.024202350583383922,0.02419251555078852,0.02419250436863824,3.565092064164124,3.5652338533581185,3.5652340468163697,8.004817868382245e-05,1.8059406881237597e-08,-0.00024344807005682867,-2.3948834204645664e-07,False,False,False
binary,alpha,beta,0.95,8.0,6,240129,50,0.1,0.01,0.98,7.5512282958063075,15.979471247215898,0.22884668027245425,True,True,True,0.017166590965310882,0.017157228204337543,0.01715722628316474,4.061849749525436,4.062076361047241,4.06207641401063,2.3840228855099404e-05,1.0150322430414293e-08,-0.00028470958709192473,-5.099819588849641e-08,False,False,False
binary,alpha,beta,0.95,8.0,7,240130,50,0.1,0.01,0.98,6.458366423962332,14.174902970414038,12.258194510117448,True,True,True,0.013913877224754193,0.013900088496023503,0.013900087972493964,3.9452115571337396,3.945628848487293,3.9456288623681783,3.0725812445878675e-05,6.56251338166106e-09,-0.0005110941193251506,-2.168279777947646e-08,False,False,False
binary,alpha,beta,0.95,8.0,8,240131,50,0.1,0.01,0.904327834149765,8.0,18.41972129768195,0.008845531441432046,True,True,True,0.017195161172774105,0.017256169782782885,0.017256138132026734,4.056308393526128,4.054747591127691,4.05474837770463,5.2220982310176334e-05,2.337515652111769e-08,0.0017438622613283883,-9.285919340129567e-07,False,False,False
binary,alpha,beta,0.95,8.0,9,240132,50,0.1,0.01,0.8925288865805519,7.314676154513794,9.415319950201608,3.6726959015251313e-07,True,True,True,0.03330751340851195,0.03332859270465509,0.033328588432093915,3.209481975973715,3.2091835750278817,3.2091836325893004,5.455544465357213e-05,7.674391585556795e-09,0.0002890602162279876,-6.192504198310189e-08,False,False,False
binary,alpha,beta,0.95,8.0,10,240133,50,0.1,0.01,0.98,7.348505142347431,12.587731468288224,3.410912703394331,True,True,True,0.02184816858871659,0.021860947176222764,0.021860937762406593,3.8703673251130457,3.870092007686013,3.870092194325466,4.9262621180050245e-05,3.740343614467769e-09,0.0002675237792839624,-2.1574600239659958e-07,False,False,False
binary,alpha,beta,0.95,8.0,11,240134,50,0.1,0.01,0.98,6.805321822626542,12.718865780331779,8.885690641946553,True,True,True,0.018932106849572392,0.01890695201616792,0.018906935049336358,3.7081871705667027,3.708749186118779,3.708749575495206,3.55929471423927e-05,2.969581432345232e-09,-0.0006829746973977535,-4.491000940021195e-07,False,False,False
binary,alpha,beta,0.95,8.0,12,240135,50,0.1,0.01,0.6594876408885818,6.005252702321312,7.1492230159270616,7.262093073128569e-08,True,True,True,0.14251033922758868,0.1424967106177776,0.14249671403189287,2.0921396360167335,2.0921766616052593,2.0921766587875847,1.0409425644907485e-05,1.7478989489251733e-08,-5.298900207506563e-05,2.071528815150714e-08,False,False,False
binary,alpha,beta,0.95,8.0,13,240136,50,0.1,0.01,0.957670358183989,7.768640656927348,13.77526203742089,4.6486398309046634e-07,True,True,True,0.016452397959505868,0.01645283159384352,0.016452830745639472,4.020309604554395,4.020283029941611,4.0202830537841505,3.487496408166956e-05,4.309333722733662e-09,-4.2626970113701645e-06,-2.410394372986957e-08,False,False,False
binary,alpha,beta,0.95,8.0,14,240137,50,0.1,0.01,0.9524723104551075,8.0,10.978944943683208,0.0003464559630118158,True,True,True,0.016715969004976756,0.016710079027895678,0.01671007167400522,3.9796077617499663,3.9797473518158513,3.979747553391595,3.1015827257207764e-05,2.4201682859584584e-08,-0.0001919174096887133,-2.0801456024344134e-07,False,False,False
binary,alpha,beta,0.95,8.0,15,240138,50,0.1,0.01,0.9535599813621825,8.0,8.302510275979728,0.0010209387810227056,True,True,True,0.017871589508665815,0.0178848441464456,0.01788483341112882,3.674968959049684,3.674640620718533,3.674640885070534,1.4660386162518568e-05,8.692791576937224e-09,0.00036307543638969264,-2.959002864955096e-07,False,False,False
binary,alpha,beta,0.95,8.0,16,240139,50,0.1,0.01,0.8143456763374886,8.0,10.299269093013795,0.022602619220791275,True,True,True,0.029543803569261062,0.029496295713934823,0.02949627893705652,3.4899901540757954,3.49066276490334,3.4906630001357284,6.071001211549388e-05,2.761649078485365e-08,-0.0008352684592409787,-2.979580262518766e-07,False,False,False
binary,alpha,beta,0.95,8.0,17,240140,50,0.1,0.01,0.8797581611676457,8.0,16.35135155452007,0.03820099393005576,True,True,True,0.02508003856193318,0.02506283755870041,0.02506281876322782,3.8875807003838663,3.8878542466697437,3.88785456530546,5.627372023668644e-05,1.6790613754955116e-08,-0.00037153095951580895,-3.8309129912761364e-07,False,False,False
binary,alpha,beta,0.95,8.0,18,240141,50,0.1,0.01,0.98,6.484639766623979,16.880836046763992,9.547596512504697,True,True,True,0.020723728198715128,0.020728740194116954,0.020728741112526497,3.8606764279144192,3.860562495428896,3.8605624794098925,2.0747245875153282e-05,7.612754269615197e-09,0.00011067515525908789,2.586353531341956e-08,False,False,False
binary,alpha,beta,0.95,8.0,19,240142,50,0.1,0.01,0.945601633042442,8.0,13.032322383562363,0.0012704324513765066,True,True,True,0.015531568955167411,0.015502430674201616,0.015502425156879062,3.9398496425275527,3.9406496090924867,3.940649765285462,3.588017106189881e-05,4.649791625224099e-09,-0.000957010646905232,-1.7607673719055583e-07,False,False,False
categorical,alpha,beta,0.05,0.25,0,1000123,50,0.1,0.01,0.08765524411341513,1.103387629095537,54.33438369832128,2.03672322625407e-06,True,True,True,0.7046682538132285,0.704789727084066,0.7047899303573777,2.1295795543245117,2.129525400941199,2.129525210388685,4.781663894814567e-05,1.5038593533041983e-07,0.00011009142131257477,6.90352308652109e-08,False,False,False
categorical,alpha,beta,0.05,0.25,1,1000124,50,0.1,0.01,0.02,0.1,54.995417657386604,1.917305715058722,False,False,False,-28.184144277774717,-28.184632132864163,-28.1846354166494,inf,inf,inf,3.954925259449673e-05,1.210838550928187e-07,nan,nan,False,False,True
categorical,alpha,beta,0.05,0.25,2,1000125,50,0.1,0.01,0.98,0.7032427475363304,53.02710660602573,0.42059897253921263,True,True,True,0.6115779762105997,0.6116227927555571,0.611622723193348,1.183210561604676,1.18317188522595,1.1831718867703198,2.6102260868832075e-05,1.1427451777458523e-07,2.8637714024171146e-05,-1.1195582771961199e-07,False,False,False
categorical,alpha,beta,0.05,0.25,3,1000126,50,0.1,0.01,0.02,0.1,54.9633391949715,0.3820407650405216,False,False,False,-7.179619891146831,-7.17992390414299,-7.179924546924533,inf,inf,inf,5.403051664716531e-05,9.248661997165722e-08,nan,nan,False,False,True
categorical,alpha,beta,0.05,0.25,4,1000127,50,0.1,0.01,0.02,0.1,54.99628170470946,1.8079115185121983,False,False,False,-37.189245183333206,-37.19313397270657,-37.19312669735749,inf,inf,inf,0.00010480904028230689,2.0547012207165392e-07,nan,nan,False,False,True
categorical,alpha,beta,0.05,0.25,5,1000128,50,0.1,0.01,0.02,0.10000000000000005,54.9859319173617,1.471012127562567,False,False,False,-20.824605506216468,-20.825791155737967,-20.82578953562058,inf,inf,inf,5.552467143151042e-05,1.1343301564388129e-07,nan,nan,False,False,True
categorical,alpha,beta,0.05,0.25,6,1000129,50,0.1,0.01,0.98,0.4740687154816666,53.94087814623855,0.16340920794289845,True,True,True,3.3509243736358747,3.3510680306275833,3.3510659961614198,0.5053074066140169,0.5052866832461627,0.5052868670187217,1.3546617523335376e-05,2.6313399751142907e-07,1.8615742774841237e-05,-3.955339806793745e-07,False,False,False
categorical,alpha,beta,0.05,0.25,7,1000130,50,0.1,0.01,0.38412186871422305,0.5500993502529916,54.47854724583915,9.565974336450907e-08,True,True,True,0.9666460344088439,0.966753044713517,0.9667522485301082,0.6853509079578203,0.6853069437340447,0.6853072302169705,4.589520550676778e-05,2.4239895183124945e-07,5.958712865350435e-05,-4.937391011594627e-07,False,False,False
categorical,alpha,beta,0.05,0.25,8,1000131,50,0.1,0.01,0.8075704303846665,0.33020384565077465,54.631422842128906,6.652687594237358e-07,True,True,True,3.107581492563909,3.1075700518500686,3.107570436795448,0.30082655930492375,0.30080685273227725,0.30080683328507035,4.896809237862378e-05,9.7907085339517e-08,-2.6268102075732713e-05,1.014840051993815e-07,False,False,False
categorical,alpha,beta,0.05,0.25,9,1000132,50,0.1,0.01,0.4154675308429031,0.7109703892046285,53.8546883842838,1.0521072294239422e-07,True,True,True,2.0910566824047674,2.0912641831396463,2.0912626691978144,0.47375821724987577,0.47372414401902796,0.4737243343394958,5.2710425832012855e-05,4.035310328466865e-07,5.94944755079041e-05,-5.048219193781733e-07,False,False,False
categorical,alpha,beta,0.05,0.25,10,1000133,50,0.1,0.01,0.02,0.1,54.968829291096334,0.637995840242027,False,False,False,-10.859582536042314,-10.860060844993958,-10.860057703036013,inf,inf,inf,4.04579726444765e-05,2.862472165105143e-07,nan,nan,False,False,True
categorical,alpha,beta,0.05,0.25,11,1000134,50,0.1,0.01,0.8592044956513235,0.1780639133430916,54.83818013724625,1.797546735911271e-07,True,True,True,1.4488159960878173,1.4489639200395144,1.4489647360748936,0.6762222333957227,0.6761674716091127,0.6761672785418643,3.45103737818775e-05,1.7007126684570356e-07,3.9388748326985024e-05,3.409083930705492e-07,False,False,False
categorical,alpha,beta,0.05,0.25,12,1000135,50,0.1,0.01,0.02,0.1,54.96721862729561,0.5436351178008411,False,False,False,-10.890525576075122,-10.891281117674104,-10.89127958728023,inf,inf,inf,7.566681145773738e-05,1.4125128075596363e-07,nan,nan,False,False,True
categorical,alpha,beta,0.05,0.25,13,1000136,50,0.1,0.01,0.6822218215612649,0.3467199462554221,54.548414735216994,1.180976748471683e-07,True,True,True,3.8710659797723,3.8710881521789333,3.871087655014439,0.2904219368482515,0.2904103736340986,0.29041042528455974,1.9032642028797978e-05,1.277394903230194e-07,-7.65389769696867e-06,-6.896537740885833e-08,False,False,False
categorical,alpha,beta,0.05,0.25,14,1000137,50,0.1,0.01,0.98,0.1,54.91429327976377,0.5520663091582725,False,False,False,-3.5938817583763423,-3.5937652561672575,-3.5937641341536337,inf,inf,inf,1.0157930308292102e-05,1.201778255203945e-07,nan,nan,False,False,True
categorical,alpha,beta,0.05,0.25,15,1000138,50,0.1,0.01,0.708910852899245,0.15787679307189698,54.86181508047923,1.7549111014472584e-07,True,True,True,0.998000466276212,0.9979845524486809,0.9979840761095209,0.7921154290612714,0.7921155372577018,0.7921157614949063,2.388151655046406e-05,1.5208026897159988e-07,-1.6040411530582332e-05,-2.1913862724431965e-07,False,False,False
categorical,alpha,beta,0.05,0.25,16,1000139,50,0.1,0.01,0.12570850772903636,0.1,54.953019794066385,0.11121119808137846,True,True,True,0.11829078375450747,0.11846298611770195,0.11846282915400407,1.3056270116685695,1.30498797207921,1.3049884758476848,0.00012669492084957897,3.3704637254089823e-07,0.0007182295718664022,-7.450180206092227e-07,False,False,False
categorical,alpha,beta,0.05,0.25,17,1000140,50,0.1,0.01,0.029657525085340572,5.671635292562365,53.00542867168219,7.304391168441508e-06,True,True,True,0.010249129888428249,0.010239435852001905,0.010238524312998976,5.415564575196076,5.416174285880444,5.416212142832275,0.00045569621564367675,1.8581300836945454e-06,-0.00028977408659613957,-4.544192147903914e-05,False,False,False
categorical,alpha,beta,0.05,0.25,18,1000141,50,0.1,0.01,0.02,0.5753200188496711,54.93136779653675,0.33030731216855214,False,False,False,-0.013143622398617412,-0.012990653402440362,-0.012991782663103985,inf,inf,inf,0.00026277664732052796,4.857666724029421e-07,nan,nan,False,False,True
categorical,alpha,beta,0.05,0.25,19,1000142,50,0.1,0.01,0.02,0.8701551278234135,54.922593268302116,0.5088447174728119,False,False,False,-0.0060702654744289285,-0.0058685298432275155,-0.005869969174415539,inf,inf,inf,0.00046402431723083985,1.5557045761403647e-06,nan,nan,False,False,True
categorical,alpha,beta,0.05,0.5,0,1010123,50,0.1,0.01,0.02,3.118526095334386,54.82080270636136,6.9463709273520635,False,False,False,-0.001973847519941859,-0.0017169559494203208,-0.0017175297873122778,inf,inf,inf,0.000354864338760961,1.2502058382157803e-06,nan,nan,False,False,True
categorical,alpha,beta,0.05,0.5,1,1010124,50,0.1,0.01,0.8435113133672437,0.18577793167466639,54.82782674832449,0.0007494683018403022,True,True,True,1.6963002043603326,1.6962578330517195,1.6962577565475296,0.6063793511918047,0.606396261740358,0.6063963531719496,3.770876759121872e-05,1.7543360845539325e-07,-5.449822204184329e-06,6.016276898890283e-08,False,False,False
categorical,alpha,beta,0.05,0.5,2,1010125,50,0.1,0.01,0.4308368961648244,0.8747353422700398,53.252174429092655,3.472584533394468e-07,True,True,True,3.9288756731682026,3.9289570307806065,3.9289552591549683,0.6003363963033104,0.6003358307417179,0.6003359642221454,2.033580481643561e-05,1.7762537784386348e-07,1.9759025427390497e-05,-2.972400707790257e-07,False,False,False
categorical,alpha,beta,0.05,0.5,3,1010126,50,0.1,0.01,0.02,0.1,54.974407582259246,0.9362836610349404,False,False,False,-12.590187554915266,-12.590692829882485,-12.590691353582372,inf,inf,inf,4.22158670591203e-05,1.2467436182983316e-07,nan,nan,False,False,True
categorical,alpha,beta,0.05,0.5,4,1010127,50,0.1,0.01,0.98,0.27018048872674966,54.605347254402645,0.6620612964525551,True,True,True,1.5751641907164522,1.5751100336354984,1.57511041747962,0.7862694805115453,0.7862835864431504,0.7862834740630682,6.6778968667775656e-06,5.140483142844838e-08,-1.802808998263572e-05,1.1431114899096428e-07,False,False,False
categorical,alpha,beta,0.05,0.5,5,1010128,50,0.1,0.01,0.10260424054475242,2.3959061083243864,53.53229158702416,1.8312109074171307e-08,True,True,True,0.09107233289555212,0.0914167184741267,0.09141643196654345,3.226886497388317,3.2252750602649582,3.2252763458293985,6.426545264793859e-05,1.747085102581402e-07,0.0019174298670492362,-1.6540271516873872e-06,False,False,False
categorical,alpha,beta,0.05,0.5,6,1010129,50,0.1,0.01,0.98,0.3222072392742309,54.53695818183707,0.28750961078572207,False,False,False,-0.3325798122968687,-0.33243659323301716,-0.3324383888880135,inf,inf,inf,2.6790029278621346e-05,2.648859876560729e-07,nan,nan,False,False,True
categorical,alpha,beta,0.05,0.5,7,1010130,50,0.1,0.01,0.02,3.6764221785214293,53.08198295612879,1.4066204983009836,True,True,True,0.0045057344297895745,0.0049944776307924614,0.004990036135448558,6.183598090407027,6.139086875397196,6.139472648114469,0.0004895964907393195,1.404470454452179e-06,0.05129095523417959,-0.00044553964778515365,False,False,False
categorical,alpha,beta,0.05,0.5,8,1010131,50,0.1,0.01,0.44714427556013253,0.566109675984782,54.467774413573075,1.8789120051362364e-07,True,True,True,1.924832954099682,1.9249488535333503,1.9249477358821083,0.5138428695831166,0.5138199066286854,0.5138201410435334,2.161316175163145e-05,2.25302976001337e-07,3.346309852503282e-05,-3.10733575759059e-07,False,False,False
categorical,alpha,beta,0.05,0.5,9,1010132,50,0.1,0.01,0.98,0.6067649701904577,53.48129728889898,2.0050283424666473,True,True,True,1.6368054785853874,1.6369248088035595,1.6369260888530697,0.6824933923839117,0.682456329214084,0.6824559494547399,2.600970692449556e-05,1.8687057324194593e-07,3.05758983074611e-05,3.447699015168837e-07,False,False,False
categorical,alpha,beta,0.05,0.5,10,1010133,50,0.1,0.01,0.02,0.1,54.97788987001956,1.0293229285283518,False,False,False,-19.144133646119364,-19.14571031845678,-19.14570807418252,inf,inf,inf,8.282595884351096e-05,1.4133436945391964e-07,nan,nan,False,False,True
categorical,alpha,beta,0.05,0.5,11,1010134,50,0.1,0.01,0.02,0.1,54.98296379979608,1.248443139776224,False,False,False,-23.633956929198796,-23.636260470362735,-23.63625634934651,inf,inf,inf,9.58159603779125e-05,1.8260794607634348e-07,nan,nan,False,False,True
categorical,alpha,beta,0.05,0.5,12,1010135,50,0.1,0.01,0.02,1.9310815064240865,54.871632192934555,0.4289212149899417,True,True,True,0.002152018072243429,0.002288335290604877,0.002287699145573831,5.234076858272057,5.207512570634962,5.207633128179462,0.00025177310687078756,4.439353717322606e-07,0.030696063048452515,-0.000139236322745262,False,False,False
categorical,alpha,beta,0.05,0.5,13,1010136,50,0.1,0.01,0.4109637277760072,0.1,54.94461700982967,0.18426210298874515,True,True,True,0.8532580115644414,0.8533165767339912,0.8533163930900494,0.40060967598761527,0.4005815327520371,0.40058154836442983,4.771856694942058e-05,3.6996472046115574e-07,3.603642617378e-05,-1.9723756139455872e-07,False,False,False
categorical,alpha,beta,0.05,0.5,14,1010137,50,0.1,0.01,0.02,0.1,55.00793829085226,2.3524776752335903,False,False,False,-45.641007117402104,-45.645140706240255,-45.64513432863312,inf,inf,inf,9.040075425369343e-05,1.4568919009591653e-07,nan,nan,False,False,True
categorical,alpha,beta,0.05,0.5,15,1010138,50,0.1,0.01,0.02,0.1,54.96715720895785,0.5639212261168637,False,False,False,-9.859716989090083,-9.859909512390836,-9.85990980181219,inf,inf,inf,2.6966532467112217e-05,8.836079475959559e-08,nan,nan,False,False,True
categorical,alpha,beta,0.05,0.5,16,1010139,50,0.1,0.01,0.17640828433010283,1.3345783828987734,53.458234130178234,8.776903219489636e-08,True,True,True,0.3237776240084257,0.324149407999807,0.3241487529472719,2.001244590170324,2.000812501035912,2.000813291428216,0.0001590230693352671,2.1941913938147475e-07,0.0006490389430950927,-1.1108644812907187e-06,False,False,False
categorical,alpha,beta,0.05,0.5,17,1010140,50,0.1,0.01,0.02,0.1,54.966718112853556,0.7125176307227202,False,False,False,-4.95597458548554,-4.954322712822947,-4.954332941496372,inf,inf,inf,0.00032778793576668166,1.0592146644527186e-06,nan,nan,False,False,True
categorical,alpha,beta,0.05,0.5,18,1010141,50,0.1,0.01,0.2879528799469433,0.22937958402251604,54.887721244995305,3.091677508470435e-07,True,True,True,1.7749355184159068,1.7750959536441675,1.7750950149716431,0.39118388773507173,0.3911466263002987,0.39114693375892456,3.7792472527028e-05,2.8124524860620245e-07,4.731160441195925e-05,-1.748263187550947e-07,False,False,False
categorical,alpha,beta,0.05,0.5,19,1010142,50,0.1,0.01,0.02,0.1,54.971542425144335,0.7805895387920294,False,False,False,-11.59741715859197,-11.598085464266534,-11.598082736874524,inf,inf,inf,6.273846150536353e-05,2.1202501222057348e-07,nan,nan,False,False,True
categorical,alpha,beta,0.05,1.0,0,1020123,50,0.1,0.01,0.98,0.22842629224499708,54.73720757960759,0.8694462039215978,False,False,False,-2.682229480762923,-2.682352174251419,-2.682353512777501,inf,inf,inf,1.791003101474999e-05,1.5750125911529118e-07,nan,nan,False,False,True
categorical,alpha,beta,0.05,1.0,1,1020124,50,0.1,0.01,0.02,3.4818808768396567,54.47716181747659,0.3221558202426438,True,True,True,0.005178117080242452,0.005350838136853392,0.005349762308556135,5.551070092081221,5.536990601375229,5.537077448337159,0.00039136792334300524,1.10728746306197e-06,0.016501012998077158,-0.00010109185829776379,False,False,False
categorical,alpha,beta,0.05,1.0,2,1020125,50,0.1,0.01,0.02,0.1,54.9695852780055,0.8741423234552639,False,False,False,-5.686552807216134,-5.685009307880078,-5.685017536134529,inf,inf,inf,0.00023878003924183077,7.07326674665361e-07,nan,nan,False,False,True
categorical,alpha,beta,0.05,1.0,3,1020126,50,0.1,0.01,0.02,3.466321501099542,53.75658614563822,2.669010680023121,True,True,True,0.006282592827738753,0.006318597266693182,0.006315727612684391,5.871272173766361,5.868982346512062,5.869179129502593,0.00044075288567505487,1.1557850572540363e-06,0.002850496717456963,-0.00022770835169438897,False,False,False
categorical,alpha,beta,0.05,1.0,4,1020127,50,0.1,0.01,0.16759917176817524,0.9203024237322998,53.98876780183163,2.6476656790758156e-07,True,True,True,1.6994978946290356,1.6994937032218693,1.6994932287941433,1.3083217912705805,1.308358177389264,1.308358289459084,8.237643012463083e-05,2.5191243984454982e-08,3.9274668978350746e-05,-1.5013316101430974e-07,False,False,False
categorical,alpha,beta,0.05,1.0,5,1020128,50,0.1,0.01,0.709403235752605,0.26165326746795226,54.705713873779146,2.51214793389404e-08,True,True,True,1.055291233106875,1.0553478959349007,1.0553465605497019,0.8174633834382623,0.8174516064551829,0.8174520510040566,2.9841410765675517e-05,3.057172180419665e-07,3.938027947469891e-05,-7.535456916230032e-07,False,False,False
categorical,alpha,beta,0.05,1.0,6,1020129,50,0.1,0.01,0.24293317497927908,0.5232376015143604,54.63039799489226,3.8015696473494914e-07,True,True,True,1.8488516128346348,1.8489830765365864,1.8489789904797758,0.8891371539666095,0.8891136851177547,0.8891145747071258,1.907842502219862e-05,3.360913854299782e-07,4.289784171618294e-05,-1.185718943474967e-06,False,False,False
categorical,alpha,beta,0.05,1.0,7,1020130,50,0.1,0.01,0.15338946999823808,2.44553709718135,52.32470366948724,3.965548054988653e-06,True,True,True,0.5703433083687891,0.5704529657942132,0.5704529737064237,2.5194264607500267,2.5193594164770197,2.5193594221755617,3.814182939163932e-05,2.701502473673381e-08,0.00011508002566529285,2.043073976665255e-08,False,False,False
categorical,alpha,beta,0.05,1.0,8,1020131,50,0.1,0.01,0.22903310632951768,1.4669130386956934,49.982178935120196,2.1011320331046917e-07,True,True,True,3.7496450105417667,3.749779235672327,3.7497790930801114,1.1017098908418275,1.1017363032286502,1.1017362979313492,9.697451847582398e-05,5.020049373050532e-08,6.616037462947588e-05,-4.412557075283985e-08,False,False,False
categorical,alpha,beta,0.05,1.0,9,1020132,50,0.1,0.01,0.02,0.1,54.97322857965826,0.8511963136058188,False,False,False,-13.36461474396997,-13.365424572167267,-13.365422475936768,inf,inf,inf,6.034352004185546e-05,1.6034781955074265e-07,nan,nan,False,False,True
categorical,alpha,beta,0.05,1.0,10,1020133,50,0.1,0.01,0.02,6.3265284337979315,53.71002970108118,0.34213281807637985,True,True,True,0.007181029489407982,0.007418649671569346,0.007417640320920107,5.774622431412468,5.760737286618072,5.760795390243148,0.0005801440672609932,2.2771843771137146e-06,0.016499265406928032,-6.917083088353593e-05,False,False,False
categorical,alpha,beta,0.05,1.0,11,1020134,50,0.1,0.01,0.98,0.1872685549890915,54.807846910382395,0.634295727053314,False,False,False,-1.2873620833456076,-1.287729494892844,-1.2877282505553431,inf,inf,inf,5.3291413023863336e-05,2.066894853621836e-07,nan,nan,False,False,True
categorical,alpha,beta,0.05,1.0,12,1020135,50,0.1,0.01,0.98,0.32199694867902445,54.554564267929386,2.028038203150127,False,False,False,-5.459456549870931,-5.459333865647799,-5.459334341396611,inf,inf,inf,1.816169153811536e-05,8.863029615052479e-08,nan,nan,False,False,True
categorical,alpha,beta,0.05,1.0,13,1020136,50,0.1,0.01,0.02,0.1,54.960843075579966,0.2385653814350475,False,False,False,-6.9796476123206475,-6.9806406406996535,-6.9806375819810835,inf,inf,inf,0.000165873405967117,5.103576505582213e-07,nan,nan,False,False,True
categorical,alpha,beta,0.05,1.0,14,1020137,50,0.1,0.01,0.8519851204869076,0.40209982867562793,54.30135689088271,7.078731856740915e-08,True,True,True,2.2589834178021793,2.259049215031659,2.25904768533919,0.5675584120265146,0.5675367184268026,0.567536901853441,2.555041070923464e-05,3.098020990386104e-07,3.684853794538867e-06,-4.659624508462912e-07,False,False,False
categorical,alpha,beta,0.05,1.0,15,1020138,50,0.1,0.01,0.98,0.1605213991836755,54.76103283714322,0.5746420964784303,True,True,True,0.43733270266811347,0.4375523201438861,0.437552978790189,1.3306642976338903,1.3304454340140786,1.3304448634062227,2.7161230305841102e-05,2.046190802905966e-07,0.0002509210881314061,8.48359540839283e-07,False,False,False
categorical,alpha,beta,0.05,1.0,16,1020139,50,0.1,0.01,0.3447679711033567,1.8300401937812931,52.258660487170474,6.043387322071414e-07,True,True,True,0.756685034967252,0.7567761282881982,0.7567764377967718,1.738157046545665,1.7381131348719172,1.7381129679622607,2.082281496399396e-05,2.582763889838215e-08,7.00391191799099e-05,2.16821071319373e-07,False,False,False
categorical,alpha,beta,0.05,1.0,17,1020140,50,0.1,0.01,0.98,0.43740917828453485,54.116114186782255,1.532636467516235,True,True,True,2.8031347624328844,2.8028787598605955,2.8028791407065343,0.48655348311047525,0.4865977543589266,0.48659769637386424,3.0124985950733666e-05,5.1532460750588865e-08,-4.0293137246294464e-05,6.911893279948345e-08,False,False,False
categorical,alpha,beta,0.05,1.0,18,1020141,50,0.1,0.01,0.02,0.7267880736559104,54.90254461987461,0.16048105067057666,False,False,False,-0.003005577002382101,-0.002712297505207744,-0.002715080606304688,inf,inf,inf,0.000377885803900301,1.0771246965729833e-06,nan,nan,False,False,True
categorical,alpha,beta,0.05,1.0,19,1020142,50,0.1,0.01,0.02851477355404529,7.2295282979366675,49.5161074603729,3.8390722548295125e-05,True,True,True,0.008022979526115163,0.008314986311773447,0.008313381425616636,5.9190648856565256,5.903810814827267,5.903893151296492,0.000622186053307702,3.4435351464128286e-06,0.018089466969435364,-9.823654642104884e-05,False,False,False
categorical,alpha,beta,0.05,3.0,0,1030123,50,0.1,0.01,0.08306286999210191,3.668007879638567,43.168199141736665,4.418851969309819e-08,True,True,True,0.8871804168945977,0.8872124606433411,0.8872128036124342,2.877821140230248,2.8778997707144334,2.877899227341736,0.0002163236889751791,8.645927854241014e-07,0.00012640566487220894,-2.3901171886109296e-07,False,False,False
categorical,alpha,beta,0.05,3.0,1,1030124,50,0.1,0.01,0.2574523068718453,0.6706331770829153,54.23761308825877,3.177643716156509e-08,True,True,True,2.0443679884320556,2.044440174998023,2.044439584482586,0.5256667955624206,0.5256737053574267,0.5256737661709375,7.822033008427408e-05,1.6509630237890793e-07,4.304571341151586e-05,-2.1882557632579847e-07,False,False,False
categorical,alpha,beta,0.05,3.0,2,1030125,50,0.1,0.01,0.08934028200628656,1.8136171011468307,54.217424860135324,1.8990181538952838e-06,True,True,True,0.26938003307647845,0.2694699424581664,0.2694699296348632,2.610121186887084,2.6100047366467525,2.6100047016452312,6.574858044619878e-05,1.2840994072127883e-07,0.0001995522256095228,-8.788413197180489e-08,False,False,False
categorical,alpha,beta,0.05,3.0,3,1030126,50,0.1,0.01,0.5273050557030483,0.7447945214381185,54.12263166566009,2.4369129845982965e-07,True,True,True,2.0395394972917407,2.0396408654747757,2.03964198381778,0.4305915735351276,0.4305741620290798,0.43057402364471764,2.4829766641957574e-05,3.2035305452346027e-07,3.0043515884869976e-05,3.8898284770993996e-07,False,False,False
categorical,alpha,beta,0.05,3.0,4,1030127,50,0.1,0.01,0.04102016178293291,2.8521999054719336,53.694148672852776,3.58196800020697e-06,True,True,True,0.015806641438013837,0.015834601485029524,0.015833063922399495,4.711387061840746,4.710792691863086,4.710834315771116,0.0003975959048257185,1.266569057168539e-06,0.0010338384791026556,-4.918486109772857e-05,False,False,False
categorical,alpha,beta,0.05,3.0,5,1030128,50,0.1,0.01,0.12419197556547516,2.1021306022425152,48.86141043235138,7.866779648642406e-07,True,True,True,1.0724502823080508,1.0725479963053897,1.0725476786320989,2.252382708158461,2.2524162848898426,2.252416255487706,0.00016882222863501078,3.651675335918466e-07,0.0001294352998542081,-3.3003612287529904e-07,False,False,False
categorical,alpha,beta,0.05,3.0,6,1030129,50,0.1,0.01,0.04441086588416025,4.325029455586865,51.82896534182938,2.1390118787054195e-06,True,True,True,0.01613236992539237,0.016505373569414564,0.01650352646875707,4.87372939261428,4.864053300917482,4.864100833757536,0.0005756728632518518,2.468677148785002e-06,0.011660987501258546,-5.7191106691334426e-05,False,False,False
categorical,alpha,beta,0.05,3.0,7,1030130,50,0.1,0.01,0.40046540031813577,0.7732968765200999,53.944761072319224,7.603139294698983e-08,True,True,True,2.2133876017049023,2.2134751537633215,2.2134750161110786,0.6277620139509742,0.6277494274791223,0.6277494375729791,1.5270165757924687e-05,6.581552888898182e-08,2.501362219220482e-05,-5.056730856267677e-08,False,False,False
categorical,alpha,beta,0.05,3.0,8,1030131,50,0.1,0.01,0.2825814354442357,1.7076967583364953,52.51954431277532,5.272853100758323e-07,True,True,True,1.0356467694874751,1.0356798251085053,1.0356799059938901,1.789198863195181,1.7892005932135804,1.789200555378403,3.724695630148487e-05,1.1181083893718635e-08,3.39436400906834e-05,3.453947527987111e-08,False,False,False
categorical,alpha,beta,0.05,3.0,9,1030132,50,0.1,0.01,0.023822716032974693,8.0,52.7719146155893,0.0021694075524544103,True,True,True,0.008363621607737348,0.00857676832698143,0.008576088711991843,5.748230941404923,5.7375356895618665,5.737568778722705,0.0005357385706362346,3.051819935124302e-06,0.012811140107992003,-4.1146887120646625e-05,False,False,False
categorical,alpha,beta,0.05,3.0,10,1030133,50,0.1,0.01,0.98,1.0024206520423335,51.718351737793334,0.41508451431582655,True,True,True,2.7985259910587,2.7984310081442136,2.7984305060468526,0.7721514242250025,0.7721531554700687,0.7721532180599037,3.0183533907228143e-05,5.014144520688369e-08,-3.2055105002370965e-05,-1.0736182787240978e-07,False,False,False
categorical,alpha,beta,0.05,3.0,11,1030134,50,0.1,0.01,0.13548090236081242,0.8088943203929244,54.692947419120145,2.708696643642397e-07,True,True,True,0.608472747708712,0.6085507677373259,0.6085493449425019,1.504027646011885,1.5039821194539058,1.5039831444372944,2.4972811984681347e-05,8.579879721002496e-08,7.464215763519633e-05,-1.1579521412841132e-06,False,False,False
categorical,alpha,beta,0.05,3.0,12,1030135,50,0.1,0.01,0.26448147469340577,2.292849688721452,51.126553061110954,4.050123233450589e-07,True,True,True,0.8057937512454926,0.8059641421117655,0.8059639447023599,1.5528035962796891,1.552715638707336,1.5527157262447677,1.2283461256346993e-05,4.456853184544304e-08,0.00011002576410845677,-1.4415455495964125e-07,False,False,False
categorical,alpha,beta,0.05,3.0,13,1030136,50,0.1,0.01,0.23263870414128035,2.5226413917621153,40.79761572132014,1.9625509342914442e-07,True,True,True,3.327922948639499,3.3280283967857507,3.328028608235231,1.1762101622078305,1.1762262094103735,1.1762261327183148,6.86294889699311e-05,1.132638037765718e-07,5.0135637359005614e-05,-2.475903926324463e-08,False,False,False
categorical,alpha,beta,0.05,3.0,14,1030137,50,0.1,0.01,0.04490023751572911,4.341224637312236,47.60886036875105,1.3891170749504424e-06,True,True,True,0.029768520446133248,0.030140694294282427,0.030137505586298297,4.943177927865494,4.938028853249194,4.938073660638474,0.0005659113388366877,2.628298959808508e-06,0.00644244975288899,-5.421329515797879e-05,False,False,False
categorical,alpha,beta,0.05,3.0,15,1030138,50,0.1,0.01,0.08353640970350501,1.46144232766932,54.62100470882003,2.6066342041716717e-06,True,True,True,0.12299360412648842,0.12306856372229164,0.12306860898871894,2.591569572552922,2.5913664945753814,2.5913661943513886,0.00014232891037358364,3.2769594745815395e-07,0.000375493661614712,2.2168997304561344e-08,False,False,False
categorical,alpha,beta,0.05,3.0,16,1030139,50,0.1,0.01,0.7690274032720804,1.2394928996055647,50.03769395674171,2.462073481721487e-07,True,True,True,3.3239745015665436,3.3241570156172813,3.3241561808529227,0.7474228431772203,0.7473902427227803,0.7473903429376889,2.326626342526741e-05,4.8565158245305337e-08,1.7238467115987532e-05,-1.3574397428328666e-07,False,False,False
categorical,alpha,beta,0.05,3.0,17,1030140,50,0.1,0.01,0.025267872545265132,2.2965679328859845,54.34811543672223,5.382404795965191e-06,True,True,True,0.006340935744307236,0.006545523735416867,0.0065436638305693805,5.307214073411173,5.293606671099634,5.293729475735995,0.0004215295205279869,1.4253488534920925e-06,0.01594615925316134,-0.00014280544131395345,False,False,False
categorical,alpha,beta,0.05,3.0,18,1030141,50,0.1,0.01,0.02,1.907523399107895,54.885423221779014,0.6780608465817305,True,True,True,0.001453534146516137,0.001374989799204341,0.0013749216476528316,5.31298678922143,5.337282445652095,5.337303438243168,0.00039007358084724834,1.2332673956015195e-06,-0.027605610611800557,-2.5397747208444343e-05,False,False,False
categorical,alpha,beta,0.05,3.0,19,1030142,50,0.1,0.01,0.04171692751292211,0.1,54.95242572453652,0.015064244963524534,False,False,False,-0.29949409074200306,-0.2992853750776791,-0.2992878890965471,inf,inf,inf,0.00018530485453041582,1.4177637074093955e-06,nan,nan,False,False,True
categorical,alpha,beta,0.05,8.0,0,1040123,50,0.1,0.01,0.08143665039320137,8.0,35.75327424427821,0.14521580127515932,True,True,True,0.12243395233177445,0.12245657347457943,0.12245639733156619,4.064704517073342,4.064734774132334,4.0647350759002325,0.0002536684092682971,7.436899965393791e-07,0.00021848867751828038,-1.0909899685884739e-06,False,False,False
categorical,alpha,beta,0.05,8.0,1,1040124,50,0.1,0.01,0.07656028316991806,8.0,11.076756774343117,0.20411328739183268,True,True,True,0.12629306278015537,0.1263420131404626,0.12634196530239167,4.018482245387376,4.018490569732467,4.018490004398552,0.00040496040210979647,1.6804438975118484e-06,0.0003960725787219843,-1.0295042507380003e-06,False,False,False
categorical,alpha,beta,0.05,8.0,2,1040125,50,0.1,0.01,0.2787028658125148,6.471666019811854,21.227550285246426,1.7460175533023303e-07,True,True,True,0.4960650458855199,0.49609423490329146,0.4960942270298503,2.2448669401028623,2.2448411185742114,2.2448411211649026,1.2682872920387304e-06,1.0189416146835133e-08,2.9098356915113754e-05,-1.2888214939721365e-08,False,False,False
categorical,alpha,beta,0.05,8.0,3,1040126,50,0.1,0.01,0.1476198309994937,5.6584488721726505,29.875058705238448,1.9770371007239412e-07,True,True,True,0.8648508361513773,0.8648011157546501,0.8648011659797635,2.4880924440916643,2.4881631063289453,2.4881630206241105,0.00010507124996919026,1.3996396801601465e-07,2.3820518961770176e-05,-4.059427283209516e-08,False,False,False
categorical,alpha,beta,0.05,8.0,4,1040127,50,0.1,0.01,0.10241120487375699,8.0,12.048876413374364,0.29543559376683975,True,True,True,0.19477233322063106,0.19476171125362132,0.19476170461188616,3.41652551362743,3.416703603627159,3.4167030924154758,0.00035429894080512154,1.2112730684439968e-06,0.00014987424928847304,-6.226560547162308e-07,False,False,False
categorical,alpha,beta,0.05,8.0,5,1040128,50,0.1,0.01,0.07482141351737649,4.6091368443163,40.6574516673887,3.83832071995354e-06,True,True,True,0.655390398546514,0.6556910832461511,0.65569099211981,3.2099325089226385,3.2098473359520874,3.209846852000143,0.00026132041422520806,1.2534353745686064e-06,0.0003599267953546814,-6.961478291600542e-07,False,False,False
categorical,alpha,beta,0.05,8.0,6,1040129,50,0.1,0.01,0.35737097909979454,3.5884108402844523,42.72065121069065,1.787358874738832e-08,True,True,True,1.3142348290435035,1.3144489608118304,1.3144489195200704,1.599363953349992,1.5992902268742624,1.599290247969484,7.958447264811456e-06,1.723768576341879e-08,7.803151270024955e-05,-7.1269639079218905e-09,False,False,False
categorical,alpha,beta,0.05,8.0,7,1040130,50,0.1,0.01,0.05986469618866404,8.0,27.7960989686731,0.24819501920412967,True,True,True,0.22327429235095614,0.22330335391334516,0.22330317764713625,3.939106269109806,3.939287229173822,3.93928610952868,0.0005433373829326172,3.3675623510940343e-06,0.0003364119140805144,-2.0783970597904045e-06,False,False,False
categorical,alpha,beta,0.05,8.0,8,1040131,50,0.1,0.01,0.4352697859786621,4.9314325341640455,29.525558179930417,3.9969745494358146e-07,True,True,True,1.0042084192441283,1.0041850807735417,1.0041850597641735,1.9888866496701805,1.9888908818927833,1.9888908975755628,1.3482348575576322e-05,1.525285653461167e-08,-1.8371274201456345e-05,-2.8663400541972806e-09,False,False,False
categorical,alpha,beta,0.05,8.0,9,1040132,50,0.1,0.01,0.03737987628981167,8.0,48.853748240085515,0.0004094161866751103,True,True,True,0.020523947347723122,0.020725014582030323,0.020723759890637218,5.274351567724281,5.270367333899984,5.27039243837932,0.0005721255179276368,2.7370153324245384e-06,0.005130379050861222,-3.16391849182196e-05,False,False,False
categorical,alpha,beta,0.05,8.0,10,1040133,50,0.1,0.01,0.07030584711974214,8.0,27.946349649318616,0.53263654022935,True,True,True,0.30676700505944376,0.30673363376812374,0.3067337063167433,3.7640850302122657,3.764180702449971,3.7641800167601724,0.00011015835538403646,1.3424770952213438e-06,8.040719485791215e-07,-5.529096469558681e-07,False,False,False
categorical,alpha,beta,0.05,8.0,11,1040134,50,0.1,0.01,0.06870658338957923,3.1613404514408288,53.457742470889116,2.398386111833045e-06,True,True,True,0.12404065939124735,0.12413606753700795,0.12413595282080458,3.4630257263835396,3.462727365812353,3.4627276221082366,8.165759250911256e-05,3.3409716342580244e-07,0.0004247433156905345,-6.290455090152136e-07,False,False,False
categorical,alpha,beta,0.05,8.0,12,1040135,50,0.1,0.01,0.11623005092016572,3.5894754011826846,43.924250089819346,4.514347741175759e-07,True,True,True,0.4494381703468387,0.44958517072801046,0.4495847024689002,2.8779439847306953,2.8778956500619977,2.8778958825263365,0.0002156039686636903,5.073948649142375e-07,0.00027060114784660527,-7.739020162489396e-07,False,False,False
categorical,alpha,beta,0.05,8.0,13,1040136,50,0.1,0.01,0.09050093393220913,6.4203471451621015,17.1464596871782,5.408385648083875e-07,True,True,True,0.15157083443798214,0.15172354570450347,0.15172339047202674,3.495823888442926,3.495573956731177,3.4955736184179487,0.00042980413491774006,1.8025812590612627e-06,0.0007178597328305614,-1.4126251564050563e-06,False,False,False
categorical,alpha,beta,0.05,8.0,14,1040137,50,0.1,0.01,0.08990827293475995,8.0,12.007855189706154,0.13792450126527409,True,True,True,0.10603623970521782,0.10606490112923928,0.10606482839408,3.837096543084269,3.8371326222980175,3.8371323799700496,0.0003520819309174027,1.2438518209653973e-06,0.0003108348363145552,-9.647514929156387e-07,False,False,False
categorical,alpha,beta,0.05,8.0,15,1040138,50,0.1,0.01,0.05599536564192988,8.0,31.791673459734938,0.15806067027643522,True,True,True,0.2642243500107265,0.2644145936703847,0.2644147894651284,4.011605656962196,4.011374883552327,4.01137360281082,0.00018614773178714496,2.2085456409763453e-06,0.0004533272397324595,-7.340245460341066e-07,False,False,False
categorical,alpha,beta,0.05,8.0,16,1040139,50,0.1,0.01,0.04778851663429332,8.0,43.31135918076979,0.3166116375492359,True,True,True,0.11729154123963223,0.11730556215272378,0.11730534261858878,4.409611538350313,4.409764494162438,4.409764083890089,0.00046880873784247703,2.8162444513116347e-06,0.00029328492057345557,-2.3438177620960232e-06,False,False,False
categorical,alpha,beta,0.05,8.0,17,1040140,50,0.1,0.01,0.11369187086861311,6.476486047368505,37.454185913133564,1.1262691502885003e-06,True,True,True,0.39425816504295713,0.3942919489153454,0.3942921184315224,2.8212293482452897,2.821247714007827,2.8212472384400704,0.00012731280298183787,6.652000288423379e-07,0.00010671282375795954,-1.175921724438922e-07,False,False,False
categorical,alpha,beta,0.05,8.0,18,1040141,50,0.1,0.01,0.04938032616997007,8.0,38.83630868689458,0.025678941247925566,True,True,True,0.07463379810804315,0.07484092583488516,0.07483974545273331,4.575326806870183,4.5744020557678535,4.57440719218428,0.0006379902066857917,3.94538911036837e-06,0.0016968922884714743,-9.858487103997504e-06,False,False,False
categorical,alpha,beta,0.05,8.0,19,1040142,50,0.1,0.01,0.04880113117573941,7.8901438766626555,33.8000133023961,3.0795160991940506e-06,True,True,True,0.04580385344811615,0.04623766691231247,0.04623591859474634,4.822707394325685,4.818955772577343,4.818970035858172,0.0007829091444478695,4.970420401885791e-06,0.0050859378340746275,-2.1391049735086654e-05,False,False,False
categorical,alpha,beta,0.25,0.25,0,1050123,50,0.1,0.01,0.02,1.1803700303894842,54.82371807423133,1.514357329313043,True,True,True,0.0013721793118257012,0.0013719095666277215,0.0013706225841226348,5.638068859164805,5.638329433258993,5.638736502647246,0.00040256110792677376,1.2369665829024305e-06,-0.0003664839710282308,-0.00046988006360493273,False,False,False
categorical,alpha,beta,0.25,0.25,1,1050124,50,0.1,0.01,0.98,0.25061826185888514,54.66586804548482,0.37771120986478895,True,True,True,1.1685990804192241,1.1685276449682958,1.168526999916681,0.9059124529434508,0.905948496802505,0.905948721677413,2.5867765473076362e-05,9.295955994513885e-08,-1.992710135567677e-05,-2.931241880332891e-07,False,False,False
categorical,alpha,beta,0.25,0.25,2,1050125,50,0.1,0.01,0.21538283145735876,0.6185468312900321,54.778260079277125,1.4993125209634564e-07,True,True,True,0.7386442927489245,0.7388024070759474,0.7388009118273774,1.256263834306782,1.2561808009996347,1.2561816794315663,2.8229440206400425e-05,1.1311625147180833e-07,0.00011742908890255421,-1.0125514720016326e-06,False,False,False
categorical,alpha,beta,0.25,0.25,3,1050126,50,0.1,0.01,0.44253402582806134,0.5188727339973084,54.61459756562191,2.1610313646285633e-08,True,True,True,1.9433210467200628,1.943395866757854,1.9433954655672294,0.5750480063244117,0.5750278512439438,0.575027845724373,1.2622466169788361e-05,2.2896129904056984e-07,1.5083192842269e-05,-2.1279259243556226e-07,False,False,False
categorical,alpha,beta,0.25,0.25,4,1050127,50,0.1,0.01,0.671950621968182,0.3576615643301602,54.55748590839816,1.2434497875801753e-07,True,True,True,3.6044903829660466,3.6045573869270626,3.604556428399594,0.2803493076282413,0.28035037927012135,0.2803503836595816,2.235303149930635e-05,3.0378212735111704e-07,1.9561757831354498e-05,-2.6086747340059446e-07,False,False,False
categorical,alpha,beta,0.25,0.25,5,1050128,50,0.1,0.01,0.98,0.863397526989742,51.48101266087769,1.7756058454665447,True,True,True,1.7052679770360286,1.7051698016416328,1.7051693895978626,0.7996608552084249,0.7996792622763899,0.7996793218764235,2.9749635993668306e-05,1.152143177840228e-07,-3.6554591801518654e-05,-1.730267911170813e-07,False,False,False
categorical,alpha,beta,0.25,0.25,6,1050129,50,0.1,0.01,0.02,0.1,54.96655934068111,0.46288917505914134,False,False,False,-13.039022398863892,-13.04157846685231,-13.041570694231257,inf,inf,inf,0.0002004424342419706,5.980157558272403e-07,nan,nan,False,False,True
categorical,alpha,beta,0.25,0.25,7,1050130,50,0.1,0.01,0.29188765833158203,0.1,54.930465143136814,0.06232449105578169,True,True,True,0.9352689066421792,0.9352235604078568,0.9352228545738487,0.5420333996195366,0.5420266881611193,0.5420269291827768,7.680254496555666e-05,2.870864756768578e-07,-5.66899656462283e-05,-4.772360711058354e-07,False,False,False
categorical,alpha,beta,0.25,0.25,8,1050131,50,0.1,0.01,0.02,3.1656584720114145,54.71695972979024,5.718060407389203,False,False,False,-0.0004079152501283514,-0.0002741303424038468,-0.0002744344802631684,inf,inf,inf,0.0003335900176835217,1.043070996984932e-06,nan,nan,False,False,True
categorical,alpha,beta,0.25,0.25,9,1050132,50,0.1,0.01,0.02,0.1,54.974030842027915,0.8380944847911017,False,False,False,-17.068223342824435,-17.069615151336457,-17.069612833356565,inf,inf,inf,8.036075214886719e-05,1.558829137440218e-07,nan,nan,False,False,True
categorical,alpha,beta,0.25,0.25,10,1050133,50,0.1,0.01,0.02,2.9028199853874423,54.250850174653785,0.3225169038501041,True,True,True,0.0042748665573569735,0.004656644105860085,0.004653909661335435,5.7691018114001285,5.732159332800896,5.732413631240947,0.0004770767399964299,1.8445733465486768e-06,0.042715938109509466,-0.0002946141305386618,False,False,False
categorical,alpha,beta,0.25,0.25,11,1050134,50,0.1,0.01,0.18611713928651588,0.9970826806271833,54.05436374436365,1.439616396890728e-07,True,True,True,0.9708812513582473,0.9710390268179486,0.9710375895538,1.4588752721988456,1.458820843956498,1.4588214508219988,3.889804439641409e-05,9.759939108343694e-08,9.90499898207986e-05,-7.814515257109633e-07,False,False,False
categorical,alpha,beta,0.25,0.25,12,1050135,50,0.1,0.01,0.98,0.1,54.87565894293112,0.48271533240037234,False,False,False,-1.7244210555788388,-1.724534119735401,-1.7245321768680093,inf,inf,inf,2.141599023345021e-05,2.0674260584471762e-07,nan,nan,False,False,True
categorical,alpha,beta,0.25,0.25,13,1050136,50,0.1,0.01,0.98,0.7711844864113929,52.216630417822515,0.8357074285925148,False,False,False,-0.4310112335704961,-0.43062173836913775,-0.4306230022710159,inf,inf,inf,3.110003559074453e-05,1.7304353272569788e-07,nan,nan,False,False,True
categorical,alpha,beta,0.25,0.25,14,1050137,50,0.1,0.01,0.02,0.1,54.96651250497464,0.5331930877057572,False,False,False,-9.451028509424823,-9.451137547847676,-9.451139763306436,inf,inf,inf,3.178317486225233e-05,2.1713414901840084e-07,nan,nan,False,False,True
categorical,alpha,beta,0.25,0.25,15,1050138,50,0.1,0.01,0.17049855078982512,0.7063146349349831,54.545928815334065,2.0501343621864277e-07,True,True,True,1.1398053164225581,1.1400146250122496,1.1400137862831479,0.982490761127864,0.9824751217053729,0.9824753852300073,0.00015834208700718936,1.5083787260392237e-07,0.00016518065276471816,-4.3232416402361196e-07,False,False,False
categorical,alpha,beta,0.25,0.25,16,1050139,50,0.1,0.01,0.3050001073362043,0.8150549944201098,54.21977123457024,4.689582056016661e-07,True,True,True,1.6975774477205197,1.697653824175029,1.6976543575780834,1.0341148295653504,1.0341027434426648,1.0341025990294472,2.241296720056531e-05,3.441380856062004e-08,3.122370354446957e-05,1.479382234492732e-07,False,False,False
categorical,alpha,beta,0.25,0.25,17,1050140,50,0.1,0.01,0.02,0.1,54.96603179491439,0.49175657804788864,False,False,False,-9.877054056045164,-9.877810240743038,-9.877808962809647,inf,inf,inf,8.301207975328614e-05,1.231652049271131e-07,nan,nan,False,False,True
categorical,alpha,beta,0.25,0.25,18,1050141,50,0.1,0.01,0.2528545815591544,0.1,54.949034674085695,0.24099522752735955,True,True,True,1.2075381805286287,1.2076541120098916,1.2076541577308002,0.4496929773590311,0.4496842965750069,0.4496842258902445,8.10904742366737e-05,3.1247054478384737e-07,8.596422277662441e-05,-4.351957016979213e-08,False,False,False
categorical,alpha,beta,0.25,0.25,19,1050142,50,0.1,0.01,0.02,0.1,54.977359342158444,1.0990508574824678,False,False,False,-13.533867685319233,-13.534129558967855,-13.53412683646704,inf,inf,inf,2.1260982759620102e-05,1.921429628284502e-07,nan,nan,False,False,True
categorical,alpha,beta,0.25,0.5,0,1060123,50,0.1,0.01,0.23184484267740302,0.521305795877628,54.68891269824823,2.0346847496847932e-07,True,True,True,1.7106976781511867,1.7107494244359078,1.7107498226502795,1.1072031678120036,1.1071885820746095,1.1071884755115966,6.6503586860623e-06,2.3954209503579935e-08,1.3565822236216718e-05,1.1008665978806675e-07,False,False,False
categorical,alpha,beta,0.25,0.5,1,1060124,50,0.1,0.01,0.98,0.2472367637553246,54.71632834078607,0.5254544888089523,True,True,True,2.278933105029171,2.278783626846405,2.2787834476938835,0.5369294477292867,0.5369616461418385,0.5369616410530798,2.5011983120083994e-05,9.166167987719127e-08,-2.8608134115870598e-05,-8.447626242968909e-08,False,False,False
categorical,alpha,beta,0.25,0.5,2,1060125,50,0.1,0.01,0.7860633216847881,1.1238191816591965,50.75472106815878,1.0423413810528285e-07,True,True,True,1.9884534398392482,1.9885934452191025,1.9885919823095501,0.6984763313912777,0.6984485790654266,0.6984488169465792,1.6781740004229136e-05,2.377067638458872e-07,3.799387747704941e-05,-4.617798694539488e-07,False,False,False
categorical,alpha,beta,0.25,0.5,3,1060126,50,0.1,0.01,0.3908746183101188,0.7339146593176687,54.22390382226015,8.384705353994055e-08,True,True,True,2.081385131311188,2.081389212024119,2.0813876065065737,0.7664778876624851,0.7664924245861487,0.7664927490440261,4.31611452721091e-05,1.4747017520194362e-07,1.829900294580966e-05,-3.9782261040954836e-07,False,False,False
categorical,alpha,beta,0.25,0.5,4,1060127,50,0.1,0.01,0.26102797067594147,0.7270000820381618,53.51962660514796,5.70074950688144e-07,True,True,True,4.221326772286556,4.221570749308298,4.221569967829829,0.6667388117259652,0.6667430882184177,0.6667431609019467,7.459168101183559e-05,4.270083429149858e-08,6.261667708429286e-05,-1.0143558171193945e-07,False,False,False
categorical,alpha,beta,0.25,0.5,5,1060128,50,0.1,0.01,0.10364006581567946,1.0114576360566772,54.11927048751501,2.8637929499684013e-07,True,True,True,0.5451998091841611,0.5454858314707343,0.5454831634743688,1.8822801900104127,1.8821527674010294,1.8821546017450932,0.00023667897345130433,6.920950251115957e-07,0.00037500174144611265,-2.7791914405383977e-06,False,False,False
categorical,alpha,beta,0.25,0.5,6,1060129,50,0.1,0.01,0.02,0.1,54.96988625320788,0.5961985766209642,False,False,False,-17.239884793077284,-17.242311127482516,-17.242305998156272,inf,inf,inf,0.00013977903434059385,3.531278120481366e-07,nan,nan,False,False,True
categorical,alpha,beta,0.25,0.5,7,1060130,50,0.1,0.01,0.02,0.1,54.98684777471438,1.4382651215516868,False,False,False,-25.865899603434137,-25.868155144485833,-25.868148598831347,inf,inf,inf,8.681368650777028e-05,2.4100450672639877e-07,nan,nan,False,False,True
categorical,alpha,beta,0.25,0.5,8,1060131,50,0.1,0.01,0.98,0.37590896952400504,54.28313974563629,1.1544477303008822,True,True,True,1.6211967110775123,1.6210089691244973,1.6210082436527515,0.7719006175645055,0.7719528519680791,0.7719530210469331,2.887872218162207e-05,9.419995211378308e-08,-5.5927058973281873e-05,-2.528841989146713e-07,False,False,False
categorical,alpha,beta,0.25,0.5,9,1060132,50,0.1,0.01,0.13660776598408259,0.1,54.94380304978282,0.04308203927042674,True,True,True,0.07431348307998707,0.07445163625721261,0.07445247925111137,1.485484294144526,1.4846694590085217,1.4846645197274921,6.459401628430925e-05,3.798652574010288e-07,0.0009248559249286359,5.636083258764302e-06,False,False,False
categorical,alpha,beta,0.25,0.5,10,1060133,50,0.1,0.01,0.21921805174181588,1.416497447112024,54.07924156161521,7.109852562738671e-08,True,True,True,0.6675700190985806,0.6677584480708647,0.6677583383619276,1.8537956974338976,1.8536974473277907,1.8536975320093794,5.7179027266042007e-05,3.083049635616983e-08,0.00016903974263726695,-6.680107844658778e-08,False,False,False
categorical,alpha,beta,0.25,0.5,11,1060134,50,0.1,0.01,0.6768617068885605,0.1,54.94920082310017,0.34228079570654224,True,True,True,1.0235622580597017,1.0235372045384887,1.023537259242499,0.6569384048563528,0.6569433399124348,0.656943409497302,1.3886690337978162e-05,2.2412393976901996e-07,-1.8661840407219188e-05,1.335585793071914e-07,False,False,False
categorical,alpha,beta,0.25,0.5,12,1060135,50,0.1,0.01,0.6113877396488681,0.2033223392996503,54.84763015622639,0.0007831478556111991,True,True,True,1.2605079272947728,1.2604108375940797,1.260410580539159,0.5535784143727264,0.5535984297396368,0.5535984990261402,7.020375701296531e-05,8.022375195882857e-08,-5.410786833692782e-05,-1.2417633143968487e-07,False,False,False
categorical,alpha,beta,0.25,0.5,13,1060136,50,0.1,0.01,0.02,3.6684479045745917,54.25795386596243,4.151848287392568,True,True,True,0.004505297419891565,0.004810359318428022,0.004809017245070794,5.816640739893202,5.788349252261823,5.788469818888639,0.00037287157859195076,1.4215368460233922e-06,0.032805868073104705,-0.00014022795623702677,False,False,False
categorical,alpha,beta,0.25,0.5,14,1060137,50,0.1,0.01,0.02,0.1,54.967723711960446,0.5612044601822019,False,False,False,-11.594353673910168,-11.595124750930664,-11.595123352121126,inf,inf,inf,6.416920367405127e-05,1.528058319596858e-07,nan,nan,False,False,True
categorical,alpha,beta,0.25,0.5,15,1060138,50,0.1,0.01,0.02,0.1,54.96004270745505,0.24498532849970006,False,False,False,-4.0262647551732,-4.026136270015119,-4.026137618812423,inf,inf,inf,3.451203004932509e-05,3.6920342863435075e-07,nan,nan,False,False,True
categorical,alpha,beta,0.25,0.5,16,1060139,50,0.1,0.01,0.02,0.1,54.98337435926787,1.2564177717842269,False,False,False,-25.089915077690996,-25.09210953612795,-25.09210499661762,inf,inf,inf,8.822137786794956e-05,1.7829368166897537e-07,nan,nan,False,False,True
categorical,alpha,beta,0.25,0.5,17,1060140,50,0.1,0.01,0.02,3.464060692731299,53.7077976918382,2.2885214470136366,True,True,True,0.004353375655723579,0.0046233099889406385,0.004620620189891555,6.041985976029188,6.016045093868208,6.01629725392965,0.00042687640761968727,1.3418190178780994e-06,0.030002145069914832,-0.000291650070316507,False,False,False
categorical,alpha,beta,0.25,0.5,18,1060141,50,0.1,0.01,0.47628128361934613,0.37987933666965834,54.62141383388233,5.826883674891095e-08,True,True,True,3.6911397865223146,3.691292360511106,3.691290985743093,0.1532552680190443,0.15323627529255257,0.1532363254671636,2.4039943567396744e-05,3.039203168893902e-07,1.915348805425765e-05,-3.1466983330119547e-07,False,False,False
categorical,alpha,beta,0.25,0.5,19,1060142,50,0.1,0.01,0.98,0.5315137630495657,53.64931475515907,0.4847765708859927,True,True,True,3.637871245328534,3.6377979775614318,3.637797038580581,0.40985853721611404,0.4098668917787381,0.40986699215636274,1.1374073087568312e-05,9.695001665253865e-08,-1.0664497025913988e-05,-1.425539437605039e-07,False,False,False
categorical,alpha,beta,0.25,1.0,0,1070123,50,0.1,0.01,0.98,0.5733233802387855,53.46758153169278,1.0615088683608451,True,True,True,1.9363118750454358,1.9362369686664356,1.9362366308236882,0.7568444622680545,0.7568520132179793,0.7568520200404814,4.315741743003834e-05,1.6774083320580804e-07,-3.0159105023130905e-05,-1.666295119662209e-07,False,False,False
categorical,alpha,beta,0.25,1.0,1,1070124,50,0.1,0.01,0.8445189631282005,1.1038647117412448,50.47052829945,1.245114732238694e-07,True,True,True,4.316396727827584,4.31651345139464,4.316513601321166,0.47088910011948015,0.4708764659586811,0.4708764758609466,9.702062488469685e-06,7.066784872607004e-08,1.254205248812923e-05,4.613364978922618e-08,False,False,False
categorical,alpha,beta,0.25,1.0,2,1070125,50,0.1,0.01,0.3439984644450325,0.6369528358837331,54.08429876445454,7.102318052822781e-07,True,True,True,3.6927198774884364,3.692884020473589,3.6928827012866434,0.6153239423012605,0.6153217801147896,0.6153219103365744,4.0704242886999496e-05,1.0129103595012916e-07,4.175283186214074e-05,-2.0730073657659887e-07,False,False,False
categorical,alpha,beta,0.25,1.0,3,1070126,50,0.1,0.01,0.1353005163059821,1.911363022494821,48.46808548568798,5.142113295335456e-09,True,True,True,2.4992344912988886,2.4993320186313874,2.4993319764013338,1.7867242197010291,1.786773021750527,1.7867729211795422,0.000151613889967591,2.485068207275157e-07,9.507487325066677e-05,-1.3268316223502552e-07,False,False,False
categorical,alpha,beta,0.25,1.0,4,1070127,50,0.1,0.01,0.15132212010641463,2.101012745212788,50.411008427093094,3.087412855269998e-07,True,True,True,1.3377795642639172,1.3379132969011511,1.337913054752692,2.0384085685634123,2.038403596957281,2.038403637694654,8.864735687241223e-05,8.720194176171608e-08,9.410326517667045e-05,-1.340890349865731e-07,False,False,False
categorical,alpha,beta,0.25,1.0,5,1070128,50,0.1,0.01,0.98,0.7228718187914961,52.68904037699544,0.3679710722792609,True,True,True,2.221278735901579,2.221196128004296,2.221197393942081,0.6416515382722751,0.6416610716731352,0.6416609306283751,1.6862110470315572e-05,2.924146604299814e-07,-2.5806750180379368e-05,4.075512194390285e-07,False,False,False
categorical,alpha,beta,0.25,1.0,6,1070129,50,0.1,0.01,0.02,0.1,54.99135061815732,1.743688031764207,False,False,False,-24.06899820945687,-24.069562025286956,-24.069561268139953,inf,inf,inf,2.3205642082701846e-05,3.507552511896188e-08,nan,nan,False,False,True
categorical,alpha,beta,0.25,1.0,7,1070130,50,0.1,0.01,0.27814472733694307,1.0957699226010313,53.882858055032926,1.7249153804956736e-07,True,True,True,0.7278702207997196,0.7279978092874628,0.7279980216535358,1.3682450209760735,1.3681755383414036,1.3681754004283504,1.7059606967520865e-05,3.078147550874686e-08,9.541289365699868e-05,1.3293420408899692e-07,False,False,False
categorical,alpha,beta,0.25,1.0,8,1070131,50,0.1,0.01,0.02,2.913847709277417,54.52516793010695,0.367140632562274,True,True,True,0.004209678452813103,0.004449860153438869,0.004448206853607678,5.547012631418989,5.523153076722256,5.5233135663243145,0.0005456156440369065,2.0704707070691823e-06,0.027830235948954396,-0.0001868382833833948,False,False,False
categorical,alpha,beta,0.25,1.0,9,1070132,50,0.1,0.01,0.23250417081752756,0.1,54.939912755954694,0.025543475449700755,True,True,True,0.1843101041307281,0.1843699341546089,0.18437040347951325,0.9702522404295394,0.9700454408811567,0.9700446207801895,0.0001585037078653804,9.779673930847058e-07,8.807800853105618e-05,1.6013815766768857e-06,False,False,False
categorical,alpha,beta,0.25,1.0,10,1070133,50,0.1,0.01,0.48113859562422817,0.7952558898052505,54.07868582741665,6.483094093885689e-08,True,True,True,1.4036500552148665,1.4037598879665367,1.4037583527572173,0.722579777809444,0.722545481004787,0.7225458308664757,2.8689969899570525e-05,3.4861820571534104e-07,3.806839359299374e-05,-6.908484095902168e-07,False,False,False
categorical,alpha,beta,0.25,1.0,11,1070134,50,0.1,0.01,0.11231329669340348,1.156045118038506,53.473742237080955,4.6287408774698564e-08,True,True,True,0.7362837674325193,0.7366036423950602,0.7366015446938186,1.952785367025965,1.9526767304471402,1.9526777464194551,0.00018711525359952448,5.223121348828544e-07,0.00030760026687204345,-1.678124590398511e-06,False,False,False
categorical,alpha,beta,0.25,1.0,12,1070135,50,0.1,0.01,0.98,0.7162791847111718,52.59838525563058,1.6955027533072098,True,True,True,0.1109718958406006,0.11076649017363907,0.1107663145492323,1.914293032978972,1.9150960547015663,1.9150967689971155,2.824287047970904e-05,6.404093062905481e-08,-0.0009289355660655474,-7.631754570525118e-07,False,False,False
categorical,alpha,beta,0.25,1.0,13,1070136,50,0.1,0.01,0.4697819622320486,0.2182713824743359,54.88750465005005,6.861429794408013e-08,True,True,True,0.7054993129596951,0.7054112335455499,0.7054109371608659,0.5238780937532178,0.5239529969017118,0.5239530789423869,5.790650889467808e-05,2.5225993951814234e-07,-3.8944980417454644e-05,-3.2570599728387606e-07,False,False,False
categorical,alpha,beta,0.25,1.0,14,1070137,50,0.1,0.01,0.19887644017744996,0.4236481378449014,54.72958486481337,2.134586748894634e-07,True,True,True,1.7883265168451163,1.7885803906036353,1.788578287248894,0.8162838184622224,0.8162389939214585,0.8162394848995456,4.738294545758541e-05,1.9406512595739916e-07,8.973466854911294e-05,-6.10732442396511e-07,False,False,False
categorical,alpha,beta,0.25,1.0,15,1070138,50,0.1,0.01,0.11632035773591869,1.2277816426651138,53.63193472568245,2.4895015672889006e-07,True,True,True,1.0030607425189242,1.0031795142922166,1.0031784858599577,1.9056398394176934,1.9056349777004549,1.9056353241875499,0.00010805439143575667,2.3023234329748021e-07,0.00011217881887404246,-6.262652263444579e-07,False,False,False
categorical,alpha,beta,0.25,1.0,16,1070139,50,0.1,0.01,0.8580367815799791,0.8384577072070614,52.776936664359084,5.4113322575687365e-08,True,True,True,3.366693354574858,3.3667464420829543,3.366745024515317,0.5143202973900913,0.514309334725285,0.5143094630032408,1.7438556007076143e-05,1.741528117352224e-07,2.8737188060290464e-06,-2.733643498231686e-07,False,False,False
categorical,alpha,beta,0.25,1.0,17,1070140,50,0.1,0.01,0.6863815733594402,0.31561899339031946,54.62877249358795,0.0029680876474079076,True,True,True,2.4625227748707634,2.46248976823579,2.4624900669186083,0.4274118153899922,0.4274032319202716,0.4274031755989898,3.391423737531769e-05,4.770934981121131e-08,-2.322930946974111e-05,5.645074452331755e-08,False,False,False
categorical,alpha,beta,0.25,1.0,18,1070141,50,0.1,0.01,0.23587910489125533,1.6120748148783408,51.14048649316708,2.816578905780959e-08,True,True,True,2.358970385316885,2.3591510599613237,2.3591511195016843,1.2759235589933984,1.2758957473528445,1.2758957347242104,1.3903299332673764e-05,1.4322873819733773e-08,4.4578898837244196e-05,1.0698791186314338e-08,False,False,False
categorical,alpha,beta,0.25,1.0,19,1070142,50,0.1,0.01,0.037001633661529816,2.393604547540458,53.75755525123611,8.100241581427064e-07,True,True,True,0.028647970252581437,0.028712315811187293,0.028709605604477724,4.472577428783932,4.47183083838038,4.471870920277653,0.0005225675943006738,2.109499398310152e-06,0.0013357645247324967,-4.825024952026524e-05,False,False,False
categorical,alpha,beta,0.25,3.0,0,1080123,50,0.1,0.01,0.28964524839699085,2.7835855527231983,45.72747782575491,2.6498682266024133e-07,True,True,True,1.958328674510543,1.9583905727184412,1.9583904239429888,1.604603651978308,1.6045962767544213,1.6045963050022802,1.5251704601123046e-05,1.1242744863074262e-08,2.3072684236069563e-05,-4.3446675590530504e-08,False,False,False
categorical,alpha,beta,0.25,3.0,1,1080124,50,0.1,0.01,0.13363291967672944,5.076421260415872,38.208394101934026,2.2107725815480392e-07,True,True,True,0.7403532780136712,0.74037830132411,0.7403782511682186,3.0171005653917304,3.017166483065734,3.0171664646140677,0.0001854912117595811,1.1056605734183896e-07,0.00010960011729110875,-8.898686587599514e-08,False,False,False
categorical,alpha,beta,0.25,3.0,2,1080125,50,0.1,0.01,0.3237658661058132,2.9166672655886003,49.87079672381078,3.122793022384753e-07,True,True,True,0.7255768127681745,0.7255841064286824,0.7255840493466867,2.1988274017639107,2.198836186419541,2.1988362203833973,3.057842060912143e-05,2.4443806340312274e-09,2.0126313756918535e-05,-3.956807859140099e-08,False,False,False
categorical,alpha,beta,0.25,3.0,3,1080126,50,0.1,0.01,0.4365103266382956,1.5316868456930741,50.72272323589212,4.238875669442432e-07,True,True,True,2.2925861580390907,2.2926122769983883,2.2926118810706724,0.9368683025182578,0.9368637338103203,0.9368637902826494,4.657871451335364e-06,5.126649299032911e-08,6.0251275613154576e-06,-1.0768103919645e-07,False,False,False
categorical,alpha,beta,0.25,3.0,4,1080127,50,0.1,0.01,0.5246838465594326,2.9151100853357232,44.295089570120304,1.0669283778001712e-07,True,True,True,1.6356392623792735,1.6355679510091772,1.6355677677664733,1.5585275656492075,1.5585344686557066,1.558534525027219,2.7735806310272522e-05,1.8244490119186676e-08,-3.56991770189552e-05,-4.713603374284503e-08,False,False,False
categorical,alpha,beta,0.25,3.0,5,1080128,50,0.1,0.01,0.10534868972551228,4.211353936215433,42.22578383237412,2.565953998263452e-07,True,True,True,0.3834770946109013,0.38350670658212455,0.3835063526317103,2.9545837261384027,2.954666150331063,2.9546661766503486,0.0002664819784632146,8.63311803639553e-07,0.00017121840760125906,-8.926307160095348e-07,False,False,False
categorical,alpha,beta,0.25,3.0,6,1080129,50,0.1,0.01,0.29270248498673496,3.43058725340347,46.059629756318905,4.1973155022424035e-07,True,True,True,1.1672386911643688,1.167395020892015,1.1673950660548502,2.076588557313654,2.0765245948061906,2.0765245820043634,1.3398259243045265e-05,9.694548675137654e-09,6.0306664138920496e-05,2.3948196314904635e-08,False,False,False
categorical,alpha,beta,0.25,3.0,7,1080130,50,0.1,0.01,0.12235715216210183,4.670030074795284,24.939424293860334,1.8489767948388612e-07,True,True,True,1.1204135739107612,1.1204350410265402,1.1204352641483288,2.2257286281202604,2.2258877078169523,2.225887172535661,0.0003845853523700294,1.033382578353762e-06,0.00020188995129544196,-4.171268486174995e-07,False,False,False
categorical,alpha,beta,0.25,3.0,8,1080131,50,0.1,0.01,0.7460570040207222,1.35769929480365,49.62924685107515,2.0915789889948424e-07,True,True,True,3.951530075432043,3.9517790568708,3.9517768728017475,0.696512442687582,0.6964797054707911,0.6964798706067967,2.6475159943393348e-05,2.0197707581815197e-07,2.4954209557392915e-05,-3.62560250266597e-07,False,False,False
categorical,alpha,beta,0.25,3.0,9,1080132,50,0.1,0.01,0.4502429486220354,2.393907924266226,43.87758191102978,4.304386928388974e-08,True,True,True,2.3991288015253476,2.3992441237814575,2.3992439045819998,1.300287550205127,1.3002749457428668,1.3002749686488277,1.9210786211077894e-05,4.036102297360424e-08,3.3490819717485465e-05,-6.499042370933239e-08,False,False,False
categorical,alpha,beta,0.25,3.0,10,1080133,50,0.1,0.01,0.3511867183015734,2.9654761285174454,47.234491261554105,7.227350153240859e-07,True,True,True,0.9649413625194659,0.9650613967289942,0.9650614975562454,2.099914346493354,2.099877666100943,2.099877624181233,4.046217603060019e-05,9.131347338572463e-09,8.221395753338356e-05,5.621569698632811e-08,False,False,False
categorical,alpha,beta,0.25,3.0,11,1080134,50,0.1,0.01,0.3313816035858523,2.3189214939016445,45.217784188916994,4.885350398833693e-07,True,True,True,2.9495823321337205,2.949470176310089,2.949469901057291,1.4292074885287998,1.429255161616864,1.4292551698461258,7.176227876824977e-05,7.489686839777236e-08,1.677679266975929e-05,-8.384851213349975e-08,False,False,False
categorical,alpha,beta,0.25,3.0,12,1080135,50,0.1,0.01,0.21391878116222102,1.7584832200786245,52.86501634679115,7.57683324307723e-08,True,True,True,1.2247744271752052,1.2248015346259329,1.2248008940147115,1.7276686671739556,1.7276852879914966,1.7276855045138912,6.068476834505623e-05,2.7985833381830227e-08,4.099403296464743e-05,-2.737521924700559e-07,False,False,False
categorical,alpha,beta,0.25,3.0,13,1080136,50,0.1,0.01,0.98,0.9499238742171153,51.60911704652107,1.2910963178569828,True,True,True,2.5993166538334513,2.5994478184957432,2.599448346166083,0.7972768504362435,0.7972358767913901,0.7972358144454812,4.520030101994702e-05,8.201954929114399e-08,3.418499325391622e-06,1.31214839882432e-07,False,False,False
categorical,alpha,beta,0.25,3.0,14,1080137,50,0.1,0.01,0.250799701217666,3.4194668518764786,33.728448075208405,1.8458590881051092e-07,True,True,True,2.076538328025867,2.076414458505155,2.076414365310026,1.3814571363940138,1.3814620243353122,1.3814620579894759,4.880500238109812e-05,3.9847458233800165e-08,-5.403239662626902e-05,-6.1369362924779125e-09,False,False,False
categorical,alpha,beta,0.25,3.0,15,1080138,50,0.1,0.01,0.15613216757604578,4.09398366276684,27.25448416842867,1.392937145951773e-07,True,True,True,1.6094663147978905,1.6094365741412657,1.6094365780424804,2.0673273017608373,2.067432012807806,2.0674318317702007,0.00022243223866681675,4.1450727275557915e-07,0.0001018682910576274,-2.0600328198838724e-07,False,False,False
categorical,alpha,beta,0.25,3.0,16,1080139,50,0.1,0.01,0.4869149368875476,3.3529467147692693,37.02437934970953,1.173591927872727e-07,True,True,True,1.4636415488920662,1.4636397329810453,1.4636396984982314,1.6344623362790576,1.6344551004617462,1.6344551172812685,1.801767804329641e-05,1.51764923478717e-08,-9.575418907559197e-06,-4.195442215859657e-09,False,False,False
categorical,alpha,beta,0.25,3.0,17,1080140,50,0.1,0.01,0.053096564881866995,4.001092713984364,37.254646581649546,9.477708202304359e-06,True,True,True,0.0625709755529613,0.06347145631838372,0.06346435812958674,4.610164432949865,4.604264246352328,4.604311216854178,0.0006995286387489484,3.6883038425590782e-06,0.007438173681229898,-5.776223539299963e-05,False,False,False
categorical,alpha,beta,0.25,3.0,18,1080141,50,0.1,0.01,0.15569301150819168,2.7232128289347317,51.28630230967532,1.2832282397037801e-07,True,True,True,0.8386832975217828,0.8387924789303958,0.8387921764760675,2.1592325070509477,2.1592017101612107,2.159201859066733,5.928809408073913e-05,1.982191471114612e-08,9.452807613996583e-05,-1.891492686922902e-07,False,False,False
categorical,alpha,beta,0.25,3.0,19,1080142,50,0.1,0.01,0.22658573809230723,3.5800450793379905,43.03723378367869,8.051959433270298e-07,True,True,True,1.2631509841145385,1.26314692949224,1.2631470583009081,2.4423363440592487,2.4423616549618563,2.4423616200573703,5.515682238261673e-05,2.180325655397897e-08,2.5992110622041764e-05,6.178913736221148e-08,False,False,False
categorical,alpha,beta,0.25,8.0,0,1090123,50,0.1,0.01,0.3958108534874572,8.0,1.4199467252971665,0.1406097144135577,True,True,True,0.09864706387713287,0.09865102658664443,0.09865101910181026,2.0909299891754496,2.0909217653358656,2.0909217841059333,2.14266796135136e-05,3.2660766267825626e-08,3.064746333847346e-05,-5.426199645164331e-08,False,False,False
categorical,alpha,beta,0.25,8.0,1,1090124,50,0.1,0.01,0.2865767399619063,8.0,1.8020012438513788,0.29489146988194254,True,True,True,0.16918010729292493,0.16918014180134208,0.169180140608625,2.3198697933767125,2.3198858314038526,2.3198858083891363,3.7072152084485285e-05,6.014739667813936e-08,1.8634888868662713e-05,-3.354665478738639e-08,False,False,False
categorical,alpha,beta,0.25,8.0,2,1090125,50,0.1,0.01,0.3219269162570664,8.0,9.145552852253305,0.2778017578229044,True,True,True,0.23852774712638916,0.23851811237025344,0.23851808662415083,3.078359234394576,3.0783561789397265,3.0783562354187177,4.7445937267240515e-05,2.2468429475553758e-08,-4.395405735913016e-05,-4.291808330947333e-08,False,False,False
categorical,alpha,beta,0.25,8.0,3,1090126,50,0.1,0.01,0.3224978150648452,8.0,14.017999675379304,0.02725424641632436,True,True,True,0.22631000237408336,0.22631464360887513,0.22631463715524205,2.66622305363683,2.666266045391416,2.6662660167189816,0.00011939922107152144,9.457352210578991e-08,6.994265581994341e-05,-6.152655807056817e-08,False,False,False
categorical,alpha,beta,0.25,8.0,4,1090127,50,0.1,0.01,0.2274493154447477,6.346424974264814,13.777521313188082,1.1186645624627749e-07,True,True,True,0.48710206804172224,0.48711188121387244,0.4871118119611108,2.365246581596193,2.3652256395431492,2.3652256453215226,2.820792965575862e-05,1.2960443886993458e-07,-4.10012154183903e-06,-1.35517545629682e-07,False,False,False
categorical,alpha,beta,0.25,8.0,5,1090128,50,0.1,0.01,0.3091146593399495,5.97228869286196,16.27613278065606,8.357475006292052e-07,True,True,True,0.4735888392972812,0.47359863853560835,0.4735986278501565,2.0592046905017187,2.0592284464960087,2.059228423369596,7.537455321311722e-05,7.596242437331475e-08,4.799214449136002e-05,-4.918751983495895e-08,False,False,False
categorical,alpha,beta,0.25,8.0,6,1090129,50,0.1,0.01,0.3406980799105164,8.0,5.966954177368412,0.20915565845937675,True,True,True,0.13165890209723632,0.13168778763032962,0.13168778651136673,2.208245517088017,2.2081588146520175,2.2081587992899077,1.974635650797541e-05,4.3924528662528326e-08,0.00011952661813552368,-2.6183371915067255e-08,False,False,False
categorical,alpha,beta,0.25,8.0,7,1090130,50,0.1,0.01,0.2189868293516064,8.0,8.3902851306664,0.2667055268860094,True,True,True,0.31664217392939936,0.3166831751214147,0.31668316190801876,2.8110885116913895,2.811035648795568,2.811035629666632,7.693741937476018e-06,8.589733957251729e-08,6.855467567490336e-05,-6.374734162761797e-08,False,False,False
categorical,alpha,beta,0.25,8.0,8,1090131,50,0.1,0.01,0.4311608658429783,8.0,7.813926515593978,0.30498888442534144,True,True,True,0.18900766221119739,0.18900024909020868,0.18900024035070165,2.418007020873167,2.418031587009145,2.41803159601179,1.733774734205852e-05,2.553021125725977e-08,-1.097510827907655e-05,-3.587603902843739e-08,False,False,False
categorical,alpha,beta,0.25,8.0,9,1090132,50,0.1,0.01,0.34523639544076457,6.183312396364994,17.130107288322613,1.684124117083715e-06,True,True,True,0.5452667270035131,0.5453625849496673,0.5453625416004062,2.7527551911782453,2.75270500813157,2.7527050266943665,6.0206962684602234e-05,3.68743330568173e-08,0.00011795116740387357,-5.811584102843881e-08,False,False,False
categorical,alpha,beta,0.25,8.0,10,1090133,50,0.1,0.01,0.25329066512348775,8.0,3.0467187775902214,0.3283311449942754,True,True,True,0.17421515631144632,0.17423071130138823,0.17423069689722936,2.4417483843094177,2.4417363486875066,2.441736346367604,6.149566849033998e-05,8.814662439174316e-08,7.534023758637431e-05,-8.534379380975565e-08,False,False,False
categorical,alpha,beta,0.25,8.0,11,1090134,50,0.1,0.01,0.3056669144464609,8.0,2.9767654942060338,0.29840008913817345,True,True,True,0.15724501900842272,0.1571910016521659,0.15719099894700264,2.356292092037379,2.3564618367593413,2.356461818457054,4.724582890245567e-05,5.9405896347781527e-08,-0.00014819494592188676,-3.828068928513062e-08,False,False,False
categorical,alpha,beta,0.25,8.0,12,1090135,50,0.1,0.01,0.19221109752077237,8.0,15.114660525953655,0.8579538962606126,True,True,True,0.49072410042272807,0.4906898407335954,0.49068984164341656,2.402731986715999,2.4028206552513343,2.4028205311234814,0.00013405614779179987,2.839793196573194e-07,3.2125369351376776e-05,-1.4105330414793116e-07,False,False,False
categorical,alpha,beta,0.25,8.0,13,1090136,50,0.1,0.01,0.19231470016609178,6.297634309861161,31.989274376381182,2.372855673108348e-07,True,True,True,0.3746259956332614,0.37466054329056525,0.37466052044931164,2.866768845521175,2.866756044377674,2.8667560536095467,6.276650654367402e-05,3.982030470045964e-08,7.742661073706358e-05,-5.033660954723018e-08,False,False,False
categorical,alpha,beta,0.25,8.0,14,1090137,50,0.1,0.01,0.16839146936112484,7.97051943076255,18.797492731411023,7.950526969379765e-08,True,True,True,0.3772570892155111,0.3773417149592375,0.3773417298790085,2.6064046046178566,2.6063670545640774,2.6063669396641806,0.00013759997068126063,2.250601874944575e-07,0.0001809695013861301,-9.274424428440398e-08,False,False,False
categorical,alpha,beta,0.25,8.0,15,1090138,50,0.1,0.01,0.26816447658603254,8.0,12.469020256970014,0.41392444594116135,True,True,True,0.3500282499802085,0.35005990572112666,0.3500598904691708,2.380343817072275,2.3803388442054616,2.3803388197667252,7.88819227414808e-05,9.98420293432449e-08,8.463665501245998e-05,-7.17056956034412e-08,False,False,False
categorical,alpha,beta,0.25,8.0,16,1090139,50,0.1,0.01,0.21465374311347896,7.843155555161601,16.05413044089112,4.97426321955522e-07,True,True,True,0.34449822477914654,0.34453671892480087,0.3445367000958744,2.4554546094607432,2.4553837187293905,2.4553837255894675,5.156042079711885e-05,4.15947043421137e-08,3.007078533912022e-05,-4.675202980308768e-08,False,False,False
categorical,alpha,beta,0.25,8.0,17,1090140,50,0.1,0.01,0.4380265880894713,8.0,7.865787858685807,0.2906332089991556,True,True,True,0.17381757088089933,0.17382673425530237,0.17382671846300937,2.4029570658723216,2.402936044798363,2.4029360750398454,4.370254430365553e-06,2.1270042655207584e-08,2.845951415686443e-05,-5.6033983675263244e-08,False,False,False
categorical,alpha,beta,0.25,8.0,18,1090141,50,0.1,0.01,0.2904345979501255,7.686810433858417,8.783417201271885,5.046632375668606e-07,True,True,True,0.2822667318953326,0.2822871364210714,0.2822871205733666,2.7425236750129938,2.742495374579103,2.742495422053034,7.209929291896335e-06,5.3192343238017473e-08,3.9701924738011485e-05,-1.4839915962738814e-09,False,False,False
categorical,alpha,beta,0.25,8.0,19,1090142,50,0.1,0.01,0.2918547244556577,8.0,14.455876482975887,0.5652324490698273,True,True,True,0.32461991427270875,0.32463795012108326,0.32463794005670804,3.0096663669395,3.009665757234,3.009665760842843,5.413837010290315e-05,2.2709002062153827e-08,5.482955526758815e-05,-2.684700994848299e-08,False,False,False
categorical,alpha,beta,0.5,0.25,0,1100123,50,0.1,0.01,0.418922252076017,0.26166804294878065,54.79137315449568,3.462210165055599e-07,True,True,True,1.9450897806736975,1.9450505885498428,1.9450500162933626,0.36524843735801826,0.36526643564425415,0.36526663120039427,3.649167036682383e-05,1.8882470919503373e-07,5.027583327432694e-07,-6.906933691652739e-08,False,False,False
categorical,alpha,beta,0.5,0.25,1,1100124,50,0.1,0.01,0.02,0.1,54.96886583704477,0.6159002585745162,False,False,False,-11.848424613880907,-11.849849503715788,-11.849843774910065,inf,inf,inf,0.0001272460971713949,4.6586307719282e-07,nan,nan,False,False,True
categorical,alpha,beta,0.5,0.25,2,1100125,50,0.1,0.01,0.02,0.1,54.97534724195099,0.9016680520456325,False,False,False,-18.527679118777744,-18.528801501156963,-18.528800952878523,inf,inf,inf,5.9368758568162255e-05,4.6428090306540264e-08,nan,nan,False,False,True
categorical,alpha,beta,0.5,0.25,3,1100126,50,0.1,0.01,0.18509688424518908,1.2570369324480648,53.68749149733403,4.8584028063565795e-08,True,True,True,1.3692260340052635,1.3694470334160078,1.3694450835840621,1.558887006572769,1.558864944180538,1.5588655413142578,0.00011137382898234188,6.421088156116143e-08,0.0001352549950652815,-7.363350960076787e-07,False,False,False
categorical,alpha,beta,0.5,0.25,4,1100127,50,0.1,0.01,0.7238415848228891,0.5563494978080566,54.03251902322425,1.9345170287098742e-07,True,True,True,3.9921585836518574,3.992276275739018,3.992278222812946,0.4206129192017013,0.42059035425068536,0.4205901696348379,3.7040781908651024e-05,1.9786214135315894e-07,3.7766834068975186e-06,2.751632521835745e-07,False,False,False
categorical,alpha,beta,0.5,0.25,5,1100128,50,0.1,0.01,0.02,0.1,54.96707322311007,0.6113849623207562,False,False,False,-7.578270670270968,-7.577408130248672,-7.577411305647793,inf,inf,inf,0.00014241744426000887,4.473243022393685e-07,nan,nan,False,False,True
categorical,alpha,beta,0.5,0.25,6,1100129,50,0.1,0.01,0.7129723805415116,0.7675748985889101,53.33893977515851,4.33663971070562e-08,True,True,True,4.657092376923128,4.657239527976905,4.657236890929199,0.3928837939349811,0.3928684869879946,0.3928686269153024,1.6821766314557885e-05,3.1395285178390474e-07,1.3568792994078649e-05,-4.051283823969243e-07,False,False,False
categorical,alpha,beta,0.5,0.25,7,1100130,50,0.1,0.01,0.02,0.6437066641987611,54.914529896637056,0.35595629199747303,False,False,False,-0.006527513049818231,-0.0064173631860887466,-0.0064197855273911,inf,inf,inf,0.0003677514574205216,1.0611432447398812e-06,nan,nan,False,False,True
categorical,alpha,beta,0.5,0.25,8,1100131,50,0.1,0.01,0.12723211013400046,1.3443468689375084,53.11112118141944,1.2090784459750128e-07,True,True,True,0.8467433632293774,0.8469442447070554,0.8469432306990361,1.71171748707129,1.7116973384574934,1.7116976122934602,0.0001938951723729301,5.769743527625979e-07,0.00021313302103465048,-8.81990153800416e-07,False,False,False
categorical,alpha,beta,0.5,0.25,9,1100132,50,0.1,0.01,0.02,0.1,54.98124934803211,1.2261599775278977,False,False,False,-19.53783776741998,-19.538609892163347,-19.538609205147964,inf,inf,inf,3.8724990423227126e-05,4.0377739758847704e-08,nan,nan,False,False,True
categorical,alpha,beta,0.5,0.25,10,1100133,50,0.1,0.01,0.708138090137207,0.6818560537057474,53.35476419322092,5.880787539512812e-08,True,True,True,2.6887235804430674,2.68880944990163,2.688810612815148,0.5007023043475934,0.5006728587195175,0.5006727139539889,3.7831142063566895e-05,1.645969127183583e-07,-1.6983223645183898e-06,2.658337052707793e-07,False,False,False
categorical,alpha,beta,0.5,0.25,11,1100134,50,0.1,0.01,0.98,0.5801797593216526,53.53440458893342,0.8435446190447458,True,True,True,3.819697138273386,3.819532206565075,3.8195343716336176,0.3745620716239454,0.3745675967702627,0.37456740046836734,5.822327703280127e-05,2.454309434377059e-07,-3.6478295520225856e-05,3.4084021649505303e-07,False,False,False
categorical,alpha,beta,0.5,0.25,12,1100135,50,0.1,0.01,0.02,0.1,54.96974090594812,0.6637650741942842,False,False,False,-12.566109293300299,-12.566826986804056,-12.5668257455356,inf,inf,inf,5.395142089055746e-05,1.0342181740279139e-07,nan,nan,False,False,True
categorical,alpha,beta,0.5,0.25,13,1100136,50,0.1,0.01,0.02,0.1,54.97944531235887,1.1770920367117188,False,False,False,-16.144126938438962,-16.144670260261165,-16.144667616214203,inf,inf,inf,3.0487690201061036e-05,1.9273433268890635e-07,nan,nan,False,False,True
categorical,alpha,beta,0.5,0.25,14,1100137,50,0.1,0.01,0.02,2.0581749951627786,54.7482170665799,0.10359806523752428,True,True,True,0.002734710474233549,0.002946500540582159,0.0029451280510078303,5.443803699086986,5.411599204452727,5.411801022237658,0.0004379266186297461,1.2145744033288783e-06,0.03728228289328683,-0.00023356047424982762,False,False,False
categorical,alpha,beta,0.5,0.25,15,1100138,50,0.1,0.01,0.4412725228863487,0.1,54.955454061590444,0.3459388686645521,True,True,True,0.9393584656422675,0.9393018506443472,0.9393021498234074,0.5164357151268593,0.5164264484202795,0.5164262218163154,0.00011771135857702853,2.4987065004230615e-07,-7.088273622457564e-05,5.762465349334889e-08,False,False,False
categorical,alpha,beta,0.5,0.25,16,1100139,50,0.1,0.01,0.02,2.4035253880879632,54.40360224161441,0.8620389309044204,True,True,True,0.004377600136312542,0.004406198218125438,0.0044033527426247015,5.678581249768356,5.675945959650616,5.676225957920834,0.00044235198323458826,1.2819352781473118e-06,0.0031539476261386312,-0.0003236379533504419,False,False,False
categorical,alpha,beta,0.5,0.25,17,1100140,50,0.1,0.01,0.98,0.4192377211876514,54.265122859306175,0.11253571585715019,True,True,True,0.5711105608086119,0.5710811599887278,0.5710821853256521,1.1572275851058622,1.1572452171853869,1.1572444792551193,1.638349363365014e-05,1.6328841237789656e-07,-3.0235871875561315e-05,9.458559588892967e-07,False,False,False
categorical,alpha,beta,0.5,0.25,18,1100141,50,0.1,0.01,0.3547781973466644,0.2545141896186346,54.87358728031621,0.0018262446846458115,True,True,True,1.5235516324017853,1.5235146525358587,1.5235149962205998,0.4642509835890356,0.46424671472063933,0.4642466522548964,5.710806976716739e-05,1.0717957005041094e-07,-2.9033485404283965e-05,1.5367039907232538e-07,False,False,False
categorical,alpha,beta,0.5,0.25,19,1100142,50,0.1,0.01,0.23404128385536108,0.8937020330677479,53.87944845065286,3.202372833989377e-07,True,True,True,2.184661764804263,2.1847289634182796,2.1847286778046633,0.9435900572913862,0.9435878037469155,0.9435878653410446,2.570947630954679e-05,2.584215940547146e-08,2.810449493750866e-05,-5.981897999163266e-08,False,False,False
categorical,alpha,beta,0.5,0.5,0,1110123,50,0.1,0.01,0.5566433511188151,2.0785224465812258,45.711611713972026,4.1848483507023855e-07,True,True,True,3.0525547131674435,3.0527080687455532,3.0527079443801792,1.1732628431998415,1.1732439420520517,1.1732439633360376,9.871179664300933e-06,8.911350865038178e-09,2.8460189405166147e-05,-1.6235269129083463e-08,False,False,False
categorical,alpha,beta,0.5,0.5,1,1110124,50,0.1,0.01,0.3659289813859376,1.3287477875135945,52.31103571092231,1.3339246245739751e-08,True,True,True,2.2397396255603406,2.239776464679448,2.239776924866109,1.220331312640479,1.2203339777957607,1.2203338864188529,2.4404588762555503e-05,1.7448170223566038e-08,1.9616444745906847e-05,1.0025939900515368e-07,False,False,False
categorical,alpha,beta,0.5,0.5,2,1110125,50,0.1,0.01,0.6012759402199936,0.5290626643253823,54.130612344848025,3.862013840885959e-07,True,True,True,4.469620082930523,4.469767012637167,4.469766052501746,0.22575883148809192,0.22574821769028294,0.22574828881081851,1.8770710471915276e-05,1.2046879928594078e-07,2.051992173335293e-05,-1.3292606837467247e-07,False,False,False
categorical,alpha,beta,0.5,0.5,3,1110126,50,0.1,0.01,0.931069584563102,0.9735985604494756,51.26972375644369,3.7195062859745267e-07,True,True,True,5.492302473406492,5.492597445466052,5.492596182963896,0.6363431512984924,0.6363163470676442,0.6363164278818931,1.6243762231924968e-05,7.007208837385977e-08,2.270868070297638e-05,-1.368143998092819e-07,False,False,False
categorical,alpha,beta,0.5,0.5,4,1110127,50,0.1,0.01,0.4565593520751922,1.8371535841738058,48.055314884428775,2.022462102420545e-08,True,True,True,3.3428757524846726,3.343007055481024,3.343007046076733,0.8522362275221337,0.8522183373169211,0.8522183130796198,1.0769497783992135e-05,5.859711097602646e-08,1.865010681711965e-05,-3.0717345111952454e-08,False,False,False
categorical,alpha,beta,0.5,0.5,5,1110128,50,0.1,0.01,0.02,2.4534451489786204,54.17217982255426,4.1543165103519195,True,True,True,0.0005886443629434825,0.0007282682650759665,0.0007251460465950144,6.758520039172852,6.6662399102182,6.6681054608538215,0.0003636678289307194,8.126929079060008e-07,0.1044572448001091,-0.002148603613306932,False,False,False
categorical,alpha,beta,0.5,0.5,6,1110129,50,0.1,0.01,0.21769512248292733,1.7938222689155867,51.19833163306671,5.260322418512309e-08,True,True,True,1.8865365753365184,1.88661017074556,1.8866097416570924,1.4128452708253574,1.412874562769153,1.4128746218875943,0.00010800935492721204,9.310378511135886e-08,7.257431664697833e-05,-1.5937627040329971e-07,False,False,False
categorical,alpha,beta,0.5,0.5,7,1110130,50,0.1,0.01,0.98,0.45580191292974065,54.06507627830683,0.2245284989044195,True,True,True,1.934891317925221,1.9351572252951508,1.935155532806847,0.654449555679187,0.6543996920284971,0.6544000160511273,3.76936251268606e-05,2.275387722723313e-07,7.950890112340403e-05,-5.015554336296191e-07,False,False,False
categorical,alpha,beta,0.5,0.5,8,1110131,50,0.1,0.01,0.09377680447266491,0.5606002865732793,54.82173147313048,3.623071274882353e-08,True,True,True,0.2743734569616621,0.2745858525638857,0.27458469471160457,1.8898501245394783,1.8895454414190935,1.8895472448539834,7.700650818602184e-05,1.0893561957236888e-07,0.0004208920067654276,-2.1404500145649763e-06,False,False,False
categorical,alpha,beta,0.5,0.5,9,1110132,50,0.1,0.01,0.02,0.1,54.966295895170774,0.5418014354025731,False,False,False,-8.255155684766281,-8.254944201071648,-8.254945969287617,inf,inf,inf,2.7050552119148398e-05,2.707716526287608e-07,nan,nan,False,False,True
categorical,alpha,beta,0.5,0.5,10,1110133,50,0.1,0.01,0.09294586932003317,1.6487139611403325,54.00224464727037,1.7764875327836148e-07,True,True,True,0.19667077580954456,0.1967368718814997,0.1967360783069926,2.682200058148474,2.6821174046097087,2.6821189686233673,0.00014637957999986506,4.3686886620118624e-07,0.00023862678074948462,-2.2330555538019325e-06,False,False,False
categorical,alpha,beta,0.5,0.5,11,1110134,50,0.1,0.01,0.98,0.2945996463952875,54.61902563913251,0.18051969874478221,True,True,True,0.945749952826921,0.9457986281086125,0.9457983656839382,0.9320811135729069,0.9320482509805513,0.9320483871036068,4.086685545666507e-05,5.499744588798338e-08,1.3510861826659948e-05,-1.2074616506652092e-07,False,False,False
categorical,alpha,beta,0.5,0.5,12,1110135,50,0.1,0.01,0.98,0.38757549793496693,54.18179350075888,1.124617441668433,True,True,True,1.9328746147660565,1.9328209788984194,1.9328194427064294,0.6303242463805663,0.6303294722124602,0.6303298329334183,2.8304469713984696e-05,1.84697557454218e-07,-2.211269554663886e-05,-3.794976564108765e-07,False,False,False
categorical,alpha,beta,0.5,0.5,13,1110136,50,0.1,0.01,0.07298386053734753,0.9220531197344605,54.344614090711204,8.175024997691186e-07,True,True,True,0.21402660176055677,0.21442290787706747,0.2144168579472521,2.6761607072718547,2.6754727229777426,2.675484683835176,0.00026874895885514765,7.03229816605155e-07,0.0010434392583462682,-1.444489359414547e-05,False,False,False
categorical,alpha,beta,0.5,0.5,14,1110137,50,0.1,0.01,0.02,5.535976630570783,54.172473783472654,0.5966409410973483,True,True,True,0.005872616500834365,0.0058060189480124156,0.005805540214893343,5.7402642164129505,5.7453624505959215,5.7453979705633325,0.0003332691539423009,6.710888096771875e-07,-0.0055771517418961025,-4.156415152323234e-05,False,False,False
categorical,alpha,beta,0.5,0.5,15,1110138,50,0.1,0.01,0.98,0.3265860295171361,54.50490747614798,0.8195791962219701,True,True,True,1.5681351056437285,1.5680743370969217,1.5680744185639914,0.6738637505030105,0.6738856063826023,0.6738855920157258,1.3972330107771363e-05,4.4732004023761585e-08,-1.35549382349609e-05,3.541310178434287e-08,False,False,False
categorical,alpha,beta,0.5,0.5,16,1110139,50,0.1,0.01,0.1371062977126545,0.5558405006216063,54.707044370609175,2.5956700906146795e-07,True,True,True,0.8669384655723699,0.8670609238464886,0.8670610915794492,1.129067449571501,1.129038306061022,1.129038220090468,7.782880422801093e-05,2.9096596127920473e-08,0.00010778550043255564,9.447275317597814e-08,False,False,False
categorical,alpha,beta,0.5,0.5,17,1110140,50,0.1,0.01,0.9797658558812823,0.7926827664993347,52.01771459395173,5.859285502108464e-08,True,True,True,4.27377341135098,4.273797061918751,4.27379708006839,0.5549247005423217,0.5549171003575979,0.5549170740594905,1.99085236127954e-05,6.081178632632694e-08,-3.242197081476661e-06,-2.603008653068173e-08,False,False,False
categorical,alpha,beta,0.5,0.5,18,1110141,50,0.1,0.01,0.6096515687535989,1.1250010175376786,52.32761772095223,2.562822613326741e-07,True,True,True,3.171022530099347,3.1710074569002193,3.171007302845208,0.7899285485902626,0.7899279523217286,0.7899279615199915,1.0373475037304886e-05,3.7893199005357657e-08,-5.4779023983542174e-06,-3.799246428570768e-08,False,False,False
categorical,alpha,beta,0.5,0.5,19,1110142,50,0.1,0.01,0.98,0.8101304035950814,52.33120924552814,2.5122114131193127,True,True,True,4.838123175676642,4.837980852755656,4.837979084528427,0.276675596855256,0.2766883153825667,0.2766883754068816,4.50151773830211e-05,2.638729948330783e-07,-1.5071039506153738e-05,-2.9638319887226316e-07,False,False,False
categorical,alpha,beta,0.5,1.0,0,1120123,50,0.1,0.01,0.98,0.8677754910036435,51.96757695841174,0.21766449620486417,True,True,True,2.329451801106845,2.329518054357517,2.329519448288947,0.7510969088445077,0.751085467696361,0.7510852624663779,8.253882093826707e-06,1.638197758003316e-07,1.5631147860517558e-05,3.6209767273476245e-07,False,False,False
categorical,alpha,beta,0.5,1.0,1,1120124,50,0.1,0.01,0.4894771173364236,1.5760738225235262,49.320752022487206,2.95513313027854e-07,True,True,True,3.220572862343933,3.220625506546869,3.2206249619932303,0.8388925321338628,0.8388783838980701,0.8388784332010085,1.629396872319451e-05,6.285106345163849e-08,-5.49898828694495e-08,-1.1232109642378418e-07,False,False,False
categorical,alpha,beta,0.5,1.0,2,1120125,50,0.1,0.01,0.45209262634094816,0.5811493887178001,54.13374841336616,1.3029307994040272e-07,True,True,True,2.23502211142215,2.235146226624201,2.2351445769486804,0.3518620549496581,0.35183912500959147,0.3518393834173517,4.7775520518033145e-05,3.2766745091314353e-07,2.8690809642739623e-05,-4.40558906689148e-07,False,False,False
categorical,alpha,beta,0.5,1.0,3,1120126,50,0.1,0.01,0.024059189730667604,2.79385713877169,54.28683754259982,2.3948747443095126e-06,True,True,True,0.00453686778120579,0.004746442224109952,0.004744623665394933,5.544691332949113,5.5252625460946385,5.52542833060469,0.000420582565029583,1.484408175315892e-06,0.022597908152512503,-0.00019234838804038645,False,False,False
categorical,alpha,beta,0.5,1.0,4,1120127,50,0.1,0.01,0.4778370365582922,1.6050945300119708,52.339696094692634,8.819990656440262e-08,True,True,True,1.331424283991156,1.3316900054042389,1.3316888245374177,1.3356252287703991,1.3355338888616477,1.335534249324159,1.4468577526031881e-05,7.018832948264789e-08,9.392619674031266e-05,-4.717456150160615e-07,False,False,False
categorical,alpha,beta,0.5,1.0,5,1120128,50,0.1,0.01,0.98,0.613080604819015,53.40843833916443,4.880447463051497,False,False,False,-9.821568829801087,-9.821373354592211,-9.821373918234066,inf,inf,inf,2.3911728108612985e-05,8.402212499852322e-08,nan,nan,False,False,True
categorical,alpha,beta,0.5,1.0,6,1120129,50,0.1,0.01,0.7444499194591797,1.4968383737679216,48.141961986180654,2.165242973598691e-07,True,True,True,3.891288971738937,3.89138568614866,3.891384743208906,0.7537177138859013,0.7537057317642925,0.7537058126080456,9.098298740945144e-06,7.0837642349714e-08,1.0909604569064868e-05,-1.492398737923395e-07,False,False,False
categorical,alpha,beta,0.5,1.0,7,1120130,50,0.1,0.01,0.7792281752020174,0.6712327204010429,53.30497511838598,7.32410687763558e-08,True,True,True,4.583061068971765,4.58299040597753,4.58299139822055,0.3124345467723505,0.3124414543962571,0.31244140244014107,6.958270865784331e-06,1.6566752029064618e-07,-7.309030529256688e-06,1.5668886987896258e-07,False,False,False
categorical,alpha,beta,0.5,1.0,8,1120131,50,0.1,0.01,0.9078102505647556,0.48130728062639777,54.35352216238523,1.2317212724155778e-07,True,True,True,2.82164285020536,2.821692452303442,2.8216936880761954,0.42114643998677975,0.4211315148070584,0.421131382222978,2.1804594127413283e-05,1.9961583239744483e-07,6.810639803234153e-07,2.853112874845465e-07,False,False,False
categorical,alpha,beta,0.5,1.0,9,1120132,50,0.1,0.01,0.98,0.5144366598427638,53.87725257036965,0.5716455042659535,False,False,False,-1.9270997055252128,-1.92722255390103,-1.9272216768353436,inf,inf,inf,3.078227509136041e-05,2.0227113557692895e-07,nan,nan,False,False,True
categorical,alpha,beta,0.5,1.0,10,1120133,50,0.1,0.01,0.7885763417925424,0.6533348388841523,53.681575918049575,0.00019530544864148494,True,True,True,3.868856221528964,3.8689720532016434,3.868973151840869,0.4097529579180478,0.4097452642081927,0.4097451832437933,1.7217574773966054e-05,1.4082032207778054e-07,2.1272102188163444e-05,1.9074778379035706e-07,False,False,False
categorical,alpha,beta,0.5,1.0,11,1120134,50,0.1,0.01,0.02,5.064305635550078,52.75911415187944,5.342858628409886,True,True,True,0.006462672095188517,0.0065157552161447235,0.006512872677435029,6.054290335472073,6.0510170940977615,6.051207906529392,0.0006400272850737849,3.132066920671313e-06,0.0041889836210415865,-0.00022281213652775023,False,False,False
categorical,alpha,beta,0.5,1.0,12,1120135,50,0.1,0.01,0.23489258276526442,1.321497178882027,52.26533281029063,2.764081729792909e-07,True,True,True,2.5924320926977393,2.592309559562383,2.5923089914560205,1.2755462139159661,1.2755740899249914,1.275574166054459,1.805904363889156e-05,4.548290877156536e-08,-1.5304885906175514e-05,-1.3150340549827888e-07,False,False,False
categorical,alpha,beta,0.5,1.0,13,1120136,50,0.1,0.01,0.28303962042037223,1.3861646192983035,51.94235062295388,5.155513711765623e-07,True,True,True,2.511479238836967,2.511445391422479,2.511444898667492,0.9968663459741024,0.996887348094839,0.9968874122553808,3.500215878395849e-05,5.234887736189714e-08,1.0580074906840764e-05,-1.2233620338975015e-07,False,False,False
categorical,alpha,beta,0.5,1.0,14,1120137,50,0.1,0.01,0.2597695164030015,1.4635876287766316,53.56239150954001,2.78142291624634e-07,True,True,True,1.0785987477566894,1.0785135691742234,1.07851330678308,1.6215950196067193,1.621627885862287,1.6216279811240024,7.865595465750933e-06,2.4861307937829723e-08,-4.1269578780145366e-05,-1.3361553641288992e-07,False,False,False
categorical,alpha,beta,0.5,1.0,15,1120138,50,0.1,0.01,0.3940938730585764,1.096237233534622,52.648873082067325,3.584602482472456e-08,True,True,True,3.2706520987327234,3.2706112007673163,3.270609278688799,0.9787864385916101,0.9788091033522269,0.9788093335673611,4.1200361373185755e-05,8.659968063887903e-08,1.3266525400013052e-05,-3.226369571507348e-07,False,False,False
categorical,alpha,beta,0.5,1.0,16,1120139,50,0.1,0.01,0.02,1.025155062228772,54.922533017473384,0.3338149170417695,False,False,False,-0.002978266911400885,-0.0029260272649059074,-0.0029272560819622647,inf,inf,inf,0.0004378935134086127,1.4750024228131196e-06,nan,nan,False,False,True
categorical,alpha,beta,0.5,1.0,17,1120140,50,0.1,0.01,0.92669527755313,1.04114963016725,51.58111859567578,3.907985046680551e-08,True,True,True,3.0051579608382424,3.0053254663040314,3.0053249394137582,0.8674863984871717,0.8674543196633923,0.8674543858682652,1.9476052012482223e-05,3.3143019027290995e-08,1.870655970748203e-05,-9.909771137017742e-08,False,False,False
categorical,alpha,beta,0.5,1.0,18,1120141,50,0.1,0.01,0.5655537100273056,0.7942792050064944,53.768881258442555,3.57714340939932e-07,True,True,True,2.8148978916209066,2.8149553788966775,2.814953767552873,0.6581686486440095,0.658147594525196,0.6581477615213979,2.798988185599404e-05,2.2210524008019926e-07,-4.1973114051074845e-06,-3.8016118253381137e-07,False,False,False
categorical,alpha,beta,0.5,1.0,19,1120142,50,0.1,0.01,0.02,5.913890414672812,51.67791917539976,2.869158340246259,True,True,True,0.00743208731510626,0.007674782978516318,0.007671419971369526,6.175471656721849,6.161779929221625,6.161969213723955,0.0006042952230574796,2.4423383347833376e-06,0.01614971944864152,-0.00022036341361086897,False,False,False
categorical,alpha,beta,0.5,3.0,0,1130123,50,0.1,0.01,0.48631587916110375,3.835633487096733,37.839989984303116,3.0627699730003475e-08,True,True,True,1.0695088612706503,1.0695807693488588,1.0695808067016432,2.00613107488612,2.006108193512399,2.0061081730305648,1.4620677358430476e-05,1.2300978853226846e-08,4.0900599749704725e-05,1.134224447696397e-08,False,False,False
categorical,alpha,beta,0.5,3.0,1,1130124,50,0.1,0.01,0.2894286123608446,3.232300071133378,44.838513472189234,1.3305668364073223e-06,True,True,True,1.1770380335920676,1.1770669591688643,1.1770667390622143,1.990645319977941,1.9906612846028142,1.9906613496026186,6.143962097736517e-05,3.7642106295650704e-08,4.284237668628066e-05,-1.1216209117037579e-07,False,False,False
categorical,alpha,beta,0.5,3.0,2,1130125,50,0.1,0.01,0.5998559149042797,2.787296700135593,36.04066509798332,1.1280917266897401e-07,True,True,True,2.641857503831239,2.642112869779067,2.642112848217728,1.184410642913938,1.184371442670854,1.1843714373196332,9.28685474728945e-06,2.2036470099039642e-08,5.151157408533891e-05,-1.4321464902877779e-08,False,False,False
categorical,alpha,beta,0.5,3.0,3,1130126,50,0.1,0.01,0.6114426019609402,2.479595323292611,43.538821189704755,4.6557366999550583e-07,True,True,True,2.293990021055649,2.29423518050059,2.294235164841176,1.2581129407827618,1.2580689764404815,1.2580689742639768,8.34278565200219e-06,1.2854303446351454e-08,5.623945767752048e-05,-9.331344585916668e-09,False,False,False
categorical,alpha,beta,0.5,3.0,4,1130127,50,0.1,0.01,0.0896980780943361,3.2995710943871654,40.37422063541885,5.826609612108904e-07,True,True,True,0.9412068302668711,0.941535342390719,0.9415339912769539,2.654380083623447,2.654420341225029,2.654420218419865,0.00044073303550607547,1.7208167293823563e-06,0.000393743854715467,-1.5763969045679005e-06,False,False,False
categorical,alpha,beta,0.5,3.0,5,1130128,50,0.1,0.01,0.309417276565827,4.3030501490344175,43.53614231243632,1.2689122595229373e-06,True,True,True,0.4052143473248861,0.4053556780245704,0.4053554630081748,2.3961515613134874,2.3960391485244954,2.396039332526601,9.05394867535427e-05,1.0819135569837707e-07,0.00021898068332149023,-3.1859872962058944e-07,False,False,False
categorical,alpha,beta,0.5,3.0,6,1130129,50,0.1,0.01,0.5658640867465486,2.4529185859877014,41.9490670663649,5.686998356512188e-07,True,True,True,2.753926241101224,2.753986709901521,2.753986451402911,1.4114202346697258,1.4114159260194272,1.4114159606433558,1.2281636444971252e-05,1.5731794709240998e-08,1.6942546494647104e-05,-5.4001155547211965e-08,False,False,False
categorical,alpha,beta,0.5,3.0,7,1130130,50,0.1,0.01,0.6019913557415129,3.607170496710094,27.010632177539073,2.8964006027042617e-07,True,True,True,2.0704133865721706,2.0706110336633534,2.070610939602557,1.4266067958133126,1.4265759852783577,1.4265759956631419,2.4758455121418606e-05,2.179681886824403e-08,5.9952656151551764e-05,-3.3470662685886055e-08,False,False,False
categorical,alpha,beta,0.5,3.0,8,1130131,50,0.1,0.01,0.41325487391504884,4.872440530506461,33.473384403398164,2.7971505914604213e-07,True,True,True,0.7894273136622179,0.7894643203267148,0.7894642376410648,2.166080698307687,2.1660744545993786,2.1660744863933004,3.266962197614552e-05,3.209265620354004e-08,3.962029591519922e-05,-6.81323015783164e-08,False,False,False
categorical,alpha,beta,0.5,3.0,9,1130132,50,0.1,0.01,0.5215970594741078,3.401765297911768,46.75162663894667,4.597132875446788e-08,True,True,True,0.6363912170669094,0.6364441040747241,0.6364442231533513,2.0385624674381697,2.0385263875488278,2.0385263238437967,6.427562436785269e-06,4.045776529693926e-08,4.1676349376018607e-05,1.1375675512681482e-07,False,False,False
categorical,alpha,beta,0.5,3.0,10,1130133,50,0.1,0.01,0.631408494171542,3.6681543167237147,28.988616550624418,4.5545029972446304e-07,True,True,True,1.5267386868521304,1.5267220209467123,1.5267220244271458,1.4265754886046762,1.42658261002282,1.4265825987121894,6.841458063905988e-06,2.385878568031939e-08,-2.7279830909776592e-06,-1.0742166267618813e-08,False,False,False
categorical,alpha,beta,0.5,3.0,11,1130134,50,0.1,0.01,0.6576584260544244,2.3306543701885265,41.972320743468025,4.3419951827227663e-07,True,True,True,2.9991041441115667,2.999246430546823,2.9992458659366235,1.1472660194396815,1.147244405682703,1.147244464458008,4.3712857306479655e-06,5.590553160140657e-08,2.243751328023791e-05,-1.2058313814122812e-07,False,False,False
categorical,alpha,beta,0.5,3.0,12,1130135,50,0.1,0.01,0.4868658263768234,3.2028639971519928,35.97870402557054,1.144634154978068e-07,True,True,True,2.17607712773539,2.1762688053172363,2.1762689161643527,1.384923108384363,1.3848779751967786,1.3848779506855315,1.6275472055739742e-05,5.886570470586829e-09,3.6141335129968866e-05,2.2714864655881684e-08,False,False,False
categorical,alpha,beta,0.5,3.0,13,1130136,50,0.1,0.01,0.4706643531262691,2.9593309277281277,36.38579920858073,1.0050780679127958e-07,True,True,True,2.3541776345706515,2.3542711929774094,2.3542711707332895,1.3150063329427446,1.3149828368477863,1.3149828289377208,1.4505260991813105e-05,2.7658062533503356e-08,1.2671215074533393e-05,-1.8555212477622263e-08,False,False,False
categorical,alpha,beta,0.5,3.0,14,1130137,50,0.1,0.01,0.5510237426197842,2.8052692592574946,37.24974314600267,1.497504523592757e-07,True,True,True,2.711733566971593,2.711854168291404,2.7118540278322287,1.1797874290151151,1.1797678325306704,1.179767848892256,6.385448573997448e-06,1.4877724195406524e-08,2.1878649462792055e-05,-3.29575442492569e-08,False,False,False
categorical,alpha,beta,0.5,3.0,15,1130138,50,0.1,0.01,0.4181651824350674,6.439467367518755,24.920740397176818,6.702773655823685e-07,True,True,True,0.40630612682659006,0.4063538171620559,0.4063538146219456,2.730465312983227,2.7304325461446637,2.7304325410761807,4.192226134398652e-05,1.808849488354628e-08,7.963218735440591e-05,-1.2086289302715159e-08,False,False,False
categorical,alpha,beta,0.5,3.0,16,1130139,50,0.1,0.01,0.4660444863371579,4.000738566538443,21.44558781584788,4.6509148456742973e-07,True,True,True,1.7021500863523102,1.7022682527029949,1.702268235905741,1.4046568818962564,1.4046206904596987,1.4046206974388882,1.4225994177590714e-05,6.466627609894439e-09,2.7750643120327823e-05,-1.8324826100979408e-09,False,False,False
categorical,alpha,beta,0.5,3.0,17,1130140,50,0.1,0.01,0.6797078595543387,2.4601489230343736,40.438523159882244,1.1780738749565923e-07,True,True,True,2.7120305162999623,2.711993764669999,2.7119936623835024,1.368855954395073,1.368864629277004,1.3688646444013817,6.841378974541771e-06,6.476887527722653e-09,-3.584402165301981e-06,-2.030376577977222e-08,False,False,False
categorical,alpha,beta,0.5,3.0,18,1130141,50,0.1,0.01,0.5413181887721047,2.044877483611424,47.577918519766264,2.913225216616411e-07,True,True,True,2.382985294188594,2.3829414079274818,2.382940824160009,1.325945177980304,1.3259501360397048,1.3259502343120704,8.020776422534863e-06,2.2768569300552057e-08,-1.284033545090324e-05,-1.3183747427092385e-07,False,False,False
categorical,alpha,beta,0.5,3.0,19,1130142,50,0.1,0.01,0.6175388471372943,4.136056106216607,28.961512558108048,6.630168160729532e-07,True,True,True,1.225650074103669,1.2256886522506267,1.2256885691907602,1.926591445708284,1.9265830954135774,1.9265831174054318,1.2434795607860148e-05,1.742110391520325e-08,2.1819087358210254e-05,-4.244682472176464e-08,False,False,False
categorical,alpha,beta,0.5,8.0,0,1140123,50,0.1,0.01,0.4157714046416941,8.0,22.604231578984514,0.20260766042776832,True,True,True,0.3215248930826939,0.321554177627207,0.32155415967357714,2.4541076390917342,2.454088202111322,2.4540882037145133,4.626848721854472e-05,5.216337424747775e-08,6.864439166065495e-05,-5.398817748414331e-08,False,False,False
categorical,alpha,beta,0.5,8.0,1,1140124,50,0.1,0.01,0.2939141099989608,8.0,4.113384899566915,0.35312214780037154,True,True,True,0.19338560305187444,0.19341225114093244,0.19341225002928297,2.194807113282911,2.1947613843081335,2.1947613511907123,3.246224003916337e-05,8.203766167509448e-08,8.509689188107572e-05,-4.387540553096869e-08,False,False,False
categorical,alpha,beta,0.5,8.0,2,1140125,50,0.1,0.01,0.4303020447810367,8.0,12.748799977823396,0.2727853605231439,True,True,True,0.2772747335559951,0.27730687790368036,0.2773068672748879,2.894173617782072,2.8941416021454422,2.8941416029987495,4.217039357482886e-05,3.640021284090405e-08,7.902616606969559e-05,-3.734622389117703e-08,False,False,False
categorical,alpha,beta,0.5,8.0,3,1140126,50,0.1,0.01,0.38956192678693446,7.536009611542948,15.979450991543453,2.535190924692641e-07,True,True,True,0.31283769267977496,0.3128548399454735,0.31285483222654276,2.4848381383851676,2.4848314889936725,2.4848314948846455,3.9503339798644054e-05,1.1316487580227308e-08,4.713723213889409e-05,-1.7890329218062107e-08,False,False,False
categorical,alpha,beta,0.5,8.0,4,1140127,50,0.1,0.01,0.6598093592443683,6.596992998599758,25.177118756309522,3.987253407822134e-07,True,True,True,0.32399299850715996,0.3239898387767025,0.3239898277428342,2.0009676463316217,2.0009938433314187,2.0009938195690617,5.052077409099096e-05,8.879972775379793e-08,2.034648416326945e-05,-6.14136439480717e-08,False,False,False
categorical,alpha,beta,0.5,8.0,5,1140128,50,0.1,0.01,0.6958799641704767,8.0,9.224455350193047,0.2318099728837484,True,True,True,0.13762953381460566,0.13767674674331185,0.13767672910861092,2.740939908234764,2.7407821577101683,2.740782187243384,2.032142131160487e-05,6.018947247329155e-08,0.00016127366964724388,-9.40863600362718e-08,False,False,False
categorical,alpha,beta,0.5,8.0,6,1140129,50,0.1,0.01,0.46194231188815327,8.0,5.7694642672942615,0.31734545669073877,True,True,True,0.17186081803327682,0.171849065693575,0.17184905659740318,2.5393417601887043,2.5393729309131,2.5393729552973086,3.4285355877634637e-06,3.348744818912593e-09,-3.252346503224146e-05,-2.4857812697121062e-08,False,False,False
categorical,alpha,beta,0.5,8.0,7,1140130,50,0.1,0.01,0.5511338939722543,7.325320271524718,22.231087688349277,6.616339430465206e-08,True,True,True,0.32145326910343236,0.3215029144992371,0.32150290430395706,2.481634743742459,2.4815795456786476,2.481579551876595,2.7317169497369363e-05,1.749752409862779e-08,9.08548559159783e-05,-2.4575662393999664e-08,False,False,False
categorical,alpha,beta,0.5,8.0,8,1140131,50,0.1,0.01,0.41993793646754396,7.2656426826973375,12.359845168266581,2.691398271388904e-07,True,True,True,0.32872829764488165,0.3287049875955009,0.32870498704245993,2.63225320146129,2.6322980125207027,2.6322980155191122,3.2314691829004725e-05,5.942428550868489e-09,-1.9319880218304775e-05,1.7695622744895445e-09,False,False,False
categorical,alpha,beta,0.5,8.0,9,1140132,50,0.1,0.01,0.59316406857762,8.0,15.531795784758216,0.38664030277436295,True,True,True,0.20562409676005028,0.20565194041590537,0.20565192300521476,2.7268424620617004,2.726783645367462,2.7267836711173743,5.590036963751383e-07,2.5416553408213766e-08,6.763106717322387e-05,-5.501528121953925e-08,False,False,False
categorical,alpha,beta,0.5,8.0,10,1140133,50,0.1,0.01,0.462564858544391,8.0,12.938641976654027,0.3278731546269869,True,True,True,0.2699206001047687,0.26993541323793074,0.26993540836484825,2.784743136955168,2.7847651843240486,2.7847651692180024,0.00010559638681771697,5.30290592680136e-08,8.022561618403756e-05,-3.5444250201521754e-08,False,False,False
categorical,alpha,beta,0.5,8.0,11,1140134,50,0.1,0.01,0.29303721525351023,8.0,2.0574838809311506,0.409300755177533,True,True,True,0.21815716360634535,0.2181282799149922,0.21812827401753854,2.279776954479107,2.2798546768229007,2.2798546533744863,4.648074948048993e-05,8.111080557268421e-08,-4.298018939308257e-05,-5.403261549297156e-08,False,False,False
categorical,alpha,beta,0.5,8.0,12,1140135,50,0.1,0.01,0.5307242682837505,8.0,8.613414202861724,0.061385922567825386,True,True,True,0.13798298288205899,0.13796440632637103,0.1379643924751927,2.0320897579760375,2.03211502317163,2.032115026557612,7.660573572399375e-05,9.307908532163978e-08,-0.00010564725431905231,-9.649850252202441e-08,False,False,False
categorical,alpha,beta,0.5,8.0,13,1140136,50,0.1,0.01,0.5276621676060291,7.629211039608991,13.417800811111684,1.1434377549790538e-07,True,True,True,0.3032142800258039,0.30321528749122006,0.3032152746604069,2.5270240674388473,2.5270323175655216,2.527032318855889,2.2282857012592543e-05,3.934745318117092e-08,1.27800921969623e-05,-4.083026361456632e-08,False,False,False
categorical,alpha,beta,0.5,8.0,14,1140137,50,0.1,0.01,0.544456767217492,7.137919070704311,17.211918321858427,1.954184270241592e-07,True,True,True,0.3529546291418442,0.352883788050038,0.3528837874621165,2.4203879488630493,2.420482208732342,2.4204821990128877,1.6309941270782833e-05,2.406940047141771e-08,-9.222109232354114e-05,-1.2855984721227287e-08,False,False,False
categorical,alpha,beta,0.5,8.0,15,1140138,50,0.1,0.01,0.29023764314932876,8.0,13.54247284094156,0.16728552432180713,True,True,True,0.2499981331073865,0.25001271280007925,0.2500127061969953,2.004165322477302,2.0042041610808723,2.004204099239325,0.00014763929310668365,1.6882582258359543e-07,0.00010293449187592785,-9.760870511854591e-08,False,False,False
categorical,alpha,beta,0.5,8.0,16,1140139,50,0.1,0.01,0.5556824674076968,8.0,10.43399232456491,0.4269350020184611,True,True,True,0.216328331492784,0.2164063144397032,0.21640629435417544,2.521761456335431,2.5216125512723804,2.5216125712426947,1.768283562170496e-05,4.686658771040953e-08,0.0001889161361479097,-6.982229372454185e-08,False,False,False
categorical,alpha,beta,0.5,8.0,17,1140140,50,0.1,0.01,0.4068307609138862,8.0,23.546746223132445,0.30923058735887826,True,True,True,0.3272744433866679,0.3273128713306437,0.32731288114285834,2.596602606540853,2.5965528488055734,2.5965528237261184,2.867224281989575e-06,2.7806207102199674e-08,6.0126603575128e-05,1.1043006509225961e-09,False,False,False
categorical,alpha,beta,0.5,8.0,18,1140141,50,0.1,0.01,0.4198454205273683,8.0,5.97816082979145,0.6499295941432247,True,True,True,0.2754633065038551,0.27546457708166544,0.2754645685864089,2.40045948726761,2.400482014366604,2.400481996774897,5.642263276021768e-05,7.134668983239335e-08,3.049668959764773e-05,-5.109294409777476e-08,False,False,False
categorical,alpha,beta,0.5,8.0,19,1140142,50,0.1,0.01,0.38048336797325444,8.0,3.0308158718567646,0.28399481219465805,True,True,True,0.1407356374649441,0.14074488482405192,0.14074488027918933,2.2204523163152325,2.2204357672148003,2.2204357489324673,2.7569608565332052e-05,7.439015780587283e-08,4.659894811398502e-05,-5.333980790389603e-08,False,False,False
categorical,alpha,beta,0.75,0.25,0,1150123,50,0.1,0.01,0.02,0.1,54.96558220653072,0.5069878935740626,False,False,False,-7.585298200090616,-7.585349031721064,-7.58535046492694,inf,inf,inf,9.27283008172764e-06,1.9788002228055907e-07,nan,nan,False,False,True
categorical,alpha,beta,0.75,0.25,1,1150124,50,0.1,0.01,0.6262859831106381,0.41755527157376615,54.45978135832132,2.1366552905639785e-07,True,True,True,2.9406688492020816,2.940699427925035,2.9406989153293335,0.31837297438742784,0.31834229066042974,0.3183423710410407,6.868709227087488e-05,1.1357643767578548e-07,-2.5009208975745878e-05,-8.176922250413554e-08,False,False,False
categorical,alpha,beta,0.75,0.25,2,1150125,50,0.1,0.01,0.7871005087317563,0.2887129207641894,54.69769135046559,1.3373501577063047e-07,True,True,True,0.9914288486602172,0.9915407868820209,0.9915409458208702,0.8023253075933432,0.8022731091924041,0.8022730535967604,1.9515395727413124e-05,1.0124569750158197e-07,5.290024045478958e-05,9.628794828131504e-08,False,False,False
categorical,alpha,beta,0.75,0.25,3,1150126,50,0.1,0.01,0.02,0.1,54.958320703725335,0.1695585441977582,False,False,False,-2.5825274402996032,-2.5823153751535397,-2.5823166055777853,inf,inf,inf,0.00014792722768885462,5.272137624889523e-07,nan,nan,False,False,True
categorical,alpha,beta,0.75,0.25,4,1150127,50,0.1,0.01,0.02,1.283649072006575,54.853007832485495,0.2868852462256663,True,True,True,0.0014638710404623872,0.0016348202315395984,0.0016330485058784672,5.462794116811913,5.414953377426716,5.415424007468093,0.0002908871083460754,6.762047280368297e-07,0.05482733872808865,-0.0005424982310415771,False,False,False
categorical,alpha,beta,0.75,0.25,5,1150128,50,0.1,0.01,0.5480071308143488,1.4358493465643443,50.767217326112814,1.8892105150187573e-07,True,True,True,2.448663648382939,2.448826218735715,2.448825430649996,0.9260495108926802,0.9260234524472191,0.9260235668853305,1.2439278783042782e-05,7.018929694953329e-08,3.619829124801299e-05,-1.900701320778353e-07,False,False,False
categorical,alpha,beta,0.75,0.25,6,1150129,50,0.1,0.01,0.6434802875142588,0.40797708070186456,54.627130775502835,0.00027777276336512786,True,True,True,0.31473896234704846,0.3148960934198238,0.31489553582385793,1.1908836093875825,1.190661024154735,1.1906616745796423,3.477856397089987e-05,2.97576985751145e-07,0.00024183531836285965,-1.021902242825945e-06,False,False,False
categorical,alpha,beta,0.75,0.25,7,1150130,50,0.1,0.01,0.02,0.1,54.999703508582144,2.010397573734775,False,False,False,-36.98378337437141,-36.98677949256111,-36.98677305313804,inf,inf,inf,7.969619279973758e-05,1.6799012013110775e-07,nan,nan,False,False,True
categorical,alpha,beta,0.75,0.25,8,1150131,50,0.1,0.01,0.712216182871006,0.293480951633839,54.78280132353708,0.0009528076686940196,True,True,True,0.8610264919833975,0.8612207805988052,0.8612199009144473,0.6739631085448663,0.6738773888535345,0.6738778254224103,5.735818029133489e-05,2.6829341572280797e-07,0.00012641494546983267,-5.188208689332896e-07,False,False,False
categorical,alpha,beta,0.75,0.25,9,1150132,50,0.1,0.01,0.98,0.4486485962296358,54.14468046473297,0.008036920462699996,True,True,True,3.464005605127049,3.4639990911412255,3.463999937372593,0.483666282985657,0.48365288871363815,0.4836528111821102,4.605221356584569e-05,1.5969283188841177e-07,-1.7146173476589865e-05,1.55031685267204e-07,False,False,False
categorical,alpha,beta,0.75,0.25,10,1150133,50,0.1,0.01,0.98,0.22218529033214118,54.670933004281636,0.309826705568714,False,False,False,-0.5676389146192959,-0.5677296762278913,-0.5677307242718204,inf,inf,inf,2.41394558321767e-05,1.2592719108460368e-07,nan,nan,False,False,True
categorical,alpha,beta,0.75,0.25,11,1150134,50,0.1,0.01,0.02,2.726299285108069,54.55917125633116,3.6050093150663542,True,True,True,0.004331881460743271,0.004593456495527422,0.004592152002411024,5.618015175861089,5.592706801651369,5.5928296471308725,0.00035499440833114176,1.1695709174490135e-06,0.02935088340139913,-0.0001425986830483339,False,False,False
categorical,alpha,beta,0.75,0.25,12,1150135,50,0.1,0.01,0.98,0.6785114200151039,52.856858070230814,0.5818229062981576,True,True,True,2.1966970924349467,2.196984007559961,2.1969835636509973,0.6699319642997589,0.6698774728129933,0.6698775527095668,2.8580152220789915e-05,4.7031856445916744e-08,6.775781555745652e-05,-1.1006948597014343e-07,False,False,False
categorical,alpha,beta,0.75,0.25,13,1150136,50,0.1,0.01,0.3927687701567233,0.1,54.937163551344824,0.20896016508544918,True,True,True,0.6108414296744505,0.6109911057514242,0.6109924148519368,0.8304068536440373,0.8303092106157274,0.830308436199213,4.1539834058944845e-05,4.7389454535210947e-07,0.00013383791839771675,1.2510029634427156e-06,False,False,False
categorical,alpha,beta,0.75,0.25,14,1150137,50,0.1,0.01,0.02,0.1,54.981485939409204,1.1358941759493109,False,False,False,-25.47954335460499,-25.48234051912707,-25.482334762874412,inf,inf,inf,0.00010869658456905831,2.483888252059285e-07,nan,nan,False,False,True
categorical,alpha,beta,0.75,0.25,15,1150138,50,0.1,0.01,0.1530840812282887,0.5357812165719052,54.728796872003606,7.983731028902323e-08,True,True,True,0.6300912698361045,0.6302990378703525,0.6302962609153413,1.108406290848233,1.1083147919767824,1.108316494015927,0.000129161550163022,5.945243007756113e-07,0.00022190019933532312,-2.4462385610490855e-06,False,False,False
categorical,alpha,beta,0.75,0.25,16,1150139,50,0.1,0.01,0.17191299728082673,0.7964718614388914,54.002456986231046,7.494457715654686e-08,True,True,True,1.711329285452544,1.711463109436252,1.7114634689956445,1.1323687741126025,1.1323523313879382,1.1323522188518398,4.897520811122538e-05,5.262303404990279e-08,5.934593412604272e-05,8.052690247950522e-08,False,False,False
categorical,alpha,beta,0.75,0.25,17,1150140,50,0.1,0.01,0.3881573734385424,0.5947149808718304,54.22765179729737,3.5236401007274494e-07,True,True,True,2.506854064213374,2.5070729876729505,2.5070718022792025,0.4920741895541231,0.4920425632942259,0.4920427507509503,3.100341496453571e-05,1.8001975007537292e-07,5.065806506365789e-05,-2.5700238381887175e-07,False,False,False
categorical,alpha,beta,0.75,0.25,18,1150141,50,0.1,0.01,0.581081125854111,0.4598113630567576,54.510808780648496,1.4721272631206731e-07,True,True,True,2.4049996753940124,2.40521064464932,2.4052093420087095,0.31397355599994825,0.31393608901099196,0.3139362569167782,4.1330575882123725e-05,3.004586345697057e-07,4.423352098115174e-05,-3.482825405853873e-07,False,False,False
categorical,alpha,beta,0.75,0.25,19,1150142,50,0.1,0.01,0.5989673599394995,1.3228057691933435,50.523283257745696,6.417404266033541e-08,True,True,True,3.955960747873848,3.9559700927685006,3.9559700368952098,0.8472605361694358,0.8472595627615669,0.847259559759934,4.121781373320797e-06,3.4293890171418684e-08,1.2239718287787582e-06,-1.7579544930867996e-08,False,False,False
categorical,alpha,beta,0.75,0.5,0,1160123,50,0.1,0.01,0.02,0.1,54.95642438991911,0.16336376587753473,False,False,False,-0.6765095215458139,-0.6760473257655875,-0.6760487952891562,inf,inf,inf,0.00022582503789247437,6.39500920122351e-07,nan,nan,False,False,True
categorical,alpha,beta,0.75,0.5,1,1160124,50,0.1,0.01,0.98,0.692810382570408,52.81397003401722,0.47440436645729506,True,True,True,5.715179512872226,5.71534562826269,5.715344810751068,0.42415547434009454,0.42412406824280136,0.42412409815472357,4.2416538091663487e-05,8.57847678404809e-08,-7.2009817273510635e-06,-1.0860063781592544e-07,False,False,False
categorical,alpha,beta,0.75,0.5,2,1160125,50,0.1,0.01,0.3689446948756786,0.33260893808495234,54.768644329967096,2.366491356068094e-07,True,True,True,2.488898824957292,2.4890429485800154,2.4890416870026364,0.3047373133594492,0.3047217641414302,0.3047219350332632,4.876564205149124e-05,2.4703696103365686e-07,3.969310017026828e-05,-3.1010603152026306e-07,False,False,False
categorical,alpha,beta,0.75,0.5,3,1160126,50,0.1,0.01,0.715652851224882,0.5410987373382582,54.19963060104044,2.1425544052980573e-07,True,True,True,3.0729105767856852,3.0728236668687883,3.0728223855160772,0.3358430344981463,0.3358410121012956,0.3358411208171723,4.730565905946697e-05,3.0975631751046247e-07,-3.090320716125916e-05,-2.918315047395481e-07,False,False,False
categorical,alpha,beta,0.75,0.5,4,1160127,50,0.1,0.01,0.98,0.6306152806352207,52.983194564695104,0.3825799907986714,True,True,True,3.6014943266223476,3.6015918507612423,3.601589964321947,0.5099790510189502,0.5099682640500269,0.5099684490418476,8.180805834736423e-06,1.81194713074847e-07,1.4348675129838284e-05,-3.1079974860404036e-07,False,False,False
categorical,alpha,beta,0.75,0.5,5,1160128,50,0.1,0.01,0.15594765816734066,0.7468591394275228,54.754100787798414,4.689582056016661e-07,True,True,True,0.45232096279191986,0.4525748237599744,0.4525730632167532,1.7292850551616725,1.729043450330498,1.7290451507746667,1.664241519188791e-05,8.088735084148638e-08,0.0002809931388654263,-1.932358870249118e-06,False,False,False
categorical,alpha,beta,0.75,0.5,6,1160129,50,0.1,0.01,0.02,0.1,54.960114888689894,0.27797616889166843,False,False,False,-3.0783208727000733,-3.0777140058318837,-3.077718687389183,inf,inf,inf,0.00022145673334094418,8.963732307200865e-07,nan,nan,False,False,True
categorical,alpha,beta,0.75,0.5,7,1160130,50,0.1,0.01,0.9161855401750473,0.7120730066455692,52.79915402522655,0.0,True,True,True,2.924738287905944,2.9249124572723457,2.9249114559225275,0.5824084910436388,0.5823851926554149,0.5823853101526795,1.662536560593757e-05,1.163057972681256e-07,3.251829859607369e-05,-2.0707840064915217e-07,False,False,False
categorical,alpha,beta,0.75,0.5,8,1160131,50,0.1,0.01,0.16023524200682196,1.3157381601321445,52.56642313634097,4.861243468956753e-07,True,True,True,2.060681494292018,2.060677038537022,2.0606765533602185,1.4217981726438695,1.421850165421566,1.421850214708338,0.00011860375420510705,1.2221514027786034e-07,5.7517920687644164e-05,-1.7870187463131515e-07,False,False,False
categorical,alpha,beta,0.75,0.5,9,1160132,50,0.1,0.01,0.13325293276460323,1.2095547832418443,53.85615572545728,3.560475880460397e-07,True,True,True,0.6450602572335932,0.6453378304608776,0.6453372173641105,1.9221427571818783,1.9220041310125433,1.9220044717420082,0.00011286080587320523,1.7436008571629672e-07,0.00027005629703324985,-5.577611830176465e-07,False,False,False
categorical,alpha,beta,0.75,0.5,10,1160133,50,0.1,0.01,0.8791370073339569,0.8293745445802037,52.17615962869909,2.8642893384395585e-08,True,True,True,1.2970594567021057,1.2972005559316888,1.297200266443273,0.9489207709833634,0.9488837094033093,0.9488838034427288,3.1444300608109307e-05,2.640109269699563e-08,6.599439890209169e-05,-1.1489710516343621e-07,False,False,False
categorical,alpha,beta,0.75,0.5,11,1160134,50,0.1,0.01,0.6246887247430296,1.1801506625291565,52.54022475915036,6.210141890256976e-08,True,True,True,1.252712612227042,1.2527770407867391,1.252778133109905,1.0523749286264497,1.052335041710108,1.0523347026117642,4.085896937323882e-05,1.2984757202946504e-07,5.989925000449148e-06,4.815196703589208e-07,False,False,False
categorical,alpha,beta,0.75,0.5,12,1160135,50,0.1,0.01,0.6093567092099235,0.8675407788977271,53.04006800867596,5.340899768090746e-08,True,True,True,3.84847503274727,3.848717645428885,3.848716265885374,0.5007568769570707,0.5007313611302673,0.5007314447013709,2.5781490343950606e-05,1.9215237707465953e-07,3.340085540060045e-05,-2.6222765825423267e-07,False,False,False
categorical,alpha,beta,0.75,0.5,13,1160136,50,0.1,0.01,0.605242315526213,0.4066183356830734,54.55277049457412,0.00034148201403772107,True,True,True,1.8828546525965868,1.8830045251851402,1.8830058288991212,0.4764581120920989,0.47639575256023636,0.47639548674615223,6.575184876680654e-05,2.32154692631614e-07,8.187693261163531e-06,3.8632837373597795e-07,False,False,False
categorical,alpha,beta,0.75,0.5,14,1160137,50,0.1,0.01,0.03743627295368647,1.6075483025676374,54.37136567088307,2.856655114494581e-07,True,True,True,0.04337956251748449,0.043799548956515506,0.04379584629711097,3.957973397925963,3.9540178830121118,3.95405362346691,0.0005255387632624943,2.256811553109727e-06,0.00503775190930611,-4.33923275764414e-05,False,False,False
categorical,alpha,beta,0.75,0.5,15,1160138,50,0.1,0.01,0.9696005798380971,0.7535305834699004,52.76930419308112,9.406308475145214e-08,True,True,True,3.6774047970740558,3.6775725019679943,3.6775720949652286,0.6203036779397924,0.6202727281922578,0.6202727570691924,3.0296003505925377e-05,8.180457250565578e-08,9.893463641219569e-06,-7.742578844727177e-08,False,False,False
categorical,alpha,beta,0.75,0.5,16,1160139,50,0.1,0.01,0.03300244420269962,1.5542761557646567,54.5474323438369,9.345426165359556e-07,True,True,True,0.021351480499446282,0.02162374834491049,0.021621245490619896,4.362104942557439,4.356744452689442,4.356794287327228,0.0003275390014840807,1.0117323230481143e-06,0.006441219523203756,-5.837807809427886e-05,False,False,False
categorical,alpha,beta,0.75,0.5,17,1160140,50,0.1,0.01,0.746390858446248,0.7010437483372313,53.52352920551957,1.7440893470611595e-07,True,True,True,3.374660906121068,3.3747454756186723,3.3747452325082494,0.41864754776905583,0.41864440555836024,0.4186443671712411,2.4554667194345506e-05,1.5208889340293875e-07,2.1325996058862984e-05,-1.1623296103380198e-07,False,False,False
categorical,alpha,beta,0.75,0.5,18,1160141,50,0.1,0.01,0.02,0.1,54.970149231751364,0.7330468583841602,False,False,False,-10.478281000824676,-10.478262616240649,-10.478264979242828,inf,inf,inf,2.5529236047365437e-05,1.9319549110135097e-07,nan,nan,False,False,True
categorical,alpha,beta,0.75,0.5,19,1160142,50,0.1,0.01,0.9318378629066421,0.4390823272632412,54.33443521520802,3.3722720545154875e-07,True,True,True,3.133686239487867,3.133687573489903,3.133687197789531,0.46148843885510865,0.4614819970339303,0.4614820524062368,3.577403165394027e-05,8.40041155851234e-08,-7.04686451769021e-06,-5.6141104209928017e-08,False,False,False
categorical,alpha,beta,0.75,1.0,0,1170123,50,0.1,0.01,0.98,1.0682066228779068,51.20048817341829,1.9902535122184983,False,False,False,-3.0004154897871724,-3.0003420911756593,-3.0003409288291527,inf,inf,inf,2.0226134112547784e-05,2.2222563330641728e-07,nan,nan,False,False,True
categorical,alpha,beta,0.75,1.0,1,1170124,50,0.1,0.01,0.5705644069798239,1.4767340172584333,49.489413429855375,7.120052279146452e-08,True,True,True,3.3848851639968562,3.3848329346416457,3.384832100616901,0.9541743970279676,0.9541887654124006,0.9541888394327599,1.9642034632324023e-05,8.268606816449696e-08,9.507428444521793e-07,-1.611815108049086e-07,False,False,False
categorical,alpha,beta,0.75,1.0,2,1170125,50,0.1,0.01,0.6605047094397707,1.1093896266445942,51.19392914852887,3.680320591492133e-08,True,True,True,4.131457701184584,4.131639055746058,4.13163785889153,0.474016982323896,0.4739974850299168,0.473997607596564,1.4385861352310346e-05,9.734038734310909e-08,2.1299399868723867e-05,-1.4857030095072332e-07,False,False,False
categorical,alpha,beta,0.75,1.0,3,1170126,50,0.1,0.01,0.7420631658464782,1.3832637449584468,49.26017973754711,1.9689094067306544e-07,True,True,True,3.254467885799983,3.2545099401495454,3.254509221209752,0.5714033571954437,0.5713883328347616,0.5713883977024801,2.430485387244829e-05,8.983336087450032e-08,-4.5217064581493105e-06,-1.4622400357211518e-07,False,False,False
categorical,alpha,beta,0.75,1.0,4,1170127,50,0.1,0.01,0.9199745592974625,0.5149786129765693,54.01964180772718,3.08022529683693e-07,True,True,True,1.7939053926060486,1.79396372583983,1.7939624564615828,0.7767274231047848,0.7767203167310082,0.7767205766742633,2.849307841426459e-05,1.605641882770598e-07,2.3927096350462307e-05,-4.083125233478313e-07,False,False,False
categorical,alpha,beta,0.75,1.0,5,1170128,50,0.1,0.01,0.6005086492813321,1.5034613451483558,50.46576265266708,3.189028157378434e-07,True,True,True,2.2185212104857053,2.218552783618889,2.2185520969363375,0.8329531744055727,0.8329364577775663,0.8329365555547589,2.4599811314710366e-05,9.776396475712453e-08,-5.211166588026117e-06,-1.9694813602200156e-07,False,False,False
categorical,alpha,beta,0.75,1.0,6,1170129,50,0.1,0.01,0.6091160951612467,0.9305821737840536,53.216080121014905,5.486613905063287e-07,True,True,True,3.283814754777971,3.283933287913118,3.283930872724745,0.6382745281134056,0.6382769458706796,0.6382771969687371,4.122231234866006e-05,2.253518937953701e-07,3.843269540482197e-05,-4.4636892937433004e-07,False,False,False
categorical,alpha,beta,0.75,1.0,7,1170130,50,0.1,0.01,0.98,1.1342828186973475,49.186345718894245,0.6845724165316414,True,True,True,3.308156557515174,3.3083903853438494,3.3083905232411213,0.6294009601833829,0.6293719643038591,0.6293719350089325,1.7816264908978244e-05,3.1231226598958434e-08,3.730492987585876e-05,7.954042757774005e-09,False,False,False
categorical,alpha,beta,0.75,1.0,8,1170131,50,0.1,0.01,0.98,0.9536901575284512,51.06780678843946,2.5669257759375648,True,True,True,5.848510920848704,5.8487255603207435,5.8487226176657545,0.19873715136855585,0.19873065924117767,0.19873076480114174,2.6556649753520245e-05,3.47520489403912e-07,2.884324118213044e-05,-3.815972817733382e-07,False,False,False
categorical,alpha,beta,0.75,1.0,9,1170132,50,0.1,0.01,0.14829997722909882,1.5695654838143893,51.30332547488801,2.4868995751603507e-08,True,True,True,1.8072652272122776,1.8075423876170629,1.8075412809176117,1.4691701394181074,1.4691956132262967,1.469195709688824,0.00021424852428035055,3.9356352934781277e-07,0.0001821738454097499,-5.012110975144424e-07,False,False,False
categorical,alpha,beta,0.75,1.0,10,1170133,50,0.1,0.01,0.28883672521365267,3.0194115358493585,48.29713811185257,1.4719294541153006e-07,True,True,True,0.685137756017931,0.6852392079780265,0.6852387147335752,2.2739675106128288,2.2739101319454944,2.273910450380842,1.6163605508112103e-05,1.3997936146501452e-08,8.165147711736154e-05,-3.5320154978535356e-07,False,False,False
categorical,alpha,beta,0.75,1.0,11,1170134,50,0.1,0.01,0.98,1.332421651100533,48.69045227605201,1.7945765122817778,True,True,True,4.712270498176556,4.712286379873416,4.712286258053016,0.7218950014982685,0.7218831050360008,0.7218831050568315,2.4974609370095848e-05,3.6030610297777525e-08,-1.0351856204238175e-05,-2.582767422154575e-08,False,False,False
categorical,alpha,beta,0.75,1.0,12,1170135,50,0.1,0.01,0.9165642397887199,1.528472400223011,46.26971912528433,3.504587696009786e-08,True,True,True,4.971186477182048,4.971213794882782,4.971214111281742,0.7350334690604703,0.7350156984563149,0.7350156754154126,3.4997903593449864e-05,1.5568486641156736e-08,-1.49268524083368e-05,3.7119399109997175e-08,False,False,False
categorical,alpha,beta,0.75,1.0,13,1170136,50,0.1,0.01,0.3248850640286882,0.6986840087179742,53.931967973954684,4.2927602711964754e-08,True,True,True,3.635518503782837,3.635663577261027,3.6356630078871954,0.7848924694839928,0.7848885364877232,0.7848885725895981,3.7841121542686044e-05,8.268971511898778e-08,3.526061115621815e-05,-1.1504415198260176e-07,False,False,False
categorical,alpha,beta,0.75,1.0,14,1170137,50,0.1,0.01,0.7820396259730806,0.3719735889717746,54.40856040879422,1.4635283153585007e-07,True,True,True,3.059644585787939,3.0597785408626716,3.059777898683478,0.41495624108669366,0.4149322417162569,0.41493223762794196,1.985056981857315e-05,2.2411302617889733e-07,1.593541412603372e-05,-2.1458453858258508e-07,False,False,False
categorical,alpha,beta,0.75,1.0,15,1170138,50,0.1,0.01,0.98,1.7823612143747216,45.073250068770186,6.5562755331427525,True,True,True,4.868936607410933,4.868918905145328,4.868918827771508,0.635291962265099,0.6352820619369313,0.6352820605525167,2.596775168373901e-05,1.9857497230240913e-08,-1.5051421904388462e-05,-1.7485241698977916e-08,False,False,False
categorical,alpha,beta,0.75,1.0,16,1170139,50,0.1,0.01,0.98,0.5109826592172186,53.748545079836816,1.6041675442829428,True,True,True,4.342080335511119,4.342037750422371,4.342039136176084,0.2767699741661315,0.2767616429992603,0.27676149733992955,3.898798931316915e-05,1.6447031880547397e-07,-1.924773801675883e-05,1.5145168674735032e-07,False,False,False
categorical,alpha,beta,0.75,1.0,17,1170140,50,0.1,0.01,0.9091336679371812,1.3659946022594145,47.64857265556744,3.522369028826736e-08,True,True,True,3.8585230207665715,3.858622143576272,3.858621387583528,0.7520585999236763,0.7520419945810914,0.7520420772796793,1.4940381428485867e-05,3.636485934048578e-08,6.470664217772537e-06,-1.0071273237599598e-07,False,False,False
categorical,alpha,beta,0.75,1.0,18,1170141,50,0.1,0.01,0.8722598759828566,1.1345295864463139,51.582713790613454,4.797083419406978e-07,True,True,True,3.4192999705243183,3.4193697205414817,3.4193693814438775,0.8131621373597333,0.8131333698155927,0.8131334097702811,4.624035159951359e-05,1.666770907344737e-08,-1.2774320047981291e-05,-5.3170097658039595e-08,False,False,False
categorical,alpha,beta,0.75,1.0,19,1170142,50,0.1,0.01,0.98,0.6885317789044473,52.86163518388485,3.8238594619599553,False,False,False,-9.050469200557682,-9.05040133150564,-9.050404544342577,inf,inf,inf,2.4650414951507325e-05,3.056391103991753e-07,nan,nan,False,False,True
categorical,alpha,beta,0.75,3.0,0,1180123,50,0.1,0.01,0.8682684811702244,3.3428853830526872,33.35485034947213,2.315515997345386e-07,True,True,True,1.2224116309804836,1.2223928347891533,1.2223928836700628,1.7275304142082775,1.727535605581829,1.7275355797373118,3.5494015993870007e-06,1.9791172245891114e-08,-9.389414366012261e-06,1.0233286218408466e-08,False,False,False
categorical,alpha,beta,0.75,3.0,1,1180124,50,0.1,0.01,0.5717218801646025,3.782970669589975,34.56716310101691,2.9914395094351635e-07,True,True,True,1.0160151089852292,1.0160955190518213,1.0160954738214192,1.767250908992389,1.7672304880007146,1.7672305026044273,3.241535245094365e-05,1.1315818805934725e-08,5.560122149717017e-05,-2.7700785665274452e-08,False,False,False
categorical,alpha,beta,0.75,3.0,2,1180125,50,0.1,0.01,0.7248774558475505,3.0164146528417186,34.675358312703146,1.356354816792974e-07,True,True,True,1.8255751568919507,1.8257539652397128,1.8257540286432286,1.3729076471179156,1.3728581325330684,1.3728581251814598,1.6588530245581886e-05,1.7844577122919876e-08,4.0962003183153683e-05,2.6263450081387418e-08,False,False,False
categorical,alpha,beta,0.75,3.0,3,1180126,50,0.1,0.01,0.764744226000993,2.8602877548754617,36.909764304648945,2.488090896820667e-07,True,True,True,1.985172936379491,1.9853839851028108,1.9853838228224454,1.3808974850673064,1.3808486858253208,1.3808487061703725,7.556247931619647e-06,3.53341466755917e-08,5.006634409454591e-05,-5.8314412854088005e-08,False,False,False
categorical,alpha,beta,0.75,3.0,4,1180127,50,0.1,0.01,0.5424638339747928,3.337976637376925,38.216447219202685,2.814704516780349e-07,True,True,True,1.8017667989593866,1.8019863910457452,1.801986269049934,1.6183980977607748,1.6183524164533256,1.618352433872944,1.6967970924102963e-05,2.7639095560573224e-08,6.922835483891276e-05,-4.764567052006896e-08,False,False,False
categorical,alpha,beta,0.75,3.0,5,1180128,50,0.1,0.01,0.9612507606055467,3.930498476169691,32.998904625097076,2.7428075348288726e-07,True,True,True,0.8673531258343249,0.8672808050965926,0.8672806960991649,1.8730656767349791,1.8730996462314504,1.8730996978780974,5.651397307366559e-06,6.9944992651131076e-09,-4.434182676504861e-05,-6.621681336582697e-08,False,False,False
categorical,alpha,beta,0.75,3.0,6,1180129,50,0.1,0.01,0.98,2.435913322912507,35.92154572103961,1.4403682619956784,True,True,True,2.346181674108921,2.3460367281684524,2.3460364334482806,1.0637333070262895,1.0637569068614117,1.0637569368593356,1.1323432395032375e-05,6.277868585467646e-08,-3.470218663181868e-05,-9.108833154414242e-08,False,False,False
categorical,alpha,beta,0.75,3.0,7,1180130,50,0.1,0.01,0.8072035793187006,2.9882209319417057,36.86830544289218,1.3164381935278826e-07,True,True,True,1.6858917201150452,1.68614003213027,1.6861397575589296,1.4360829131396606,1.4360128919875352,1.4360129413071545,1.5057724706533695e-05,5.039701272811965e-08,6.65564993624912e-05,-1.0605887723613705e-07,False,False,False
categorical,alpha,beta,0.75,3.0,8,1180131,50,0.1,0.01,0.8002369699149356,4.687777636632926,23.59445804343677,3.499431180146709e-07,True,True,True,0.8009122518969009,0.8008783897616099,0.8008783661327726,1.9760893572620217,1.9761011765773167,1.976101184147734,1.5146226312733341e-05,1.2419493400135148e-08,-2.8693649305466806e-05,-2.0787890520068686e-08,False,False,False
categorical,alpha,beta,0.75,3.0,9,1180132,50,0.1,0.01,0.6925119796690631,3.053262060870449,40.319066574474945,8.990869365926529e-07,True,True,True,0.8232397039178062,0.8232144433791537,0.8232147150580392,1.8799717007304528,1.8799907675168355,1.8799906365397157,1.4198531005714155e-05,2.8839018129085932e-08,-8.554098343438454e-06,1.792289694435567e-07,False,False,False
categorical,alpha,beta,0.75,3.0,10,1180133,50,0.1,0.01,0.4613589377803333,5.927301173437994,32.970169948626676,5.792042976228061e-07,True,True,True,0.5608553093066968,0.5609491641436856,0.560949178525738,2.2700740341163623,2.270023534820879,2.270023520838455,5.109072798554266e-05,7.45861517126879e-09,0.00010919841313494771,9.54091916582911e-09,False,False,False
categorical,alpha,beta,0.75,3.0,11,1180134,50,0.1,0.01,0.98,2.6781046669570316,33.890653825587556,0.5700209264603712,True,True,True,2.9107633184518726,2.9107826196281326,2.910781962921063,0.9158463403745152,0.915823330288074,0.9158233626715698,4.6779610189082436e-05,1.557067734026606e-07,-2.0048724742594004e-05,-1.8832900394727403e-07,False,False,False
categorical,alpha,beta,0.75,3.0,12,1180135,50,0.1,0.01,0.6939024056193017,3.3738138703352467,32.62500240161883,1.921353188947797e-07,True,True,True,1.8569182310214094,1.8569051782484653,1.8569052696422528,1.5361928119240544,1.5362004669868081,1.5362004533052225,1.0821372009648924e-05,1.7816109210781886e-08,1.8173924090092441e-06,3.346683286054031e-08,False,False,False
categorical,alpha,beta,0.75,3.0,13,1180136,50,0.1,0.01,0.6800672254911038,2.7366595719128677,32.777987099311204,4.930261793478246e-07,True,True,True,3.167262969474431,3.167313504773962,3.1673130342544744,0.9754745889031167,0.975474261204845,0.9754743000522028,1.5165885970509775e-05,6.237326040388359e-08,1.5474277162752514e-05,-1.0383009652059627e-07,False,False,False
categorical,alpha,beta,0.75,3.0,14,1180137,50,0.1,0.01,0.7978874461506443,2.640390042871632,38.99439873284557,9.759334152605467e-07,True,True,True,1.5129491137964552,1.5129574982010532,1.5129570568422415,1.4826903900540067,1.4826840270637616,1.4826841352435656,9.328130857260814e-06,4.779167273190253e-08,-1.9510888193963183e-06,-1.6717267925514534e-07,False,False,False
categorical,alpha,beta,0.75,3.0,15,1180138,50,0.1,0.01,0.9135611194278677,2.472051367137676,37.28354682257737,3.1806720915733195e-07,True,True,True,2.9215068778371274,2.9216165680282966,2.921616173878721,1.1267149311116378,1.1267005543298263,1.126700589103044,5.886532092608898e-06,5.58899688282056e-08,2.08982978477934e-05,-9.487390428830622e-08,False,False,False
categorical,alpha,beta,0.75,3.0,16,1180139,50,0.1,0.01,0.6421140969838424,4.680610018550946,27.90033285241785,4.458965058142524e-08,True,True,True,0.8604285138444894,0.8603828060903713,0.8603827643569892,2.071324047489766,2.0713502615220687,2.0713502849904453,7.411312746016054e-06,6.271926841836762e-09,-2.2964959715210398e-05,-2.148663114098781e-08,False,False,False
categorical,alpha,beta,0.75,3.0,17,1180140,50,0.1,0.01,0.9170047195113533,2.9846923903901694,26.944720494729896,7.906088158462855e-08,True,True,True,2.637265159520493,2.637235733125696,2.6372356273806625,1.0513121027965904,1.0513229883534225,1.0513229950314649,1.6174418900642728e-05,2.645846802872643e-08,1.342069229082199e-06,-3.240853985175818e-08,False,False,False
categorical,alpha,beta,0.75,3.0,18,1180141,50,0.1,0.01,0.5438723434136902,3.804570736639855,31.262270137781073,1.4484345277072104e-08,True,True,True,1.7223779807530921,1.7223625349947398,1.7223625271198324,1.472705669530128,1.4726968549571,1.4726968584437208,2.9264980780672104e-05,3.5609928878508524e-09,-1.911644427821102e-05,-5.580318429565523e-10,False,False,False
categorical,alpha,beta,0.75,3.0,19,1180142,50,0.1,0.01,0.7641299976375299,2.57900855452945,37.237600422359215,3.4869967085938567e-07,True,True,True,3.3757120927846813,3.3758853802845765,3.3758851802256005,1.2283739277507135,1.2283516784935746,1.2283516900305733,3.237464507483807e-06,3.293462516019372e-08,2.5670913352371372e-05,-4.597873015654841e-08,False,False,False
categorical,alpha,beta,0.75,8.0,0,1190123,50,0.1,0.01,0.7939511484515327,8.0,20.244046710948943,0.14852575214294592,True,True,True,0.08294659034367396,0.08283880437246553,0.08283879393269712,3.258293911976939,3.258843812895536,3.258843864065203,3.4184276557970016e-05,8.913885431298527e-09,-0.0006672776682492554,-6.711385225344202e-08,False,False,False
categorical,alpha,beta,0.75,8.0,1,1190124,50,0.1,0.01,0.31569954103275405,8.0,9.080760186651114,0.20654761290206589,True,True,True,0.19149041814358822,0.19152918064962252,0.19152916782699458,2.4287044333990653,2.428624738073219,2.4286247573341173,1.8899237419921708e-05,2.2615593129624163e-08,0.00011060740998836138,-4.477376513989384e-08,False,False,False
categorical,alpha,beta,0.75,8.0,2,1190125,50,0.1,0.01,0.8058200179635309,8.0,17.03222320218117,0.06626014160417786,True,True,True,0.053306973278821994,0.05323664966522878,0.053236617556366245,3.5199280076213966,3.5204876651656316,3.520487927167726,3.152418999819181e-05,3.1850737559882127e-09,-0.0006760626514683565,-3.0149366736509364e-07,False,False,False
categorical,alpha,beta,0.75,8.0,3,1190126,50,0.1,0.01,0.7281079089646237,8.0,17.668258665130665,0.17854254097397937,True,True,True,0.1467392531927906,0.1467810470886388,0.1467810242806885,2.7134721238387263,2.713333174179462,2.7133332216259882,3.522014421240918e-05,4.6376165717934645e-08,0.0001247043997416597,-1.0076275103187982e-07,False,False,False
categorical,alpha,beta,0.75,8.0,4,1190127,50,0.1,0.01,0.49227225568653044,8.0,5.526283710938187,0.3083134497705753,True,True,True,0.1681266351727567,0.16815466133126547,0.16815465717633826,2.1668304713839777,2.166743297630812,2.166743290587256,3.410312444000523e-05,4.1008981279883446e-08,6.628751651049924e-05,-3.281815619260442e-08,False,False,False
categorical,alpha,beta,0.75,8.0,5,1190128,50,0.1,0.01,0.7679205879709615,8.0,25.492185270485507,0.15873840930602706,True,True,True,0.09003648908099803,0.09004528478039267,0.09004526400988341,3.156659058321411,3.156607199798274,3.1566072888454295,2.178819548719936e-05,2.5809579967557122e-08,3.785313561621706e-05,-1.2814807348604518e-07,False,False,False
categorical,alpha,beta,0.75,8.0,6,1190129,50,0.1,0.01,0.8599492381467126,8.0,19.206159270582393,0.052001282838306837,True,True,True,0.06890285337003112,0.06886061271676139,0.06886058827342248,3.2763662355402854,3.2766066377668817,3.276606770245793,5.9762743102444787e-05,5.0267949141620796e-08,-0.00033666364712559016,-2.0244644360900566e-07,False,False,False
categorical,alpha,beta,0.75,8.0,7,1190130,50,0.1,0.01,0.7981846342465424,8.0,14.578667299396669,0.11095325902493829,True,True,True,0.06083291138304399,0.06083012383097118,0.060830120003862106,3.349926343116299,3.3499399326848183,3.3499399561831686,1.4642435184843704e-05,9.039608320508447e-09,-3.021443382600353e-05,-3.586122687693205e-08,False,False,False
categorical,alpha,beta,0.75,8.0,8,1190131,50,0.1,0.01,0.6429123697924962,5.878101782864187,17.47148044173673,9.748868707805775e-08,True,True,True,0.45170113121561006,0.451680851573372,0.45168081863039267,2.2964001167192887,2.2964286805534933,2.2964287020673217,2.085570290460265e-05,2.340661721374872e-08,-1.2059995029289894e-05,-4.8165489374696335e-08,False,False,False
categorical,alpha,beta,0.75,8.0,9,1190132,50,0.1,0.01,0.7448045463564867,8.0,20.560250001623533,0.10946612483163444,True,True,True,0.10323941040246946,0.10323432451153075,0.10323429501396239,2.900540959620808,2.9005517858610106,2.9005518973050175,2.4387473206608933e-05,2.9367756281235648e-08,-3.695754948651597e-05,-1.5742950054686844e-07,False,False,False
categorical,alpha,beta,0.75,8.0,10,1190133,50,0.1,0.01,0.34131710213956684,8.0,1.6108552311618187,0.22651704884025786,True,True,True,0.1403246933428483,0.14034869332180602,0.1403486915558631,2.1800416474292907,2.1799789876416953,2.1799789622762713,2.6910287004417284e-05,7.103290816376303e-08,9.883560149692716e-05,-4.1785562676643906e-08,False,False,False
categorical,alpha,beta,0.75,8.0,11,1190134,50,0.1,0.01,0.6665312591292085,8.0,17.880427130454994,0.4292863469148468,True,True,True,0.12900826347684732,0.12905931458755157,0.12905929364208282,2.9735904206344532,2.9734211044923695,2.973421163154076,5.769112974473534e-06,2.7232993036783393e-08,0.00020061424987005694,-9.475657947177751e-08,False,False,False
categorical,alpha,beta,0.75,8.0,12,1190135,50,0.1,0.01,0.7261690163394379,7.773281970437036,22.57675477987611,2.416817841795306e-07,True,True,True,0.1225526585093325,0.12267204669873144,0.12267202215524561,2.815000099055581,2.8145749056172824,2.8145749688200348,5.657781019909803e-06,5.4663832773578685e-08,0.00048405514917604364,-1.2730915344150162e-07,False,False,False
categorical,alpha,beta,0.75,8.0,13,1190136,50,0.1,0.01,0.6328542311167815,8.0,17.079686811560475,0.43555234885426974,True,True,True,0.14308573819690254,0.14318563342396282,0.1431856166385274,2.8315201354876387,2.831224101696047,2.8312241320566285,1.626351129935845e-05,4.7335414292579506e-08,0.00035700206817068647,-8.227458536680388e-08,False,False,False
categorical,alpha,beta,0.75,8.0,14,1190137,50,0.1,0.01,0.8174125394783571,8.0,24.420389567234896,0.09869185535596892,True,True,True,0.06182603121923423,0.06197736955892181,0.0619773453471234,3.3830522441431237,3.3819711067225002,3.3819712769341224,4.461544320113121e-05,3.9450552639375675e-09,0.001199918237016817,-1.9469217349410428e-07,False,False,False
categorical,alpha,beta,0.75,8.0,15,1190138,50,0.1,0.01,0.6624727760832931,8.0,18.834178903134955,0.19463546951945263,True,True,True,0.161839583239034,0.1618505587427838,0.16185054582677147,2.758362929316721,2.7583419140371874,2.758341937947667,1.9423498830165583e-05,2.4748199625727195e-08,4.356786923764844e-05,-5.227413168995554e-08,False,False,False
categorical,alpha,beta,0.75,8.0,16,1190139,50,0.1,0.01,0.617541912598175,8.0,5.598360563676826,0.11165697677569311,True,True,True,0.09545012781522552,0.09549707112419534,0.09549705090646485,2.692463852697691,2.692220108972516,2.6922201852220207,6.967084200108768e-05,3.6514608664632085e-08,0.00021094464945470293,-1.2392501425040336e-07,False,False,False
categorical,alpha,beta,0.75,8.0,17,1190140,50,0.1,0.01,0.3225249385169307,8.0,2.7339787535126074,0.2322095364604411,True,True,True,0.14082039297517845,0.14082658622944094,0.14082658343684532,2.208406930551758,2.208403836126889,2.2084038162766113,3.684262659115264e-05,6.560671523502133e-08,4.037357208197534e-05,-4.2683508505447776e-08,False,False,False
categorical,alpha,beta,0.75,8.0,18,1190141,50,0.1,0.01,0.6472381701355945,8.0,22.57566376007901,0.3106685331217532,True,True,True,0.17541577975565675,0.17539762817315133,0.17539762661715616,2.7234845885675614,2.723536477266822,2.7235364777952964,1.599088929602897e-05,7.669865083383877e-09,-4.375202236062137e-05,-8.262816209025914e-09,False,False,False
categorical,alpha,beta,0.75,8.0,19,1190142,50,0.1,0.01,0.8365732547401287,8.0,19.679901515154622,0.08676166074535659,True,True,True,0.06771911032572565,0.06776758685487858,0.06776757609253783,3.3400963256653036,3.3397735020163255,3.3397735594467997,2.778771077061689e-05,2.6811426237005193e-08,0.0003438338556023268,-9.269324863225847e-08,False,False,False
categorical,alpha,beta,0.95,0.25,0,1200123,50,0.1,0.01,0.9243349396445777,0.3386540831679585,54.526121275505886,6.998034366600411e-08,True,True,True,2.248108426673952,2.248137276945815,2.24813573862941,0.5552532931335755,0.5552566021992286,0.5552567670401544,2.0725310703618686e-05,3.4845240836929713e-07,1.6148269367022294e-05,-4.94482769397564e-07,False,False,False
categorical,alpha,beta,0.95,0.25,1,1200124,50,0.1,0.01,0.41119142341356313,0.1,54.935864515798436,0.11904179514274275,True,True,True,0.8816052432063225,0.8815458441775483,0.8815442375090943,0.47278310307670296,0.4728282265655863,0.47282863552872384,0.00013328126835892461,1.029645731157697e-06,-1.677965000368431e-05,-1.3517234762616681e-06,False,False,False
categorical,alpha,beta,0.95,0.25,2,1200125,50,0.1,0.01,0.16409047669704385,0.7674633694592057,54.47316730519028,1.0740717796289072e-07,True,True,True,1.1155581393338119,1.115732817844756,1.1157316397202957,1.3368458971916992,1.3368045313925108,1.3368049957482395,6.356078774689947e-05,5.331478101855475e-08,0.0001084262544708281,-5.213111435864448e-07,False,False,False
categorical,alpha,beta,0.95,0.25,3,1200126,50,0.1,0.01,0.02,0.1,54.97984583156467,1.185202167486984,False,False,False,-16.75744164647038,-16.758058686869315,-16.75805651010081,inf,inf,inf,3.529178397516122e-05,1.2104992816337497e-07,nan,nan,False,False,True
categorical,alpha,beta,0.95,0.25,4,1200127,50,0.1,0.01,0.02,3.233434345545929,54.487287317877275,4.681360344704902,True,True,True,0.004657571645643177,0.004780727581236515,0.004779411716275614,5.637446833919775,5.626316841506783,5.626435717488875,0.00046917788328133315,1.5613897230006142e-06,0.013146244515581884,-0.00013842051518508924,False,False,False
categorical,alpha,beta,0.95,0.25,5,1200128,50,0.1,0.01,0.540615428892734,0.1349446079751852,54.90195787627498,0.00186395010561289,True,True,True,1.1915685380386465,1.1916309562610783,1.1916315842504284,0.4987968168235929,0.49877145241975357,0.49877118213832267,4.057978450980623e-05,2.3676446494841573e-07,2.339584712984788e-05,2.158267236040956e-07,False,False,False
categorical,alpha,beta,0.95,0.25,6,1200129,50,0.1,0.01,0.98,0.5107310437955077,53.88950042903139,0.9187514535824921,False,False,False,-4.281706697811478,-4.281561616514197,-4.281559037372146,inf,inf,inf,4.411142709209463e-05,3.6859982805561165e-07,nan,nan,False,False,True
categorical,alpha,beta,0.95,0.25,7,1200130,50,0.1,0.01,0.7448506385900154,0.6281467796699569,53.636955790108416,3.0561598645713515e-08,True,True,True,3.0273305544176368,3.027403908242647,3.0274016262016756,0.4115482454053402,0.41155877420577724,0.4115589839381854,5.2755463474243277e-05,3.750581130110363e-07,3.583963469822038e-05,-5.12331610025285e-07,False,False,False
categorical,alpha,beta,0.95,0.25,8,1200131,50,0.1,0.01,0.02,4.662706735935397,53.038853083323,1.561459271215427,True,True,True,0.006204893819268125,0.006569742970502839,0.0065672211134263905,6.064586381941682,6.0399712528808545,6.040137422507362,0.0004565896392592953,1.3145112098608993e-06,0.028604565876129584,-0.00019262316149593062,False,False,False
categorical,alpha,beta,0.95,0.25,9,1200132,50,0.1,0.01,0.02,0.4115278855608627,54.94847691925827,0.377502740178679,False,False,False,-0.030578965867149203,-0.030493535716901936,-0.030497491360570797,inf,inf,inf,0.0002962097785397961,6.702676497255601e-07,nan,nan,False,False,True
categorical,alpha,beta,0.95,0.25,10,1200133,50,0.1,0.01,0.06120564267538848,0.1790254823378945,54.94483802280461,5.026430739967914e-07,True,True,True,0.1232961866832833,0.12335591264327808,0.12335615738319204,1.5757516245301915,1.575561570007875,1.5755606764144838,0.00010963392709791882,1.3952841666698038e-07,0.0002664400208658435,9.552250759270464e-07,False,False,False
categorical,alpha,beta,0.95,0.25,11,1200134,50,0.1,0.01,0.02,2.40374815576495,54.4840862651161,0.08118487926367918,True,True,True,0.005611495646658226,0.005605577587406482,0.005603285320802299,5.477677265080193,5.478344721365786,5.4785216797179395,0.0004801584626557754,1.5520765388033863e-06,-0.0004920292561720885,-0.00020527883394549917,False,False,False
categorical,alpha,beta,0.95,0.25,12,1200135,50,0.1,0.01,0.02,0.1,54.9591139035581,0.18764600800354353,False,False,False,-4.738933770608466,-4.738707957979334,-4.7387097196615935,inf,inf,inf,5.172197647541997e-05,5.366979454448411e-07,nan,nan,False,False,True
categorical,alpha,beta,0.95,0.25,13,1200136,50,0.1,0.01,0.6027799530580586,1.1550859129407542,52.66277929183208,3.0122547490488387e-07,True,True,True,2.74197217188445,2.7420325329924924,2.742030936569258,0.9196304168615226,0.919619345358586,0.919619583968438,7.602729804937701e-06,7.849694742678156e-08,8.95948075196884e-06,-3.0749475854463526e-07,False,False,False
categorical,alpha,beta,0.95,0.25,14,1200137,50,0.1,0.01,0.98,0.598718608088469,53.38574404323316,0.6516998070083959,True,True,True,2.089187676204183,2.089152977027835,2.0891524453167825,0.6729599641219355,0.6729649452849942,0.6729650442645473,1.8473479513230745e-05,8.044151067177394e-08,-1.1014850130663945e-05,-1.4055596153639272e-07,False,False,False
categorical,alpha,beta,0.95,0.25,15,1200138,50,0.1,0.01,0.45693993324213594,0.6063308299702879,54.39033622853181,0.013794659833608938,True,True,True,2.7834030185853873,2.783584099273309,2.7835849415271716,0.5784745974217509,0.5784394718116199,0.5784393885612998,3.250125187161082e-05,1.4911411442528925e-07,2.482206510734386e-05,2.0673339662380386e-07,False,False,False
categorical,alpha,beta,0.95,0.25,16,1200139,50,0.1,0.01,0.9527031281609419,0.6047532462298221,53.37996900372799,2.578105204026817e-07,True,True,True,6.368528993777223,6.368622521064792,6.368620929521959,0.2347302100225143,0.23471777456591322,0.23471782761476906,2.4691654822986963e-05,1.823706425855968e-07,1.800687030595327e-07,-1.8882905550299256e-07,False,False,False
categorical,alpha,beta,0.95,0.25,17,1200140,50,0.1,0.01,0.98,0.48095899759915367,53.9364164298747,0.6436355484140693,False,False,False,-2.145678551764459,-2.14549601057274,-2.14549691815271,inf,inf,inf,2.1743882868169866e-05,2.0605106515086458e-07,nan,nan,False,False,True
categorical,alpha,beta,0.95,0.25,18,1200141,50,0.1,0.01,0.98,0.20722283952995654,54.75489179278289,0.4352059761458806,False,False,False,-0.5208341552205689,-0.5208712894011485,-0.5208723438429504,inf,inf,inf,1.4411708222407616e-05,1.7838534486639508e-07,nan,nan,False,False,True
categorical,alpha,beta,0.95,0.25,19,1200142,50,0.1,0.01,0.3552147464883086,1.0581324402922623,52.91463725801044,7.476543110996757e-08,True,True,True,2.12774202302023,2.1278977925788642,2.1278968082161627,0.7744880018376339,0.7744605483571667,0.7744606917158876,1.703083848697448e-05,1.660320023311779e-07,4.1301637622837006e-05,-2.975509545422028e-07,False,False,False
categorical,alpha,beta,0.95,0.5,0,1210123,50,0.1,0.01,0.5809607859938513,1.6398103527590384,50.49124285576434,1.6810000348730297e-08,True,True,True,1.5004515848297197,1.500481086773975,1.5004814729835934,1.180723108741928,1.180718730575035,1.1807186264548821,1.706981848470983e-05,2.5178890486188516e-08,1.4758816980986467e-05,1.375177376417014e-07,False,False,False
categorical,alpha,beta,0.95,0.5,1,1210124,50,0.1,0.01,0.98,0.4980797835410123,53.827964292876864,0.9572612569286625,False,False,False,-5.572361527383148,-5.572383436565747,-5.572385667760125,inf,inf,inf,5.201207837172711e-06,2.3736487876167282e-07,nan,nan,False,False,True
categorical,alpha,beta,0.95,0.5,2,1210125,50,0.1,0.01,0.98,0.6032228765534404,53.451602326347064,0.5703084617891825,True,True,True,3.468157907559208,3.468297802210437,3.468297928480713,0.4058122631557931,0.4058002367913482,0.40580024589133507,1.8959344849337985e-05,7.857301613801967e-08,2.653708125421872e-05,4.688373422823133e-08,False,False,False
categorical,alpha,beta,0.95,0.5,3,1210126,50,0.1,0.01,0.4889636787828879,1.0733447314056868,52.52543235289878,9.146429200282318e-08,True,True,True,1.8515921992509536,1.8517044273776044,1.8517041988741487,0.6356417058344074,0.6356186358118789,0.6356187096570627,2.487033766350964e-05,8.156592172858924e-08,3.40111208174676e-05,-3.838428597191523e-08,False,False,False
categorical,alpha,beta,0.95,0.5,4,1210127,50,0.1,0.01,0.98,0.8844908822474311,51.20925851570321,2.5597118877840406,True,True,True,0.32679803833509014,0.3267419487121307,0.32674053296938893,1.4635062424703358,1.4635849437059008,1.4635868281233586,1.1440789285983992e-05,1.525826347734901e-07,-8.320388975846527e-05,-2.16340142600302e-06,False,False,False
categorical,alpha,beta,0.95,0.5,5,1210128,50,0.1,0.01,0.98,1.5195823232034973,47.53983893510328,10.109472363240007,True,True,True,5.585325917485354,5.585393393755045,5.585393085995973,0.45475969928431637,0.45474561084843024,0.45474559949023863,2.164808986902752e-05,7.916198560512063e-08,-4.207170945846883e-06,-6.817730024977209e-08,False,False,False
categorical,alpha,beta,0.95,0.5,6,1210129,50,0.1,0.01,0.7743871132889698,0.555922015220284,53.9695964742804,1.8596683060397936e-07,True,True,True,3.017228846390243,3.0172363432284346,3.0172343606351375,0.4494816854853034,0.44948283894263974,0.44948300787513945,2.1714873375812507e-05,3.5528813626317935e-07,3.350041787086866e-06,-4.625986491646472e-07,False,False,False
categorical,alpha,beta,0.95,0.5,7,1210130,50,0.1,0.01,0.98,0.7937764405605194,51.963751016443815,0.5340316739932633,False,False,False,-1.4695208839444058,-1.469226566494873,-1.4692272523238485,inf,inf,inf,4.514563174963617e-05,7.900572817964808e-08,nan,nan,False,False,True
categorical,alpha,beta,0.95,0.5,8,1210131,50,0.1,0.01,0.98,0.846787315896938,51.750258806701,0.48789310369558503,False,False,False,-2.3150981061716873,-2.315056358498486,-2.3150585380706383,inf,inf,inf,1.153084624212347e-05,2.634158535622343e-07,nan,nan,False,False,True
categorical,alpha,beta,0.95,0.5,9,1210132,50,0.1,0.01,0.3156403775722401,1.1154342701752147,52.667254087743665,4.4058254916337966e-07,True,True,True,3.17474832480353,3.1749196528932315,3.174918736452004,0.7154201548984226,0.7154077740650747,0.7154078482793121,2.949822049184033e-05,1.2888479666120915e-07,3.9507255593207447e-05,-2.0320795357520183e-07,False,False,False
categorical,alpha,beta,0.95,0.5,10,1210133,50,0.1,0.01,0.9195182884768435,1.067982164825252,51.269524568316754,4.033396972617785e-08,True,True,True,1.8569675590774342,1.8571452386974356,1.8571444851425718,1.0341554837537863,1.0341066416650488,1.0341068212606048,2.1038157520021807e-05,6.140449885456e-08,3.924757028528347e-05,-1.9899284353641633e-07,False,False,False
categorical,alpha,beta,0.95,0.5,11,1210134,50,0.1,0.01,0.08400274480539904,1.964884284800544,53.48222350442085,3.045892833681696e-07,True,True,True,0.21498600819504263,0.21511463848103934,0.21511437246149573,2.799716344551074,2.799564012933944,2.7995641999115466,0.0002474639604070748,8.112013682403456e-07,0.00042174078479462196,-1.0213756667099005e-06,False,False,False
categorical,alpha,beta,0.95,0.5,12,1210135,50,0.1,0.01,0.5358765813108416,1.1383758088780294,52.132556134215186,1.5020969212830745e-07,True,True,True,2.919502019154292,2.9194387231019925,2.9194382669332115,0.6599114738218718,0.6599129051765812,0.6599129359757655,2.1838697221561223e-05,8.992017402617505e-08,-2.015354802153979e-05,-1.207933593150301e-07,False,False,False
categorical,alpha,beta,0.95,0.5,13,1210136,50,0.1,0.01,0.98,0.4297071316289342,54.11098499752049,0.9656371489086961,True,True,True,1.5991244188599736,1.5989963215055774,1.5989944614371703,0.7611509882493425,0.7611844167837432,0.7611848442000243,2.6055235877031995e-05,2.757136214776871e-07,-4.229306087211171e-05,-6.711919766644314e-07,False,False,False
categorical,alpha,beta,0.95,0.5,14,1210137,50,0.1,0.01,0.02,3.079563965362522,53.75207836844397,3.468011499307981,True,True,True,0.004589242319839183,0.0048614578854576955,0.004857625156371842,5.988146897788127,5.963347079489629,5.9636888645599235,0.0005179724767125503,1.7151750476680129e-06,0.028676377657596674,-0.0003952072248409877,False,False,False
categorical,alpha,beta,0.95,0.5,15,1210138,50,0.1,0.01,0.022962389526633847,5.832737420571568,53.31847407852983,1.1706195628319068e-05,True,True,True,0.007637761845224759,0.007859713458880533,0.007858257910805445,5.700034811775037,5.687868441014789,5.687947765915229,0.0006287117840388338,2.5566407479819716e-06,0.014544608157336825,-9.388196806270344e-05,False,False,False
categorical,alpha,beta,0.95,0.5,16,1210139,50,0.1,0.01,0.98,0.1811447740098981,54.638897831629464,1.1700766253995623,True,True,True,0.6717093908676709,0.6716255806782299,0.6716250057667983,1.1630478295797642,1.1631110768296795,1.1631114196030243,2.648619103532563e-05,8.979944525917432e-08,-5.242456682452712e-05,-4.6136786835404564e-07,False,False,False
categorical,alpha,beta,0.95,0.5,17,1210140,50,0.1,0.01,0.98,0.8883672617089111,51.19645582391968,1.952674775651535,True,True,True,3.1304505795838478,3.1305676151702104,3.1305649751117324,0.5460735285706737,0.54606172974959,0.5460620127529638,1.4845928552681447e-05,2.9551307617514293e-07,2.3284088676689407e-05,-5.174969146537478e-07,False,False,False
categorical,alpha,beta,0.95,0.5,18,1210141,50,0.1,0.01,0.5657197408401139,0.4406628914621521,54.559321368931364,1.804904427996311e-07,True,True,True,2.702814347781097,2.7028684461577654,2.702867221342792,0.33879593104825123,0.3387941913485014,0.3387942495838644,2.5011791381508876e-05,4.55643185089654e-07,1.7626360971689792e-05,-3.8610791364135366e-07,False,False,False
categorical,alpha,beta,0.95,0.5,19,1210142,50,0.1,0.01,0.98,0.8583647306654996,51.77126218527799,0.14645559076625725,True,True,True,2.7811880842375443,2.7810883554344623,2.78108604638536,0.720320123529788,0.7203265143551958,0.7203268319171836,3.7267491663736655e-05,1.8420462955449099e-07,-2.8965940472858165e-05,-4.646617526304908e-07,False,False,False
categorical,alpha,beta,0.95,1.0,0,1220123,50,0.1,0.01,0.745422019347108,0.4772266257897804,54.42782043659949,2.8609824802981963e-07,True,True,True,3.3481550585539392,3.3482067048082094,3.348206039390643,0.3137708130623663,0.31376618658236655,0.3137661985714113,1.8814207427777526e-05,2.8745960693134444e-07,9.913800944616469e-06,-1.8493561526611302e-07,False,False,False
categorical,alpha,beta,0.95,1.0,1,1220124,50,0.1,0.01,0.8136932999222901,1.3447622830294153,48.75970655130572,1.7395435512436115e-07,True,True,True,3.2482726992171562,3.2483272453923546,3.2483267349968887,0.7714986846504217,0.7714844385334243,0.7714845080299728,1.6098860788015696e-05,2.7714900561500233e-08,3.136591928409871e-07,-7.711478389182957e-08,False,False,False
categorical,alpha,beta,0.95,1.0,2,1220125,50,0.1,0.01,0.98,1.088050276539984,50.75051729941504,0.1616441132057508,True,True,True,2.8686101367651538,2.868767308678548,2.868766779969961,0.8660018139123834,0.8659653848768428,0.8659654433205957,3.034710957429423e-05,8.275919817630551e-08,1.273127597301027e-05,-1.1701233404437517e-07,False,False,False
categorical,alpha,beta,0.95,1.0,3,1220126,50,0.1,0.01,0.44384512687158817,1.9161870084577914,48.07891270227353,8.46871944144201e-08,True,True,True,1.6667108734507716,1.6669079401647107,1.6669082002356455,1.1224053138547714,1.122361323426779,1.1223612398891887,1.9127988525075637e-05,4.988988087558326e-08,6.764389469537946e-05,5.984375661682861e-08,False,False,False
categorical,alpha,beta,0.95,1.0,4,1220127,50,0.1,0.01,0.42015972856633205,2.214967902087069,50.01526695393111,1.0778156103889614e-08,True,True,True,1.203233534619847,1.2032992816829262,1.2032993658881326,1.4527230169964787,1.4526928364496308,1.4526927922167967,1.66302586778909e-05,3.197774799820898e-08,1.9912902502028373e-05,1.9053672417612688e-08,False,False,False
categorical,alpha,beta,0.95,1.0,5,1220128,50,0.1,0.01,0.98,1.1993691091021699,49.5915789900038,1.8926666349727927,True,True,True,1.7690570812261095,1.7689924091121136,1.7689916537715227,1.007177796104664,1.0071848066272988,1.0071849770738255,2.7653833127348157e-05,6.533950396865863e-08,-2.8717653684395827e-05,-2.307554467506634e-07,False,False,False
categorical,alpha,beta,0.95,1.0,6,1220129,50,0.1,0.01,0.6871734642677413,1.1967205324223054,52.13253586449793,6.387128403348564e-08,True,True,True,1.8253348114991557,1.8252258846720788,1.8252239572856592,0.9451714613027934,0.9451877947740761,0.9451882250885759,2.312401265832159e-05,1.450676524140514e-07,-4.143271577561336e-05,-5.605541275599535e-07,False,False,False
categorical,alpha,beta,0.95,1.0,7,1220130,50,0.1,0.01,0.6432305962115926,1.3173299654685855,50.83915246388631,5.7985057955513014e-08,True,True,True,3.2220793745176817,3.2220514862183904,3.2220511397806133,0.786401119893016,0.7863973910782551,0.7863974200774266,1.7321512856295056e-05,4.4324774885218704e-08,-1.3022501590853608e-05,-7.413434843783762e-08,False,False,False
categorical,alpha,beta,0.95,1.0,8,1220131,50,0.1,0.01,0.03348523553458091,8.0,49.04501608250389,0.018506061038669537,True,True,True,0.013726540665536077,0.01372413836547136,0.01372330796750552,5.642972945963872,5.64322111337583,5.643246678066118,0.00039469291894745994,1.6435573924712384e-06,7.961087501939801e-05,-3.1075775737576805e-05,False,False,False
categorical,alpha,beta,0.95,1.0,9,1220132,50,0.1,0.01,0.39141510902805443,1.412972509401166,50.9917932415676,8.783781639677702e-07,True,True,True,3.5474878533142884,3.5474217315301484,3.5474215902247743,1.2268980944777608,1.2269187783472313,1.2269187784302775,3.052815650463549e-05,3.966393876162842e-08,5.1342288429623295e-06,-3.973764961529014e-08,False,False,False
categorical,alpha,beta,0.95,1.0,10,1220133,50,0.1,0.01,0.43683735117547023,1.4588669752303403,52.046662567529864,3.140016068693975e-07,True,True,True,2.209766018601284,2.209827319295493,2.209827015560057,1.1931211196742229,1.1931110007382097,1.1931110637264883,5.220758609100397e-06,1.1692117238517912e-08,1.6025637670225024e-05,-6.492966519999754e-08,False,False,False
categorical,alpha,beta,0.95,1.0,11,1220134,50,0.1,0.01,0.953848571073063,0.9107876843931749,51.56764176742543,4.618527782440651e-08,True,True,True,5.080162941933752,5.080234606785801,5.080233572844759,0.5639393579784722,0.5639285088136169,0.5639285711815667,1.6049457754213005e-05,7.91681237311061e-08,1.4844211619902126e-06,-1.317185649440944e-07,False,False,False
categorical,alpha,beta,0.95,1.0,12,1220135,50,0.1,0.01,0.546701382067862,0.6775548212228243,53.84373041518748,1.6701533345359335e-07,True,True,True,1.2618753185824645,1.2619537457252201,1.2619533629314408,0.6933538394042427,0.6933147403711104,0.69331487375619,2.995695122934285e-05,7.91865084211944e-08,1.6985135616209845e-05,-1.4976903628394211e-07,False,False,False
categorical,alpha,beta,0.95,1.0,13,1220136,50,0.1,0.01,0.2979738746238435,2.9502989382398708,44.46646422393278,6.759815974274411e-08,True,True,True,1.44356983223685,1.4435486572723777,1.443548603523055,1.77697545083372,1.776989256920346,1.7769892683012833,1.7237470069131766e-05,1.1150498958008425e-08,1.2021331130540602e-06,-2.413137423218359e-08,False,False,False
categorical,alpha,beta,0.95,1.0,14,1220137,50,0.1,0.01,0.98,1.4632101805524067,49.70457628941202,0.2116249540051849,True,True,True,1.5352891351974858,1.535353690785309,1.5353529655918714,0.9872173646528203,0.9871899341126832,0.987190112446956,3.0108045040848882e-05,7.816338503273603e-08,1.019936186708037e-05,-2.670150820449635e-07,False,False,False
categorical,alpha,beta,0.95,1.0,15,1220138,50,0.1,0.01,0.98,0.7785709578151794,52.14382648800459,2.915577685058687,True,True,True,3.4376772906226325,3.437758930162583,3.437756105204045,0.42621094803537823,0.42620060413607763,0.4262008697794537,1.07346428959618e-05,3.497842952028323e-07,1.1323412039132563e-05,-5.159113172226171e-07,False,False,False
categorical,alpha,beta,0.95,1.0,16,1220139,50,0.1,0.01,0.46960666963683145,2.1149151379652094,48.633345879219824,3.949660659094257e-08,True,True,True,1.512968843508265,1.5132150920229708,1.5132148639797323,1.311015411354041,1.3109534827392286,1.3109535344770558,2.257184029397057e-05,3.606695567348227e-08,9.135615145083875e-05,-9.113577448260912e-08,False,False,False
categorical,alpha,beta,0.95,1.0,17,1220140,50,0.1,0.01,0.9695662687288084,1.635644836722386,45.464399163316564,3.204811327380016e-08,True,True,True,2.330833304792608,2.3308466272013773,2.3308469211511107,1.1736466045419054,1.173628251295907,1.1736281995251165,3.7302350355238124e-05,1.1051590952712591e-08,-1.5347734304782534e-05,6.65095285512507e-08,False,False,False
categorical,alpha,beta,0.95,1.0,18,1220141,50,0.1,0.01,0.98,0.7206380093132598,52.7075558300243,1.3068439734809463,True,True,True,3.5293530832837554,3.529326182049765,3.529325494059665,0.4144537347396904,0.41446178754795304,0.4144618176462003,1.1066949578266818e-05,1.4120894509815996e-07,1.4886826704696432e-06,-1.6028338478690785e-07,False,False,False
categorical,alpha,beta,0.95,1.0,19,1220142,50,0.1,0.01,0.7900820287931111,1.57071309852894,47.41481225024814,7.545926989638601e-08,True,True,True,4.3039030119465576,4.3039622632601136,4.303962054378865,0.8140740146809512,0.8140648274847055,0.8140648226299243,7.669090421351832e-06,6.029615381564225e-08,3.135512450569422e-06,-5.41215925409233e-08,False,False,False
categorical,alpha,beta,0.95,3.0,0,1230123,50,0.1,0.01,0.804856993330882,3.356763834741424,33.88683070239909,2.2063409460445868e-07,True,True,True,1.4697457017532762,1.469520863421582,1.4695209606532513,1.5246825888015927,1.524747094305648,1.5247470703509698,6.934626200308676e-06,1.1219546160077082e-08,-7.868611951522553e-05,3.858671249190593e-08,False,False,False
categorical,alpha,beta,0.95,3.0,1,1230124,50,0.1,0.01,0.98,3.2538544471412694,33.89833865848791,5.1689081033146085,True,True,True,1.645757834653276,1.6457743474932338,1.6457743609017155,1.553201639807515,1.5531880351161218,1.55318803178203,2.128740731262607e-05,2.8806076743657247e-09,-5.625143217002915e-06,4.308702727939817e-09,False,False,False
categorical,alpha,beta,0.95,3.0,2,1230125,50,0.1,0.01,0.9202176821601811,3.4075650590391553,35.339696202030716,9.687379714465743e-08,True,True,True,1.1240560367311099,1.1241617829922332,1.1241616625716266,1.667749276387371,1.667697357939066,1.66769738908327,2.5791196715473515e-05,3.566015310378915e-08,3.422660171281677e-05,-7.126426737613656e-08,False,False,False
categorical,alpha,beta,0.95,3.0,3,1230126,50,0.1,0.01,0.98,2.1856865609393874,39.32462705456474,4.4771049765302005,True,True,True,2.874053866239369,2.8741696876385254,2.874169516147075,1.0719142925266767,1.071887342188502,1.0718873698463336,2.195301927107124e-05,6.765075309783042e-09,9.242606417103616e-06,-2.782417851676655e-08,False,False,False
categorical,alpha,beta,0.95,3.0,4,1230127,50,0.1,0.01,0.6699658878419601,5.123690963377028,27.601064856316906,4.4884888732263654e-08,True,True,True,0.6453749547583038,0.6453566839698217,0.6453567111173262,2.2548034148569074,2.2548193557557425,2.25481933293518,8.406797119742997e-06,1.0502972984473795e-08,-9.942316314237587e-06,1.579274666596575e-08,False,False,False
categorical,alpha,beta,0.95,3.0,5,1230128,50,0.1,0.01,0.7858029144118038,3.6147957247438165,29.974569934856746,6.087399605118734e-08,True,True,True,1.4392320236600342,1.439332245885059,1.4393321297173785,1.682883002430208,1.6828567416312277,1.6828567673841786,9.289292390504546e-06,2.19067805899732e-08,3.934855853771069e-05,-5.106024758561034e-08,False,False,False
categorical,alpha,beta,0.95,3.0,6,1230129,50,0.1,0.01,0.9613813147658252,1.7653423965435397,42.979072861388225,3.6597931106074284e-07,True,True,True,4.96630115985528,4.966430637577741,4.966430836396887,0.8517531845365521,0.8517378818733348,0.8517378539036804,9.805018373780836e-06,2.5287143492849627e-08,8.460908119900523e-06,7.83134623816295e-09,False,False,False
categorical,alpha,beta,0.95,3.0,7,1230130,50,0.1,0.01,0.98,2.437726975254971,40.361368432620424,2.1820454350063314,True,True,True,1.94477629579512,1.9446273808867423,1.9446271685968675,1.2544046019593584,1.2544237418666022,1.2544238014661495,3.333127278937754e-05,2.8825431740101867e-08,-5.457959188248651e-05,-4.055087288179493e-08,False,False,False
categorical,alpha,beta,0.95,3.0,8,1230131,50,0.1,0.01,0.8874185716066021,4.293378195332662,29.783281146909086,3.5887083120583836e-07,True,True,True,0.7626778263695744,0.7626180356597336,0.7626180424449264,1.89280718560565,1.89283510500146,1.8928350965993521,1.4158233976656869e-05,1.090045606609209e-08,-4.6256219487617045e-05,-7.760476705698238e-10,False,False,False
categorical,alpha,beta,0.95,3.0,9,1230132,50,0.1,0.01,0.7766136821543208,3.7583769371656817,29.712107039182946,5.447322090254763e-08,True,True,True,1.462897567955589,1.462903954309146,1.4629039198518667,1.4745818230266186,1.4745745327224573,1.4745745414144256,1.242111154811768e-05,4.6150730113718975e-09,-4.0412786646015775e-06,-1.354703016431813e-08,False,False,False
categorical,alpha,beta,0.95,3.0,10,1230133,50,0.1,0.01,0.960960153433749,8.0,21.85088527702846,0.010625492350496998,True,True,True,0.02613701784432512,0.026281059449990516,0.026281032883939816,4.005599008552278,4.0032031706446505,4.003203618826974,2.073304720156446e-05,2.115860288520702e-08,0.0027370838579585666,-4.948555201167437e-07,False,False,False
categorical,alpha,beta,0.95,3.0,11,1230134,50,0.1,0.01,0.98,2.5917828275374557,31.76474653384983,4.143381497456745,True,True,True,3.1405952830536212,3.1407186412001074,3.140718507537666,0.9885468970638392,0.9885302611281964,0.9885302597166273,4.5428325768373475e-06,4.72386375684397e-08,2.0080804311817246e-05,-4.4183046554735483e-08,False,False,False
categorical,alpha,beta,0.95,3.0,12,1230135,50,0.1,0.01,0.98,2.975084975525677,32.49776437972774,2.813620252339888,True,True,True,2.1875479183528843,2.1876073144616406,2.1876071056877944,1.4320173926220463,1.4320089164072134,1.432008956373849,8.10082873420257e-06,5.864143468460422e-09,1.734351901205855e-05,-4.942150155784475e-08,False,False,False
categorical,alpha,beta,0.95,3.0,13,1230136,50,0.1,0.01,0.7905003790858937,4.647566478023165,20.687686711720875,3.6422540606792e-08,True,True,True,0.8747963611422248,0.8748021146158136,0.8748021086885741,1.7318577484028588,1.7318501432246527,1.7318501492512164,1.094481855407959e-05,7.693223811243489e-09,-2.1787147588270273e-06,1.6281731518574816e-10,False,False,False
categorical,alpha,beta,0.95,3.0,14,1230137,50,0.1,0.01,0.7045096013611277,3.6467412049049437,40.353808343532684,8.440876970497442e-07,True,True,True,0.26635940026943206,0.2664007188640797,0.26640044317468703,2.333692779502587,2.333625812102863,2.333626247606771,1.1435862289860967e-06,3.4050803290147025e-08,7.747889679876607e-05,-5.334754291652644e-07,False,False,False
categorical,alpha,beta,0.95,3.0,15,1230138,50,0.1,0.01,0.913531848424223,3.507469795320692,31.50291352861888,5.251556879856313e-07,True,True,True,1.5168826131423954,1.5170356602422481,1.5170356237652427,1.6883570363208256,1.688305010156508,1.688305011198647,1.9061745599017855e-05,2.165139534856913e-08,4.0970539991747046e-05,-2.2845114244773868e-08,False,False,False
categorical,alpha,beta,0.95,3.0,16,1230139,50,0.1,0.01,0.9779507488621678,2.926431164034384,32.9199732855214,4.632865471495734e-08,True,True,True,2.449891649892354,2.449975833859365,2.4499756867844127,1.16620214945949,1.1661841165923446,1.16618413874723,8.395630023685862e-06,1.0114200998835437e-08,1.3566102175843753e-05,-3.452443309015507e-08,False,False,False
categorical,alpha,beta,0.95,3.0,17,1230140,50,0.1,0.01,0.98,3.8328816025607826,33.6105537643553,9.325671829429893,True,True,True,0.979825727585419,0.9799870863837745,0.9799869704549559,1.849071292049478,1.8489852759316023,1.8489853085281864,3.3567866076903925e-05,4.365499415042777e-08,6.55570782228665e-05,-8.076807489487692e-08,False,False,False
categorical,alpha,beta,0.95,3.0,18,1230141,50,0.1,0.01,0.8408202561232317,4.993711693228427,16.745832963047256,6.762771900755941e-07,True,True,True,0.6243482248760486,0.6244039856714574,0.6244039846059335,2.017602727705616,2.0175611871429155,2.017561170789271,6.684073345118761e-06,3.936225350181685e-08,4.1460546693627975e-05,-2.0534294264962227e-08,False,False,False
categorical,alpha,beta,0.95,3.0,19,1230142,50,0.1,0.01,0.98,2.417399522615731,40.45860644925415,7.173717463615503,True,True,True,3.0311704133828545,3.031161448250109,3.0311615926522086,1.087890787074169,1.0878856606146556,1.087885648109717,1.6190680737462974e-05,1.9993283118776522e-08,-8.826463862021683e-06,3.324235819945898e-08,False,False,False
categorical,alpha,beta,0.95,8.0,0,1240123,50,0.1,0.01,0.9703650947332347,8.0,24.177432366646194,0.006989527443819045,True,True,True,0.02525863570627183,0.025382679675986692,0.02538266515498576,3.8054213555170264,3.8032633915866914,3.8032636350958855,6.999443886090582e-05,1.2343380019122524e-08,0.0024141939624193753,-2.91732899171393e-07,False,False,False
categorical,alpha,beta,0.95,8.0,1,1240124,50,0.1,0.01,0.98,7.179472569927413,27.74090559592327,10.925217713619872,True,True,True,0.02833285701701741,0.02831117212410861,0.028311191632332647,3.7660073242759466,3.766311464254574,3.7663111626696266,6.543988162891912e-05,7.44003769032705e-09,-0.00041515912490197593,3.4185177355539054e-07,False,False,False
categorical,alpha,beta,0.95,8.0,2,1240125,50,0.1,0.01,0.8585429108484226,8.0,22.520202476992107,0.04362107142680801,True,True,True,0.04599375258345111,0.046095945126385866,0.04609591419799646,3.4903390961333334,3.489355738843103,3.4893560266688746,4.488452024734608e-05,9.207226930869235e-09,0.0010869425546040645,-3.3958539091827333e-07,False,False,False
categorical,alpha,beta,0.95,8.0,3,1240126,50,0.1,0.01,0.830946185018044,8.0,16.814278129663283,0.05941042013938018,True,True,True,0.07338920518530684,0.07330935991638,0.07330934761725176,3.1320479407137545,3.1324981727492576,3.1324982323355406,5.19484303553243e-05,3.1011582130874405e-08,-0.0005703128608534058,-9.916900189921307e-08,False,False,False
categorical,alpha,beta,0.95,8.0,4,1240127,50,0.1,0.01,0.9622314019607562,8.0,18.614860934212587,0.010976014340627957,True,True,True,0.02866954425548812,0.028755026660683965,0.028755003555014695,3.8477531454729204,3.8464481191468334,3.8464484748925565,2.7767893249048215e-05,1.5713945547798246e-08,0.0014743477291254692,-3.939678876463404e-07,False,False,False
categorical,alpha,beta,0.95,8.0,5,1240128,50,0.1,0.01,0.98,6.944794995330076,25.63220917181007,14.457705471926374,True,True,True,0.014517345493807916,0.01448512440494228,0.014485123580582578,3.963452501037015,3.964395792116991,3.964395817562777,5.007225065264142e-05,3.612797498272303e-09,-0.0011359793580503208,-2.7615236319888936e-08,False,False,False
categorical,alpha,beta,0.95,8.0,6,1240129,50,0.1,0.01,0.8882195967811839,8.0,29.399235411640966,0.04410866162117149,True,True,True,0.03701835921201467,0.03705877734213962,0.03705876224837468,3.757695825612049,3.757209786303244,3.7572099653551634,2.7979981817999847e-05,5.564413539245051e-09,0.0005314699207694673,-2.0115152210564702e-07,False,False,False
categorical,alpha,beta,0.95,8.0,7,1240130,50,0.1,0.01,0.8975772797777817,8.0,19.930207403463935,0.0474889452216698,True,True,True,0.0442195487695693,0.044279407306154754,0.04427940157733375,3.593610152785963,3.593007142888079,3.5930071937564274,3.5756250466893924e-05,1.2699236475624532e-08,0.0006584398376183742,-7.081455777324663e-08,False,False,False
categorical,alpha,beta,0.95,8.0,8,1240131,50,0.1,0.01,0.98,7.127556926604651,28.839218127942623,11.080613804281825,True,True,True,0.029201301314778463,0.02916964481715642,0.029169633850098135,3.8011985148741054,3.801656810040885,3.801656970208555,2.9499088790598412e-05,7.60075503394755e-09,-0.0005572261218986796,-1.9157526409685488e-07,False,False,False
categorical,alpha,beta,0.95,8.0,9,1240132,50,0.1,0.01,0.98,7.2073274769398,28.79613480184138,9.285950312687419,True,True,True,0.028449626853903582,0.02846896511702501,0.02846894364846979,3.864660132298963,3.8643447068236845,3.864345037839974,4.6847152861141483e-05,8.655947637176246e-09,0.0003159860460932862,-3.730075164298796e-07,False,False,False
categorical,alpha,beta,0.95,8.0,10,1240133,50,0.1,0.01,0.7920778461195377,8.0,19.69712797591578,0.1282743884446355,True,True,True,0.07136938997252584,0.07142789543600837,0.07142787702684779,3.3040589807994776,3.303697794062513,3.303697896471133,1.2272071086160745e-05,2.2092946902392398e-08,0.00040344844666506674,-1.3982844038196163e-07,False,False,False
categorical,alpha,beta,0.95,8.0,11,1240134,50,0.1,0.01,0.98,6.893156333530106,28.92687621433417,14.619272963756202,True,True,True,0.02003629231828304,0.020025343541004326,0.02002532588203004,3.8256149383723725,3.8258232554023386,3.8258236342241445,6.705439346741365e-05,1.1023716448466405e-08,-0.0003072084817787868,-4.4569694424012596e-07,False,False,False
categorical,alpha,beta,0.95,8.0,12,1240135,50,0.1,0.01,0.7709518235383077,8.0,19.144310080525564,0.23188933817628998,True,True,True,0.11066636338833546,0.11060371893600289,0.11060370847918213,2.986769182885175,2.987001666315497,2.987001693518977,3.0953626012550296e-05,3.2079182903056015e-08,-0.0002986329388150466,-6.32239611775276e-08,False,False,False
categorical,alpha,beta,0.95,8.0,13,1240136,50,0.1,0.01,0.98,6.814435184598338,26.792459002515052,17.978306770416452,True,True,True,0.026128290448549245,0.026192019636841844,0.026192007755114217,3.868346332356572,3.867267942067972,3.867268133334238,4.711277014140136e-05,1.3903805810783452e-08,0.001194341680196942,-2.3343590882518583e-07,False,False,False
categorical,alpha,beta,0.95,8.0,14,1240137,50,0.1,0.01,0.9758693119245153,8.0,25.28731797414611,0.005497184521766302,True,True,True,0.022757860313676635,0.022865438725886676,0.02286541775810934,3.9776552766490356,3.975598522636508,3.9755989271724466,1.993263564569747e-05,1.4557675314123071e-08,0.0023475737382803175,-4.512686473390204e-07,False,False,False
categorical,alpha,beta,0.95,8.0,15,1240138,50,0.1,0.01,0.9202746206535177,4.43740731648573,21.48535908348209,3.740859467359158e-08,True,True,True,0.8616210554874499,0.8616690796941286,0.861669061518117,1.9970620496584923,1.9970347411231073,1.9970347520349567,7.322993362838226e-06,4.267258441991647e-09,2.4286841632914502e-05,-8.53122728017297e-09,False,False,False
categorical,alpha,beta,0.95,8.0,16,1240139,50,0.1,0.01,0.7829923234887447,7.342298128592231,23.607642315761876,9.798497604027542e-08,True,True,True,0.07906978474528441,0.0790920457471679,0.07909201343847433,2.9537824986920165,2.9536239292616573,2.9536240932835334,8.384108549739997e-05,3.204454222607505e-08,9.87170537740667e-05,-2.1965777108334805e-07,False,False,False
categorical,alpha,beta,0.95,8.0,17,1240140,50,0.1,0.01,0.98,8.0,15.490492976560665,1.9003478735614552,True,True,True,0.030432500328306196,0.03043041426349288,0.03043040672469599,3.43851342056539,3.4385226617920988,3.438522764640043,4.7345295161576565e-05,1.1885171566565314e-08,-5.803959477290732e-05,-1.2933084470034828e-07,False,False,False
categorical,alpha,beta,0.95,8.0,18,1240141,50,0.1,0.01,0.98,7.200809304569783,28.795488022316842,9.25563824694109,True,True,True,0.028260212714345066,0.02825931630645867,0.028259322393750768,3.8733854364191975,3.873384880762788,3.873384792106506,3.309217841853401e-05,1.1518063733722463e-08,-3.2246672709845825e-05,1.13338987972611e-07,False,False,False
categorical,alpha,beta,0.95,8.0,19,1240142,50,0.1,0.01,0.8722685491983424,8.0,14.570665111186454,0.05622946153157151,True,True,True,0.06319755505789912,0.0632101687507395,0.06321014617972137,3.1294485360664854,3.1293372897512732,3.1293374268821994,5.663762953674714e-05,4.170677940685336e-08,7.12952984116555e-05,-1.9920116045568648e-07,False,False,False
ces,alpha,rho,0.05,-0.7,0,2000123,50,0.1,0.01,0.038859203980234715,-0.2772276826284291,-47.46692822323247,1.5774052334597137e-05,True,True,True,0.49723064993480076,0.4976422704626732,0.49764317413338516,3.894703236971887,3.894360769164609,3.8943599741667456,3.939528433616652e-05,2.7116325221793867e-08,0.0004341036709547552,9.006274837020101e-07,False,False,False
ces,alpha,rho,0.05,-0.7,1,2000124,50,0.1,0.01,0.046747083325067704,-0.8,-47.437580241820285,0.8285791290131153,True,True,True,0.19402403057785347,0.19455574252004346,0.1945494902921673,4.225059229325525,4.223895184091241,4.2239091244813265,5.65653480419619e-05,4.5846823984129756e-08,0.0013804520097906448,-1.6086969672812756e-05,False,False,False
ces,alpha,rho,0.05,-0.7,2,2000125,50,0.1,0.01,0.08680992837272335,0.14617079784685494,-44.15886851764476,7.937299859140135e-06,True,True,True,2.4326345326093888,2.4325129062594506,2.4325108345843676,2.9304953767792825,2.9305196150181065,2.930519984904326,5.823646041503832e-06,5.747503496972462e-09,-2.251954958154556e-05,-4.258135888335346e-07,False,False,False
ces,alpha,rho,0.05,-0.7,3,2000126,50,0.1,0.01,0.06136687183612896,-0.17917024376425683,-38.95679907509056,1.8642778284865496e-06,True,True,True,1.1114025943329098,1.1103412554540788,1.110337862956744,3.2396584833887476,3.240080242325136,3.2400815631809214,1.5899464541683876e-05,1.8648909573346482e-08,-0.0004713774905127366,-1.534677821268815e-06,False,False,False
ces,alpha,rho,0.05,-0.7,4,2000127,50,0.1,0.01,0.03973898153770689,0.8,-41.082174912826254,0.19929163393424265,True,True,True,0.16983413466233413,0.16961388950609185,0.1696090276049944,3.8602164494029862,3.86077892961308,3.8607913773229456,3.137782209215821e-06,5.158704438287462e-09,-0.0006644213360971207,-1.4333977425451394e-05,False,False,False
ces,alpha,rho,0.05,-0.7,5,2000128,50,0.1,0.01,0.08903945523527187,0.024831917131835742,-52.28809711434711,1.274005552473917e-05,True,True,True,1.158097025568748,1.1667408997372577,1.1667243735730513,3.313648163457545,3.3104259873523745,3.310432142214623,1.8347615697423315e-05,1.4856568703297346e-08,0.003719397547058634,-7.07843562963717e-06,False,False,False
ces,alpha,rho,0.05,-0.7,6,2000129,50,0.1,0.01,0.06568817017438955,-0.6756481003623234,-39.97482133648212,2.588426827287783e-06,True,True,True,0.9179332578470224,0.9191394077132843,0.9191338751390066,3.5343602419394773,3.533813461880994,3.533816062784716,5.439627057558452e-05,3.934553860010269e-08,0.0006805930318307674,-3.02491535109084e-06,False,False,False
ces,alpha,rho,0.05,-0.7,7,2000130,50,0.1,0.01,0.04805500990105175,-0.4531583848036321,-41.39356139913056,2.2675332473437233e-06,True,True,True,0.23053932224165008,0.23113551948441677,0.23113009191280812,3.931308850023714,3.9302016572585385,3.930211846758326,3.355798077569421e-05,2.7987705548784432e-08,0.001296305477325177,-1.1751385365244005e-05,False,False,False
ces,alpha,rho,0.05,-0.7,8,2000131,50,0.1,0.01,0.030122173355776043,-0.8,-49.29826275579501,0.5369961938360936,True,True,True,0.3628020430310418,0.36363225614999606,0.36362567113943894,4.140875915228176,4.139911819967395,4.13991966678893,6.607544468608745e-05,5.148613315254715e-08,0.0011666912916439287,-9.075160406268878e-06,False,False,False
ces,alpha,rho,0.05,-0.7,9,2000132,50,0.1,0.01,0.04927346157220175,-0.4620364515828688,-42.65341921341076,5.019520517343757e-07,True,True,True,0.4757790194550974,0.4764680736993402,0.4764615935851727,3.665007400780906,3.66439461379742,3.664400511755646,3.643622971220452e-05,2.9430659362341892e-08,0.0007349103598599527,-6.8101285251032095e-06,False,False,False
ces,alpha,rho,0.05,-0.7,10,2000133,50,0.1,0.01,0.05524215465850837,-0.8,-45.713950627928234,0.06569529779321766,True,True,True,0.7206233380839826,0.7211837303424743,0.7211757749133305,3.636269261129392,3.6359525296546162,3.635957307829956,4.8228386104832696e-05,3.5980547787838e-08,0.00040716648019412105,-5.530054473013024e-06,False,False,False
ces,alpha,rho,0.05,-0.7,11,2000134,50,0.1,0.01,0.04418330575713173,-0.40117175365553975,-51.326311533564024,3.9387211112123945e-06,True,True,True,0.3772473361427301,0.37715118328405933,0.3771487105006158,3.836874142692497,3.8369990499074658,3.837001891864069,3.2977850731807814e-05,2.1200106578064837e-08,-0.00011439247070654801,-3.2845760600253016e-06,False,False,False
ces,alpha,rho,0.05,-0.7,12,2000135,50,0.1,0.01,0.0627035474579812,-0.8,-48.891420670331875,0.17669100713367467,True,True,True,0.5941473445177567,0.5949288055682922,0.5949202296822257,3.6217875776896724,3.621240403472181,3.621246647523394,5.466558311036911e-05,4.504661810132463e-08,0.0006772165823107912,-7.226352991551721e-06,False,False,False
ces,alpha,rho,0.05,-0.7,13,2000136,50,0.1,0.01,0.031478182010494994,-0.8,-37.43716760929833,0.2899803565431735,True,True,True,0.17295961462334353,0.17337899322136172,0.1733774011237274,4.27955048007731,4.2785223040452305,4.278526277709642,5.4521932140036926e-05,4.179312045061505e-08,0.0012334455323141924,-4.607951652246811e-06,False,False,False
ces,alpha,rho,0.05,-0.7,14,2000137,50,0.1,0.01,0.10491153654043933,-0.8,-45.09336965581338,0.4903997813373542,True,True,True,1.4756286565298578,1.475969453936855,1.4759646390228067,3.1300113983180995,3.129926880746897,3.129928288780231,3.641541626095581e-05,2.4449012021649424e-08,0.0001319783902999916,-1.6411514422998152e-06,False,False,False
ces,alpha,rho,0.05,-0.7,15,2000138,50,0.1,0.01,0.05559345039162916,-0.8,-42.88705800680985,1.2753982546594314,True,True,True,1.2347973781482724,1.2352143804245235,1.235208682985346,3.446906872619591,3.446785274794068,3.4467872609753734,5.783096649080142e-05,4.7519228131969345e-08,0.0001953315452709603,-2.325845308348562e-06,False,False,False
ces,alpha,rho,0.05,-0.7,16,2000139,50,0.1,0.01,0.03967967215641104,-0.8,-27.277788170672572,0.41462323729999995,True,True,True,0.36835594567203145,0.3685682880617826,0.36856371786488845,3.877627850743467,3.8773970480999824,3.8774024224618446,4.503288923939815e-05,3.149085138298292e-08,0.00030435985530274934,-6.212478798062193e-06,False,False,False
ces,alpha,rho,0.05,-0.7,17,2000140,50,0.1,0.01,0.028792168030794187,-0.8,-40.54305126331003,0.2829707528113352,True,True,True,0.2344023342815075,0.2353282458366889,0.23532343930952979,4.244764666371354,4.243077600624979,4.243086456996732,5.795071568548087e-05,4.1322304385498116e-08,0.001989779210667564,-1.0228711715853933e-05,False,False,False
ces,alpha,rho,0.05,-0.7,18,2000141,50,0.1,0.01,0.06745695524350126,-0.158509921022531,-40.39878056206892,6.3105086095257095e-06,True,True,True,1.0537614397348312,1.0539221725695354,1.0539232870787036,3.360124116893278,3.3600659634427554,3.360065500239522,1.8827882367533133e-05,1.2858096399639795e-08,8.609340767407048e-05,5.242041751785109e-07,False,False,False
ces,alpha,rho,0.05,-0.7,19,2000142,50,0.1,0.01,0.03687237033170862,-0.8,-50.82852922702868,0.11519873549242736,True,True,True,0.21859254293892222,0.2186969013876237,0.21869352325987912,4.237485433884601,4.237303102848708,4.237309796776323,5.7699781199337245e-05,4.233358827905574e-08,0.0002596404797614582,-7.74006948489614e-06,False,False,False
ces,alpha,rho,0.05,-0.3,0,2010123,50,0.1,0.01,0.06748287624222997,-0.03579900720774517,-52.47393606634922,6.895161953317499e-06,True,True,True,1.9039330747800176,1.90869551670017,1.9086981833916374,3.180269794374124,3.1791942325584728,3.1791936233989415,2.2404669919471704e-05,1.2660583166095352e-08,0.0012606567281352454,6.958059444173159e-07,False,False,False
ces,alpha,rho,0.05,-0.3,1,2010124,50,0.1,0.01,0.05030229355225007,-0.462366297211781,-39.3197273882778,1.4009228950923778e-06,True,True,True,0.9226835916098447,0.9229930663520083,0.922990252218019,3.550582572703332,3.5504579066794846,3.5504592199552234,4.862781972898459e-05,3.605403956747873e-08,0.00019028696137723955,-1.5369622161642837e-06,False,False,False
ces,alpha,rho,0.05,-0.3,2,2010125,50,0.1,0.01,0.050604832049243244,-0.49128938011967926,-49.68707104967268,4.346850807908613e-06,True,True,True,0.5347403570701639,0.5348282308066362,0.5348253255018668,3.7396462024543626,3.739593128508995,3.7395954778869203,4.236870622622311e-05,3.19230192481607e-08,0.00010048517409444457,-2.727413750847063e-06,False,False,False
ces,alpha,rho,0.05,-0.3,3,2010126,50,0.1,0.01,0.021308502526763667,-0.5359895543123573,-43.62958892390345,1.886654876256397e-06,True,True,True,0.2333518174689543,0.2342457381005795,0.23424546987920009,4.378367907886231,4.3767318070490235,4.376732291528235,5.659742053927252e-05,4.27584366413186e-08,0.001939248218363332,-5.8726607932158e-07,False,False,False
ces,alpha,rho,0.05,-0.3,4,2010127,50,0.1,0.01,0.051405396067835646,0.8,-46.11101443658818,0.6412500575348518,False,False,False,-0.025226786979757356,-0.025349726336233423,-0.025350272437057023,inf,inf,inf,2.4445674530975725e-06,3.1371868422932246e-09,nan,nan,False,False,True
ces,alpha,rho,0.05,-0.3,5,2010128,50,0.1,0.01,0.048966021753683864,-0.8,-40.86182710705647,0.4984851466437044,True,True,True,0.34109266731712135,0.34125377005743773,0.3412537653099663,3.875290085795432,3.8751055241144834,3.875105518802992,4.7419076113381786e-05,3.347256691497655e-08,0.00025969768209677113,-2.0026931224492728e-08,False,False,False
ces,alpha,rho,0.05,-0.3,6,2010129,50,0.1,0.01,0.06897426347694935,0.019382943741080374,-35.77307766481089,2.0521370978724532e-05,True,True,True,0.8443842007607053,0.8501553934414864,0.8501315423142153,3.4556313581077864,3.4526803904461763,3.4526925549363288,1.7881811220122818e-05,4.9293826279051876e-08,0.0034000657989281535,-1.4050527532560864e-05,False,False,False
ces,alpha,rho,0.05,-0.3,7,2010130,50,0.1,0.01,0.02,-0.8,-43.5533955673267,0.29199108832014437,False,False,False,-0.15768662906170747,-0.15736798017843165,-0.15737011550493146,inf,inf,inf,6.250956277245533e-05,5.7289368490736826e-08,nan,nan,False,False,True
ces,alpha,rho,0.05,-0.3,8,2010131,50,0.1,0.01,0.04983872302133394,0.8,-39.59352125209847,0.6922819047204162,True,True,True,0.6369108911473788,0.6367826339722753,0.6367823038877682,3.5410276200974398,3.541114918204659,3.5411151430095744,5.798652021316859e-07,1.6992949162515403e-09,-0.00010114797874649639,-2.5954683735562867e-07,False,False,False
ces,alpha,rho,0.05,-0.3,9,2010132,50,0.1,0.01,0.03650932875036711,0.30057722632826767,-48.29944622756775,9.394563384479304e-06,True,True,True,0.414709366914434,0.41468229263117073,0.4146873371768711,3.594832513806683,3.5948629283941322,3.5948576467614255,5.054679601911282e-06,6.3036385326351135e-09,-2.4186934140857375e-05,6.084066363598595e-06,False,False,False
ces,alpha,rho,0.05,-0.3,10,2010133,50,0.1,0.01,0.0488343139922086,-0.4743511067507498,-39.01142345496648,5.744847872662174e-06,True,True,True,0.48192115139788144,0.48251622778698927,0.48251786447989314,3.7305929489131078,3.730075356026391,3.7300738736925747,4.2521859752429956e-05,3.169410105474502e-08,0.0006398231325164261,1.6853899396096494e-06,False,False,False
ces,alpha,rho,0.05,-0.3,11,2010134,50,0.1,0.01,0.04768325089086868,0.8,-50.293272860739336,0.5519121444660225,True,True,True,0.5292432108973232,0.5293838122646786,0.5293796919678879,3.553059886655603,3.5529440103556835,3.552947390062124,1.1976291487397175e-06,2.4698032800509014e-09,0.00012832994648448448,-3.8921932272728554e-06,False,False,False
ces,alpha,rho,0.05,-0.3,12,2010135,50,0.1,0.01,0.02,-0.8,-42.53668466810617,12.587443537597178,True,True,True,0.030884041027223294,0.03104477755242427,0.03103806541224847,4.903623896505143,4.901392559077866,4.901486450508714,5.333401869591637e-05,4.78878579506588e-08,0.0025139632167423542,-0.00010813522332853154,False,False,False
ces,alpha,rho,0.05,-0.3,13,2010136,50,0.1,0.01,0.06303529714109725,0.6056522074542903,-45.89543897958934,7.885719997073926e-06,True,True,True,1.0111327906634473,1.0112460321100565,1.0112451520173877,3.3151416233067468,3.3150926616116547,3.315093039351353,7.54673182587592e-07,2.4200252804810965e-09,5.518371157364754e-05,-4.35416666277888e-07,False,False,False
ces,alpha,rho,0.05,-0.3,14,2010137,50,0.1,0.01,0.09588481131340044,-0.3241761029329416,-48.28728654894328,7.593587869250943e-07,True,True,True,1.8091289846475995,1.8102199451135588,1.8102169551964478,3.1383571872455494,3.138108480000738,3.1381091921121795,3.0420537166993812e-05,1.8540559860700967e-08,0.00031568239460710856,-8.318399693507672e-07,False,False,False
ces,alpha,rho,0.05,-0.3,15,2010138,50,0.1,0.01,0.02,-0.8,-50.635247775894136,24.389465912530163,True,True,True,0.3455478731538973,0.3459406194103079,0.345940365548433,4.257925582245302,4.2574680393959765,4.257468329495754,8.269328637328662e-05,8.019890967144532e-08,0.0006087790549997862,-3.9984134048154374e-07,False,False,False
ces,alpha,rho,0.05,-0.3,16,2010139,50,0.1,0.01,0.08417086862011969,0.1071376204900466,-46.57069550931811,1.0264174104050188e-05,True,True,True,2.2047246621119845,2.2073000714854483,2.2072960400111787,3.1850240575188655,3.184525375091072,3.184526165508192,1.971970387292475e-05,1.3154968946916147e-08,0.0005924044491649738,-9.164281493667659e-07,False,False,False
ces,alpha,rho,0.05,-0.3,17,2010140,50,0.1,0.01,0.0984165336043035,0.47627305483521054,-44.62550999991249,3.7929890010373666e-06,True,True,True,3.2509230714487756,3.2501064485477995,3.250101196813018,2.8280118934261975,2.828121699480331,2.8281224015093227,1.701121855928353e-06,4.204072481709114e-09,-0.00012561752903650358,-8.076260300526883e-07,False,False,False
ces,alpha,rho,0.05,-0.3,18,2010141,50,0.1,0.01,0.04806911778954836,-0.8,-45.428519100757995,1.277867486672196,True,True,True,1.2190821132521903,1.2198009677061104,1.2197945213468186,3.550432319971134,3.550203389549695,3.5502056652892358,6.255158531137237e-05,5.360835681415741e-08,0.0003232641996504526,-2.664735212931646e-06,False,False,False
ces,alpha,rho,0.05,-0.3,19,2010142,50,0.1,0.01,0.04967701213990027,0.8,-38.18872042002047,1.1164005755413287,True,True,True,0.6015390404894984,0.6013894197692948,0.6013895333512508,3.4968529320971817,3.49696049539963,3.496960413001673,1.1591195106275327e-06,9.784693360062454e-10,-0.00012482996641693944,9.400173439644277e-08,False,False,False
ces,alpha,rho,0.05,-0.1,0,2020123,50,0.1,0.01,0.05190920774948408,-0.3659353476506657,-47.63833592948292,6.542879527838618e-07,True,True,True,0.7260061699557245,0.7260544864099141,0.7260481631897632,3.5171522756541442,3.5171331572246367,3.517136935140869,2.265039341158271e-05,1.6877576451579017e-08,4.0178337251006724e-05,-4.359567135736597e-06,False,False,False
ces,alpha,rho,0.05,-0.1,1,2020124,50,0.1,0.01,0.048469257173284847,-0.47805301441936515,-48.79667750398379,2.6947936294925404e-06,True,True,True,0.3594648866489989,0.36000955775972615,0.3600089077730345,3.906707603429009,3.90606733777232,3.9060681150254783,4.011181848836353e-05,2.4556943134501187e-08,0.0007760370773581826,-9.106265110858658e-07,False,False,False
ces,alpha,rho,0.05,-0.1,2,2020125,50,0.1,0.01,0.09778956092006706,0.06921673118542516,-41.664087150765454,1.4173539978805333e-05,True,True,True,0.8231121107147835,0.8219579441314829,0.8219676692588425,3.0670990612324602,3.0677055364182286,3.067700388367319,7.797817588143703e-06,2.4442412001601356e-08,-0.0006990474812269554,5.904677891521715e-06,False,False,False
ces,alpha,rho,0.05,-0.1,3,2020126,50,0.1,0.01,0.02902388700739227,-0.5839050337497306,-39.89517878959797,1.3724813485586624e-05,True,True,True,0.37053706979305845,0.37079935579870793,0.37080227086749623,3.991260089649187,3.99097475145382,3.990971325807427,5.08719138125435e-05,3.7056761471390424e-08,0.0003830130986628433,3.917627914518107e-06,False,False,False
ces,alpha,rho,0.05,-0.1,4,2020127,50,0.1,0.01,0.02323665686654467,0.8,-40.30442528080713,0.0047426347294899735,True,True,True,0.04198732980812504,0.0423587958361506,0.04235590569256203,4.525284620889006,4.5214587159636475,4.5214883482828645,1.3110035830107757e-06,2.5645915997924015e-09,0.004369339130889216,-3.4116929136018825e-05,False,False,False
ces,alpha,rho,0.05,-0.1,5,2020128,50,0.1,0.01,0.04574449765695006,-0.5655732446670707,-44.15201894389507,1.1393522303380377e-05,True,True,True,0.6446335636108012,0.6451174466918449,0.6451157488219759,3.738392098259564,3.7380906517655923,3.7380917809553424,5.657033788601285e-05,4.3735896700629703e-08,0.00040196623708510515,-1.33185287154447e-06,False,False,False
ces,alpha,rho,0.05,-0.1,6,2020129,50,0.1,0.01,0.02,0.8,-45.393296139478714,53.302506464046836,True,True,True,0.2145668441404861,0.21455919362825757,0.21456527703353365,3.939771940036471,3.939786303357847,3.9397739906971156,3.069309932928182e-06,3.822573637402965e-09,-4.9427002792867825e-06,1.4177162952933031e-05,False,False,False
ces,alpha,rho,0.05,-0.1,7,2020130,50,0.1,0.01,0.040402327905801325,0.8,-47.70924799885902,1.027385778229736,False,False,False,-0.21200322469614127,-0.21186193751641716,-0.2118608085287912,inf,inf,inf,5.610030213467095e-07,1.4579404357649785e-09,nan,nan,False,False,True
ces,alpha,rho,0.05,-0.1,8,2020131,50,0.1,0.01,0.0417789720300215,-0.02652575799327317,-37.575628586330694,6.440083176906145e-06,True,True,True,0.6827104410789767,0.6825562033702178,0.6825302945325469,3.4076140920035876,3.4077166184750953,3.407733091018184,1.0127694538002394e-05,3.514642938389933e-08,-0.00012690176376395357,-1.8994545428085985e-05,False,False,False
ces,alpha,rho,0.05,-0.1,9,2020132,50,0.1,0.01,0.05077125885278651,0.8,-47.86320819075314,0.06239513496787477,True,True,True,1.2189903570816918,1.2190945650017344,1.2190911438163743,3.1954886904874935,3.1954510723461946,3.19545229019919,1.2126965450918477e-06,2.8310449821068526e-09,4.0769703566923e-05,-1.4042319023133132e-06,False,False,False
ces,alpha,rho,0.05,-0.1,10,2020133,50,0.1,0.01,0.07636547034122704,0.3220943946938895,-46.09873469853583,1.5602885900239557e-05,True,True,True,1.4098361687190943,1.4100080683233067,1.4100039533253965,3.070304523089774,3.07025437550265,3.0702556416845126,6.7353790280356225e-06,6.926349776384925e-09,6.272612407087763e-05,-1.4606800462502179e-06,False,False,False
ces,alpha,rho,0.05,-0.1,11,2020134,50,0.1,0.01,0.056062548992894944,-0.8,-54.87142227388453,0.2918912653184548,True,True,True,0.6439698730356452,0.6442102131856229,0.644209615056625,3.669773174260285,3.6696333675251513,3.6696337585358267,5.142979701826886e-05,3.521989303985029e-08,0.0002117100686191975,-4.783014233566973e-07,False,False,False
ces,alpha,rho,0.05,-0.1,12,2020135,50,0.1,0.01,0.10420407374142683,0.13261346995422335,-48.6645596290184,5.330136225744293e-07,True,True,True,3.3573254302737325,3.3576806958097913,3.3576824287240927,2.759234079153415,2.759189869507847,2.759189642744868,4.0347136670686e-06,8.384811739444774e-09,5.516922207959851e-05,2.5503389622372197e-07,False,False,False
ces,alpha,rho,0.05,-0.1,13,2020136,50,0.1,0.01,0.051673002192468113,0.8,-51.04953603148202,0.02479994651404001,True,True,True,0.7827794588366743,0.7828399993736814,0.7828330547012845,3.2626290414598036,3.2625951949141414,3.262599045625001,6.624156559722652e-07,6.667501079946966e-09,3.393234018744806e-05,-4.437870792628473e-06,False,False,False
ces,alpha,rho,0.05,-0.1,14,2020137,50,0.1,0.01,0.07540516550348982,0.3164072307813486,-53.577150662993596,5.603711851964272e-06,True,True,True,1.8949269041270567,1.8953082439749132,1.8953118623180658,2.955676628896369,2.9555894749450426,2.9555886467730557,5.914714526875573e-07,6.128659058532868e-09,0.0001018382049338129,9.556353148809649e-07,False,False,False
ces,alpha,rho,0.05,-0.1,15,2020138,50,0.1,0.01,0.08195385582253954,0.8,-50.73906566393733,0.2272769279509436,True,True,True,1.2762819211849898,1.2763515147943967,1.2763500420252119,3.1208870925875773,3.120863513446558,3.120864014618874,1.0206459192300017e-06,1.6455565354042006e-09,2.680352807260533e-05,-5.768946635953398e-07,False,False,False
ces,alpha,rho,0.05,-0.1,16,2020139,50,0.1,0.01,0.045844416794919386,0.06511137821967151,-46.53403078396831,2.057078805087985e-05,True,True,True,0.4732544737890257,0.47282728588285333,0.4728004623810087,3.634486878493129,3.6348832396093504,3.634907875599123,9.606586767597214e-06,1.8165892980414333e-08,-0.00047510849116605414,-2.8368398780287407e-05,False,False,False
ces,alpha,rho,0.05,-0.1,17,2020140,50,0.1,0.01,0.04523827388951783,0.18066333872248067,-45.63318230498099,1.0320682766884037e-05,True,True,True,0.8407265247385047,0.8423217342895806,0.8423092311965894,3.443551172821549,3.44273263074056,3.442739073861975,1.1383975228711e-05,1.2886682648211429e-08,0.0009458128727786175,-7.425799743998596e-06,False,False,False
ces,alpha,rho,0.05,-0.1,18,2020141,50,0.1,0.01,0.02,-0.8,-37.0122951881866,1.1627400959840686,False,False,False,-0.014004551692597438,-0.013960126989557531,-0.013961823318047009,inf,inf,inf,6.966298084841858e-05,5.998856705168358e-08,nan,nan,False,False,True
ces,alpha,rho,0.05,-0.1,19,2020142,50,0.1,0.01,0.04574673046200466,-0.2292437106846492,-47.402346568523036,1.1637510051911591e-07,True,True,True,1.0100305959435176,1.0106349886592287,1.0106273682761922,3.4550058966779766,3.4547575692919583,3.4547608408908723,2.6695961796020283e-05,1.7352669336140354e-08,0.00030854041539640775,-3.7736541500521525e-06,False,False,False
ces,alpha,rho,0.05,0.3,0,2030123,50,0.1,0.01,0.06219524096220039,0.8,-25.425354726771968,0.5730927200375651,True,True,True,1.193474272141321,1.1940835134754744,1.1940791212824362,3.258022158184041,3.25779957849555,3.25780117397753,2.522519644459619e-06,5.056833810858117e-09,0.00025225111877347217,-1.8414366138586047e-06,False,False,False
ces,alpha,rho,0.05,0.3,1,2030124,50,0.1,0.01,0.02975542320273899,0.8,-43.55603702408208,0.09196067571289662,True,True,True,0.3524317854618408,0.35263251154175435,0.35262775018560283,3.6820930792878586,3.681844752867714,3.6818506168410456,2.8753868033737534e-06,3.0741174615533356e-09,0.00027673615793588624,-6.7512599244423654e-06,False,False,False
ces,alpha,rho,0.05,0.3,2,2030125,50,0.1,0.01,0.02107405583701004,0.8,-40.69201989232523,0.4429883234117134,False,False,False,-0.11438738277890269,-0.11424104090634044,-0.11424581715419686,inf,inf,inf,8.272675133150164e-07,2.534258173571441e-09,nan,nan,False,False,True
ces,alpha,rho,0.05,0.3,3,2030126,50,0.1,0.01,0.029998821602840165,0.8,-45.872587949474365,0.16648838408990588,True,True,True,0.24209365958711077,0.24199622490458872,0.24199614482690562,3.7878757574596627,3.788050927286534,3.7880510716102602,2.1055347908168174e-06,2.972468968260815e-09,-0.00020104093245976173,-1.6474589870085765e-07,False,False,False
ces,alpha,rho,0.05,0.3,4,2030127,50,0.1,0.01,0.02,-0.5146535563453176,-31.361689168948764,1.2681542393977638,True,True,True,0.1889777729018959,0.19007432281567024,0.19006355024272725,4.407384228638342,4.40489520231655,4.404919802866001,5.4951509869707344e-05,4.547103395314838e-08,0.00289181172472297,-2.8354759290749598e-05,False,False,False
ces,alpha,rho,0.05,0.3,5,2030128,50,0.1,0.01,0.14414639677549862,0.8,-43.384140143153246,3.3178183613922343,True,True,True,4.148806764400961,4.14842634503086,4.148429422583984,2.6396955274997755,2.639735549588583,2.6397352277372734,6.173847007236345e-07,2.607120149579335e-09,-4.524943896910827e-05,3.71315081793e-07,False,False,False
ces,alpha,rho,0.05,0.3,6,2030129,50,0.1,0.01,0.05718477283698091,0.7262834392920043,-37.89080938495322,3.4229230166712274e-06,True,True,True,1.0736421941679253,1.0737970255869147,1.0737944915091089,3.172180889244386,3.172117936045728,3.172118958976458,7.654828309787848e-07,4.814625782841117e-09,7.054119812721638e-05,-1.18223280054508e-06,False,False,False
ces,alpha,rho,0.05,0.3,7,2030130,50,0.1,0.01,0.07959769637449376,-0.10191404725164278,-45.095793321711035,1.0867646036506396e-06,True,True,True,2.2541116365097125,2.2540713800239716,2.254065538410835,2.9856259097316444,2.985640358466634,2.9856414808188436,1.5553461096061125e-05,1.3926976147059829e-08,-2.5240049978947354e-06,-1.299430657297762e-06,False,False,False
ces,alpha,rho,0.05,0.3,8,2030131,50,0.1,0.01,0.07755061075191388,0.5822723252347825,-48.321999215591156,3.826389734580363e-08,True,True,True,1.43370911868475,1.4338537481387135,1.4338552351441296,3.084296912966431,3.084253516354666,3.084253065054376,1.241250510853577e-06,3.6702453036390347e-09,5.142802888258302e-05,5.174899015969459e-07,False,False,False
ces,alpha,rho,0.05,0.3,9,2030132,50,0.1,0.01,0.04713717351295097,-0.09624275861233267,-44.48385717642797,4.873566991754437e-07,True,True,True,0.7793227719878314,0.7776092800446677,0.7776031603239981,3.4338371374879726,3.4348008327614674,3.4348042478494536,1.8098315641698873e-05,1.3412493683660797e-08,-0.0010955572113715561,-3.938182850049543e-06,False,False,False
ces,alpha,rho,0.05,0.3,10,2030133,50,0.1,0.01,0.028102571182596358,0.8,-42.900470248108775,0.4302574937449675,True,True,True,0.05981964753032251,0.06010414702439463,0.060103786788865556,4.571452381279982,4.569391588398634,4.569394191502968,5.472464520557022e-07,9.961962567860534e-10,0.002369108127574293,-2.996605367400207e-06,False,False,False
ces,alpha,rho,0.05,0.3,11,2030134,50,0.1,0.01,0.05770487717939123,0.8,-41.35831313703275,0.18372583810318288,True,True,True,1.0166722757907272,1.0168428190563032,1.0168430451703823,3.2558928895795733,3.2558196635694654,3.2558195659691194,9.140485649477055e-07,2.5461079552651644e-09,8.353792350845879e-05,1.1000218336221224e-07,False,False,False
ces,alpha,rho,0.05,0.3,12,2030135,50,0.1,0.01,0.06276419605296472,0.8,-35.14994622066118,0.9759153130197471,True,True,True,0.6942452244017274,0.6947572715529988,0.6947539000503958,3.408712587626108,3.408392227309681,3.408394334239849,6.046806124862092e-07,2.6015722415225597e-09,0.0003660320822618246,-2.427096490009717e-06,False,False,False
ces,alpha,rho,0.05,0.3,13,2030136,50,0.1,0.01,0.024305492701772846,0.015034489738234999,-49.94800202572843,1.697865098223037e-05,True,True,True,0.39348055254156195,0.3911588257113094,0.39118279033083264,3.6910393883942363,3.693619722302419,3.6935930752028763,2.715086570394246e-05,9.6327445192096e-08,-0.0029166591016220877,3.058521689780491e-05,False,False,False
ces,alpha,rho,0.05,0.3,14,2030137,50,0.1,0.01,0.05241249188646992,0.8,-44.1465865030172,0.4138909482967365,True,True,True,0.49266571692268873,0.4927697213865755,0.4927674157426641,3.577421501115759,3.5773291033573056,3.5773311348882033,1.8773860653374278e-06,1.7781816059106909e-09,0.00010236634056326466,-2.3400725837063874e-06,False,False,False
ces,alpha,rho,0.05,0.3,15,2030138,50,0.1,0.01,0.044774129546713434,-0.8,-44.465533957987596,0.06173972065535113,True,True,True,0.5963035594719509,0.5969406657199695,0.5969327856647627,3.7074668826682267,3.7070274998856694,3.707033217159596,5.636050318590154e-05,4.433725877628964e-08,0.0005553789853252056,-6.618566715133056e-06,False,False,False
ces,alpha,rho,0.05,0.3,16,2030139,50,0.1,0.01,0.031468407915567445,0.7987646555113411,-47.34121362051922,7.588649641906185e-06,True,True,True,0.31663815044696414,0.3168077143298929,0.3168061761089646,3.540203942212013,3.539970447523379,3.539972556438934,2.8952181101622166e-06,1.6885825049983056e-09,0.0002641216762739873,-2.4274101448895635e-06,False,False,False
ces,alpha,rho,0.05,0.3,17,2030140,50,0.1,0.01,0.07032677986346017,0.8,-41.58520251404122,0.1417980614679626,True,True,True,1.3952676259401675,1.3952209824144135,1.3952187749939213,3.1176442958156687,3.1176582783018514,3.1176589649274282,1.4256843165589187e-06,2.031151927333023e-09,-1.812405644585624e-05,-7.916239965766181e-07,False,False,False
ces,alpha,rho,0.05,0.3,18,2030141,50,0.1,0.01,0.02785150780108863,-0.8,-43.456293922019846,0.11683885862059493,True,True,True,0.19932908206646444,0.2000853940760486,0.2000800378227201,4.380454023208527,4.378847477767826,4.378859071513601,8.819843524224189e-05,8.95210954297465e-08,0.0019240819796166875,-1.342240193480393e-05,False,False,False
ces,alpha,rho,0.05,0.3,19,2030142,50,0.1,0.01,0.025429617660993702,0.3626585167407447,-47.829658881226585,2.338047782012211e-05,True,True,True,0.042654742238913954,0.04286462041561373,0.04287244888415521,4.626552332614086,4.624421605902858,4.6243422980370115,2.509058952054667e-06,7.082277569371565e-09,0.0025465487209714865,9.13091708341085e-05,False,False,False
ces,alpha,rho,0.05,0.7,0,2040123,50,0.1,0.01,0.0665207924770428,0.8,-39.81170071414031,1.1684589829417233,True,True,True,0.5945768591028511,0.5949572303730211,0.5949523993665924,3.507328596210302,3.5070502957690035,3.5070538215808984,1.3557324866997419e-06,2.943184733370965e-09,0.0003150639191318305,-4.060714225317952e-06,False,False,False
ces,alpha,rho,0.05,0.7,1,2040124,50,0.1,0.01,0.08589412688902683,0.5735205784226465,-43.520709793030285,6.124928870144399e-06,True,True,True,1.7141569403164194,1.7147342436126247,1.7147317231476968,3.0658657664983573,3.0657209347580543,3.0657215729154346,3.7096186741080393e-06,4.5301430263294575e-09,0.00016924997032674582,-7.351818638312579e-07,False,False,False
ces,alpha,rho,0.05,0.7,2,2040125,50,0.1,0.01,0.04415399589295382,0.8,-45.28097416496507,0.11132454267282248,True,True,True,0.7735217006011454,0.7735828162511676,0.7735794593904943,3.330494957678541,3.3304595880526824,3.330461471435687,2.9528874783125478e-06,3.749436127924283e-09,3.611465223940513e-05,-2.171052798871642e-06,False,False,False
ces,alpha,rho,0.05,0.7,3,2040126,50,0.1,0.01,0.025577855349439692,-0.33310469628603856,-46.04904285317668,2.1889007933981014e-05,True,True,True,0.28630349932926275,0.2876621419853039,0.2876519211671142,4.255365923902266,4.25332959685774,4.253345019929132,4.5934559644477114e-05,3.206521244398372e-08,0.0023720558158544236,-1.7774797768765893e-05,False,False,False
ces,alpha,rho,0.05,0.7,4,2040127,50,0.1,0.01,0.04864961169866771,0.8,-45.085163295128986,0.8247974250584797,True,True,True,0.0071464732096161165,0.0074727170169548544,0.007467028277649374,5.332930605493869,5.31354428626526,5.3138750257554745,1.8014018634030648e-06,4.5110559435077285e-09,0.021939574522406247,-0.0003807798634198889,False,False,False
ces,alpha,rho,0.05,0.7,5,2040128,50,0.1,0.01,0.07572906074033572,0.7423510572120443,-40.1730356760398,1.7266517430807132e-06,True,True,True,1.348278507769065,1.3481117925216397,1.3481084103780265,3.050399924749149,3.0504529608642708,3.050454049264518,1.7734179426568822e-06,3.514772048733229e-09,-6.385375030504292e-05,-1.2557366062537767e-06,False,False,False
ces,alpha,rho,0.05,0.7,6,2040129,50,0.1,0.01,0.06753401974168004,0.8,-45.504624796056056,0.5770513809387311,True,True,True,0.3449496560023807,0.34486997570029876,0.34486589279443763,3.8123396756563137,3.812440037259633,3.8124451787862244,5.844068132278604e-07,2.173335030678074e-09,-0.00012139186181059358,-5.919640479135069e-06,False,False,False
ces,alpha,rho,0.05,0.7,7,2040130,50,0.1,0.01,0.06284816943774349,-0.4012279803239068,-35.5372605352557,1.249525311313631e-07,True,True,True,0.5564489346375292,0.5566223543800153,0.5566152872211767,3.674128832060192,3.674006371673662,3.6740118811104545,2.9865942939301574e-05,1.886529343714048e-08,0.0001642644735113663,-6.35361268308543e-06,False,False,False
ces,alpha,rho,0.05,0.7,8,2040131,50,0.1,0.01,0.08100154182125334,0.6854884246769966,-51.8161132198663,2.287296553450328e-07,True,True,True,2.038842380957902,2.0387409177702946,2.038736746211508,2.9728875641731665,2.9729089816447596,2.9729098696817555,4.846466734110252e-07,2.833590360594075e-09,-2.6132315653626392e-05,-1.0237563543569195e-06,False,False,False
ces,alpha,rho,0.05,0.7,9,2040132,50,0.1,0.01,0.05555604244165905,-0.17507994548627487,-44.12885238029955,3.372004432961938e-06,True,True,True,0.5887383899732108,0.58850964191078,0.5885169027715661,3.5329969477077827,3.533174477715299,3.5331691176585185,2.0340614704915335e-05,1.2426197686678028e-08,-0.00017805928973047003,6.166639607840807e-06,False,False,False
ces,alpha,rho,0.05,0.7,10,2040133,50,0.1,0.01,0.04753838564293679,0.8,-43.32600143114809,0.6113126610229132,True,True,True,0.44323566572108436,0.44343311752827275,0.4434288656312985,3.581095410952843,3.5809019922895398,3.580906155210528,6.939514593049139e-07,4.083847892387034e-09,0.00021790160204204767,-4.795892948550318e-06,False,False,False
ces,alpha,rho,0.05,0.7,11,2040134,50,0.1,0.01,0.051958695374044656,0.8,-51.58563862252473,0.33822773206260764,True,True,True,1.0916261643711263,1.0913054127666197,1.0913089596621086,3.3242293696730543,3.3243567341116464,3.324355322988946,6.297674147743793e-07,2.133450202528201e-09,-0.0001456130927621757,1.6255197721193326e-06,False,False,False
ces,alpha,rho,0.05,0.7,12,2040135,50,0.1,0.01,0.06516678108048839,0.8,-48.314002038321284,0.6038183145418338,True,True,True,1.2843262428615303,1.2846452127303825,1.284644292688366,3.206255882506164,3.206146960298042,3.206147271800876,2.9746262931737212e-06,1.6851051992561058e-09,0.00012256608327021468,-3.5755310534568707e-07,False,False,False
ces,alpha,rho,0.05,0.7,13,2040136,50,0.1,0.01,0.03457146322750097,0.6531211302849225,-54.536481774639576,5.581450004509012e-06,True,True,True,0.30641022310147586,0.3066685296755843,0.3066667079106094,3.730073766178108,3.729706332415933,3.7297089126280296,3.573152628845201e-06,1.6156202251494692e-09,0.0004166601697903616,-2.969940560149098e-06,False,False,False
ces,alpha,rho,0.05,0.7,14,2040137,50,0.1,0.01,0.07973641858173736,-0.8,-50.36869279035422,0.4340710724543935,True,True,True,0.8008706044188478,0.800977841514273,0.8009739146352669,3.229945975247644,3.2298994262097267,3.229901548347643,2.676308721294238e-05,2.01783111262544e-08,7.784071012650884e-05,-2.4594167413738433e-06,False,False,False
ces,alpha,rho,0.05,0.7,15,2040138,50,0.1,0.01,0.06944180234353106,0.8,-49.08706353445065,0.2561622451936082,True,True,True,1.5995577239934406,1.599553940256478,1.5995560403486124,3.0403732677249242,3.040373279369589,3.040372708896787,2.8314718878658185e-06,1.747253883879744e-09,-1.6959441921926555e-06,6.561416654449204e-07,False,False,False
ces,alpha,rho,0.05,0.7,16,2040139,50,0.1,0.01,0.05056767551523234,0.8,-47.062863650387605,0.14543236670459514,True,True,True,0.5113428654856341,0.511748897174591,0.5117441090137679,3.519651816648809,3.519306567012148,3.519310629777785,1.2838164355122056e-06,3.2798177247058253e-09,0.0003915722768397245,-4.67907732115691e-06,False,False,False
ces,alpha,rho,0.05,0.7,17,2040140,50,0.1,0.01,0.03187999392539682,-0.7951181751637657,-49.3585827867956,3.333129011796719e-06,True,True,True,0.22949143038827882,0.22950603266991065,0.22950749103648552,4.003701958430938,4.003700192851912,4.00369741498234,5.9768659318466645e-05,5.1922266048423125e-08,6.475036390440891e-05,3.1562106954652336e-06,False,False,False
ces,alpha,rho,0.05,0.7,18,2040141,50,0.1,0.01,0.030171576882624868,0.8,-45.441045048646494,0.22464491071452736,True,True,True,0.18735648528664814,0.18753216807720838,0.1875295407340641,4.01887588714473,4.018468573368969,4.018474658121432,6.302667642634575e-07,1.6452259051401388e-09,0.0004613110696496392,-7.004861132031692e-06,False,False,False
ces,alpha,rho,0.05,0.7,19,2040142,50,0.1,0.01,0.05628502980976789,0.8,-44.54369490118005,0.35648349340844016,True,True,True,0.7480095748523037,0.7481052188460292,0.7481083926685288,3.4008440151915464,3.400787382103748,3.400785540144151,3.0941472027751945e-06,2.4982928862498604e-09,6.477707724172888e-05,2.121838072355331e-06,False,False,False
ces,alpha,rho,0.25,-0.7,0,2050123,50,0.1,0.01,0.20584160651355587,-0.7109977442923446,-42.94663929729885,5.86695463919857e-06,True,True,True,7.818692608141583,7.819163936279219,7.819159539897621,2.5277917837116877,2.5277850894053007,2.527785322197167,4.494503571388404e-05,2.9194680388527903e-08,5.227905086968576e-05,-2.942458650068147e-07,False,False,False
ces,alpha,rho,0.25,-0.7,1,2050124,50,0.1,0.01,0.2409235952925468,-0.22779893893597505,-52.94418046886977,7.292073561790366e-06,True,True,True,5.821957368059628,5.8220732352054485,5.822070967862366,2.448228875334956,2.4482298612140005,2.4482300275154762,2.2245500868192605e-05,1.0147451153862333e-08,2.083861060242498e-05,-1.9797754902128872e-07,False,False,False
ces,alpha,rho,0.25,-0.7,2,2050125,50,0.1,0.01,0.24481914897325627,-0.8,-40.054099060854774,1.047268693111127,True,True,True,5.865024982000621,5.865796705879588,5.8657927494099384,2.6694431162458883,2.669403113537355,2.669403398404377,3.95436120505366e-05,2.0912789926259415e-08,8.517065421642656e-05,-3.4653320568622803e-07,False,False,False
ces,alpha,rho,0.25,-0.7,3,2050126,50,0.1,0.01,0.24527337187513745,-0.8,-46.45823106927432,3.2994994363377885,True,True,True,9.752877404205913,9.75305430094923,9.753052339589148,2.2759243899707204,2.275930377892597,2.2759304564741925,3.190739304768664e-05,2.2041845974909564e-08,2.4920956484209e-05,-1.1063175264780511e-07,False,False,False
ces,alpha,rho,0.25,-0.7,4,2050127,50,0.1,0.01,0.23846981206651768,-0.26004608905323373,-33.97349935896403,1.1864651559033772e-05,True,True,True,11.01491293433132,11.014501562643607,11.014493364304839,2.346740630786009,2.3467644496071873,2.34676476959054,1.7494025985937335e-05,1.1650669251964348e-08,-1.0300988524392096e-05,-3.7592809221109746e-07,False,False,False
ces,alpha,rho,0.25,-0.7,5,2050128,50,0.1,0.01,0.22207468906695219,-0.8,-42.552056132043,3.615884214285782,True,True,True,7.682396843702085,7.68237341523572,7.682367301006115,2.441449638861912,2.4414657561976867,2.4414660932122336,3.407087084470451e-05,2.2108184180975125e-08,1.5098258423051902e-05,-4.078756674630313e-07,False,False,False
ces,alpha,rho,0.25,-0.7,6,2050129,50,0.1,0.01,0.2596920909986699,-0.4384222463742066,-45.04216263967312,5.549667416686752e-06,True,True,True,10.621787443978276,10.621494660527171,10.621491943920649,2.3265147884866697,2.326536769138443,2.3265368753299382,2.3040415287076774e-05,1.4033407017579728e-08,-2.3921507548152476e-06,-1.3350755523333646e-07,False,False,False
ces,alpha,rho,0.25,-0.7,7,2050130,50,0.1,0.01,0.26891991097401563,-0.5968000155647,-51.09831201770414,5.13794872132477e-06,True,True,True,6.655909072986026,6.6558491578994285,6.655847869437473,2.381940327918407,2.3819484925438466,2.381948572756809,9.868842092309669e-06,1.0537073632862611e-08,2.968084231724788e-07,-1.0123484628365986e-07,False,False,False
ces,alpha,rho,0.25,-0.7,8,2050131,50,0.1,0.01,0.2528569686967965,-0.4990048141985672,-30.489303561180726,3.2921619599872374e-06,True,True,True,7.4262540447060745,7.42575191890692,7.425751948055438,2.4211315362431867,2.4211719355969517,2.4211719291088967,2.540727218879068e-05,1.310041014194821e-08,-2.1109305876620965e-05,-3.544322169091174e-09,False,False,False
ces,alpha,rho,0.25,-0.7,9,2050132,50,0.1,0.01,0.2744953897702563,-0.36437685708187295,-49.90324109077333,7.97006794804957e-06,True,True,True,9.294043547869757,9.293797685546542,9.29380118480627,2.2936085069932863,2.29362516707882,2.293625000782944,1.1929033652421279e-05,8.438457181811667e-09,-7.0884093048562136e-06,1.8506032262166627e-07,False,False,False
ces,alpha,rho,0.25,-0.7,10,2050133,50,0.1,0.01,0.22922754355613334,-0.6514592112260899,-47.707090701061134,1.0740717796289072e-06,True,True,True,5.904128328687371,5.903611900576689,5.903615683100802,2.3651083486879605,2.365152272454612,2.3651519915383092,1.3721802183622047e-05,8.947647416572954e-09,-3.658640871861962e-05,3.1729648952705247e-07,False,False,False
ces,alpha,rho,0.25,-0.7,11,2050134,50,0.1,0.01,0.2579809322429358,-0.49506130493444883,-45.593372203214905,8.055528162722301e-06,True,True,True,8.298742823698175,8.298753237852061,8.298752032407988,2.3992664506876533,2.399278583138312,2.3992786395804226,2.9195890933341554e-05,1.764349963180133e-08,1.5142631966114095e-05,-8.02746740191651e-08,False,False,False
ces,alpha,rho,0.25,-0.7,12,2050135,50,0.1,0.01,0.20852772249669188,-0.7616837395260934,-39.339139300602085,5.680633641844201e-06,True,True,True,10.078617864467693,10.078942519727324,10.078937219615185,2.3749284254930703,2.3749320554997277,2.374932272233201,4.058527350145582e-05,2.9186132794798718e-08,3.611462425112677e-05,-2.763364506108701e-07,False,False,False
ces,alpha,rho,0.25,-0.7,13,2050136,50,0.1,0.01,0.24295205263107827,-0.46248439478917514,-40.01157249330427,9.872006245932384e-07,True,True,True,5.451493594975038,5.451210024114026,5.451206736904674,2.473671130934039,2.4736996234545865,2.4736998833059336,1.358430206687425e-05,8.22621388181396e-09,-1.9519080602492522e-05,-3.03859053474298e-07,False,False,False
ces,alpha,rho,0.25,-0.7,14,2050137,50,0.1,0.01,0.2567638486215191,-0.8,-44.49349669192518,2.7958346500321904,True,True,True,6.766451140209063,6.766738811734861,6.766735253502737,2.437441956057093,2.437438401436178,2.437438621659661,3.434397942443135e-05,2.043016510121867e-08,3.814877523922178e-05,-2.722999852267094e-07,False,False,False
ces,alpha,rho,0.25,-0.7,15,2050138,50,0.1,0.01,0.2296425043717796,-0.5243699357783362,-38.85287722050736,2.679650630900181e-07,True,True,True,6.603417725335712,6.603339062603022,6.603340453595882,2.293666868346006,2.2936785740615453,2.2936784770993324,1.5076427494500588e-05,1.4481761503991886e-08,1.6632229602464577e-06,9.901802400236193e-08,False,False,False
ces,alpha,rho,0.25,-0.7,16,2050139,50,0.1,0.01,0.24626639415076898,-0.8,-47.60600238670038,0.0715570219448879,True,True,True,7.951991791579485,7.951893229862707,7.9518907180420095,2.3373494265863526,2.337365205198751,2.337365335624952,2.392639521642504e-05,1.7263700296173112e-08,5.605408745168461e-06,-1.6571840433243779e-07,False,False,False
ces,alpha,rho,0.25,-0.7,17,2050140,50,0.1,0.01,0.23680027003568258,-0.8,-38.7327866075072,2.2151603644812874,True,True,True,7.779055193179489,7.778962075209467,7.77895997316241,2.362856454018268,2.3628733321839563,2.362873441279844,2.6873580020884443e-05,2.071947671314517e-08,7.316669474732862e-06,-1.446207988919923e-07,False,False,False
ces,alpha,rho,0.25,-0.7,18,2050141,50,0.1,0.01,0.2476945912639788,-0.5566608986851074,-45.924289739987,6.112134911275648e-06,True,True,True,4.552721133132932,4.552721094401459,4.552718795534494,2.5969117038657306,2.5969256436868022,2.5969258568985043,3.215618635181425e-05,1.6551267682559017e-08,1.5780830182166028e-05,-2.594745893702566e-07,False,False,False
ces,alpha,rho,0.25,-0.7,19,2050142,50,0.1,0.01,0.24179809807333963,-0.8,-44.605171220832624,2.7172944179329916,True,True,True,7.749006537501265,7.749423952295875,7.749423611238111,2.506594070619491,2.5065912323494977,2.5065912397834644,4.7417865998811876e-05,2.8898522176466814e-08,5.056229671396295e-05,-3.545205373711724e-08,False,False,False
ces,alpha,rho,0.25,-0.3,0,2060123,50,0.1,0.01,0.23302192401321647,-0.3489783537121005,-48.631476650521634,5.809311543899076e-06,True,True,True,4.519316102107827,4.5197487787707935,4.519739050620211,2.510966991962339,2.510935324455904,2.510936253293037,2.284703324122622e-05,1.6737382443186652e-08,5.819326003830838e-05,-1.0830043848386595e-06,False,False,False
ces,alpha,rho,0.25,-0.3,1,2060124,50,0.1,0.01,0.27914213250094155,0.027705318062822604,-36.04835676638815,1.433678225910472e-05,True,True,True,12.85069817939925,12.863829947591272,12.863694873744178,2.1551980026531723,2.1547577422864754,2.1547622937660647,1.037828033214226e-05,7.624085063497371e-08,0.000509221476931998,-5.260252997629777e-06,False,False,False
ces,alpha,rho,0.25,-0.3,2,2060125,50,0.1,0.01,0.24102320132152238,-0.2632795513392713,-53.06010052436445,2.648640378367695e-06,True,True,True,10.995936703759503,10.996175610310448,10.996172619144605,2.398682978895276,2.3986843644092457,2.3986844785266785,2.4959307839229635e-05,1.3834671001682474e-08,2.3181062694277443e-05,-1.4063622444382418e-07,False,False,False
ces,alpha,rho,0.25,-0.3,3,2060126,50,0.1,0.01,0.2885293754910826,-0.11261680819398158,-45.79085815153814,1.6593911362613514e-06,True,True,True,11.611413246130306,11.612765628449173,11.612757474490069,2.2191579347284813,2.2191118925643396,2.2191121926516564,1.0459861468912064e-05,1.4020729940564023e-08,6.309863841380547e-05,-3.5666675302081785e-07,False,False,False
ces,alpha,rho,0.25,-0.3,4,2060127,50,0.1,0.01,0.28949850864067256,0.09585717244269501,-40.6205936280352,9.100080350550809e-07,True,True,True,8.639512746989215,8.640006037554969,8.63999288192114,2.222804476698921,2.222782551379895,2.222783206030137,6.613691270028316e-06,1.9477678134308552e-08,3.1084000170267245e-05,-7.689489507356484e-07,False,False,False
ces,alpha,rho,0.25,-0.3,5,2060128,50,0.1,0.01,0.2665721432071618,-0.22100695095631226,-37.9617948146809,6.074072405161062e-06,True,True,True,10.12398783775202,10.123919404272302,10.123915370051824,2.2948987188495624,2.2949105944446346,2.2949107637252935,2.0591311694927752e-05,1.2512151780128994e-08,6.709130751403336e-06,-2.0359257746349613e-07,False,False,False
ces,alpha,rho,0.25,-0.3,6,2060129,50,0.1,0.01,0.25706791703222576,0.09335155418263838,-37.88968913318945,1.2313871662579253e-05,True,True,True,11.062486044921169,11.060444303418695,11.060434071939161,2.28643944443986,2.286524775129917,2.2865251775738447,1.1956002836866223e-05,8.579967908319618e-09,-8.680260423687969e-05,-4.617211430968382e-07,False,False,False
ces,alpha,rho,0.25,-0.3,7,2060130,50,0.1,0.01,0.2734140576104071,-0.21475452293772573,-43.76561601086525,3.0278313670421103e-06,True,True,True,12.155409112646945,12.156161057138894,12.156159709574682,2.2043349676200847,2.2043107076785966,2.2043107553241033,6.309000988845503e-06,4.286441515186668e-09,3.387269179455643e-05,-5.6000509118803166e-08,False,False,False
ces,alpha,rho,0.25,-0.3,8,2060131,50,0.1,0.01,0.22310495989699985,-0.37760659118852097,-40.89372694703242,4.679033165719961e-06,True,True,True,3.292444337226936,3.2922986582411347,3.29229584092843,2.6992063642224657,2.699236649413378,2.6992370174739544,2.556262162912202e-05,1.2141925981545283e-08,-9.812301136946644e-06,-4.319831390375839e-07,False,False,False
ces,alpha,rho,0.25,-0.3,9,2060132,50,0.1,0.01,0.2012265699452582,-0.5346201432510223,-51.137994262811176,6.873524132318719e-06,True,True,True,5.886050560830821,5.886055801469869,5.886054778275235,2.566789629945133,2.566803246926208,2.566803317048926,3.23096642133807e-05,1.6244470737064656e-08,1.6474375478026104e-05,-9.310191018130354e-08,False,False,False
ces,alpha,rho,0.25,-0.3,10,2060133,50,0.1,0.01,0.20314160665393485,-0.8,-46.78954116843271,0.18533897630187118,True,True,True,4.046382860969099,4.046906196098337,4.046903625695039,2.646903726960885,2.646866810881584,2.646867075461704,4.4424857439615396e-05,2.8478566417346488e-08,8.649394773385666e-05,-3.3054375592200813e-07,False,False,False
ces,alpha,rho,0.25,-0.3,11,2060134,50,0.1,0.01,0.2820425479114812,0.014434075040333031,-45.538825611163205,1.6590779185963566e-05,True,True,True,18.275879349643418,18.291830945117063,18.29173686386751,2.1916330451543526,2.1912634679450607,2.19126568804607,2.284699806051429e-05,5.012548082881156e-08,0.00044436277360659915,-2.5873753415339706e-06,False,False,False
ces,alpha,rho,0.25,-0.3,12,2060135,50,0.1,0.01,0.29690920063479437,-0.20185671040842423,-45.81506120342163,1.2016074947398265e-05,True,True,True,10.472207645255377,10.472570147780692,10.472560440831652,2.2209033460505045,2.2208917394979073,2.220892135542281,7.927574960084137e-06,1.6810109960965623e-08,2.0781607119602086e-05,-4.709302174887853e-07,False,False,False
ces,alpha,rho,0.25,-0.3,13,2060136,50,0.1,0.01,0.25282094761252016,-0.5453754342362467,-47.449822412775525,2.499050622627262e-07,True,True,True,9.363386966693342,9.363196876849933,9.363196108218041,2.209419269398633,2.209437711704276,2.209437740722955,2.215186987859727e-05,1.6749491612919315e-08,8.82203394780845e-07,-4.8681769726499624e-08,False,False,False
ces,alpha,rho,0.25,-0.3,14,2060137,50,0.1,0.01,0.27577726407006437,-0.10750301937256451,-46.773707902496724,4.503030602226057e-06,True,True,True,14.382483497876759,14.383480139160692,14.383465104352359,2.2522289216252713,2.2522090392874214,2.252209488050257,2.3610839470507264e-05,1.640792838249051e-08,4.5874078452357026e-05,-5.286263089487875e-07,False,False,False
ces,alpha,rho,0.25,-0.3,15,2060138,50,0.1,0.01,0.2853817411036627,-0.30276991043154616,-40.8458503748647,2.3874658859897755e-07,True,True,True,11.748665936178037,11.748730173915279,11.748718665549712,2.1915412479077703,2.19154297516044,2.191543397014967,9.496146649425356e-06,1.1732131009080396e-08,6.962356700057626e-06,-4.938637303553151e-07,False,False,False
ces,alpha,rho,0.25,-0.3,16,2060139,50,0.1,0.01,0.23767266809443058,-0.2163411499131865,-46.884389625172986,4.793985289868384e-06,True,True,True,7.544545544056658,7.544321019531134,7.544314424546448,2.474376537887443,2.474396769596765,2.474397146874978,1.6831957454468772e-05,9.539477658085228e-09,-6.9074825006509855e-06,-4.398082253942448e-07,False,False,False
ces,alpha,rho,0.25,-0.3,17,2060140,50,0.1,0.01,0.24368018802511146,-0.3290366019499596,-36.4375114144125,2.151859641723174e-06,True,True,True,9.349470183556663,9.349501733181198,9.349497083385511,2.261984296812843,2.2619888591038912,2.2619890722601985,1.3880529140857132e-05,9.36241822911697e-09,8.375082884981566e-06,-2.519257122912677e-07,False,False,False
ces,alpha,rho,0.25,-0.3,18,2060141,50,0.1,0.01,0.25158968275063226,-0.3741283920327741,-48.494552897538036,1.5424179164068242e-06,True,True,True,8.751166244003848,8.751438891376733,8.751438193528973,2.317696308125887,2.3176892920721937,2.3176893224106294,1.5002769686927391e-05,1.2284901148257706e-08,2.3032719035143145e-05,-4.4812509258918e-08,False,False,False
ces,alpha,rho,0.25,-0.3,19,2060142,50,0.1,0.01,0.2606313148746786,-0.8,-49.630314071980095,1.3090882191724258,True,True,True,6.015612024803168,6.015576899630191,6.015573564583805,2.4081612754769153,2.4081739569830423,2.408174191401657,2.3348354731034383e-05,1.5958761986260498e-08,8.476586543793019e-06,-2.845175046672921e-07,False,False,False
ces,alpha,rho,0.25,-0.1,0,2070123,50,0.1,0.01,0.24317985034717327,-0.15455364128760496,-48.47705345943161,9.04192642642878e-06,True,True,True,15.213982962964526,15.215513320362122,15.215504719899139,2.2147738429448602,2.2147388792617444,2.2147391180991254,2.010259363393616e-05,1.798423671934217e-08,6.004011484606053e-05,-2.9027150105775945e-07,False,False,False
ces,alpha,rho,0.25,-0.1,1,2070124,50,0.1,0.01,0.2653501358315279,-0.8,-44.49991937986043,0.41395550460665137,True,True,True,6.463846724076798,6.463916346972839,6.463913751709812,2.3602315296410343,2.3602394952020616,2.3602396613165526,2.909939846035492e-05,1.9942507076295894e-08,1.9731503456910104e-05,-2.1025380192440934e-07,False,False,False
ces,alpha,rho,0.25,-0.1,2,2070125,50,0.1,0.01,0.2556834004936737,-0.16426668585795975,-43.205598972781175,6.22951906868262e-07,True,True,True,6.4272719730229495,6.4259755352376775,6.425966363062997,2.4243694378404324,2.424463309875057,2.424463926114266,1.4432941081604439e-05,1.2472342167063563e-08,-9.437293356029386e-05,-7.178885113034994e-07,False,False,False
ces,alpha,rho,0.25,-0.1,3,2070126,50,0.1,0.01,0.2489551547608992,-0.3778186829509122,-42.57039524651692,1.150433421811325e-05,True,True,True,8.538262263638648,8.538507154187997,8.538508394344175,2.295600153354755,2.2955961367066364,2.2955960698322615,1.9423858982216875e-05,1.2397457066002195e-08,2.4125046948597628e-05,6.825075615779497e-08,False,False,False
ces,alpha,rho,0.25,-0.1,4,2070127,50,0.1,0.01,0.28628551172164407,0.15913259355470907,-49.02852071619696,6.113852779252635e-06,True,True,True,10.178859465634527,10.178668079339522,10.178660463083206,2.270429595737927,2.270441422950483,2.270441745970852,8.436964354626487e-06,7.861049322658685e-09,-5.562293111438521e-06,-3.7636601035728745e-07,False,False,False
ces,alpha,rho,0.25,-0.1,5,2070128,50,0.1,0.01,0.26793603978754504,0.06677525472672975,-46.01820906321716,9.223723267004257e-07,True,True,True,12.073573611588705,12.071213326833803,12.071218946898997,2.1552463095225574,2.155329098059627,2.155328888132735,6.572341206443089e-06,1.9511682765434026e-08,-9.99732065949388e-05,2.238884562189014e-07,False,False,False
ces,alpha,rho,0.25,-0.1,6,2070129,50,0.1,0.01,0.23814979587359214,-0.4524773218130777,-44.15774233676302,2.7301720473900964e-06,True,True,True,8.73118844942588,8.731782024419427,8.731773594889475,2.3920980419202778,2.392077338681337,2.3920777527253296,2.031060380112814e-05,1.4363619532735565e-08,4.3656803860869786e-05,-4.886995341735201e-07,False,False,False
ces,alpha,rho,0.25,-0.1,7,2070130,50,0.1,0.01,0.27813925859309435,-0.28697144486432485,-37.9747608962431,1.952095745512464e-06,True,True,True,8.016343632662872,8.017370043525485,8.017373453810718,2.2964664051633954,2.2964132736110447,2.2964130866689487,5.769088927768299e-06,7.708473011521927e-09,6.707175879228089e-05,2.1013694606608624e-07,False,False,False
ces,alpha,rho,0.25,-0.1,8,2070131,50,0.1,0.01,0.24952934492584064,0.07918990638063551,-41.224413332760804,5.379200373358593e-06,True,True,True,9.437089820210998,9.433949994607916,9.433929253046049,2.244537416966134,2.24468496411796,2.2446859108527977,7.230917046025221e-06,2.248265752271029e-08,-0.00016400527977111778,-1.1086420741435177e-06,False,False,False
ces,alpha,rho,0.25,-0.1,9,2070132,50,0.1,0.01,0.25756926568018934,0.11003382803985123,-46.90387077237243,3.0643200680490495e-06,True,True,True,14.704639641968717,14.704977475989063,14.704967610284095,2.2476101110212423,2.247605441726663,2.2476057321905074,1.2266733139916735e-05,9.299963522307508e-09,1.7262166295495263e-05,-3.3650058384182557e-07,False,False,False
ces,alpha,rho,0.25,-0.1,10,2070133,50,0.1,0.01,0.28027902966701673,0.2906342350193592,-54.92419207556017,5.397961176425131e-06,True,True,True,13.148061100512571,13.14811325392347,13.1481062290808,2.1502361127382654,2.1502367459430602,2.150236977359849,5.4231262687790355e-06,5.475243900255923e-09,4.427762860359508e-06,-2.678569472891468e-07,False,False,False
ces,alpha,rho,0.25,-0.1,11,2070134,50,0.1,0.01,0.25112190537693957,0.265384364970774,-41.90918533356999,4.1251106069030644e-06,True,True,True,16.752624540776505,16.75277233185258,16.752753446832845,2.2287050262165953,2.2287059081790095,2.22870639742922,1.087274711099924e-05,8.522986009862327e-09,9.27331555544697e-06,-5.640078057922437e-07,False,False,False
ces,alpha,rho,0.25,-0.1,12,2070135,50,0.1,0.01,0.23712455285631362,-0.18731736876197913,-47.03862466133921,1.02128623705403e-06,True,True,True,12.443931363987295,12.442691999148781,12.442687799678525,2.22595517018684,2.2260059097455978,2.226006053032049,1.724859116477672e-05,1.1302776071648631e-08,-4.1357348273152184e-05,-1.7254039619274408e-07,False,False,False
ces,alpha,rho,0.25,-0.1,13,2070136,50,0.1,0.01,0.24033199539739877,-0.036806469679547205,-39.09220747752308,1.3376816699769386e-05,True,True,True,7.9557234909218995,7.961054018743311,7.961023444659009,2.415348190063136,2.415063557088121,2.4150652237698234,1.4930593868822697e-05,2.0548889074998536e-08,0.0003401824549769117,-1.921625987222342e-06,False,False,False
ces,alpha,rho,0.25,-0.1,14,2070137,50,0.1,0.01,0.27798685399345846,0.18104307021185878,-41.821278324121316,1.2550940982677188e-05,True,True,True,13.767517811477688,13.768364533304144,13.768353190560944,2.236868483389895,2.2368453138484923,2.2368456679191233,8.154778681247583e-06,1.1381324342206037e-08,3.4408415608311316e-05,-4.1618793034103874e-07,False,False,False
ces,alpha,rho,0.25,-0.1,15,2070138,50,0.1,0.01,0.22765718081830358,-0.25418181729177,-49.9241177636134,1.507854934015674e-05,True,True,True,8.52365217250253,8.523733877701751,8.523731811248997,2.421030053074758,2.4210385978689297,2.4210386976354554,2.9346958163769362e-05,1.7469416193276527e-08,1.9295640285577065e-05,-1.27574729447133e-07,False,False,False
ces,alpha,rho,0.25,-0.1,16,2070139,50,0.1,0.01,0.26292865969266777,0.04205414912267363,-43.08982331933933,6.35406491491286e-06,True,True,True,10.800999423542468,10.80290991116138,10.802772080972876,2.226409101286696,2.2263392802126347,2.226344797497682,1.728133201032324e-05,9.380642591475514e-08,9.007382057291125e-05,-6.40668909568376e-06,False,False,False
ces,alpha,rho,0.25,-0.1,17,2070140,50,0.1,0.01,0.2435051611490252,0.10811790068743315,-44.80625278679251,7.427551015650335e-07,True,True,True,7.468627048406258,7.471736662604541,7.471684213870122,2.3458543546956063,2.3456781149200987,2.3456811505075192,1.0804471996681948e-05,4.405251792786457e-08,0.00020984188680017724,-3.5247930938453464e-06,False,False,False
ces,alpha,rho,0.25,-0.1,18,2070141,50,0.1,0.01,0.2035851658262573,-0.3568173841179217,-47.97229291491082,2.3206183249336732e-06,True,True,True,8.374059969342404,8.373923790466973,8.373913652650563,2.574065741378005,2.5740873999375027,2.574087920294618,3.3727904205237706e-05,1.800682465738199e-08,8.06165779465573e-06,-6.115585833299519e-07,False,False,False
ces,alpha,rho,0.25,-0.1,19,2070142,50,0.1,0.01,0.25524673547167515,-0.4501710894924639,-49.31097564188224,3.804206590513096e-06,True,True,True,9.744653237181474,9.744938868496433,9.744937844920354,2.2877307111827414,2.287725715186245,2.287725756293713,1.77976840710524e-05,1.2263114902499724e-08,2.350160047370764e-05,-5.77099683596316e-08,False,False,False
ces,alpha,rho,0.25,0.3,0,2080123,50,0.1,0.01,0.2294852976327029,0.31134053673990025,-44.029819803571456,1.8870562352617013e-06,True,True,True,6.607039655064356,6.606798635442014,6.60679684669021,2.4399968740144287,2.4400156605937293,2.4400157766799566,6.793305738843143e-06,5.317566634525759e-09,-1.4988126935122636e-05,-1.370949362922147e-07,False,False,False
ces,alpha,rho,0.25,0.3,1,2080124,50,0.1,0.01,0.260023873427178,0.2972248803992052,-48.707832221725305,7.084503929914114e-06,True,True,True,13.668077517483262,13.667802763654981,13.667802556538211,2.171647389373756,2.1716577453820105,2.1716577510698665,3.8137111997583495e-06,4.519811691125914e-09,-8.187875650378373e-06,-8.605240964243421e-09,False,False,False
ces,alpha,rho,0.25,0.3,2,2080125,50,0.1,0.01,0.24036097412186497,0.41794992819541,-49.26304168956929,1.8083626712967151e-06,True,True,True,6.893274332967642,6.892926255328021,6.892923433326554,2.3786522852298773,2.3786767092023475,2.3786768853883413,5.782267668093865e-06,4.969028490669384e-09,-2.2583955555433022e-05,-2.0656389665418828e-07,False,False,False
ces,alpha,rho,0.25,0.3,3,2080126,50,0.1,0.01,0.2775098166074084,0.4782434289253243,-45.03522467564037,5.814316328913802e-06,True,True,True,15.172559490818898,15.17263544282893,15.172635464505781,2.109282814003188,2.10928058180566,2.1092805806861024,9.998732578949818e-07,1.9882616298409683e-09,2.4360946966339725e-06,1.397424398419389e-10,False,False,False
ces,alpha,rho,0.25,0.3,4,2080127,50,0.1,0.01,0.24205785889603515,0.28767110451489974,-46.9115846952102,8.935410390715407e-07,True,True,True,12.716378878886157,12.715217792907803,12.715220600221652,2.240298344041088,2.2403383454931234,2.2403382498588598,1.333737597805927e-06,2.6258047853087504e-09,-4.5146451597588566e-05,1.1068073746400842e-07,False,False,False
ces,alpha,rho,0.25,0.3,5,2080128,50,0.1,0.01,0.2642553799883438,0.2877224100360196,-45.717548122869516,3.826521676779142e-06,True,True,True,11.035512095357905,11.035565207490917,11.035553732663331,2.2323715103989987,2.232371003167652,2.23237145250123,3.649520656485169e-06,8.523539126730258e-09,3.7063644526824646e-06,-5.224903887324217e-07,False,False,False
ces,alpha,rho,0.25,0.3,6,2080129,50,0.1,0.01,0.26785432065241727,0.3708081362669172,-44.50831921266676,2.853050290549194e-06,True,True,True,7.883810706375769,7.882988320908591,7.882993931526714,2.2997618744781043,2.299807419615634,2.2998071116615746,1.3314670068699207e-06,4.877799183270003e-09,-5.1525664559903817e-05,3.5719200042194643e-07,False,False,False
ces,alpha,rho,0.25,0.3,7,2080130,50,0.1,0.01,0.22256278573223878,0.34273192725091806,-44.53097959593419,2.4115704260723036e-06,True,True,True,9.889050810408566,9.888884056100379,9.888874308898597,2.253540991727661,2.253547870679279,2.2535482976908754,1.3697356616028393e-06,6.371743407032254e-09,-9.437033341441747e-06,-4.940577866818785e-07,False,False,False
ces,alpha,rho,0.25,0.3,8,2080131,50,0.1,0.01,0.24471335684224096,0.4798222516082001,-49.25544851907564,2.0428381689672592e-06,True,True,True,14.829737055607136,14.829789771605391,14.829789177175657,2.1766322320697125,2.1766295886983555,2.1766296047924403,2.9637700303496868e-06,3.4070606745845666e-09,4.898948091636157e-07,-2.155449152496658e-08,False,False,False
ces,alpha,rho,0.25,0.3,9,2080132,50,0.1,0.01,0.27855746709098067,0.32082598866263035,-32.83832149945112,1.3226500621733184e-06,True,True,True,11.838383178546325,11.83966287385053,11.839652340380363,2.2672174584914817,2.267173308496521,2.2671736935700157,6.476655103703977e-06,6.722380003078813e-09,5.6815388081332685e-05,-4.463446821034722e-07,False,False,False
ces,alpha,rho,0.25,0.3,10,2080133,50,0.1,0.01,0.23709482961026185,0.4966970668102487,-48.62279474333976,1.648704143494021e-06,True,True,True,11.075917071708067,11.076214932948076,11.076217580356861,2.2413346767950206,2.241322499059701,2.2413223953093775,1.616913904213651e-06,1.8726588921404368e-09,1.2991766176639885e-05,1.195704584233681e-07,False,False,False
ces,alpha,rho,0.25,0.3,11,2080134,50,0.1,0.01,0.2936932577423672,0.8,-44.04510845295443,1.4940343149489925,True,True,True,9.511260598167164,9.51134443191894,9.511343628408177,2.192606377369432,2.1926028334666112,2.192602869628746,6.555925612949534e-07,1.8092041246725632e-09,4.69120404034129e-06,-4.2846011183428345e-08,False,False,False
ces,alpha,rho,0.25,0.3,12,2080135,50,0.1,0.01,0.2518914060848038,0.13676670937105267,-40.74161702146426,3.7309600411539124e-06,True,True,True,7.8889452586092865,7.890884160186854,7.890870607900869,2.320436131938967,2.320332043754066,2.3203327850791258,6.184200967541949e-06,1.3612123684495766e-08,0.0001250443705984594,-8.639804818244556e-07,False,False,False
ces,alpha,rho,0.25,0.3,13,2080136,50,0.1,0.01,0.2333346856006457,0.40928886920652724,-48.71110760393924,4.631109115310755e-06,True,True,True,7.84243708016081,7.842450706560297,7.84245484844194,2.386201082727348,2.3862020539737676,2.3862018247375936,3.974541474050389e-06,4.09115532713851e-09,3.1199263972325753e-06,2.6421810161991743e-07,False,False,False
ces,alpha,rho,0.25,0.3,14,2080137,50,0.1,0.01,0.27395106925430324,0.8,-34.239259669162344,0.724068009120018,True,True,True,7.961560947089956,7.961782574054997,7.961783460364912,2.2538719708478885,2.2538599424449712,2.2538598944019403,2.2891778314118048e-07,9.692523821632922e-10,1.4044535596724472e-05,5.600894681379032e-08,False,False,False
ces,alpha,rho,0.25,0.3,15,2080138,50,0.1,0.01,0.2968025420618342,0.3422813103999976,-41.45692400578293,2.2748467065386708e-08,True,True,True,15.726748067939202,15.727095776496936,15.727086601157579,2.107174756585907,2.1071654152797894,2.1071656677466084,9.720800385131855e-07,5.255755784261665e-09,1.1061807015266822e-05,-2.9274664825607033e-07,False,False,False
ces,alpha,rho,0.25,0.3,16,2080139,50,0.1,0.01,0.2205011007900664,0.17582098028404253,-48.328404292797664,9.63669901678297e-07,True,True,True,8.64883472725665,8.649703361328614,8.649685064625043,2.349065539413756,2.349025077026904,2.3490259924939845,7.285127081135594e-06,1.256885052798063e-08,5.278323599355872e-05,-1.0613301952844267e-06,False,False,False
ces,alpha,rho,0.25,0.3,17,2080140,50,0.1,0.01,0.24550749807320266,0.034662275423309664,-43.85546576370889,8.48762332702259e-06,True,True,True,9.99123409620701,9.992279644775266,9.992342889734507,2.338951002617193,2.3389072050132245,2.3389044647501365,4.557875380644332e-06,3.519996202428792e-08,5.739177687047459e-05,3.1745179285280756e-06,False,False,False
ces,alpha,rho,0.25,0.3,18,2080141,50,0.1,0.01,0.29976226252588173,0.033765263598319356,-37.99877662414051,1.387565530522106e-05,True,True,True,10.479422348289024,10.492201756343915,10.492111064846165,2.1586164997766186,2.1580834273499763,2.158087174166422,1.216739009576515e-05,6.382339331726962e-08,0.000600681052887353,-4.330060598078944e-06,False,False,False
ces,alpha,rho,0.25,0.3,19,2080142,50,0.1,0.01,0.2954012586785731,-0.006380833789716022,-50.17466044333944,1.854890694540809e-05,True,True,True,13.466937042747132,13.468584175959375,13.468429861886113,2.1368939791298276,2.1368394641626893,2.1368444400542335,4.016716259610272e-06,8.369268783018837e-08,5.3810568793721814e-05,-5.728693224682502e-06,False,False,False
ces,alpha,rho,0.25,0.7,0,2090123,50,0.1,0.01,0.23762599341877896,0.37846763370695685,-48.51452976396191,1.0552239045701992e-05,True,True,True,19.055779730045458,19.055331238948295,19.055320144402135,2.1445344443660193,2.1445457132249492,2.144545963850258,2.469269724570768e-06,7.77541246618361e-09,-1.0855907788709374e-05,-2.93685047836334e-07,False,False,False
ces,alpha,rho,0.25,0.7,1,2090124,50,0.1,0.01,0.2708243020733844,0.8,-42.33206162082788,0.8899752863558492,True,True,True,11.892774629336035,11.893416487784553,11.893412434591925,2.281974188677037,2.2819514026221457,2.2819515502756205,1.7883284493641008e-06,2.8311264830249118e-09,2.7564782016042955e-05,-1.7080067493679962e-07,False,False,False
ces,alpha,rho,0.25,0.7,2,2090125,50,0.1,0.01,0.21082655298168637,0.8,-44.610451929434944,2.4666772127106813,True,True,True,5.411238855266976,5.411880862188896,5.411875647555617,2.52096127015017,2.520910502058901,2.5209109198914574,2.2504387824166152e-06,4.180080134618743e-09,5.970477371874949e-05,-4.825058113056002e-07,False,False,False
ces,alpha,rho,0.25,0.7,3,2090126,50,0.1,0.01,0.2903622661832412,0.8,-42.8667580027464,1.90449002346328,True,True,True,13.59951945016489,13.599549366544073,13.599545857479272,2.16641758735672,2.166416835689317,2.166416947473118,4.724437767850287e-07,2.176430524744174e-09,1.2050877984393082e-06,-1.2933220006061674e-07,False,False,False
ces,alpha,rho,0.25,0.7,4,2090127,50,0.1,0.01,0.2626400827786846,0.42856029651692007,-49.102393418152225,1.123208282878726e-06,True,True,True,8.717996282635127,8.718316295477823,8.718317402411888,2.326313260529243,2.3262979623881934,2.3262979057410416,1.5068126045853816e-06,4.4908672263854016e-09,1.9155594799258324e-05,6.174904143563253e-08,False,False,False
ces,alpha,rho,0.25,0.7,5,2090128,50,0.1,0.01,0.21884429286660567,0.8,-48.76627959023836,1.5405851563397437,True,True,True,7.851525492873023,7.851664447249545,7.8516594010345955,2.3178851685561774,2.3178759416786687,2.3178762203944414,4.20080062611412e-06,4.105537193940776e-09,6.752952870670015e-06,-3.2181047515678074e-07,False,False,False
ces,alpha,rho,0.25,0.7,6,2090129,50,0.1,0.01,0.25570519301756256,0.8,-50.98386830817881,2.2476747396846872,True,True,True,9.904313951307007,9.904490378195241,9.904486246458577,2.3028009787945236,2.302793874282303,2.3027940544093934,1.6641201595560433e-06,4.189371886828997e-09,9.423826028864823e-06,-2.0977903147922916e-07,False,False,False
ces,alpha,rho,0.25,0.7,7,2090130,50,0.1,0.01,0.22724686329746938,0.781899505667502,-49.5837465104195,1.5968173463533685e-06,True,True,True,15.318410201241715,15.31871989754398,15.318718455162271,2.175812257780931,2.1758026800724393,2.1758027210405917,2.1458484346048578e-06,1.1376657932284935e-09,9.143320781390685e-06,-4.699178646205837e-08,False,False,False
ces,alpha,rho,0.25,0.7,8,2090131,50,0.1,0.01,0.2583112500082167,0.8,-38.43681480489734,0.27905176838858325,True,True,True,4.658281401468492,4.65833776783386,4.658331536483666,2.3478149113124185,2.34780985067188,2.347810430098893,5.421911425122792e-07,6.990378128399235e-09,5.603310512469761e-06,-6.705876600676675e-07,False,False,False
ces,alpha,rho,0.25,0.7,9,2090132,50,0.1,0.01,0.20844872842338721,0.8,-50.077704384283436,0.8637531330378274,True,True,True,5.90372390589261,5.9037458050315985,5.903741954711322,2.453861027326714,2.4538600623361977,2.453860344957167,1.7840348649094093e-06,3.297498645409223e-09,2.271580562762665e-06,-3.268033879066934e-07,False,False,False
ces,alpha,rho,0.25,0.7,10,2090133,50,0.1,0.01,0.2744535192752035,0.5616861751438981,-44.16751621314982,2.164264652263246e-06,True,True,True,11.62855928488124,11.628493422011946,11.62849017932023,2.1803434746836503,2.1803452207153633,2.1803453417509386,1.9702489219355383e-06,1.8626196037135682e-09,-3.7932218717173782e-06,-1.3951010657820007e-07,False,False,False
ces,alpha,rho,0.25,0.7,11,2090134,50,0.1,0.01,0.20508906722328643,0.35206598082948437,-45.480434839178315,3.677504865053447e-06,True,True,True,5.393601820320565,5.394109872601378,5.394106938396328,2.575886919372321,2.5758506995612755,2.5758509355720447,1.107714304391536e-05,5.4887308284245966e-09,5.221908094910077e-05,-2.7224735532627165e-07,False,False,False
ces,alpha,rho,0.25,0.7,12,2090135,50,0.1,0.01,0.21257505599317483,0.046608779871945456,-51.19432210991263,3.6735214053670584e-06,True,True,True,4.895477192808193,4.898944038731843,4.898886616957136,2.551892577313263,2.551588692116474,2.5515937650936333,9.019761506940252e-06,5.21889695808746e-08,0.00035218099385758705,-5.880843389149959e-06,False,False,False
ces,alpha,rho,0.25,0.7,13,2090136,50,0.1,0.01,0.24786173850056456,0.770243521079395,-42.11197873337989,4.189035115529221e-06,True,True,True,13.989920477482924,13.990152603736993,13.990149635585981,2.2227637625424497,2.222757100380183,2.2227571927306538,1.3907510468814267e-06,2.6432654929914524e-09,8.816319628124347e-06,-1.0583763554450343e-07,False,False,False
ces,alpha,rho,0.25,0.7,14,2090137,50,0.1,0.01,0.2575732826032094,0.6176156956716491,-43.12741564923175,3.2638979916036306e-06,True,True,True,17.95605220000708,17.95619049991862,17.95618460403976,2.1146188417522698,2.1146158819690295,2.1146160241483236,9.893969752412798e-07,3.4407289608763345e-09,4.129869402902386e-06,-1.6465806851329035e-07,False,False,False
ces,alpha,rho,0.25,0.7,15,2090138,50,0.1,0.01,0.24318178624788134,0.6975107261410964,-54.53127682338994,1.4188188088615074e-06,True,True,True,9.324229603838068,9.324786390412433,9.324784737622096,2.3268603586301646,2.326833037715472,2.3268331141928904,3.440821672008044e-06,1.8683217625269193e-09,2.816860197896176e-05,-8.919912630744875e-08,False,False,False
ces,alpha,rho,0.25,0.7,16,2090139,50,0.1,0.01,0.2295266165277711,0.8,-43.13031999456461,0.09026996099610803,True,True,True,15.282266668839501,15.28207522996436,15.282072083830414,2.172170159086298,2.172175271752905,2.172175361221694,9.208317980792263e-07,1.4111395590281503e-09,-6.743633569783469e-06,-1.0286613161269997e-07,False,False,False
ces,alpha,rho,0.25,0.7,17,2090140,50,0.1,0.01,0.24453682163642182,0.6527677444535144,-39.9594509284409,4.693846065352619e-06,True,True,True,6.246309145589368,6.246588254982957,6.246582663833095,2.4067394228125893,2.406719947022007,2.4067203348989166,3.584465807951658e-07,4.134582406832414e-09,2.1812046433922205e-05,-4.485131839260248e-07,False,False,False
ces,alpha,rho,0.25,0.7,18,2090141,50,0.1,0.01,0.26280592852330625,0.8,-49.27773226334848,0.14552887250867688,True,True,True,10.254299909977544,10.253850991040773,10.25385040494552,2.2505944738256805,2.2506128232011138,2.250612848832511,1.883631965614454e-06,2.443016072040974e-09,-2.2681712621874794e-05,-2.764931394949599e-08,False,False,False
ces,alpha,rho,0.25,0.7,19,2090142,50,0.1,0.01,0.21540793413306566,0.5188119926895793,-38.66818543947211,8.183392747335894e-06,True,True,True,13.103147132878782,13.103513417248356,13.103503498846637,2.2665519262845213,2.2665385665396545,2.2665388933276236,3.074074067092921e-06,6.100248265156502e-09,1.2191859255494819e-05,-3.806986228482856e-07,False,False,False
ces,alpha,rho,0.5,-0.7,0,2100123,50,0.1,0.01,0.5196788917682703,-0.5221590166483489,-50.54683769276161,1.8117620652450031e-06,True,True,True,10.994828140235468,10.99514380528185,10.995142813487597,2.100585954085973,2.1005653392776296,2.100565372965902,1.883031653804976e-05,1.2696946537181984e-08,4.924815897311419e-06,-5.1417877955373115e-08,False,False,False
ces,alpha,rho,0.5,-0.7,1,2100124,50,0.1,0.01,0.4740384198268381,-0.5061457931973893,-52.96603998895232,6.011546385482672e-06,True,True,True,15.507876039205021,15.507977166795053,15.507975485792244,2.0516914733041807,2.0516821753326893,2.0516822175555105,1.5096247518242836e-05,1.1219602710012134e-08,-4.243444628571069e-06,-5.978519368454727e-08,False,False,False
ces,alpha,rho,0.5,-0.7,2,2100125,50,0.1,0.01,0.5132349650196717,-0.578581410955803,-47.66154679741982,9.805747193130092e-07,True,True,True,7.9756279095624265,7.975830784893472,7.975829993583082,2.1337704573693537,2.133754673675001,2.1337547121691616,1.111819514507035e-05,1.0606614263971928e-08,7.210041538030509e-06,-5.489550147785849e-08,False,False,False
ces,alpha,rho,0.5,-0.7,3,2100126,50,0.1,0.01,0.5444669123438554,-0.20841389983246034,-34.603525114172605,3.583224817587809e-06,True,True,True,14.311888017841374,14.312274772792389,14.3122657178085,2.058863078223487,2.0588491922106726,2.0588494643731603,5.265840660226828e-06,9.071979754860862e-09,1.071677314357089e-05,-3.1933414135210114e-07,False,False,False
ces,alpha,rho,0.5,-0.7,4,2100127,50,0.1,0.01,0.5297125411092107,-0.29534682648019756,-50.9757853721907,6.763161352021287e-06,True,True,True,15.208962478585773,15.208183268112275,15.208186983199942,2.0270278033908635,2.0270511144145233,2.027051006381449,3.4035843797686266e-06,5.175293352592594e-09,-2.4277237955061537e-05,1.1990444193088479e-07,False,False,False
ces,alpha,rho,0.5,-0.7,5,2100128,50,0.1,0.01,0.5182261053311462,-0.7147829611785039,-38.8990351752259,5.999459500213344e-07,True,True,True,12.502856849137457,12.503048905730259,12.503051789718038,2.065290480626332,2.065283811956342,2.065283706689653,2.780057693839204e-06,1.1889156113378995e-08,7.792778646376064e-06,1.0946997974770056e-07,False,False,False
ces,alpha,rho,0.5,-0.7,6,2100129,50,0.1,0.01,0.4945110289809329,-0.6047290603726933,-44.0216533840811,1.7983926477373612e-06,True,True,True,7.386353770247926,7.386143201050844,7.386137857961119,2.1424671888213935,2.1424808374628177,2.142481146952056,3.607666394992151e-06,1.1966483671218278e-08,-1.3161776401204861e-05,-3.670813484291102e-07,False,False,False
ces,alpha,rho,0.5,-0.7,7,2100130,50,0.1,0.01,0.5013099024057581,-0.7648016840390782,-41.47944157875319,8.106806865734781e-07,True,True,True,14.24141979652198,14.241247751877376,14.2412471629423,2.0402364859652242,2.0402435912951296,2.040243602887876,5.156466098476781e-06,1.467284904415822e-08,-3.928349492809957e-06,-2.8007534069729445e-08,False,False,False
ces,alpha,rho,0.5,-0.7,8,2100131,50,0.1,0.01,0.47991801863068845,-0.8,-42.621886265461036,2.7645489346644587,True,True,True,16.87653536972949,16.876822495980015,16.876820457949496,1.9951825474498455,1.9951775986553772,1.995177644237253,6.254993473791059e-06,1.5882871521387808e-08,1.1247404977154929e-05,-6.828107501632985e-08,False,False,False
ces,alpha,rho,0.5,-0.7,9,2100132,50,0.1,0.01,0.49329072922518635,-0.30937706590972613,-44.45840347258998,7.984727747361302e-06,True,True,True,14.133136134228078,14.13360764101833,14.133603821224398,2.020901095400605,2.02088582928145,2.0208859413247935,2.6044772805920256e-06,1.258323542628782e-08,1.5644200729525437e-05,-1.4126856484608652e-07,False,False,False
ces,alpha,rho,0.5,-0.7,10,2100133,50,0.1,0.01,0.48330116348239294,-0.6731345915057543,-46.11520153361721,8.031097670201644e-07,True,True,True,14.403929540202503,14.40409900436335,14.404099350077345,2.0323857055418735,2.032382332621589,2.032382316548587,4.689581411557715e-06,1.3013593311428529e-08,7.887343137724656e-06,5.496353594480752e-09,False,False,False
ces,alpha,rho,0.5,-0.7,11,2100134,50,0.1,0.01,0.490287180665007,-0.37457523090153183,-47.1173391542388,8.044523735559909e-07,True,True,True,20.78194927860777,20.781814640439872,20.781815069428923,1.9884549799369053,1.9884577163346955,1.9884577035504039,2.386341543117763e-06,8.796506457559369e-09,-3.322313673947974e-06,5.924064794271544e-09,False,False,False
ces,alpha,rho,0.5,-0.7,12,2100135,50,0.1,0.01,0.501435155680456,-0.5432791417583945,-35.470233321205306,2.586385318350763e-06,True,True,True,18.513097899097765,18.51289205088046,18.512897055534683,1.9702185719775032,1.9702255054140838,1.9702253840009283,5.587779816985914e-06,9.684034969623533e-09,-3.006155026241686e-06,1.3055136349748864e-07,False,False,False
ces,alpha,rho,0.5,-0.7,13,2100136,50,0.1,0.01,0.4565452182344755,-0.517333221252912,-55.97900025534118,9.996202490509048e-07,True,True,True,21.338617471894967,21.337803573395178,21.337803128189925,1.9366503577866216,1.936672178000884,1.936672181349893,1.238103201541058e-05,1.330021672663598e-08,-1.3038330941128606e-05,-1.700893648148849e-08,False,False,False
ces,alpha,rho,0.5,-0.7,14,2100137,50,0.1,0.01,0.5218943813961188,-0.8,-46.56060188225165,1.9310576355782738,True,True,True,9.467918286416399,9.467577718348782,9.467577647506387,2.1690365415364856,2.16906157511873,2.1690615724498183,2.1694459102777848e-05,1.3652739628158932e-08,-7.160969929032035e-06,-1.0555332607964374e-08,False,False,False
ces,alpha,rho,0.5,-0.7,15,2100138,50,0.1,0.01,0.5106727889271451,-0.46279699742245095,-40.342990086773106,1.7392955593833105e-06,True,True,True,11.122229032638494,11.1225382077933,11.122539453623222,2.0808279364165485,2.0808120059753854,2.0808119517725663,9.21416254390685e-06,1.2925896575955568e-08,9.50657060627691e-06,4.960619293115087e-08,False,False,False
ces,alpha,rho,0.5,-0.7,16,2100139,50,0.1,0.01,0.4745649895933255,-0.8,-53.02298275899082,0.4119766892811874,True,True,True,18.044900537595147,18.044844548213042,18.044843464961257,1.956167314927548,1.956168841367663,1.9561688601528804,3.6344626976291386e-06,1.6847739849047168e-08,-1.3838109182984226e-06,-3.840381168629392e-08,False,False,False
ces,alpha,rho,0.5,-0.7,17,2100140,50,0.1,0.01,0.4785134830264523,-0.8,-55.330874162363045,0.34194757606633824,True,True,True,13.145129389525307,13.14503547718507,13.14503543142981,2.069299056618897,2.0693052079393355,2.069305203224368,7.49117092590888e-06,1.4352122751049484e-08,-7.12342469455507e-08,-8.909111670618586e-09,False,False,False
ces,alpha,rho,0.5,-0.7,18,2100141,50,0.1,0.01,0.5277963109251333,-0.7971227351333562,-39.573974027906154,1.6946742166742178e-06,True,True,True,12.397849444967365,12.39767544217656,12.397675837099596,2.0749148073651194,2.074926592354572,2.0749265719049705,1.3251494485687286e-05,1.525544608907059e-08,-4.5873407117369425e-07,8.3111331150576e-09,False,False,False
ces,alpha,rho,0.5,-0.7,19,2100142,50,0.1,0.01,0.4783117029814437,-0.49181999030843204,-47.79033282906113,2.4437015064289377e-06,True,True,True,17.448526161333675,17.448820112197723,17.448817606202656,1.945071247341963,1.9450642354759993,1.9450642927131554,2.9372155048659137e-06,1.1989387027612887e-08,8.696170645805523e-06,-7.772303689534965e-08,False,False,False
ces,alpha,rho,0.5,-0.3,0,2110123,50,0.1,0.01,0.5164984755619602,-0.26331819400415435,-45.61495584771346,1.5208975970542065e-06,True,True,True,18.421891932822366,18.42258860544111,18.422573535533278,1.9483526505782538,1.9483387328092363,1.9483390814560273,5.928794999000933e-06,1.779369323246475e-08,2.137689048709035e-05,-4.166183913412169e-07,False,False,False
ces,alpha,rho,0.5,-0.3,1,2110124,50,0.1,0.01,0.5511614211631629,-0.49509816585028454,-41.61298905830886,6.015427272176923e-07,True,True,True,17.95809054543439,17.9580818004248,17.9580824562737,1.966217838739682,1.9662163270185142,1.9662163063057343,4.945738988758396e-06,1.1346526182104323e-08,-2.214726471549966e-06,1.2674632898779237e-08,False,False,False
ces,alpha,rho,0.5,-0.3,2,2110125,50,0.1,0.01,0.5009386686591294,-0.27211977867425463,-41.82296633512846,5.720310336735898e-07,True,True,True,14.913680530475492,14.913720073389255,14.913709623328248,2.0269175965888206,2.0269124765941253,2.026912776839743,9.303805733896968e-06,1.1496332903726724e-08,-3.598193728748811e-06,-3.5503087048027737e-07,False,False,False
ces,alpha,rho,0.5,-0.3,3,2110126,50,0.1,0.01,0.46976731638442554,-0.42859270542070993,-43.010059109116305,2.326181163228748e-06,True,True,True,15.865040186232685,15.865046849197856,15.865037457597994,1.9653920324497818,1.9653928446187268,1.9653930949286766,3.530755301646837e-06,1.6954032716349082e-08,1.0512336174883785e-06,-3.0378818394183327e-07,False,False,False
ces,alpha,rho,0.5,-0.3,4,2110127,50,0.1,0.01,0.5604302921817905,-0.2751418892981739,-44.93835852932013,2.0321522242738865e-06,True,True,True,12.54785891892523,12.54763359835931,12.547627649043644,2.0643024864506385,2.064306966248737,2.0643071674008016,7.838492388028991e-06,1.193931424488183e-08,-1.3042050234446378e-05,-2.425536962391561e-07,False,False,False
ces,alpha,rho,0.5,-0.3,5,2110128,50,0.1,0.01,0.526053467883196,-0.777312499357059,-46.08593528826741,2.710559891768934e-07,True,True,True,14.845468542989654,14.84541618364571,14.845416500237205,2.053976242422959,2.0539766308225555,2.053976615720947,3.846082991074598e-06,1.3452034693926343e-08,-3.075863148183089e-06,3.939504722438869e-09,False,False,False
ces,alpha,rho,0.5,-0.3,6,2110129,50,0.1,0.01,0.4713684319979798,-0.5061381444856397,-47.47228035173681,1.0655772297393163e-06,True,True,True,12.514110357219051,12.514047001596204,12.514044258054088,2.0667349354898756,2.0667391729830453,2.066739264349093,5.098965463890858e-06,9.094935879820476e-09,-2.982013569408082e-07,-1.1404797817249346e-07,False,False,False
ces,alpha,rho,0.5,-0.3,7,2110130,50,0.1,0.01,0.5129291318811706,-0.07408771804251782,-52.7558128362623,4.165545804509523e-06,True,True,True,19.013008908453926,19.01273211717749,19.012710370628692,2.0426929789561448,2.042695120173643,2.0426956107054526,9.750657653432222e-06,1.7985430694796536e-08,-1.2671976350020486e-05,-5.790437711539198e-07,False,False,False
ces,alpha,rho,0.5,-0.3,8,2110131,50,0.1,0.01,0.44438087749925426,-0.6639008472049368,-46.975672093958195,3.201499698856295e-06,True,True,True,13.971402890515254,13.970915912562432,13.970914654372203,1.9959806050654612,1.9960008214810518,1.9960008538481864,1.19747029111013e-05,1.5674438848674473e-08,-1.1633729421589578e-05,-5.279378711975369e-08,False,False,False
ces,alpha,rho,0.5,-0.3,9,2110132,50,0.1,0.01,0.45180913590129707,0.0028569918696145623,-39.39063218387692,7.445854770954202e-05,True,True,True,11.77000725715562,11.761976038810268,11.762308347242373,2.0911162944657744,2.0913922978927277,2.09138051968639,5.207752117675179e-05,1.1578505684676086e-06,-0.0003501260863529865,1.4692212140232641e-05,False,False,False
ces,alpha,rho,0.5,-0.3,10,2110133,50,0.1,0.01,0.45407326796980574,-0.5273952984562558,-43.63744041844586,1.1965052322472695e-06,True,True,True,18.22226099970161,18.221410738035875,18.221406792234124,2.009080728799357,2.009107943491289,2.009108031414049,1.610719696272343e-05,1.4393789985467106e-08,-1.5444941283249136e-05,-1.1532274868386594e-07,False,False,False
ces,alpha,rho,0.5,-0.3,11,2110134,50,0.1,0.01,0.49393836005691744,-0.5658426929450707,-44.80101004800174,4.483321967585128e-07,True,True,True,16.680212239560237,16.680612011932798,16.680608351494136,1.9980552581497038,1.9980402902845569,1.9980403794009636,1.0828274928579233e-05,1.449581019896232e-08,6.617341206549554e-06,-1.1684367251518779e-07,False,False,False
ces,alpha,rho,0.5,-0.3,12,2110135,50,0.1,0.01,0.5111003223309348,-0.5304653727207196,-52.54074138553417,8.451996189923878e-06,True,True,True,16.96022663757809,16.960144035530693,16.960139800714604,1.9804056939785069,1.9804077391445676,1.9804078421151294,2.9267178922810133e-06,1.2863976821914573e-08,-2.646909088355187e-06,-1.31143011117274e-07,False,False,False
ces,alpha,rho,0.5,-0.3,13,2110136,50,0.1,0.01,0.5051376809744355,-0.1448845455789924,-46.650005762400305,5.120652317554209e-06,True,True,True,19.61457075043773,19.614990021577107,19.61497864568278,1.9803567489404243,1.9803459184915067,1.9803461648662721,3.991403137209909e-06,1.4053054832977909e-08,8.609940472581457e-06,-2.96309956127061e-07,False,False,False
ces,alpha,rho,0.5,-0.3,14,2110137,50,0.1,0.01,0.5224541108448799,-0.5620392191644429,-49.0313640127255,1.857094209627071e-06,True,True,True,12.822228839480173,12.822732448756778,12.822726616316451,2.0600547693966758,2.0600320451491685,2.0600322367886648,1.3226315893149827e-05,1.4254036149996733e-08,1.2879019813283321e-05,-2.3421857520133926e-07,False,False,False
ces,alpha,rho,0.5,-0.3,15,2110138,50,0.1,0.01,0.4747609855864332,-0.42263901893327455,-52.00794608634271,3.0655822656073902e-06,True,True,True,9.866114896503486,9.866057693296309,9.866055499925682,2.1584019269829713,2.1584107609783874,2.158410854501003,1.4564680746417068e-05,7.313204141706532e-09,4.257906752513918e-06,-1.146429298160001e-07,False,False,False
ces,alpha,rho,0.5,-0.3,16,2110139,50,0.1,0.01,0.4665389086604734,-0.13880604483301087,-44.41527068782608,7.3659647394311656e-06,True,True,True,18.652653555670334,18.652873885300664,18.65286237254163,1.9973414571379369,1.9973367204924048,1.9973369853431626,1.8422904971390393e-06,9.637217164281762e-09,6.046615581567494e-06,-3.122904885799471e-07,False,False,False
ces,alpha,rho,0.5,-0.3,17,2110140,50,0.1,0.01,0.4970242548039044,-0.05789821794535989,-49.046985763359835,2.812178782990578e-06,True,True,True,9.700746188420549,9.703586920870537,9.703579969692441,2.1883495795206116,2.1882206259761996,2.1882209396275054,4.759469060669644e-06,8.79633162666778e-09,0.0001439751185259297,-3.5524724495417104e-07,False,False,False
ces,alpha,rho,0.5,-0.3,18,2110141,50,0.1,0.01,0.4983956008202731,-0.11422213679450903,-36.78605493724202,5.5608765032738915e-08,True,True,True,13.726875254176685,13.72699432138351,13.727000052555066,2.033281547942788,2.033275900327017,2.0332757174290585,4.835702931537435e-06,5.321044481879429e-09,2.3788675136415804e-06,2.0694188407333058e-07,False,False,False
ces,alpha,rho,0.5,-0.3,19,2110142,50,0.1,0.01,0.5037027701430676,-0.6176883913717867,-44.47073913022712,8.566755963287455e-07,True,True,True,16.887761392885313,16.887936980185376,16.887936719418047,1.993025537798987,1.9930224329509876,1.99302243504943,4.192559999986884e-06,1.0652458147230855e-08,6.809643039673574e-06,-1.3025122314047621e-08,False,False,False
ces,alpha,rho,0.5,-0.1,0,2120123,50,0.1,0.01,0.5146381467375547,-0.3474419383491948,-45.48383351778967,8.72919391365176e-06,True,True,True,23.856767715580094,23.856850342218053,23.856842909097143,1.9382333796030802,1.9382269594104262,1.9382270886497206,1.1589930769040225e-05,1.4488534135393133e-08,-4.0908590506205655e-06,-1.6277957115562458e-07,False,False,False
ces,alpha,rho,0.5,-0.1,1,2120124,50,0.1,0.01,0.5005238295766999,-0.09448559080727582,-54.89052866976503,1.0031293268293106e-05,True,True,True,20.598017247013374,20.597711933920706,20.59770077245153,1.9519681274715648,1.9519742680928314,1.9519745002760827,2.502601480132484e-06,9.462155940164228e-09,-8.027477321093102e-06,-2.745683786997688e-07,False,False,False
ces,alpha,rho,0.5,-0.1,2,2120125,50,0.1,0.01,0.4625495730943348,-0.5494822245659038,-40.753968143417424,5.250014149231252e-06,True,True,True,15.856375571447352,15.856453751166534,15.856452370574647,2.0228962386680336,2.02289109880538,2.0228911316347262,7.460024873439002e-06,1.1557907448259431e-08,-1.0362785403117414e-06,-4.927196073367668e-08,False,False,False
ces,alpha,rho,0.5,-0.1,3,2120126,50,0.1,0.01,0.5177326883682581,-0.0345280833375032,-47.24264116039741,1.0688989016364235e-05,True,True,True,15.382282792889926,15.386876358220698,15.386795695133094,2.0732387033889896,2.073103474308224,2.073105738772349,1.3120213554211668e-05,5.257540501472122e-08,0.00014025892760116676,-2.635283337326655e-06,False,False,False
ces,alpha,rho,0.5,-0.1,4,2120127,50,0.1,0.01,0.5034356007353281,-0.3958111564973754,-47.13587697324444,3.9081546043368804e-06,True,True,True,10.105379295877691,10.105391615202189,10.105388111796932,2.1019320030414397,2.1019306348382494,2.1019307818012973,2.826034242143741e-06,8.830624196325881e-09,-5.33606403507747e-07,-1.774893405581679e-07,False,False,False
ces,alpha,rho,0.5,-0.1,5,2120128,50,0.1,0.01,0.47567482672230504,-0.2274319409801332,-49.43279387252913,2.5140212977484523e-06,True,True,True,11.170927149488726,11.171593996088152,11.171594738648745,2.1098042244404245,2.1097799794965333,2.10977994547241,3.939850651704706e-06,1.1933801309758558e-08,3.180732225871452e-05,2.729691317426841e-08,False,False,False
ces,alpha,rho,0.5,-0.1,6,2120129,50,0.1,0.01,0.47754113974689705,-0.5060680325011774,-42.071260376909976,1.003977651007658e-05,True,True,True,15.56216121802323,15.562439400020953,15.562433202692054,2.0131746203046212,2.013167285622567,2.0131674526181618,2.3970711919797953e-06,1.4260153078563031e-08,9.225050256134182e-06,-2.059627846051626e-07,False,False,False
ces,alpha,rho,0.5,-0.1,7,2120130,50,0.1,0.01,0.4832506833486815,-0.03331291594728056,-45.039620097402484,4.854599623238109e-06,True,True,True,21.88010087346206,21.88259912357031,21.882517018537257,1.987601643425951,1.9875578048492468,1.9875594128479575,1.3666261220106924e-05,6.279273595674517e-08,6.180075046557931e-05,-1.9007996243658454e-06,False,False,False
ces,alpha,rho,0.5,-0.1,8,2120131,50,0.1,0.01,0.48528009463168126,-0.11254963734065924,-51.22263087247643,3.556779209777223e-06,True,True,True,21.28028800630549,21.281245688252888,21.281249698518717,1.9591428326521603,1.9591221111291384,1.9591220257879765,3.274386919245772e-06,9.123985024334482e-09,2.1235882854853116e-05,9.018864943755034e-08,False,False,False
ces,alpha,rho,0.5,-0.1,9,2120132,50,0.1,0.01,0.5215834420021115,-0.07344537404877305,-49.632354629813356,1.9770620200018774e-06,True,True,True,12.53091083042062,12.532793940204956,12.53277659890552,2.081899180645691,2.081833193922887,2.08183379155721,2.103461733029039e-06,1.3789050063871571e-08,7.36002318930673e-05,-6.956228801868747e-07,False,False,False
ces,alpha,rho,0.5,-0.1,10,2120133,50,0.1,0.01,0.5075762933789322,0.026881610804949423,-44.859788336843636,8.284361551666993e-06,True,True,True,25.381753073575688,25.391021248152718,25.39087550371804,1.9453128710792746,1.9451566987593856,1.9451591662250964,8.259060247652777e-06,8.781739987031369e-08,0.0001823851613735883,-2.8992405134431465e-06,False,False,False
ces,alpha,rho,0.5,-0.1,11,2120134,50,0.1,0.01,0.4714354846806851,-0.08537464014594151,-35.06580987903196,1.9792322231174214e-05,True,True,True,16.01738437883621,16.0157115298716,16.015707093988894,1.9901963702313734,1.9902432351030772,1.9902433475420962,3.765106977318275e-06,1.8424654265356463e-08,-5.0637381438178863e-05,-1.4752052379662928e-07,False,False,False
ces,alpha,rho,0.5,-0.1,12,2120135,50,0.1,0.01,0.49536608412745564,-0.07673208393469036,-50.99507711787837,7.609366172822457e-06,True,True,True,16.43881063274254,16.438470549061133,16.43845552471219,2.0106504732568093,2.0106624704832106,2.0106628605299885,7.020715261175354e-06,1.819442160338022e-08,-7.340665995059226e-06,-4.649173348525437e-07,False,False,False
ces,alpha,rho,0.5,-0.1,13,2120136,50,0.1,0.01,0.4984326478178901,0.3987549446236068,-43.723557352507164,1.5335917292221822e-06,True,True,True,20.282212987929476,20.28159238377696,20.281587400645005,1.9970288506389366,1.99704149808264,1.9970416037890297,2.0242070414465054e-06,3.3863991560694435e-09,-1.616200250964539e-05,-1.2399832627352225e-07,False,False,False
ces,alpha,rho,0.5,-0.1,14,2120137,50,0.1,0.01,0.4830689278172659,-0.2401703097876436,-40.52767569792738,2.110018835881232e-06,True,True,True,16.224908844373015,16.224792679335334,16.224786151252992,2.0692261930774394,2.0692335427692163,2.069233713472281,9.889086395783214e-06,1.0390409756175356e-08,1.096123789068315e-06,-2.0582319848472252e-07,False,False,False
ces,alpha,rho,0.5,-0.1,15,2120138,50,0.1,0.01,0.5146839812905226,-0.047400708017566295,-48.17139538745516,8.194940765361608e-06,True,True,True,20.95362307153019,20.952866279972525,20.952856128320505,2.059692597630996,2.0597121304064596,2.059712335061293,8.860361329634419e-06,1.3945535404867404e-08,-1.3879051344645177e-05,-2.488819745849469e-07,False,False,False
ces,alpha,rho,0.5,-0.1,16,2120139,50,0.1,0.01,0.5168038111464305,0.1119075088881623,-43.80130968081644,9.619197812778123e-07,True,True,True,20.57828810050522,20.578444178613637,20.57842014064154,1.9359668602368676,1.9359642764181917,1.9359647792892969,2.6938003584821745e-06,1.7119179834678022e-08,4.02067815485907e-06,-5.891630934229397e-07,False,False,False
ces,alpha,rho,0.5,-0.1,17,2120140,50,0.1,0.01,0.5224401141767533,-0.012207510462354713,-47.561093926422245,4.76262991249375e-05,True,True,True,13.562851885581965,13.569262393806461,13.569239325543489,2.1903089356051546,2.1900965492348283,2.1900972705751602,1.6986751735927423e-05,4.425659381757528e-08,0.0002271518620347024,-8.695657953694536e-07,False,False,False
ces,alpha,rho,0.5,-0.1,18,2120141,50,0.1,0.01,0.5885274031361176,-0.6637571850685889,-47.659515310338115,5.376231353587555e-08,True,True,True,7.5286170090030895,7.5289642945747275,7.528962571953323,2.2249147087309904,2.224889216682752,2.2248893115080017,1.2624595843832016e-05,1.0670122125311166e-08,1.665923732474539e-05,-1.1962767842987887e-07,False,False,False
ces,alpha,rho,0.5,-0.1,19,2120142,50,0.1,0.01,0.49261130431926076,-0.1698387948982717,-44.520750760047235,7.838062587219117e-07,True,True,True,16.154817080515826,16.154030394693525,16.154022932800576,1.9725377051559438,1.9725588224527204,1.9725590182892598,2.2782420388885256e-06,1.204236231311078e-08,-2.4622127348550293e-05,-2.3645640112590627e-07,False,False,False
ces,alpha,rho,0.5,0.3,0,2130123,50,0.1,0.01,0.46007800642912505,0.20697311186741169,-48.97826504750008,7.625352668075687e-06,True,True,True,24.52051538862146,24.521475851256152,24.521461721208375,1.9774983964160242,1.977483210380883,1.9774834572041329,4.287360775266311e-06,1.0507595554916447e-08,2.1393355098098255e-05,-2.920659412097848e-07,False,False,False
ces,alpha,rho,0.5,0.3,1,2130124,50,0.1,0.01,0.4946001102252694,0.19817630713628256,-45.36324588832801,3.1231081310593717e-06,True,True,True,22.686997633547794,22.688796422246956,22.68878738931433,1.8872311232415662,1.8871983218862098,1.8871984925187761,3.913905520251688e-06,7.621832947896709e-09,4.1318433829928836e-05,-2.0167512104762864e-07,False,False,False
ces,alpha,rho,0.5,0.3,2,2130125,50,0.1,0.01,0.5196485471452663,0.1640427869757155,-46.67624343187781,4.6338065077635433e-07,True,True,True,6.022452987572885,6.022601489291236,6.022600884218294,2.255720905031278,2.2557088421625804,2.255708887927913,3.148914608407548e-06,6.754486692276e-09,1.072203946961281e-05,-4.7777760414646764e-08,False,False,False
ces,alpha,rho,0.5,0.3,3,2130126,50,0.1,0.01,0.48672290471585955,0.2935917884294118,-42.33672113707177,9.475177963803899e-06,True,True,True,22.12755276653675,22.12795087104339,22.12793977600672,1.9945175926503484,1.9945114012899325,1.9945116158052658,3.887790207947505e-06,9.036489491077298e-09,1.0608685322210931e-05,-2.544339352539282e-07,False,False,False
ces,alpha,rho,0.5,0.3,4,2130127,50,0.1,0.01,0.48160213593953577,0.34830919984227454,-37.22015579723024,2.9956624151217115e-06,True,True,True,16.182702422833156,16.18297462686939,16.182971394107515,1.9916268094770389,1.9916191383372284,1.9916192250678926,1.4916338018861527e-06,2.618560431027493e-09,7.888900242392083e-06,-9.991079252813506e-08,False,False,False
ces,alpha,rho,0.5,0.3,5,2130128,50,0.1,0.01,0.4934674586745175,0.4245827893981053,-41.43321502359356,1.4986767989032129e-06,True,True,True,13.96223949398276,13.962998102001986,13.962993042235768,2.0737082844488093,2.0736840638850462,2.073684220464319,1.5500875536198634e-06,3.873787936958196e-09,2.626430082131037e-05,-1.8210113239547354e-07,False,False,False
ces,alpha,rho,0.5,0.3,6,2130129,50,0.1,0.01,0.463890507097803,0.24533437859789425,-45.63421024952009,1.6784607686279747e-06,True,True,True,21.023369520074876,21.02332696681713,21.023335470725623,1.9591956914176785,1.959193743721697,1.9591935673622476,6.767721256870411e-06,4.7751477256337305e-09,-4.0650057400171136e-06,2.0145730417198138e-07,False,False,False
ces,alpha,rho,0.5,0.3,7,2130130,50,0.1,0.01,0.47369979115964894,0.380417028441073,-45.49105010046041,3.965307543594392e-06,True,True,True,31.957582202630753,31.95851046188529,31.958499965844126,1.9014418328865648,1.901426609782096,1.9014267518522894,6.105261754121095e-06,5.146243699633612e-09,1.1355073255003845e-05,-1.6486280429717226e-07,False,False,False
ces,alpha,rho,0.5,0.3,8,2130131,50,0.1,0.01,0.5149414638212754,0.2292380237391239,-49.41874391950109,5.451418899835707e-07,True,True,True,18.424796920763413,18.424893780673962,18.42488782656267,2.0163262216084825,2.0163254500360486,2.016325587491738,3.6815537401691084e-06,7.344851877662897e-09,4.203817326242643e-06,-1.6490413656811143e-07,False,False,False
ces,alpha,rho,0.5,0.3,9,2130132,50,0.1,0.01,0.5197203398577246,-0.18214672367859544,-42.23320401156235,2.688894999986612e-06,True,True,True,12.10482636757077,12.106170432809309,12.106159202527682,2.0959483628062836,2.095897712603341,2.0958981120000075,5.710668910786618e-06,1.1075539777928288e-08,5.2248290160150646e-05,-4.6782741947026807e-07,False,False,False
ces,alpha,rho,0.5,0.3,10,2130133,50,0.1,0.01,0.5274507466599192,0.3541013060148234,-47.813051021405165,1.0541985683451093e-06,True,True,True,20.485866823104406,20.48589538441818,20.48589861192781,1.9565595150424504,1.956558276561195,1.9565582086963809,1.8834143323296224e-06,2.2048189817986627e-09,4.775642281629189e-08,7.941562785163114e-08,False,False,False
ces,alpha,rho,0.5,0.3,11,2130134,50,0.1,0.01,0.5288545497955432,0.8,-43.30842112842723,0.7485362658748475,True,True,True,13.395714077285835,13.395561185074028,13.395562743185888,2.142684095713581,2.142689886672952,2.1426898365659164,1.92324636962703e-06,3.0938638264330514e-09,-4.687866208996638e-06,5.862766983000256e-08,False,False,False
ces,alpha,rho,0.5,0.3,12,2130135,50,0.1,0.01,0.5335460929405462,0.6475611710336613,-45.52375830103204,1.817302470094924e-06,True,True,True,16.3994568288453,16.39943936777157,16.399433500134215,2.081334352562128,2.0813366228290686,2.0813367771698745,4.1680420551379295e-06,4.419922951101816e-09,1.3689023177221316e-06,-1.8010364044585003e-07,False,False,False
ces,alpha,rho,0.5,0.3,13,2130136,50,0.1,0.01,0.4574091868762962,0.12264288112441961,-51.80412518581491,3.99658182479701e-06,True,True,True,17.85893976215561,17.86218408732498,17.862159796247106,2.0254977519599873,2.025422377057116,2.0254229624097895,8.25487000209375e-06,1.7660355397579188e-08,9.418286128237696e-05,-6.860052010893014e-07,False,False,False
ces,alpha,rho,0.5,0.3,14,2130137,50,0.1,0.01,0.5165417988959575,0.2151755310238637,-51.10724609634889,2.4051268108878452e-06,True,True,True,15.932382728827376,15.93323381206416,15.933226841545629,1.992685639479483,1.9926635765471414,1.9926637633790676,2.693412229753048e-06,8.55203002974194e-09,2.7793751783633525e-05,-2.2238486252490475e-07,False,False,False
ces,alpha,rho,0.5,0.3,15,2130138,50,0.1,0.01,0.5023790878307238,0.4060094362706684,-37.447316739636555,1.2797316533407583e-06,True,True,True,16.112162988507084,16.11254524506251,16.11254045822598,1.9997338731857321,1.9997259486194428,1.999726076778788,5.509974370791677e-06,3.8573283977117255e-09,1.445140577516213e-05,-1.495386925398634e-07,False,False,False
ces,alpha,rho,0.5,0.3,16,2130139,50,0.1,0.01,0.4941956989018991,0.007384028106284913,-35.63724754171449,3.715269129299221e-05,True,True,True,12.136374466478804,12.183037183701863,12.18271479675291,2.029406806070266,2.0277394029771383,2.027750831336718,5.5758861238493963e-05,2.9280604022945283e-07,0.0019045183840233904,-1.330491723194882e-05,False,False,False
ces,alpha,rho,0.5,0.3,17,2130140,50,0.1,0.01,0.5140021997198562,0.47800929953063664,-38.1713262740319,1.0012414485801422e-06,True,True,True,13.012695803022439,13.012813693807951,13.012815901715406,2.1275583035552112,2.1275520511661608,2.1275519776871987,5.340558496592928e-06,3.534288012090584e-09,1.9463803369035304e-06,8.507600313123476e-08,False,False,False
ces,alpha,rho,0.5,0.3,18,2130141,50,0.1,0.01,0.5029566129652565,-0.3884346869359097,-47.31685479330634,1.074424261762652e-06,True,True,True,12.336373617062412,12.336549164061303,12.336547434503709,2.0869425389194904,2.086934616006498,2.086934673207823,4.332756375144788e-06,8.611304214066684e-09,5.033998299097675e-06,-7.434239535086817e-08,False,False,False
ces,alpha,rho,0.5,0.3,19,2130142,50,0.1,0.01,0.5266600730740251,0.0639862296581365,-36.76637871182744,2.1265752629270376e-05,True,True,True,17.65201904512203,17.652054714501535,17.65199618466716,1.9909667509664983,1.9909672280875659,1.9909686503487465,3.334449172984094e-06,5.417815971756907e-08,8.916820277704574e-07,-1.6783187248847753e-06,False,False,False
ces,alpha,rho,0.5,0.7,0,2140123,50,0.1,0.01,0.4574410260967645,0.8,-47.016106651978625,2.3712116004063737,True,True,True,14.108533976804795,14.108506525566073,14.10850465887993,2.091144252102754,2.0911453358988727,2.09114539339484,5.720342321383595e-07,1.0916970381169768e-09,-7.640688153287556e-07,-6.611459468786052e-08,False,False,False
ces,alpha,rho,0.5,0.7,1,2140124,50,0.1,0.01,0.49064447582951,0.3516034868323252,-36.74162583386726,4.465132188557433e-06,True,True,True,17.321649619193995,17.32159972105127,17.321594855009227,2.089041403956328,2.0890466689187908,2.089046788767455,9.240032448762935e-06,6.493579663971436e-09,3.037884610535002e-06,-1.4294252537183638e-07,False,False,False
ces,alpha,rho,0.5,0.7,2,2140125,50,0.1,0.01,0.49939825663582854,0.8,-48.602769823713864,0.9913161562788066,True,True,True,13.235266147224593,13.235331997501124,13.235327023138115,2.0676899431053473,2.067688118566654,2.06768828077932,7.824922373568551e-07,4.078822107677302e-09,2.6856890471549377e-06,-1.890855187980378e-07,False,False,False
ces,alpha,rho,0.5,0.7,3,2140126,50,0.1,0.01,0.5354696898960266,0.8,-45.742224488766595,1.1921816494102018,True,True,True,11.810422186427674,11.810635140911605,11.810633114930404,2.0608681808918408,2.0608601796737567,2.0608602537138365,4.3431050728393033e-07,1.9081601273277017e-09,8.732862234239747e-06,-8.629694292494605e-08,False,False,False
ces,alpha,rho,0.5,0.7,4,2140127,50,0.1,0.01,0.5071305271886027,0.5856003256462575,-44.73539447390104,7.3133955090911304e-06,True,True,True,33.59683432414941,33.59726618733107,33.59726279789769,1.909486546956488,1.9094825337361288,1.9094825768657544,3.6335208814694183e-06,2.948900070929259e-09,8.182579279036872e-06,-5.1229385178430675e-08,False,False,False
ces,alpha,rho,0.5,0.7,5,2140128,50,0.1,0.01,0.4858331075207347,0.46530246254469126,-49.24669038695398,4.274528779494773e-06,True,True,True,22.978678830153,22.97824970723618,22.97824585031293,1.9279347071688375,1.9279434401621205,1.9279435123013244,1.596370214270045e-06,2.6443446193438997e-09,-8.705571858058647e-06,-8.479772617420167e-08,False,False,False
ces,alpha,rho,0.5,0.7,6,2140129,50,0.1,0.01,0.4810364981611859,0.8,-51.22766408892158,1.7898323854337157,True,True,True,19.13892761389373,19.139278753576644,19.139273420312602,1.9844652735236195,1.9844574001976478,1.984457520890134,3.8037674028670064e-07,2.9865837670649873e-09,9.142510982940166e-06,-1.3970311130151458e-07,False,False,False
ces,alpha,rho,0.5,0.7,7,2140130,50,0.1,0.01,0.5336631467837454,0.7911975232203636,-42.665737552168856,2.242086049687848e-06,True,True,True,20.44135222540518,20.44101204461657,20.44101398008822,1.9953856299257904,1.9953926250176586,1.995392584011264,5.915066126463004e-07,1.0455987574204747e-09,-8.541060779521104e-06,4.747533921545255e-08,False,False,False
ces,alpha,rho,0.5,0.7,8,2140131,50,0.1,0.01,0.4817135461643481,0.44926547321541194,-36.77206251192636,6.611484658636253e-07,True,True,True,27.74862234424025,27.74837793958391,27.748376328644863,1.9412578175229516,1.941262140389672,1.9412621651373951,1.4265768690002267e-06,1.2855379819513e-09,-3.860530206623025e-06,-2.9563381076513906e-08,False,False,False
ces,alpha,rho,0.5,0.7,9,2140132,50,0.1,0.01,0.44766633518462606,0.5754121727952102,-43.06426583130812,1.844652283857305e-06,True,True,True,18.26164879006029,18.261881531914824,18.261880148363208,2.040816354331713,2.0408090009343467,2.0408090326494417,4.238996654896562e-06,3.864611752613206e-09,4.239602255040609e-06,-3.924837699287309e-08,False,False,False
ces,alpha,rho,0.5,0.7,10,2140133,50,0.1,0.01,0.5093901224947145,0.6068145803799011,-47.929317427835414,6.249814105544821e-06,True,True,True,28.894136580946252,28.89350225624278,28.89350478551499,1.9348651311642373,1.9348752096885675,1.934875171672057,1.4568862593364574e-06,1.1738006902996902e-09,-1.0306547146399225e-05,4.376961726393347e-08,False,False,False
ces,alpha,rho,0.5,0.7,11,2140134,50,0.1,0.01,0.47084694556614753,0.6644226903380404,-42.21011320280215,2.1432023166393998e-06,True,True,True,16.655535515791644,16.655825667379826,16.655821761021222,2.0289077083433686,2.028900103792719,2.0289002054653626,3.7007028564449356e-07,2.2351852516704335e-09,8.548036696254258e-06,-1.1747913930548748e-07,False,False,False
ces,alpha,rho,0.5,0.7,12,2140135,50,0.1,0.01,0.4541449606832027,0.45587934241722955,-47.29083737149827,2.447249883530066e-06,True,True,True,22.93256562787465,22.932620547546833,22.932620645844402,1.9038936925985868,1.9038935110834894,1.9038935095364047,2.2194901303773266e-06,7.77975681968792e-10,2.1883586853732595e-06,2.505217366888246e-09,False,False,False
ces,alpha,rho,0.5,0.7,13,2140136,50,0.1,0.01,0.48671897485116866,0.7921975786115406,-44.47245044296867,3.4342082169571803e-07,True,True,True,19.87311761140717,19.87306990680935,19.87306772899892,1.9986933505740017,1.9986935193707192,1.9986935671774433,2.0114490331142717e-06,2.473036855055115e-09,-2.260673660714474e-06,-5.4546489991480485e-08,False,False,False
ces,alpha,rho,0.5,0.7,14,2140137,50,0.1,0.01,0.5350575381144678,0.4644693224454789,-46.890516564618544,1.7440893470611595e-07,True,True,True,16.07237443055278,16.072488546460058,16.07248315649118,2.1138907643724325,2.113884983296076,2.113885128239124,6.213121639678301e-06,3.911593731241951e-09,2.759102173399697e-07,-1.684819253000569e-07,False,False,False
ces,alpha,rho,0.5,0.7,15,2140138,50,0.1,0.01,0.4983146509903986,0.7448823003247915,-47.30024540870383,5.173054893713788e-06,True,True,True,20.41555074881522,20.415614453803308,20.41561341345016,2.020030891803606,2.0200286487046673,2.020028670738704,2.0525012625523226e-06,1.7220060643212713e-09,5.123558324271471e-07,-2.559107770139235e-08,False,False,False
ces,alpha,rho,0.5,0.7,16,2140139,50,0.1,0.01,0.5454288456848677,0.8,-41.122229530021286,0.3784764538338902,True,True,True,19.649637419667147,19.649614176010623,19.64961183891151,1.985573020586593,1.9855739903026965,1.9855740413380591,1.0539877877217295e-06,2.158467014522807e-09,-1.2666094306723608e-07,-6.018205311875136e-08,False,False,False
ces,alpha,rho,0.5,0.7,17,2140140,50,0.1,0.01,0.48934466638044616,0.6218314781258784,-48.46284436022866,2.966037224146845e-07,True,True,True,18.376436762087973,18.37678637999533,18.37678423515499,2.049167145121828,2.0491583289800923,2.049158378285869,1.291528603104445e-06,3.43173888637567e-09,8.815248733640146e-06,-5.994929352937106e-08,False,False,False
ces,alpha,rho,0.5,0.7,18,2140141,50,0.1,0.01,0.5059892938866203,0.7204328469433937,-38.76329224932439,5.3167983411332555e-06,True,True,True,19.26871790410244,19.268885969815887,19.268880693656538,2.0293441222305715,2.0293411466480085,2.029341264881702,1.872039633028419e-06,3.329975182289916e-09,5.158705207009007e-06,-1.376960270249583e-07,False,False,False
ces,alpha,rho,0.5,0.7,19,2140142,50,0.1,0.01,0.4680866613702255,0.8,-51.96102341820317,6.076925721748735,True,True,True,20.093378489924813,20.09315690768299,20.093156579698228,1.9776803342612488,1.9776853543713235,1.9776853617058423,5.6760476439942e-07,6.302645418392234e-10,-5.255949467652954e-06,-7.879030761159811e-09,False,False,False
ces,alpha,rho,0.75,-0.7,0,2150123,50,0.1,0.01,0.8017002410863792,-0.6560531901235468,-44.274510300493546,9.059698520866325e-07,True,True,True,3.621938880901876,3.6224539448099375,3.6224526630850598,2.662000217324919,2.661928413110603,2.661928562146159,2.320527642932867e-05,1.323852912912534e-08,5.934666979356962e-05,-1.8224432807301127e-07,False,False,False
ces,alpha,rho,0.75,-0.7,1,2150124,50,0.1,0.01,0.7186084708529725,-0.33100169995805256,-38.50635905153476,1.5777009050825103e-06,True,True,True,9.535690162239607,9.535752799948453,9.535750594724153,2.308482783719879,2.3084737447050467,2.308473841165076,1.4253498074856777e-05,1.0273153204832376e-08,-3.95801172459187e-06,-1.202048522941368e-07,False,False,False
ces,alpha,rho,0.75,-0.7,2,2150125,50,0.1,0.01,0.7532063571962638,-0.7335391082434509,-43.84157693335354,9.243242047137817e-06,True,True,True,6.94879991044364,6.948534294426272,6.94852458054944,2.5158020442339035,2.5158049695332076,2.5158055695239474,3.155768263013318e-05,1.8495949196177297e-08,-3.556479879307517e-05,-7.072110506101126e-07,False,False,False
ces,alpha,rho,0.75,-0.7,3,2150126,50,0.1,0.01,0.7276339473184931,-0.38673825810519485,-45.260926861392896,3.7345763888702944e-07,True,True,True,9.689941356273327,9.690399676237131,9.690399317010876,2.2331987081789872,2.2331708549030873,2.2331708668949646,1.6848784925484254e-05,1.1473860954063791e-08,1.5206876483375709e-05,-2.3264163928615744e-08,False,False,False
ces,alpha,rho,0.75,-0.7,4,2150127,50,0.1,0.01,0.7537630303440294,-0.8,-38.77438284065438,1.007262355305295,True,True,True,5.476597785585757,5.476846119454815,5.4768442087399425,2.4658626725979076,2.465834846386144,2.465834991676132,1.874402437942444e-05,1.5768280822614383e-08,1.3125812870384834e-05,-1.8160016423962588e-07,False,False,False
ces,alpha,rho,0.75,-0.7,5,2150128,50,0.1,0.01,0.7265860226311437,-0.8,-41.18848323441106,1.074683432046132,True,True,True,8.69810872329181,8.698262846019515,8.698259214948134,2.2564602230486477,2.25644979035809,2.2564499662976854,6.5423185014186224e-06,1.3189397665517946e-08,5.4929820976212795e-06,-2.1489002222097042e-07,False,False,False
ces,alpha,rho,0.75,-0.7,6,2150129,50,0.1,0.01,0.754442247420438,0.018545572235556036,-51.347404349366194,3.0884331782517385e-05,True,True,True,9.505697189591109,9.518153221776187,9.518071432839491,2.242179471016698,2.2416070240393053,2.2416107229897144,1.1615064834566074e-05,9.093044600627814e-08,0.0006461293093664722,-4.334404685835125e-06,False,False,False
ces,alpha,rho,0.75,-0.7,7,2150130,50,0.1,0.01,0.7766290505839352,-0.8,-48.33596426885804,3.399503789584787,True,True,True,8.520941638496495,8.520817328209587,8.520814379776999,2.389560872433546,2.389552461024087,2.3895526018625217,3.400946280937228e-05,2.398854178093224e-08,-2.445677711193639e-05,-1.8388078615316772e-07,False,False,False
ces,alpha,rho,0.75,-0.7,8,2150131,50,0.1,0.01,0.769251274141751,-0.8,-50.19675154601534,0.2569556016872291,True,True,True,7.257680876758599,7.25771556246011,7.257709426197953,2.555181122889768,2.5551622025653127,2.5551625598854466,3.889896057386914e-05,2.4729651509915265e-08,-1.7437770019057552e-05,-4.341015653608338e-07,False,False,False
ces,alpha,rho,0.75,-0.7,9,2150132,50,0.1,0.01,0.7420102788736597,-0.7833334570526195,-48.46765427343787,1.4034433197335721e-06,True,True,True,6.032779069744843,6.033136118353734,6.033133368324991,2.4103965044786477,2.410363160593157,2.410363351989419,1.761078596710251e-05,1.6514278419340953e-08,2.0558978597762234e-05,-2.354677803850791e-07,False,False,False
ces,alpha,rho,0.75,-0.7,10,2150133,50,0.1,0.01,0.7718714687872629,-0.8,-30.656248934953087,0.9449081499736771,True,True,True,6.83626736001881,6.836702628497758,6.836696825884866,2.39749526913475,2.3974527458784327,2.397453104128358,3.430489294213273e-05,2.546739755962021e-08,1.4275458809720476e-05,-4.3629426826896633e-07,False,False,False
ces,alpha,rho,0.75,-0.7,11,2150134,50,0.1,0.01,0.736951945683957,-0.6945937403026847,-46.43313095593043,9.74279503035109e-07,True,True,True,8.344221101154867,8.3441589847016,8.344157569712166,2.397307447327488,2.397300010113887,2.397300077338095,2.4590961999720454e-05,1.6477539826738917e-08,-1.6098868258040966e-05,-9.218372554187226e-08,False,False,False
ces,alpha,rho,0.75,-0.7,12,2150135,50,0.1,0.01,0.6854996781042941,-0.06775298144318342,-37.20602130123807,1.6747060433926558e-05,True,True,True,10.878841497494863,10.879394098281159,10.87942807315893,2.28640678300934,2.28637736603588,2.286376013048454,1.697423746541927e-05,1.810255975696879e-08,1.849226551087213e-05,1.5651756726242638e-06,False,False,False
ces,alpha,rho,0.75,-0.7,13,2150136,50,0.1,0.01,0.742464503487086,-0.8,-48.44659475745701,0.0233916795184486,True,True,True,6.756477214642694,6.756336043373925,6.756332356210616,2.3936834309180033,2.393682513700621,2.3936827438888186,2.302396756127963e-05,1.7082633768667828e-08,-2.2231136384220918e-05,-2.8072034297110804e-07,False,False,False
ces,alpha,rho,0.75,-0.7,14,2150137,50,0.1,0.01,0.7534353129438885,-0.43363013989453036,-47.64203651172289,4.351892991853781e-07,True,True,True,7.3786841795443925,7.378687808202856,7.378684954108383,2.3533898028718734,2.3533854161578334,2.353385580229943,9.62450354165134e-06,1.0641158519289638e-08,-4.756522997695356e-06,-1.979075179292522e-07,False,False,False
ces,alpha,rho,0.75,-0.7,15,2150138,50,0.1,0.01,0.7655039045189092,-0.5565078417273606,-43.45961238594372,5.181017502798329e-06,True,True,True,7.219789457501702,7.220270537023879,7.22026433619166,2.4500036468237605,2.449963932299743,2.449964298436164,2.4886622873581003e-05,1.8298598503511028e-08,2.0470921377579998e-05,-4.372790840534435e-07,False,False,False
ces,alpha,rho,0.75,-0.7,16,2150139,50,0.1,0.01,0.7076942853164048,0.17596842253950234,-44.07740734245949,4.230542150958558e-06,True,True,True,6.242650531784904,6.241509881199329,6.241505676474287,2.3852102339200125,2.3852856434227236,2.38528593304841,9.14087232790649e-06,9.713220231235205e-09,-9.625747983932342e-05,-3.402274657560156e-07,False,False,False
ces,alpha,rho,0.75,-0.7,17,2150140,50,0.1,0.01,0.7444607744320346,-0.8,-45.32910368597417,1.0923765039788484,True,True,True,8.514940187043129,8.515199158061709,8.515191356396633,2.452575952818648,2.4525482558411764,2.452548644973714,3.34203453974155e-05,2.198994215303496e-08,-1.942264496790358e-06,-4.6819967991496014e-07,False,False,False
ces,alpha,rho,0.75,-0.7,18,2150141,50,0.1,0.01,0.7689304146043607,-0.5681490691162693,-41.19494578419464,8.888886784459376e-07,True,True,True,7.022418389772292,7.022371877682267,7.022369055935562,2.3427196459915787,2.3427123057591825,2.342712474244586,2.3553105298445117e-05,1.6258289240240876e-08,-1.528199543088249e-05,-2.0784654708450034e-07,False,False,False
ces,alpha,rho,0.75,-0.7,19,2150142,50,0.1,0.01,0.7585661573943258,-0.8,-47.70933080055369,0.9415609270257702,True,True,True,10.456602494859421,10.456946843375334,10.456942930577025,2.243265980648716,2.2432413536975564,2.243241507397374,2.3801241572256835e-05,2.1531464961682862e-08,4.380608707776901e-06,-1.972283314444212e-07,False,False,False
ces,alpha,rho,0.75,-0.3,0,2160123,50,0.1,0.01,0.7245774586981865,-0.20784100410032902,-42.953995376698565,4.507284873811601e-06,True,True,True,15.678343100385124,15.678056435096899,15.678056570226099,2.2557272830011166,2.2557257273751135,2.2557257194060423,2.1939481343262735e-05,1.1980017486812825e-08,-2.0075860604151785e-05,-5.557296844926896e-10,False,False,False
ces,alpha,rho,0.75,-0.3,1,2160124,50,0.1,0.01,0.7520350676173548,0.048267004652570424,-46.8510770778132,8.242670139457701e-06,True,True,True,11.603193827597867,11.597850517814855,11.597857784649301,2.280469335341337,2.280662662870971,2.2806623916336433,1.5661658477556638e-05,1.1391280682155047e-08,-0.00023771859002863494,3.1429364355517464e-07,False,False,False
ces,alpha,rho,0.75,-0.3,2,2160125,50,0.1,0.01,0.712034706834234,-0.22182155109695653,-46.56281034153101,3.961116434144031e-06,True,True,True,8.40726640455436,8.407730312934444,8.407716201206336,2.2398577402731585,2.239827289156443,2.2398280128018038,1.4953888718235172e-05,1.670832512985673e-08,1.927449226002409e-05,-8.452969169070457e-07,False,False,False
ces,alpha,rho,0.75,-0.3,3,2160126,50,0.1,0.01,0.7278548482498327,-0.6358423870975551,-45.56692979221643,8.165916834511965e-06,True,True,True,8.132673195915771,8.132460446349155,8.132454314796432,2.360218331151802,2.360218681077165,2.3602190020331224,2.5384963813321243e-05,1.655275902178746e-08,-2.6141778988630904e-05,-3.8444643024604375e-07,False,False,False
ces,alpha,rho,0.75,-0.3,4,2160127,50,0.1,0.01,0.7429844356944296,-0.08822491909438598,-50.63996519600679,2.640744289429354e-07,True,True,True,13.17095009250449,13.173991653990612,13.173964280344402,2.250539840712134,2.250434648427099,2.2504355460123797,1.143004768184816e-05,1.754915249000286e-08,0.00010875131515319936,-1.0444740468074087e-06,False,False,False
ces,alpha,rho,0.75,-0.3,5,2160128,50,0.1,0.01,0.7623745602479756,-0.1777593328813933,-45.391446372103864,1.7719922978367451e-06,True,True,True,6.053195289415996,6.054425783984678,6.054420690384575,2.282940377617745,2.282850741297189,2.2828511038830035,3.340477707910628e-06,8.27056820195327e-09,9.963802389023613e-05,-4.238599373707075e-07,False,False,False
ces,alpha,rho,0.75,-0.3,6,2160129,50,0.1,0.01,0.7666214106923511,-0.34746126900719687,-39.648407459353514,4.625218435073687e-07,True,True,True,9.608362862398035,9.607735920334672,9.607735689524555,2.368379588784102,2.3683980494564265,2.368398055051107,2.279641005953657e-05,1.3994318981096083e-08,-4.4015700581212513e-05,-1.7582252098691242e-08,False,False,False
ces,alpha,rho,0.75,-0.3,7,2160130,50,0.1,0.01,0.7031500305209715,-0.15057628092179492,-36.84786054226335,4.0507168289818836e-07,True,True,True,11.150192277020336,11.148532490165698,11.148539833603525,2.1176231840860544,2.117689358934157,2.1176890677923175,4.868409760988156e-06,1.3324111410261165e-08,-7.235821022533173e-05,3.2350133949421433e-07,False,False,False
ces,alpha,rho,0.75,-0.3,8,2160131,50,0.1,0.01,0.7595358328312719,-0.3399480181468773,-51.85606992226124,3.126589889559994e-07,True,True,True,12.031130291258972,12.03130731915073,12.03129947027288,2.3657786629728417,2.365760216821732,2.3657604945288115,2.7872535491805754e-05,1.6520284945489886e-08,-6.855520823023653e-06,-3.326492787891766e-07,False,False,False
ces,alpha,rho,0.75,-0.3,9,2160132,50,0.1,0.01,0.7242976990648882,0.0040192345462820986,-47.002184572498166,3.820090963792649e-05,True,True,True,13.412456049460639,13.397206259996427,13.397057734835688,2.150710632157624,2.151199296665883,2.1512040662400858,2.7171372650684505e-05,1.3642760566814007e-07,-0.0005806333156570531,-5.595164793703589e-06,False,False,False
ces,alpha,rho,0.75,-0.3,10,2160133,50,0.1,0.01,0.7595194557375478,0.2531002794181074,-51.66389338863068,9.323284641863994e-07,True,True,True,10.813811673493577,10.813852826718634,10.813861571843974,2.2974884559935798,2.2974836460357935,2.297483295865999,7.362091021230019e-06,6.269273776940171e-09,-1.3265104925608284e-06,4.0554834157546793e-07,False,False,False
ces,alpha,rho,0.75,-0.3,11,2160134,50,0.1,0.01,0.782435490520094,-0.28587542672339944,-39.8344241117745,4.339549231134035e-06,True,True,True,8.073754946008219,8.07481372240402,8.074811117573562,2.4162323377526773,2.416167445409401,2.4161675822220294,1.836996272858301e-05,1.1473135977811974e-08,5.62542948614464e-05,-1.6507575395507956e-07,False,False,False
ces,alpha,rho,0.75,-0.3,12,2160135,50,0.1,0.01,0.7892740555772499,-0.7088032191979281,-49.917824408420344,4.47716496108462e-06,True,True,True,9.033097719667433,9.032675170372569,9.032667331924854,2.534420711205379,2.5344235158108606,2.534423882437574,4.0470318042808564e-05,2.6606880910799036e-08,-4.399576137359418e-05,-4.4569384272108437e-07,False,False,False
ces,alpha,rho,0.75,-0.3,13,2160136,50,0.1,0.01,0.7859939012343038,-0.524352933817365,-42.29213882207253,2.319924752556571e-06,True,True,True,4.9979784101383675,4.998006630949375,4.998003922006213,2.521789167725655,2.5217797244245177,2.52177995547749,1.6126668897059972e-05,1.2373295926776403e-08,-5.501568296040205e-06,-2.7599530483257695e-07,False,False,False
ces,alpha,rho,0.75,-0.3,14,2160137,50,0.1,0.01,0.7749641803103743,0.03229640048948666,-47.475283096087445,1.2753399422872213e-05,True,True,True,5.8897165512746845,5.88745040304979,5.887392271592156,2.475251213758381,2.475412108692168,2.4754163934604207,1.4467912182909574e-05,3.6635360214036966e-08,-0.00020454126686786367,-4.940818477905395e-06,False,False,False
ces,alpha,rho,0.75,-0.3,15,2160138,50,0.1,0.01,0.7582138845638858,0.2257089517646314,-48.699533646551835,5.432630120973054e-06,True,True,True,7.186755977046013,7.187038332004237,7.1870355184863355,2.3537662088287714,2.3537474950498267,2.3537476627706835,3.914286237597836e-06,6.9666302847719135e-09,1.7544053676488147e-05,-1.983754174261776e-07,False,False,False
ces,alpha,rho,0.75,-0.3,16,2160139,50,0.1,0.01,0.7374905159469647,-0.2453009467041766,-34.7021079854569,7.55765834068729e-06,True,True,True,6.546639106093968,6.548305156090428,6.548292708858294,2.3575874126913017,2.3574720049982383,2.3574728262254196,1.1378134472942964e-05,1.4007640594083419e-08,0.00012063360456693317,-9.553617061897057e-07,False,False,False
ces,alpha,rho,0.75,-0.3,17,2160140,50,0.1,0.01,0.772143944185013,-0.4990291783985976,-45.94471284803694,1.3194924001423674e-06,True,True,True,10.747319483195994,10.747280196714847,10.747279124742024,2.312762739353917,2.312750351057347,2.3127503871662727,3.2250717753179534e-05,2.0170313336219116e-08,-1.797619977139675e-05,-5.8171707451037946e-08,False,False,False
ces,alpha,rho,0.75,-0.3,18,2160141,50,0.1,0.01,0.7167187218265665,-0.03382125213001107,-44.51224788322424,3.3916416312787166e-05,True,True,True,14.538193042789416,14.538826445980224,14.538795034722488,2.2134771426334248,2.2134499615902476,2.2134508907772297,1.9114227163766114e-05,2.7527255663917643e-08,1.1183193613817366e-05,-1.090744760290363e-06,False,False,False
ces,alpha,rho,0.75,-0.3,19,2160142,50,0.1,0.01,0.7357325645070243,-0.2540840455660703,-45.490844387815535,3.1606714797501134e-06,True,True,True,9.145002949879572,9.144921310851755,9.144922758947386,2.2497039552955655,2.2496965599365453,2.2496964881331167,2.6052756322473526e-05,1.2009017231942371e-08,-1.7365752100317877e-05,7.568294790871732e-08,False,False,False
ces,alpha,rho,0.75,-0.1,0,2170123,50,0.1,0.01,0.7682343526977514,-0.8,-49.14311483973977,1.2035066738993458,True,True,True,5.2341723154086495,5.234279050023595,5.234274943274024,2.5404837954762765,2.540461914649873,2.540462247575323,3.0053124015403112e-05,1.99494994616387e-08,-5.200853188114252e-06,-4.0129315692638556e-07,False,False,False
ces,alpha,rho,0.75,-0.1,1,2170124,50,0.1,0.01,0.7501164899504654,0.2653876679430172,-42.611397304338276,1.6248296295834519e-06,True,True,True,10.162166469363834,10.1607574291881,10.16075576020164,2.310205823702046,2.310263029105007,2.310263100581044,6.985574275092494e-06,3.3867469021598653e-09,-7.2886918211168e-05,-8.196825973527666e-08,False,False,False
ces,alpha,rho,0.75,-0.1,2,2170125,50,0.1,0.01,0.7381703322703221,-0.526333435104031,-51.056897097235456,2.8268641583721086e-06,True,True,True,16.788262834564083,16.78860853957539,16.78860213189069,2.166222179151345,2.166203624469261,2.1662037825249714,2.2150810157406486e-05,1.961462411611634e-08,-9.697138096953495e-07,-1.9970031672755795e-07,False,False,False
ces,alpha,rho,0.75,-0.1,3,2170126,50,0.1,0.01,0.746807360146533,0.34531912221946,-50.04877690379951,1.0829018632779536e-06,True,True,True,13.369435620535889,13.369396956587204,13.369395132492523,2.2023072358422056,2.2023059469253687,2.202306005440666,5.9224887436726864e-06,5.526230656669163e-09,-4.444960033822554e-06,-6.906984850729714e-08,False,False,False
ces,alpha,rho,0.75,-0.1,4,2170127,50,0.1,0.01,0.7555400714474239,-0.7926747036789684,-40.16198379743796,1.2879162857411808e-06,True,True,True,8.518269755222967,8.518663576492036,8.518658491520016,2.448253011745238,2.4482140783675588,2.4482143260389053,4.3535785545456736e-05,2.864411594085375e-08,1.0959870166971086e-06,-3.1177933124126866e-07,False,False,False
ces,alpha,rho,0.75,-0.1,5,2170128,50,0.1,0.01,0.749782366958245,-0.05196755378427196,-48.260047107586274,4.975571384945093e-06,True,True,True,14.267049075735253,14.268243700728119,14.268221621926067,2.1903358148261094,2.190293674249264,2.1902943421518133,1.3360555544393434e-05,1.583565969272906e-08,3.4435056321058255e-05,-7.784585065451211e-07,False,False,False
ces,alpha,rho,0.75,-0.1,6,2170129,50,0.1,0.01,0.7607049869709391,-0.02837685645422353,-48.60165302530975,5.0595657252840846e-06,True,True,True,8.409359439157255,8.41621414964687,8.416278439159383,2.3071009330940773,2.306742635472973,2.306739327493908,1.1059926398081985e-05,4.3775617145984714e-08,0.00040612160136532793,3.8302878024865095e-06,False,False,False
ces,alpha,rho,0.75,-0.1,7,2170130,50,0.1,0.01,0.7544207786615877,-0.14447513935077766,-45.862953042350576,8.204095937717158e-06,True,True,True,6.147702877567692,6.1485949551062316,6.148574520930651,2.3655113789191935,2.365451641871618,2.365453079756381,7.5644715223559385e-06,1.9041234382578766e-08,7.465414458351916e-05,-1.6679689593956937e-06,False,False,False
ces,alpha,rho,0.75,-0.1,8,2170131,50,0.1,0.01,0.7427740774208568,-0.2503754931780446,-45.50250889711108,1.2019991278515572e-06,True,True,True,13.508646294469905,13.50815664448669,13.508149023054498,2.2424497640294865,2.2424560234560915,2.2424562628228717,2.189628317613933e-05,1.5215414408443364e-08,-2.933000840243949e-05,-2.88628605460417e-07,False,False,False
ces,alpha,rho,0.75,-0.1,9,2170132,50,0.1,0.01,0.7693942776800383,0.42424122361229516,-49.2699216955903,5.074574891827941e-06,True,True,True,9.225062223561725,9.224703451734934,9.224710070252687,2.2711142009212657,2.2711328220801086,2.271132511885058,4.096087282584119e-06,5.064656094391874e-09,-1.7092995449274895e-05,3.603520539741112e-07,False,False,False
ces,alpha,rho,0.75,-0.1,10,2170133,50,0.1,0.01,0.7362003025842279,-0.40056436850339083,-44.17821596533568,6.464896421762444e-06,True,True,True,2.14921195088219,2.148307914671984,2.148309275653669,2.942983778771728,2.9431541945073936,2.9431539136416727,2.8508721437624337e-05,1.6023076388118393e-08,-0.00022421610728429187,3.1015451185112397e-07,False,False,False
ces,alpha,rho,0.75,-0.1,11,2170134,50,0.1,0.01,0.7703975329192077,-0.4272052889983417,-47.103343878218475,1.2673381737243407e-06,True,True,True,3.961795018615853,3.9615227807334654,3.9615212307369254,2.7364081901549446,2.7364274273209204,2.7364275935720754,2.451656082672665e-05,1.1532354856382886e-08,-4.677040639222696e-05,-1.9985917276699183e-07,False,False,False
ces,alpha,rho,0.75,-0.1,12,2170135,50,0.1,0.01,0.702389970255775,0.10238200287425732,-43.991726438123536,8.17812541973869e-06,True,True,True,16.94739311057374,16.948500863764895,16.94847729601846,2.073449800186626,2.0734190273900395,2.073419629186238,5.527218101536724e-06,1.3705163947066475e-08,2.923588802161703e-05,-6.977079891612448e-07,False,False,False
ces,alpha,rho,0.75,-0.1,13,2170136,50,0.1,0.01,0.7499967282225501,-0.04117784668983085,-42.40291080678743,3.8110567533485684e-06,True,True,True,7.889952315412276,7.890520315062472,7.890553500997649,2.30009396524026,2.300061044521801,2.3000592147876593,3.84297978178771e-06,2.2774046851160986e-08,3.6185512328756886e-05,2.0992299525346425e-06,False,False,False
ces,alpha,rho,0.75,-0.1,14,2170137,50,0.1,0.01,0.7308862830852123,0.13295331279425823,-45.6958261026205,1.5312855377844796e-06,True,True,True,11.468278780312325,11.46862713663289,11.468625835231338,2.271048805762978,2.2710309342446005,2.2710309795407397,1.0888409003634117e-05,1.2561812269262198e-08,9.73850806929022e-06,-6.132582086593175e-08,False,False,False
ces,alpha,rho,0.75,-0.1,15,2170138,50,0.1,0.01,0.7727674343288252,-0.5036924430250957,-49.61290641255235,6.047859324630168e-06,True,True,True,8.510673049456358,8.51026852985351,8.510272229169978,2.4277663406858148,2.427776096397312,2.427775901932411,2.5110890220238032e-05,1.547166720965054e-08,-3.6089508462566755e-05,2.108024830249633e-07,False,False,False
ces,alpha,rho,0.75,-0.1,16,2170139,50,0.1,0.01,0.752149475510004,0.16058321318043342,-45.81175266232129,3.6881548721422954e-07,True,True,True,7.228862371064724,7.22907853216115,7.229067471775218,2.4077385820613264,2.407722483911086,2.4077231483975305,7.229457999910908e-06,7.171710236169654e-09,1.0603409528187058e-05,-7.649684690136382e-07,False,False,False
ces,alpha,rho,0.75,-0.1,17,2170140,50,0.1,0.01,0.742013468894149,-0.23920667634799433,-48.52812569470049,3.930072185583233e-06,True,True,True,7.963968153711774,7.964676997644983,7.9646789761796715,2.255861872966031,2.2558190235052815,2.2558189120295107,9.69287016052606e-06,9.45348446893475e-09,3.979022145728095e-05,1.2007241423361847e-07,False,False,False
ces,alpha,rho,0.75,-0.1,18,2170141,50,0.1,0.01,0.7354445281802077,0.03459339475566007,-51.553102235497725,1.870812809072371e-05,True,True,True,11.225070350647991,11.22214974967373,11.222179811329406,2.228055999028425,2.2281677941721822,2.2281666207452497,4.9998473677747086e-06,2.8208583510282453e-08,-0.0001301826594897193,1.3278174293418488e-06,False,False,False
ces,alpha,rho,0.75,-0.1,19,2170142,50,0.1,0.01,0.716076125942084,-0.05039784470035131,-41.21704608506085,3.707099682726943e-07,True,True,True,15.589924822967523,15.592038060345825,15.59205868352875,2.1601153318657826,2.160052453227365,2.1600518750889592,9.436925992398923e-06,1.2531891764094988e-08,6.380765235292074e-05,6.570666641891876e-07,False,False,False
ces,alpha,rho,0.75,0.3,0,2180123,50,0.1,0.01,0.7446268183005615,0.5597222683508768,-47.50153209389013,5.341017928282973e-06,True,True,True,8.529991044934226,8.530496241871036,8.530489687842264,2.290046957543192,2.2900198812334636,2.2900202135505046,3.473686404616574e-06,5.906481717254272e-09,2.7665744113392066e-05,-3.857118500150136e-07,False,False,False
ces,alpha,rho,0.75,0.3,1,2180124,50,0.1,0.01,0.7108482084587433,0.13629098551594893,-47.159896127250896,1.772522876577562e-06,True,True,True,17.605917912736412,17.607220431888546,17.607214275371142,2.0910543363153193,2.0910225584538646,2.0910227090922757,1.1267558433677633e-06,5.961134456743555e-09,3.721731253847338e-05,-1.7622986092646897e-07,False,False,False
ces,alpha,rho,0.75,0.3,2,2180125,50,0.1,0.01,0.7540476708366011,0.10143952383573807,-49.236461851325394,2.0695494891206926e-06,True,True,True,11.839698325082951,11.840081907929383,11.84007143214887,2.1909068894756834,2.1908879704527324,2.190888348053141,1.118316736631704e-05,1.737105661739042e-08,1.016612593929267e-05,-4.5004449589214346e-07,False,False,False
ces,alpha,rho,0.75,0.3,3,2180126,50,0.1,0.01,0.7336679501729303,0.46624605747210657,-46.7753548906623,1.1255432043740157e-06,True,True,True,6.935334030119848,6.935419829037238,6.9354211699374995,2.3534003417388134,2.3533936225597936,2.3533935396536223,3.1786384670177367e-06,3.881033405682098e-09,4.733348347940591e-06,9.789162191964351e-08,False,False,False
ces,alpha,rho,0.75,0.3,4,2180127,50,0.1,0.01,0.7498101598462797,0.5900099838780503,-48.0226256425879,1.322163290206532e-06,True,True,True,4.9920058254826865,4.991609988944994,4.991612197825438,2.3871261966801014,2.387160885505494,2.387160694367021,6.644128917969156e-07,3.0246787319045683e-09,-3.9137781271847416e-05,2.2246224062882902e-07,False,False,False
ces,alpha,rho,0.75,0.3,5,2180128,50,0.1,0.01,0.7297617530500997,0.8,-41.40793153718207,1.7328046162529562,True,True,True,7.713526907208386,7.7133845256429305,7.713383268738252,2.305360780845785,2.3053685257831784,2.305368596076162,1.0724888442293264e-06,1.5282416486122327e-09,-9.624190276724676e-06,-8.202334811358014e-08,False,False,False
ces,alpha,rho,0.75,0.3,6,2180129,50,0.1,0.01,0.717708308331361,0.6283976226468341,-40.52251041596635,8.711395931896411e-07,True,True,True,8.749016195559319,8.748735907321361,8.748733061339713,2.3310598993959633,2.3310758233927076,2.3310759653919413,4.70503479720307e-06,3.0595249281603454e-09,-1.386569735473131e-05,-1.6181943607307403e-07,False,False,False
ces,alpha,rho,0.75,0.3,7,2180130,50,0.1,0.01,0.8038969323359556,-0.49472713957111475,-40.82764668185842,2.2667009324651967e-06,True,True,True,3.681870334684113,3.6810939121615296,3.681090087795732,2.6978458410007597,2.697925329009443,2.6979257743701512,2.7971428760037457e-05,1.6964697260295494e-08,-0.0001199116711205761,-5.261810827050795e-07,False,False,False
ces,alpha,rho,0.75,0.3,8,2180131,50,0.1,0.01,0.7546073355122862,0.008557993018550984,-44.64697552223442,9.325876113680391e-06,True,True,True,10.747908744152333,10.74232017337453,10.742321264501552,2.2724820035520774,2.2727070939293594,2.2727070292123077,5.244887502425019e-06,4.775006189578542e-08,-0.000260931493542671,2.7064487539973925e-08,False,False,False
ces,alpha,rho,0.75,0.3,9,2180132,50,0.1,0.01,0.8048925743733262,-0.4117518913975543,-56.731635011646866,2.3568660773695456e-06,True,True,True,4.32502636438435,4.324502040245634,4.324501455283326,2.6441373004360154,2.6441773079841333,2.64417736131779,2.926798460786633e-05,1.6752954323811133e-08,-7.525109710826428e-05,-7.386434219824878e-08,False,False,False
ces,alpha,rho,0.75,0.3,10,2180133,50,0.1,0.01,0.774087915681143,-0.6810667988615976,-39.941520239694945,2.2933530438509818e-06,True,True,True,3.591575370358307,3.591260586357736,3.591264060928282,2.594288094857625,2.594316958979266,2.594316533819689,2.1202564672701773e-05,1.3841754317713062e-08,-5.393987428448099e-05,4.780236935175708e-07,False,False,False
ces,alpha,rho,0.75,0.3,11,2180134,50,0.1,0.01,0.7887828526294071,0.7456158541871938,-44.29314459509493,2.6950324908154445e-06,True,True,True,6.426651036886333,6.427178721844694,6.427178911772097,2.391987694962042,2.3919527744589892,2.3919527618597796,1.7466468281213808e-06,7.085846716831087e-10,4.191681469478681e-05,1.5045294787796593e-08,False,False,False
ces,alpha,rho,0.75,0.3,12,2180135,50,0.1,0.01,0.7136704057081656,0.5006056754669457,-49.41662066890202,1.3923206382482292e-05,True,True,True,17.98622234844383,17.986538890716258,17.986534370327902,2.1506631705099117,2.1506548346981935,2.1506549436075257,1.6298486264883884e-06,2.813407395124551e-09,7.876105705406644e-06,-1.2593416442996386e-07,False,False,False
ces,alpha,rho,0.75,0.3,13,2180136,50,0.1,0.01,0.7269985317304657,-0.01205100753529075,-47.30876055107329,3.2042503717989496e-05,True,True,True,15.16203803002349,15.185769350223753,15.18557390599209,2.22179588015046,2.221113668110238,2.221119235488646,1.2805333701229715e-05,9.268203279903157e-08,0.0007720702210818331,-6.4606241423348365e-06,False,False,False
ces,alpha,rho,0.75,0.3,14,2180137,50,0.1,0.01,0.7567768365095889,0.12121615430187035,-37.18671879048199,6.451868895653596e-07,True,True,True,5.383640495640305,5.383642925852004,5.38361553630918,2.4548970234106933,2.45489489555718,2.4548970996531025,5.145950760818412e-06,2.2635340287189756e-08,-4.548377162905126e-06,-2.5500019233959392e-06,False,False,False
ces,alpha,rho,0.75,0.3,15,2180138,50,0.1,0.01,0.7575893752638454,0.0801777286003536,-48.028797713234546,2.898668060479222e-05,True,True,True,13.144596599722544,13.147089585256744,13.147091189269977,2.182787339926456,2.1827057804355934,2.182705729081807,3.906452932930095e-06,3.891676283774032e-09,9.580464575975611e-05,6.288195919523787e-08,False,False,False
ces,alpha,rho,0.75,0.3,16,2180139,50,0.1,0.01,0.7384896763347699,0.3923829540305306,-41.39788675471286,2.3505248796815036e-06,True,True,True,17.802162130528256,17.801915114649265,17.80190692039525,2.1202723955834175,2.1202779528056492,2.1202781519370033,1.095418700893222e-06,5.289221114909003e-09,-7.70876235378637e-06,-2.3104349367031318e-07,False,False,False
ces,alpha,rho,0.75,0.3,17,2180140,50,0.1,0.01,0.7276316209003295,0.41968566882884795,-50.04689666459113,1.1189299790960508e-06,True,True,True,13.893505367430814,13.894190535164702,13.89419191864405,2.1772001790181057,2.1771789495430425,2.1771789063038405,5.838941630778671e-07,1.9182454207234525e-09,2.4922924119152867e-05,4.9791530898346537e-08,False,False,False
ces,alpha,rho,0.75,0.3,18,2180141,50,0.1,0.01,0.7686505211599395,-0.16542822281456246,-42.18107363882592,3.63231573138723e-06,True,True,True,6.402612332105193,6.4016179863984135,6.4016193802648615,2.5288766165667496,2.5289351555563675,2.528935058823542,2.0619216283003436e-05,9.686856512805244e-09,-8.781331511187318e-05,1.0636878045033882e-07,False,False,False
ces,alpha,rho,0.75,0.3,19,2180142,50,0.1,0.01,0.783818155556849,-0.17643251605170898,-51.98967914102123,4.348557824498646e-06,True,True,True,6.889192097648005,6.888259611655147,6.8882613474997525,2.509771653108203,2.509821701478552,2.5098215892730567,2.019460432696745e-05,1.1037292452854373e-08,-7.762093887464516e-05,1.22819074022118e-07,False,False,False
ces,alpha,rho,0.75,0.7,0,2190123,50,0.1,0.01,0.7639790100679694,0.7265470206610185,-51.08989777119057,1.6462908718843478e-06,True,True,True,12.587631391864361,12.587721499195927,12.58772439568623,2.221026202527333,2.221023096214338,2.221022996904554,5.984376314615806e-07,2.0978919988575597e-09,3.6978716195790184e-06,1.1576977954064205e-07,False,False,False
ces,alpha,rho,0.75,0.7,1,2190124,50,0.1,0.01,0.7187782268152668,0.642759376022186,-51.3193632815329,4.538239568250405e-06,True,True,True,5.6813907506064325,5.681615811646024,5.681612631736634,2.3596754421238204,2.359658574714395,2.359658816802679,8.408616978026938e-07,3.3354006989967433e-09,1.9912645967679055e-05,-2.8096970794422305e-07,False,False,False
ces,alpha,rho,0.75,0.7,2,2190125,50,0.1,0.01,0.7208232273818647,0.8,-33.76909863074455,2.160407412081251,True,True,True,17.551813443591563,17.55163506701207,17.551633959674888,2.1336588261819824,2.1336631212394392,2.133663148026811,6.866160947735529e-07,1.676083024328102e-09,-5.2502917000651905e-06,-3.225015987595725e-08,False,False,False
ces,alpha,rho,0.75,0.7,3,2190126,50,0.1,0.01,0.7373173355176607,0.7984372709260534,-46.69685130339074,7.250060678138249e-07,True,True,True,9.271232549146154,9.271180839926972,9.2711805760389,2.3124162024580777,2.3124182610309965,2.3124182742930213,1.1718846402690557e-06,2.5171601971733544e-09,-3.2205741646862407e-06,-1.3194799919347133e-08,False,False,False
ces,alpha,rho,0.75,0.7,4,2190127,50,0.1,0.01,0.7330246933753302,0.8,-45.62882763609444,0.4981996006888004,True,True,True,11.321437036386829,11.321498742063103,11.321496854585536,2.237822940147666,2.237820068852873,2.2378201419423385,1.6743254546854902e-06,2.4179081453702017e-09,2.0620555361006154e-06,-8.256888150981467e-08,False,False,False
ces,alpha,rho,0.75,0.7,5,2190128,50,0.1,0.01,0.7570170115326795,0.6903494306006269,-48.12859965491216,4.092877268877995e-06,True,True,True,6.8517179095974035,6.851588081988569,6.851586122592737,2.418218498888652,2.4182261589123315,2.418226282726994,1.7332019562888288e-06,2.929852178401004e-09,-1.0272864969351758e-05,-1.4343002874284139e-07,False,False,False
ces,alpha,rho,0.75,0.7,6,2190129,50,0.1,0.01,0.7836975288256346,0.18767207269189706,-41.1821566266098,1.3483551933401783e-05,True,True,True,6.99194550627922,6.993942587216791,6.993934054678322,2.4995687345258166,2.499440272583612,2.4994408003416613,1.071601882260769e-05,8.036871966166698e-09,0.00013707548347241527,-6.123866214124973e-07,False,False,False
ces,alpha,rho,0.75,0.7,7,2190130,50,0.1,0.01,0.7532331315835525,0.6608232074471773,-49.327097358477914,2.267204811749506e-06,True,True,True,16.805005948423183,16.805428592185795,16.805420645457694,2.2611522768579326,2.2611400297947832,2.261140234825128,3.651495680538086e-06,4.671743661946795e-09,1.0812787124336865e-05,-2.368169376154583e-07,False,False,False
ces,alpha,rho,0.75,0.7,8,2190131,50,0.1,0.01,0.7817198384626465,0.6630332704815994,-45.48443541335273,1.004859173557616e-07,True,True,True,5.8706084625032675,5.870345399300459,5.870343801914869,2.452119317089123,2.452138133997943,2.452138252405789,1.7332051989567652e-06,2.899255654041699e-09,-2.3283236920690342e-05,-1.3578897295474235e-07,False,False,False
ces,alpha,rho,0.75,0.7,9,2190132,50,0.1,0.01,0.7111047970854543,0.6196337432774461,-49.23901335542006,5.464684587433713e-06,True,True,True,11.808496457683898,11.808557559433735,11.808564084901437,2.189520787644136,2.1895183639281868,2.1895181242931483,5.266004061739804e-07,3.846982857513794e-09,2.6606839327314447e-06,2.767148004068076e-07,False,False,False
ces,alpha,rho,0.75,0.7,10,2190133,50,0.1,0.01,0.7419968802880583,0.3005311866024487,-42.11908038205736,9.603180254197256e-06,True,True,True,8.389284835656824,8.390205567038466,8.39020203525021,2.2782114780934415,2.278166666721115,2.278166845877752,6.655756172252361e-06,8.924444100419665e-09,5.793917727459075e-05,-2.146801918456731e-07,False,False,False
ces,alpha,rho,0.75,0.7,11,2190134,50,0.1,0.01,0.7555832660902201,0.6358260304535778,-39.2385615631371,4.077284975107316e-06,True,True,True,10.30727444608899,10.307855657533647,10.307855577488523,2.2343071783423376,2.234282922334607,2.2342829257512182,6.288075427019333e-07,6.194825450449129e-10,2.8457288244965184e-05,-3.83192855224479e-09,False,False,False
ces,alpha,rho,0.75,0.7,12,2190135,50,0.1,0.01,0.7286366201458732,0.6558337184772922,-47.263742512035726,4.359880325797233e-06,True,True,True,12.703890075684626,12.703810062459496,12.70380642008122,2.2401519481339274,2.24015486589928,2.2401549905053786,4.407131941436973e-07,1.7094947932254133e-09,-3.082400461096313e-06,-1.4325738817433376e-07,False,False,False
ces,alpha,rho,0.75,0.7,13,2190136,50,0.1,0.01,0.7635226682687852,0.2688300377109981,-38.41213100818463,1.885617636747213e-07,True,True,True,8.13964801842342,8.140639011093718,8.140626006538172,2.345039091959637,2.3449844608947603,2.344985152456984,4.156366264857409e-06,9.717506058467856e-09,5.804379055973641e-05,-8.012966858927939e-07,False,False,False
ces,alpha,rho,0.75,0.7,14,2190137,50,0.1,0.01,0.7463297975124393,0.5312854391050241,-46.64289527745268,3.128345454277621e-06,True,True,True,7.70020061736261,7.701205361318748,7.701204351723899,2.3284699874553345,2.3284137678502708,2.3284138240668497,1.191367045189611e-06,2.204666057490105e-09,6.568273004603498e-05,-6.637397831354974e-08,False,False,False
ces,alpha,rho,0.75,0.7,15,2190138,50,0.1,0.01,0.7452613220653834,0.5801553736370042,-51.82218215081883,4.4776878818311173e-07,True,True,True,7.965276867387192,7.965212469896797,7.965211326788869,2.2984555103505047,2.298459234444788,2.2984592957091707,5.176371501413068e-07,2.797111512603585e-09,-3.870267420325035e-06,-7.297933279915014e-08,False,False,False
ces,alpha,rho,0.75,0.7,16,2190139,50,0.1,0.01,0.76576194636531,0.05540451382583573,-42.78706288185447,1.2098557133684546e-05,True,True,True,3.9011023607740603,3.907237007727319,3.907172709512716,2.546234717711909,2.5455487975074536,2.5455559342505922,9.743186369221979e-06,5.2467291982315285e-08,0.0007733720996014881,-8.23984110809306e-06,False,False,False
ces,alpha,rho,0.75,0.7,17,2190140,50,0.1,0.01,0.7436805195216617,0.74052069189384,-48.76153713547786,1.3939727569302948e-06,True,True,True,7.156513721412265,7.15673445900725,7.156734617407552,2.2954828426341494,2.295469893097355,2.295469882739258,1.0682157485780697e-06,1.7600900010074887e-09,1.5945318423860044e-05,1.0207841683040897e-08,False,False,False
ces,alpha,rho,0.75,0.7,18,2190141,50,0.1,0.01,0.756239328144236,0.8,-47.37336517613327,1.3328808244120878,True,True,True,13.296567725634539,13.296404450871032,13.29640172174419,2.2123325944642156,2.2123380899126817,2.2123381790003256,5.816797488727076e-07,1.2650019834871482e-09,-6.055360529444442e-06,-1.0268707484328843e-07,False,False,False
ces,alpha,rho,0.75,0.7,19,2190142,50,0.1,0.01,0.7782441805176716,0.5455201120183838,-54.384799818026764,4.4876399243835674e-06,True,True,True,7.6340493632549835,7.633988688438528,7.633983402655794,2.3668399068880768,2.366842837629787,2.366843137593442,1.4173759047238657e-06,5.1114296792747415e-09,-4.920866359725551e-06,-3.470554901241485e-07,False,False,False
ces,alpha,rho,0.95,-0.7,0,2200123,50,0.1,0.01,0.9181584246903918,-0.3687133770754788,-43.81149407087909,2.326430744168572e-06,True,True,True,1.1055463058707358,1.1050585577860825,1.105053721027008,3.2426807344685518,3.242858982234224,3.2428608761957185,3.115392836619965e-05,2.2678875523651697e-08,-0.00023826132038351489,-2.1964314100841875e-06,False,False,False
ces,alpha,rho,0.95,-0.7,1,2200124,50,0.1,0.01,0.9587806201028248,-0.8,-51.21202475972286,0.0011381019505388508,True,True,True,0.97234397028375,0.9719369042592771,0.9719258967499208,3.6780407837336426,3.6781935643391614,3.6781984629490907,6.732427067979338e-05,5.595025583980746e-08,-0.00024852220475679587,-5.685664298482607e-06,False,False,False
ces,alpha,rho,0.95,-0.7,2,2200125,50,0.1,0.01,0.9563738792185364,-0.8,-48.18375676910005,0.35643410358829014,True,True,True,0.43245730095901325,0.431832821255211,0.43182428529725225,4.096320758441826,4.096916300680901,4.096924862758547,7.423928470423858e-05,6.327861870322442e-08,-0.0007693360917073733,-9.909550648501408e-06,False,False,False
ces,alpha,rho,0.95,-0.7,3,2200126,50,0.1,0.01,0.9554940272978901,-0.8,-49.93018720086146,0.34791227003324793,True,True,True,0.3618147759934516,0.3612761217425546,0.3612721409803628,4.07369562112886,4.074318707123531,4.074323479093149,5.549539221383983e-05,3.905051579254973e-08,-0.0007780366983070053,-5.524741816032019e-06,False,False,False
ces,alpha,rho,0.95,-0.7,4,2200127,50,0.1,0.01,0.955077725461689,-0.8,-44.0484837590332,0.7671740970028442,True,True,True,0.48050575122588834,0.47995089118783657,0.4799471492015206,3.9804503516921383,3.9809253140323255,3.9809286838187807,6.21325579927123e-05,4.672892008084074e-08,-0.0006125053695100746,-3.917022858956898e-06,False,False,False
ces,alpha,rho,0.95,-0.7,5,2200128,50,0.1,0.01,0.946227280982559,0.18036485510984676,-52.92050663128056,3.4106125331272807e-06,True,True,True,0.6589814718533662,0.6592929085572762,0.6592803497432067,3.4210485732913885,3.420839680209649,3.4208479490178303,8.995286082435649e-06,1.2835336968820956e-08,0.000222465158365992,-9.529278436559707e-06,False,False,False
ces,alpha,rho,0.95,-0.7,6,2200129,50,0.1,0.01,0.9622766876962536,-0.8,-46.48096867943581,0.26706522194727794,True,True,True,0.4810865941690627,0.4809054047377918,0.4809003490016504,3.8564448236920263,3.856581305238756,3.8565858522160994,6.279223638913624e-05,5.280875761328239e-08,-0.0002248442619219304,-5.278107607864513e-06,False,False,False
ces,alpha,rho,0.95,-0.7,7,2200130,50,0.1,0.01,0.9568326780690308,0.7788966833861445,-42.02070437968663,2.9324574103468597e-05,True,True,True,0.5252606550828075,0.5252453778417676,0.5252466242460465,3.573402389338922,3.573415148478311,3.5734141184672334,1.217409318609341e-06,1.886324290074374e-09,-1.3208839924061522e-05,1.1871473901692298e-06,False,False,False
ces,alpha,rho,0.95,-0.7,8,2200131,50,0.1,0.01,0.9264583409069554,-0.8,-48.539707517102926,0.39157835731384294,True,True,True,1.7358732216389419,1.7346116195205052,1.7346019174292073,3.379227812070742,3.3795086190995898,3.3795110202257774,8.097745438244615e-05,7.476061086278866e-08,-0.00040658445461616566,-2.828852466052467e-06,False,False,False
ces,alpha,rho,0.95,-0.7,9,2200132,50,0.1,0.01,0.9401172813257869,-0.8,-36.17566391963036,0.49301048582124396,True,True,True,0.5074963673868353,0.5064749415601455,0.5064621149898424,3.9919695150113466,3.9928118838023003,3.9928228594707535,7.555834830482508e-05,6.363920019904686e-08,-0.0010575806757628925,-1.2689297861356863e-05,False,False,False
ces,alpha,rho,0.95,-0.7,10,2200133,50,0.1,0.01,0.9443805128005689,-0.8,-44.58481007004546,0.4362004519646987,True,True,True,0.07310254571732559,0.07251255939929553,0.07251386161227558,4.604393223649814,4.607889837828108,4.607882025632074,5.246181528132014e-05,3.738716266881273e-08,-0.004068821328047534,8.964163029645533e-06,False,False,False
ces,alpha,rho,0.95,-0.7,11,2200134,50,0.1,0.01,0.9304303697225392,0.49195514048776084,-42.53446292428242,2.9879356996829184e-06,True,True,True,1.1291851536321176,1.1289102043829753,1.1289034364751096,3.2224139103612632,3.2225184431107285,3.222521046371793,3.2827546049377614e-06,5.708583728125035e-09,-0.00012617336120968048,-2.997983692409889e-06,False,False,False
ces,alpha,rho,0.95,-0.7,12,2200135,50,0.1,0.01,0.9567554684974158,-0.8,-40.34036316939328,0.023835618088256343,True,True,True,0.6997765877720643,0.6991144558480509,0.6991121295650813,3.8803398125737867,3.880725651349927,3.8807270824041202,5.8581694559223504e-05,4.125831362908025e-08,-0.0005041192811248152,-1.679914355179335e-06,False,False,False
ces,alpha,rho,0.95,-0.7,13,2200136,50,0.1,0.01,0.9516064622953562,-0.8,-43.60954797989349,0.6782131941651296,True,True,True,0.4322501497147445,0.43198335529552345,0.4319783990637493,3.7431573245731857,3.7434056576771084,3.743410628813658,4.58526357377298e-05,3.323215509476955e-08,-0.00033725881404222946,-5.750034148377381e-06,False,False,False
ces,alpha,rho,0.95,-0.7,14,2200137,50,0.1,0.01,0.9424775790011961,-0.01232723044414292,-43.22847495613861,2.7505238019157117e-05,True,True,True,0.802293903072228,0.8080954013246937,0.807980816079502,3.260174567394748,3.2570440618106025,3.2571056494736137,5.105974767061111e-06,7.872584689110138e-08,0.003530090015914311,-7.090131691711576e-05,False,False,False
ces,alpha,rho,0.95,-0.7,15,2200138,50,0.1,0.01,0.9305216881342111,0.11857037620905703,-31.182298112697687,4.884468721765885e-06,True,True,True,2.176061162543306,2.1816775284817562,2.181662813436827,3.078718445686489,3.0775953792040673,3.077598304734352,9.294911109653976e-06,1.2380373147989603e-08,0.001281298191518232,-3.3767119411720614e-06,False,False,False
ces,alpha,rho,0.95,-0.7,16,2200139,50,0.1,0.01,0.8910734314367057,0.13547758650860484,-43.710918777114344,4.405364961712621e-07,True,True,True,4.386265273552458,4.38549927828366,4.3854789986356,2.8046419034610737,2.804712677207022,2.8047146812509585,1.2105625776133592e-05,1.5572583106699797e-08,-9.54859466659741e-05,-2.3170205309952507e-06,False,False,False
ces,alpha,rho,0.95,-0.7,17,2200140,50,0.1,0.01,0.8998929778235907,-0.14959943495505265,-48.709386612483165,3.421678284158414e-06,True,True,True,1.2963352952340912,1.2958219561420352,1.2958146906486465,3.0010817600128545,3.0012484231537697,3.001250855075119,1.2452886859081383e-05,1.2914119799077145e-08,-0.00020699994652062514,-2.807023641082651e-06,False,False,False
ces,alpha,rho,0.95,-0.7,18,2200141,50,0.1,0.01,0.9538207020242216,-0.5375811306008795,-45.19958798497031,5.866773924423916e-06,True,True,True,0.9403376328255256,0.9397827524411545,0.9397771233201694,3.6802951486861764,3.680528628650031,3.680531217585323,5.3109275798212883e-05,3.9827934616632815e-08,-0.00032446596602397904,-3.0092069422948953e-06,False,False,False
ces,alpha,rho,0.95,-0.7,19,2200142,50,0.1,0.01,0.9307674812713885,-0.31415763374975375,-48.529065586607565,5.252833449679013e-06,True,True,True,1.3100621970945163,1.3100497971423628,1.3100541251377642,3.196685002680507,3.1966773802802138,3.196675939951687,2.7282881977379646e-05,2.168100415610842e-08,-1.6595377630324037e-05,1.6454427438361563e-06,False,False,False
ces,alpha,rho,0.95,-0.3,0,2210123,50,0.1,0.01,0.9691499818573577,-0.8,-52.072482702755174,0.10394758286228363,True,True,True,0.6124203000868965,0.6117193792215493,0.6117177246993181,3.8888712587903504,3.889336067228333,3.889337216522945,7.531401380831341e-05,7.018457080747158e-08,-0.000611416020916522,-1.3815372241765544e-06,False,False,False
ces,alpha,rho,0.95,-0.3,1,2210124,50,0.1,0.01,0.9508422369730937,-0.27976579373975535,-50.62400191135916,1.424867808435691e-05,True,True,True,0.5291996494053962,0.5297422912077108,0.5297370845982013,3.678223893746144,3.6777667482021354,3.677771011624299,2.8136499937659877e-05,2.0767711396053152e-08,0.0004936471158316635,-4.9201727421177566e-06,False,False,False
ces,alpha,rho,0.95,-0.3,2,2210125,50,0.1,0.01,0.9324233956204031,0.8,-48.604604825146595,0.06733891681072679,True,True,True,0.5989245759310683,0.5996842504923561,0.5996813580893853,3.3337036932417394,3.3331526904748006,3.3331547844475393,2.8235950157514243e-06,3.6331904625915357e-09,0.0006308161494530395,-2.412446256983003e-06,False,False,False
ces,alpha,rho,0.95,-0.3,3,2210126,50,0.1,0.01,0.9434197549181872,0.659457474048492,-44.50608148618023,3.350222185188836e-06,True,True,True,0.8876570594306548,0.8879057196465664,0.8879049049442127,3.335695707975752,3.33557417048799,3.335574568040994,1.01603418700059e-06,2.9818014452199985e-09,0.00013970666188356518,-4.5985563446038213e-07,False,False,False
ces,alpha,rho,0.95,-0.3,4,2210127,50,0.1,0.01,0.9131143504516926,-0.8,-49.050509777395284,0.27423259049915777,True,True,True,0.8892953870498954,0.8895399333856855,0.8895380172498705,3.24995951306989,3.249825532169733,3.249826457954119,3.371257419729553e-05,2.5960546082466735e-08,0.00011961162950058224,-1.0882287497793186e-06,False,False,False
ces,alpha,rho,0.95,-0.3,5,2210128,50,0.1,0.01,0.9570371109769462,0.7911383958309772,-53.759397198639206,6.49132220728237e-06,True,True,True,0.46409118629289314,0.46422535590431313,0.4642245294678262,3.601001680631454,3.6008760094987387,3.6008767825102477,1.6593185050914368e-06,1.5828420443070073e-09,0.00014348552240761592,-8.902876800220838e-07,False,False,False
ces,alpha,rho,0.95,-0.3,6,2210129,50,0.1,0.01,0.9649066155697557,-0.8,-39.16568336167246,0.43758941754138786,True,True,True,0.29410669044295845,0.29385260186096873,0.2938464108873763,4.045646954172434,4.04599985130282,4.046008987951386,5.2019272718767285e-05,3.878068356917838e-08,-0.00046856849458265515,-1.0549562531991796e-05,False,False,False
ces,alpha,rho,0.95,-0.3,7,2210130,50,0.1,0.01,0.9155961372216085,0.8,-46.80300854140227,0.012194160361561119,True,True,True,2.1859754301323457,2.1861278041574264,2.186127778896026,2.969900876970251,2.9698711447090607,2.9698711492802072,1.2507601679160075e-06,1.0438619040752551e-09,3.5466025423147585e-05,-6.29258778417352e-09,False,False,False
ces,alpha,rho,0.95,-0.3,8,2210131,50,0.1,0.01,0.9472535090787503,0.3515095438159013,-45.65404936163438,2.508781912748623e-06,True,True,True,0.6847335536186382,0.6849600007773468,0.6849475239480997,3.3894198077125814,3.389276611840534,3.389284521062218,9.477144814948545e-07,9.683026962980185e-09,0.00015668366732057848,-9.109750848779186e-06,False,False,False
ces,alpha,rho,0.95,-0.3,9,2210132,50,0.1,0.01,0.9014275679876544,-0.15167757558491163,-51.7936233148857,2.5530884184018575e-05,True,True,True,1.5105932774049364,1.511042128042291,1.5110560851836814,3.1628006894498135,3.162661560446034,3.1626575477884997,2.363862890508191e-05,1.3384042328747244e-08,0.000141529992411904,4.616979865090798e-06,False,False,False
ces,alpha,rho,0.95,-0.3,10,2210133,50,0.1,0.01,0.9653606438506969,-0.4415502693857676,-40.17947874222176,5.880787539512812e-08,True,True,True,0.37919943546940593,0.3790928091864022,0.3790949132246262,3.7178100780920196,3.717918183783575,3.7179157659160413,3.2587765274921434e-05,2.4781017690970516e-08,-0.00015399963295692487,2.7665046431479823e-06,False,False,False
ces,alpha,rho,0.95,-0.3,11,2210134,50,0.1,0.01,0.98,-0.18351516438789267,-44.336675384384236,4.133010811813165,True,True,True,0.122328217886671,0.12302219049037463,0.12301342026282175,4.383482144092933,4.381014332199899,4.381045290969702,2.578016932720575e-05,1.5329043813774088e-08,0.0027801835388530094,-3.564974192471482e-05,False,False,False
ces,alpha,rho,0.95,-0.3,12,2210135,50,0.1,0.01,0.9763094169443619,0.8,-39.94407628584555,0.240536472538683,False,False,False,-0.002112835323188904,-0.0019240985690015789,-0.0019239609700552982,inf,inf,inf,8.846460268172971e-07,9.936431043215787e-10,nan,nan,False,False,True
ces,alpha,rho,0.95,-0.3,13,2210136,50,0.1,0.01,0.9276798148425348,-0.8,-41.49384141348617,0.683992194502329,True,True,True,1.0136754881523014,1.013512967640447,1.0135138450107715,3.264742929139208,3.264799668386827,3.264799285579707,2.9807964142178964e-05,2.024084360054917e-08,-9.459238074782661e-05,4.2494916385749093e-07,False,False,False
ces,alpha,rho,0.95,-0.3,14,2210137,50,0.1,0.01,0.9637736103092897,-0.29070033221857566,-47.410037683256824,7.990148634050122e-06,True,True,True,0.674863777428084,0.673480796044517,0.6734887984395679,3.4496170632396748,3.4504970297167814,3.450491866881392,2.5431144624901005e-05,1.67523525497447e-08,-0.0010323405278285236,5.938138393446479e-06,False,False,False
ces,alpha,rho,0.95,-0.3,15,2210138,50,0.1,0.01,0.9444794337604839,0.09544348975245179,-51.646161640946175,1.5423829741340768e-05,True,True,True,0.3839795339726691,0.3849396955671675,0.38496640613160915,3.6929849942171287,3.691893812171738,3.6918636803544183,1.5375900489483118e-05,1.720433016793602e-08,0.001275859166028681,3.469601419681112e-05,False,False,False
ces,alpha,rho,0.95,-0.3,16,2210139,50,0.1,0.01,0.98,-0.19650233515104387,-35.75980912409802,51.01402545903966,True,True,True,0.2889627250547895,0.28943551055370487,0.2894253038040701,3.8067161949766395,3.8059987484464686,3.8060140587978935,1.7462028225930782e-05,1.748932489696239e-08,0.0007911808787781638,-1.7638259279806334e-05,False,False,False
ces,alpha,rho,0.95,-0.3,17,2210140,50,0.1,0.01,0.9297776962397856,-0.693074010451743,-52.11215197522704,2.501678093138897e-06,True,True,True,0.9010681356192893,0.9009357770318466,0.9009317160867647,3.2857941455506636,3.2858440330237597,3.2858459816086047,3.217591249500887e-05,2.6158003776826498e-08,-9.173057171096843e-05,-2.26409349579626e-06,False,False,False
ces,alpha,rho,0.95,-0.3,18,2210141,50,0.1,0.01,0.9432573215377053,0.14665614696611967,-27.855349224086122,1.7739571367729437e-07,True,True,True,0.795814696669409,0.7925037149822411,0.7925115260991533,3.4513950436141974,3.4531991658147816,3.453194883153178,1.5306223045231877e-05,1.0098550286740977e-08,-0.0020871741494872253,4.925607782979569e-06,False,False,False
ces,alpha,rho,0.95,-0.3,19,2210142,50,0.1,0.01,0.9792316390549446,-0.8,-51.954198387120194,0.2852154495118918,True,True,True,0.08330064107568903,0.08312835756751545,0.08312811550520542,4.700259360535338,4.701132597862622,4.701133846144819,5.997452559552306e-05,4.7738665193340734e-08,-0.0010664783300882164,-1.4747764183198342e-06,False,False,False
ces,alpha,rho,0.95,-0.1,0,2220123,50,0.1,0.01,0.9467805930143702,0.8,-49.02586005886531,0.31300312386426565,True,True,True,0.5273231392278959,0.5272667225219609,0.5272664225430761,3.536464792265912,3.5365116195579533,3.5365118667533375,8.325090582924611e-07,4.523947221199457e-10,-5.336512112563696e-05,-2.8433790788540136e-07,False,False,False
ces,alpha,rho,0.95,-0.1,1,2220124,50,0.1,0.01,0.9594476152184201,-0.2183604794079802,-46.58742879255936,3.1942768551218606e-06,True,True,True,0.4460488888022167,0.4457099294581397,0.44570373928174406,3.8148605006009455,3.8151777116410317,3.8151837381357456,3.0310167575069417e-05,2.0483324213578884e-08,-0.00040195159617439913,-6.9501900128443594e-06,False,False,False
ces,alpha,rho,0.95,-0.1,2,2220125,50,0.1,0.01,0.98,0.20245986230778623,-47.51549385053781,15.196319672838856,True,True,True,0.30708419862881836,0.30691569736771135,0.30691602107844423,3.853864638790895,3.854098246201554,3.8540977877482607,1.1505502518886924e-05,8.426044454654744e-09,-0.00027938677118299893,5.269075629144027e-07,False,False,False
ces,alpha,rho,0.95,-0.1,3,2220126,50,0.1,0.01,0.9479705347071385,-0.8,-53.880244930309566,0.3211600944439004,True,True,True,0.571210456275405,0.5704626570570852,0.5704612530136961,3.732272576032634,3.732814650028079,3.7328157000093287,6.218040013216112e-05,5.248610216457135e-08,-0.0006871726724071436,-1.252403727391993e-06,False,False,False
ces,alpha,rho,0.95,-0.1,4,2220127,50,0.1,0.01,0.9794188843477678,-0.4672217104844048,-51.34617324764851,2.121330067814803e-06,True,True,True,0.17234324239712387,0.17225335806187975,0.17224647026876896,4.165794005900141,4.166007643056173,4.166025003116516,3.004186834780577e-05,2.123517963660848e-08,-0.0002957204415068304,-2.0000699727518167e-05,False,False,False
ces,alpha,rho,0.95,-0.1,5,2220128,50,0.1,0.01,0.9339242686012266,0.5799020274988671,-40.10891953810933,4.443165253476282e-07,True,True,True,1.5107679275602406,1.5106670358495702,1.5106693387449168,3.208810539957067,3.2088387300553314,3.2088380682953317,2.5938419820715193e-06,3.6674949948809333e-09,-3.356637747486957e-05,7.625423279478127e-07,False,False,False
ces,alpha,rho,0.95,-0.1,6,2220129,50,0.1,0.01,0.9431274682710206,-0.8,-36.89835396321155,0.5352403428155427,True,True,True,0.6846891648569812,0.6852769812926082,0.6852727411905164,3.5398937785488016,3.5395005590803126,3.539503234789697,4.753782976256815e-05,3.251365310643306e-08,0.000402329875363705,-3.1069230317370966e-06,False,False,False
ces,alpha,rho,0.95,-0.1,7,2220130,50,0.1,0.01,0.9436577038145919,-0.8,-42.693108133794794,0.9153242574091622,True,True,True,0.3354318662049859,0.33487963409167665,0.3348772117897558,3.9742019132834807,3.9748963524465193,3.974899481786636,4.895159429438336e-05,3.460536391840078e-08,-0.0008518163484154684,-3.6305911592648954e-06,False,False,False
ces,alpha,rho,0.95,-0.1,8,2220131,50,0.1,0.01,0.9387935585217367,-0.8,-42.09386612112076,0.7427315438924571,True,True,True,0.9688812379832008,0.9686177856844939,0.9686155065406241,3.373130697814718,3.3732281605393424,3.3732291697997363,4.774272849098503e-05,3.583370898537249e-08,-0.00016093382482296192,-1.1910345705246073e-06,False,False,False
ces,alpha,rho,0.95,-0.1,9,2220132,50,0.1,0.01,0.961949109750678,-0.8,-44.60999284862411,0.7279449008430112,True,True,True,0.36298227719992066,0.36305287762535543,0.3630486692921,3.9662196949983586,3.966114262043467,3.966119285084215,4.855131067398218e-05,3.2974019143450215e-08,6.728934442890022e-05,-5.808593854794708e-06,False,False,False
ces,alpha,rho,0.95,-0.1,10,2220133,50,0.1,0.01,0.9278093872150713,0.2329517954060954,-44.25457036148971,5.4108400838476e-06,True,True,True,1.98280698270089,1.9834486413196333,1.983445696532203,2.962701832647741,2.9625607005890373,2.9625613433140976,2.1315117779828594e-06,8.053522298188586e-09,0.0001603298810977094,-7.447169849683632e-07,False,False,False
ces,alpha,rho,0.95,-0.1,11,2220134,50,0.1,0.01,0.98,-0.8,-49.53027135596938,17.838113412753902,True,True,True,0.2448048243028504,0.2446980762912987,0.24470193694050593,4.21506582405469,4.215229924256018,4.215223057346443,5.861745014972803e-05,4.46284293289073e-08,-0.00023935005716424484,7.871248492108407e-06,False,False,False
ces,alpha,rho,0.95,-0.1,12,2220135,50,0.1,0.01,0.949583687775218,-0.8,-39.22486904936744,0.3346270462492788,True,True,True,0.4060894135714228,0.4063564962075542,0.40635085375017416,3.8304406495598045,3.8301328361202827,3.8301388527434397,5.157272634063164e-05,3.926411930853657e-08,0.0002961359674387154,-6.9586888642447775e-06,False,False,False
ces,alpha,rho,0.95,-0.1,13,2220136,50,0.1,0.01,0.9683551476022662,0.8,-44.703725364777924,0.20025562394021798,True,True,True,0.19112119990810322,0.19133873830418593,0.19133644408183978,4.046542045741247,4.046048357416369,4.046053564631355,9.582884629779074e-07,1.2560393765930857e-09,0.0005631998310846598,-5.995414490200801e-06,False,False,False
ces,alpha,rho,0.95,-0.1,14,2220137,50,0.1,0.01,0.9414520782280453,0.8,-54.4275323482673,0.20543945568758656,True,True,True,0.20729339423504453,0.20752329930005975,0.20751880831551237,3.7974697518077694,3.7969883773717354,3.7969977745711487,1.1102470445992768e-06,4.787351456735287e-09,0.0005434409645062033,-1.0822177586078396e-05,False,False,False
ces,alpha,rho,0.95,-0.1,15,2220138,50,0.1,0.01,0.9266571826776632,0.8,-43.864051558049596,0.14927562836196878,True,True,True,0.8590212229916857,0.8590247946797139,0.8590241127027959,3.389254203028934,3.389253587048015,3.3892539311765693,3.0190187527929267e-06,2.0105223942312686e-09,3.0509705055692393e-06,-3.977043405711811e-07,False,False,False
ces,alpha,rho,0.95,-0.1,16,2220139,50,0.1,0.01,0.9317779134046925,0.8,-44.06194257048208,0.6806010368830464,True,True,True,0.935864734400351,0.9358417514681632,0.9358371221458082,3.2204540899128626,3.220464135658513,3.2204662832801856,3.252917974559771e-06,4.261890414207517e-09,-1.5466838135580474e-05,-2.4741649582438185e-06,False,False,False
ces,alpha,rho,0.95,-0.1,17,2220140,50,0.1,0.01,0.9628111447841722,0.23095191523426992,-53.32879446234643,1.1542873902879702e-05,True,True,True,0.3051749912550613,0.30419252017046616,0.30420923139501616,3.720107780791792,3.7215062714586042,3.721482412636261,4.625017468796324e-06,1.1564171080085136e-08,-0.0015870246727160975,2.746634947925486e-05,False,False,False
ces,alpha,rho,0.95,-0.1,18,2220141,50,0.1,0.01,0.9288764534880669,-0.8,-51.22545965605387,0.17606434356187742,True,True,True,1.1174398185475938,1.1167828656882517,1.1167796654637572,3.4872177302440988,3.48744811012367,3.487449338752114,5.793054670958253e-05,4.4153250820217034e-08,-0.0003242982559328311,-1.4510678241208552e-06,False,False,False
ces,alpha,rho,0.95,-0.1,19,2220142,50,0.1,0.01,0.9245454597208942,0.8,-42.11812563028415,0.4004469076464587,True,True,True,1.039580733338368,1.0401330052510307,1.0401311119061507,3.117611473200563,3.1173817593534516,3.1173825495537657,2.5529206834584882e-06,2.6694295602955393e-09,0.0002657254101947615,-9.105410541110359e-07,False,False,False
ces,alpha,rho,0.95,0.3,0,2230123,50,0.1,0.01,0.95087650835749,0.8,-41.759423527211766,0.8478753734674414,True,True,True,0.1710803286063751,0.1710278376237965,0.17102765469641107,3.8939483556519345,3.8940819508066724,3.894082415331124,7.637638306814173e-07,4.092858891399994e-10,-0.0001535954258571337,-5.347737044303358e-07,False,False,False
ces,alpha,rho,0.95,0.3,1,2230124,50,0.1,0.01,0.98,0.5760942025045525,-51.86866448220094,9.639796051175153,True,True,True,0.22564623680729987,0.22527518405739333,0.2252749983632098,4.010371927281621,4.011085455348878,4.011085814179606,3.520708064769628e-06,4.722489545626309e-09,-0.0008246854913593893,-4.1118052962474394e-07,False,False,False
ces,alpha,rho,0.95,0.3,2,2230125,50,0.1,0.01,0.9301844650142653,0.8,-44.998462448405824,0.7792065837192668,True,True,True,1.7653729043202329,1.7655808295350253,1.7655757540649668,3.1161553834104807,3.1161043686082337,3.1161056172162533,8.569825707339466e-07,2.5300263094829374e-09,5.760270755672536e-05,-1.4371654515343835e-06,False,False,False
ces,alpha,rho,0.95,0.3,3,2230126,50,0.1,0.01,0.9510398429724484,0.8,-46.52988068879409,0.45352142666123707,True,True,True,1.0776312968698867,1.0779167009055155,1.0779145142053999,3.1889910199460267,3.1888761690030347,3.1888770496061567,1.1953143344680705e-06,2.116446082710023e-09,0.00013156695772664762,-1.014805775412242e-06,False,False,False
ces,alpha,rho,0.95,0.3,4,2230127,50,0.1,0.01,0.9020425368298989,0.8,-41.813674418958925,1.3884078207342427,True,True,True,1.6892951482357224,1.6892775412072358,1.6892754607687104,3.0773003365001617,3.0773046677763736,3.07730520190374,1.390591400286465e-06,2.536632698208308e-09,-6.052814462975675e-06,-6.166190900103174e-07,False,False,False
ces,alpha,rho,0.95,0.3,5,2230128,50,0.1,0.01,0.948254349998376,0.13780393332359847,-46.161449834460235,1.897838764432888e-05,True,True,True,0.8509414115878456,0.8477543894016037,0.8477452345913644,3.5571815803224425,3.5588038759444993,3.5588085635596793,1.751581658286418e-05,1.176058072858872e-08,-0.001889986234175467,-5.4021364235268265e-06,False,False,False
ces,alpha,rho,0.95,0.3,6,2230129,50,0.1,0.01,0.9605750019988896,0.8,-46.10157094505508,0.1026314002885604,True,True,True,0.3452361324587803,0.3448863699740802,0.34488484199946323,3.876551929463774,3.87699214253252,3.876994066381998,1.3328455616904174e-06,1.6727356171709866e-09,-0.0005090258741020648,-2.215467375776825e-06,False,False,False
ces,alpha,rho,0.95,0.3,7,2230130,50,0.1,0.01,0.9609865799640777,0.8,-47.1744433539222,0.35088523027024315,True,True,True,0.24928691705166495,0.24929986675830074,0.24929641908725053,3.855925065663009,3.8559030104309167,3.855909015517578,1.2617153046546118e-06,3.032012232380656e-09,1.963772504609551e-05,-6.915898048021063e-06,False,False,False
ces,alpha,rho,0.95,0.3,8,2230131,50,0.1,0.01,0.9409628445394206,0.8,-49.2071451644751,0.15123296748336756,True,True,True,0.4726276594847053,0.4728092309440673,0.47280745774544025,3.463435873295313,3.4632694291812265,3.463271058000393,8.651892414311458e-07,1.299964687918532e-09,0.00019059967448242787,-1.8751065482547347e-06,False,False,False
ces,alpha,rho,0.95,0.3,9,2230132,50,0.1,0.01,0.9341849256420863,0.013387799937438404,-51.09975411504565,1.5829923418625013e-05,True,True,True,1.5468097360354756,1.5645194285090258,1.5643964156168528,3.2330352095147483,3.2280859275666827,3.2281200528502385,1.7778409864472638e-05,7.343168045000218e-08,0.005646714405685316,-3.9341537870996035e-05,False,False,False
ces,alpha,rho,0.95,0.3,10,2230133,50,0.1,0.01,0.9399508098869871,0.8,-46.120290310144924,1.301407962768122,True,True,True,0.2467591957857208,0.24650171168774415,0.24650047687161405,3.9398058324354657,3.9402584929327915,3.940260668222262,3.3236009657233922e-06,3.745862601249507e-09,-0.0005253681386037101,-2.50497927112292e-06,False,False,False
ces,alpha,rho,0.95,0.3,11,2230134,50,0.1,0.01,0.9774317550807832,0.5168759134893801,-44.04287700293704,8.01190184117944e-06,True,True,True,0.3158169331859809,0.3158182382231953,0.3158226674044256,3.7207820836371557,3.72078124133436,3.720775150958147,2.2401244792301485e-06,3.960273312015222e-09,1.0175073079210506e-05,7.012560018893055e-06,False,False,False
ces,alpha,rho,0.95,0.3,12,2230135,50,0.1,0.01,0.9675394969044564,-0.1352734492294262,-43.55211937783552,1.2520127948363028e-06,True,True,True,0.40277485207084107,0.40379385451190153,0.4037643448611956,3.7573979763781007,3.7562922489455692,3.7563239823028223,1.968551408202495e-05,2.3071788478537843e-08,0.001217195497794421,-3.654927311202982e-05,False,False,False
ces,alpha,rho,0.95,0.3,13,2230136,50,0.1,0.01,0.9294180156007483,0.8,-40.848515463180874,1.596515037524287,True,True,True,0.8788925674610983,0.878519327708915,0.8785144627102457,3.2873737301085653,3.287558462261058,3.2875608656143527,8.187994836997204e-07,4.765755985738237e-09,-0.00021485073260407717,-2.770777854266271e-06,False,False,False
ces,alpha,rho,0.95,0.3,14,2230137,50,0.1,0.01,0.9449167396652317,-0.44887213675006565,-42.727067904362265,3.0178938252865126e-06,True,True,True,0.8791849934301569,0.8786072406916386,0.8786080315115886,3.5748270940990996,3.575096765528415,3.575096368057818,3.674082593356378e-05,2.425129039435228e-08,-0.0003464486445423631,4.4247823183241053e-07,False,False,False
ces,alpha,rho,0.95,0.3,15,2230138,50,0.1,0.01,0.8714705749628202,0.5128707799548617,-38.82485808349699,1.1615798260515799e-07,True,True,True,1.9793205957914208,1.9794416113014006,1.9794422139336847,2.9710718943658314,2.9710441940548917,2.971044062508217,3.055327533353461e-06,3.7239602123966883e-09,2.9399889939440982e-05,1.529968400859616e-07,False,False,False
ces,alpha,rho,0.95,0.3,16,2230139,50,0.1,0.01,0.9680778070047495,-0.3569672851157627,-50.48551510003837,1.5393748894962208e-06,True,True,True,0.19622221311448482,0.19597271848892964,0.19597929041975565,4.042461840201485,4.043003203492077,4.042988635895136,2.6049347755728284e-05,1.6973511600712537e-08,-0.000632268932335478,1.6762799035063836e-05,False,False,False
ces,alpha,rho,0.95,0.3,17,2230140,50,0.1,0.01,0.9561538350964459,0.06819630036145206,-43.148570311328086,1.041469334600006e-05,True,True,True,0.3964425401024857,0.3997058902449404,0.39968169221348904,3.7192549127849195,3.7156896985032914,3.715715988240871,1.2161929608543005e-05,1.3647413910325688e-08,0.004063010599935524,-3.027424551049762e-05,False,False,False
ces,alpha,rho,0.95,0.3,18,2230141,50,0.1,0.01,0.9420019952736847,-0.45048307674519333,-44.20985793115768,3.219080124970985e-07,True,True,True,1.3810294547986846,1.3809133260397477,1.3809081942839752,3.3260485327887572,3.3260669036224777,3.3260685093104287,4.2178749344828675e-05,2.9238188220744278e-08,-6.480947222087252e-05,-1.8675944417623214e-06,False,False,False
ces,alpha,rho,0.95,0.3,19,2230142,50,0.1,0.01,0.9238126338285603,0.8,-42.583965332168646,1.4136878050988888,True,True,True,1.7222259804046107,1.7227482630723345,1.722744708450676,3.1292279010528765,3.129096704835029,3.129097599871379,1.181759801721215e-06,2.9152511914515696e-09,0.00015113614315964696,-1.0328970816431138e-06,False,False,False
ces,alpha,rho,0.95,0.7,0,2240123,50,0.1,0.01,0.9438706074999077,0.5797864883803576,-51.221957147392125,9.728080012143076e-06,True,True,True,1.1998502731926677,1.1993086649669442,1.1993109446054733,3.3535621451684516,3.3537561994900327,3.353755374212291,5.67588091090046e-06,5.710282577319227e-09,-0.00022713446999489406,9.506559308647411e-07,False,False,False
ces,alpha,rho,0.95,0.7,1,2240124,50,0.1,0.01,0.9617886379587268,0.8,-44.9973763212774,0.32821471407655844,True,True,True,0.24860815530720892,0.2485436753515954,0.2485406762286241,3.910434141528064,3.910546621994367,3.9105518624658266,1.158239620281811e-06,1.880763607630489e-09,-0.00013593305866521632,-6.033541581018653e-06,False,False,False
ces,alpha,rho,0.95,0.7,2,2240125,50,0.1,0.01,0.9244531829980872,0.734666567136383,-32.31059859536592,2.8621932336522423e-06,True,True,True,1.0850321464463137,1.0851554283786398,1.0851606889856535,3.2753699924328394,3.2753209362583853,3.275318831069221,7.637015093812331e-07,2.651991783526423e-09,5.956016299890621e-05,2.424090926211875e-06,False,False,False
ces,alpha,rho,0.95,0.7,3,2240126,50,0.1,0.01,0.9207126496367312,0.779055174793572,-47.74595662010088,1.2619337006409162e-06,True,True,True,1.54249967992658,1.5424644055493624,1.5424648590000634,3.143853177732219,3.1438629301067866,3.1438628021901778,1.2204691128847615e-06,1.4784937675373369e-09,-1.1494037359227605e-05,1.467085866124762e-07,False,False,False
ces,alpha,rho,0.95,0.7,4,2240127,50,0.1,0.01,0.9430554376207999,0.25028368069625784,-50.048930587236434,1.2914679125767138e-05,True,True,True,0.6699024941628018,0.6687973269744545,0.6687982237386664,3.569096624430885,3.5698084896627593,3.5698079067467297,1.2521912745212142e-05,8.819224088122844e-09,-0.0008308707915247737,6.69753163151654e-07,False,False,False
ces,alpha,rho,0.95,0.7,5,2240128,50,0.1,0.01,0.9119726900366357,0.8,-50.26313882211213,2.8095786852752958,True,True,True,1.1927989116978845,1.192759274982358,1.1927577508237812,3.185448355283828,3.18546369706509,3.1854642518655054,2.219333531806233e-06,9.715459073529796e-10,-1.6206785957706416e-05,-6.391057993937466e-07,False,False,False
ces,alpha,rho,0.95,0.7,6,2240129,50,0.1,0.01,0.9722034378860093,-0.565937776484459,-36.8849186376539,2.124534661875021e-06,True,True,True,0.40153636114397506,0.4014442923857633,0.40144678234812436,3.6941871222481635,3.694274700756882,3.6942720003953515,2.7863074091787983e-05,2.1654518962711422e-08,-0.00012539543222089833,3.093584965085938e-06,False,False,False
ces,alpha,rho,0.95,0.7,7,2240130,50,0.1,0.01,0.98,0.4230729283955865,-35.056823003029784,7.962196008293176,True,True,True,0.3396582050218992,0.34002558312250547,0.340021808034888,3.7826221777971125,3.7821509963272337,3.7821558167982654,4.4679017103291465e-06,6.216318663752978e-09,0.0005330062597010965,-5.552652744711395e-06,False,False,False
ces,alpha,rho,0.95,0.7,8,2240131,50,0.1,0.01,0.98,0.8,-42.76596820190161,15.667368401715823,False,False,False,-0.16306537492213494,-0.16315457900930136,-0.16315493908402903,inf,inf,inf,3.6729739147929823e-06,2.9819456225654845e-09,nan,nan,False,False,True
ces,alpha,rho,0.95,0.7,9,2240132,50,0.1,0.01,0.919700416295542,0.5864919461962738,-48.134392934154945,8.853388149189443e-07,True,True,True,1.7350702331616992,1.7353349079470668,1.7353258835507703,3.0909935647341613,3.0909258850865853,3.0909281430175097,4.118998870708561e-06,6.053279425161783e-09,7.201257427880137e-05,-2.6008517934883457e-06,False,False,False
ces,alpha,rho,0.95,0.7,10,2240133,50,0.1,0.01,0.935296388995626,0.8,-38.89618041503173,0.24098315525436464,True,True,True,0.46202393212955106,0.46230904901539793,0.4623088981825166,3.4590461168583153,3.4587795538994253,3.4587796946048237,3.4663007587368163e-06,3.6104467858499956e-09,0.0003098576048188306,-1.6426682236669876e-07,False,False,False
ces,alpha,rho,0.95,0.7,11,2240134,50,0.1,0.01,0.9034048688918447,0.8,-55.957700810480254,0.7819449940985589,True,True,True,0.44629964052743104,0.4461489559813692,0.44614621156644974,3.5913400740445396,3.591486009467346,3.59148868081881,3.5915196573380672e-06,3.4854923155792793e-09,-0.00017274939247613474,-3.0758541385011995e-06,False,False,False
ces,alpha,rho,0.95,0.7,12,2240135,50,0.1,0.01,0.9467122502864482,0.4510393270962356,-51.69861269048545,4.932824922936187e-06,True,True,True,0.8710197405484115,0.8715302640920778,0.8715298109465913,3.296934799981142,3.2966796675380468,3.2966798927984593,1.890133217261233e-06,3.3784226114811515e-09,0.0002919572843822493,-2.606018441042579e-07,False,False,False
ces,alpha,rho,0.95,0.7,13,2240136,50,0.1,0.01,0.9555623857771612,0.8,-44.1484565428802,0.24856147018864255,True,True,True,0.46539668051408906,0.4656927089437597,0.4656894152351456,3.6110325358466913,3.610756766297792,3.610759837637389,9.893885912347467e-07,1.9539177901263515e-09,0.00031484729542796686,-3.5367227653182454e-06,False,False,False
ces,alpha,rho,0.95,0.7,14,2240137,50,0.1,0.01,0.9674668735587865,0.681970409929032,-44.47390938481118,3.297241774076834e-06,True,True,True,0.8528656059342856,0.8524898364055865,0.8524930864013136,3.380166837894729,3.3803595801659307,3.3803579241643056,3.2746749295944322e-06,1.772811451555893e-09,-0.00021688495862548507,1.905807557989192e-06,False,False,False
ces,alpha,rho,0.95,0.7,15,2240138,50,0.1,0.01,0.923373991004423,0.5679876398554982,-43.82357576702262,5.673711552691336e-06,True,True,True,1.6220903807155282,1.6220848705217858,1.6220797332503514,3.0595715993865995,3.05957332374591,3.0595746980312146,1.3214352967444826e-06,4.7734938235186475e-09,-2.9966145049797888e-06,-1.5848799037598837e-06,False,False,False
ces,alpha,rho,0.95,0.7,16,2240139,50,0.1,0.01,0.9396137131636142,0.8,-44.29121878267521,0.13988002578624098,True,True,True,1.1221040148865675,1.1221276769811817,1.1221274427272532,3.2142600630299607,3.214251526772129,3.21425161694791,1.4489024185877624e-06,1.379315714769429e-09,1.115436361232014e-05,-1.0494002822269977e-07,False,False,False
ces,alpha,rho,0.95,0.7,17,2240140,50,0.1,0.01,0.9695547896458566,0.8,-41.11376534922469,0.6567277104353749,True,True,True,0.022318065667393354,0.022426051049877542,0.022424302057628426,5.017144037406905,5.015048891508505,5.015082762305552,2.795362620373426e-06,2.1368252387279913e-09,0.0023756832840575726,-3.899715522237557e-05,False,False,False
ces,alpha,rho,0.95,0.7,18,2240141,50,0.1,0.01,0.9421011250811986,0.6575048124912304,-47.13428505519983,4.3556501526187085e-06,True,True,True,1.4117456233823558,1.4114107212435998,1.4114146439104356,3.174202256746429,3.1743053701389408,3.1743041639856067,9.138987985734685e-07,3.872774348514731e-09,-0.0001171494036640297,1.3906133347063587e-06,False,False,False
ces,alpha,rho,0.95,0.7,19,2240142,50,0.1,0.01,0.9520621325212424,0.8,-49.34477252416186,0.6353217756327668,True,True,True,0.46818160263686814,0.46840120488123704,0.46839831862733716,3.591431102256838,3.5912278629287497,3.5912305385260344,9.955551783625293e-07,2.036224573842706e-09,0.00023187410812397502,-3.081550495664942e-06,False,False,False
