model,param1_name,param2_name,param1,param2,replicate,seed,n_trials,sigma,prior_scale,theta_map_1,theta_map_2,objective_map,gradient_norm,original_pd,fd_pd,ad_pd,original_min_eig,fd_min_eig,ad_min_eig,original_log10_condition,fd_log10_condition,ad_log10_condition,original_ad_rel_error,fd_ad_rel_error,delta_loge_original_ad,delta_loge_fd_ad,original_numerical_failure,fd_numerical_failure,structural_laplace_failure
binary,alpha,beta,0.05,0.25,0,123,50,0.1,0.1,0.3065020855228292,1.0867887848838975,32.56871436421447,2.4139253482531512e-08,True,True,True,2.4646314292434797,2.464605196162601,2.4646061840653015,0.7502276874346846,0.7502628348504671,0.750262656627543,8.564469861312871e-05,8.183229445561828e-08,3.001673549363204e-05,1.9564927811188682e-07,False,False,False
binary,alpha,beta,0.05,0.25,1,124,50,0.1,0.1,0.98,0.5947600924114981,33.595631585213,1.9511535818139691,False,False,False,-0.9953676358825952,-0.9954044089040426,-0.9954042687271556,inf,inf,inf,1.4128082220012604e-05,2.3565426346627974e-08,nan,nan,False,False,True
binary,alpha,beta,0.05,0.25,2,125,50,0.1,0.1,0.3954785139498093,0.1,34.84074205913703,1.530735172394773,True,True,True,0.9490679856611977,0.9490719198233024,0.9490700484172324,0.8340688755923593,0.8340705753850507,0.8340713677096501,1.1278980148320978e-05,3.240310029530707e-07,5.042608144378846e-06,-1.05963199814596e-06,False,False,False
binary,alpha,beta,0.05,0.25,3,126,50,0.1,0.1,0.636494888677,1.2638680876030401,32.679351464269956,3.170700903132545e-08,True,True,True,1.536145423400804,1.5361404042010744,1.5361400227159487,0.912233836398831,0.9122334971782073,0.9122336136091401,1.5375577264847222e-05,4.009063050938847e-08,-3.7722402979056824e-06,-1.1429397517304096e-07,False,False,False
binary,alpha,beta,0.05,0.25,4,127,50,0.1,0.1,0.02,1.894514654447808,34.70029698154482,0.12508893831864923,True,True,True,0.027182780968529514,0.02739727100140995,0.027396164090674923,4.412612712879781,4.409279262002905,4.409296674547662,0.00018400486048882669,3.143315426852482e-07,0.00400155647527356,-2.0356109203589767e-05,False,False,False
binary,alpha,beta,0.05,0.25,5,128,50,0.1,0.1,0.2706073522876496,0.1,34.82774271901117,0.9262636169182776,False,False,False,-2.1126869786003195,-2.112768533686632,-2.1127691240972437,inf,inf,inf,1.9637607005940597e-05,1.7384213690657046e-07,nan,nan,False,False,True
binary,alpha,beta,0.05,0.25,6,129,50,0.1,0.1,0.34761133252009496,0.14622574403667674,34.682741961764776,1.17723015519153e-07,True,True,True,1.0420826757280675,1.0421134579866704,1.0421109909818833,0.7266502973550973,0.7266364507244424,0.7266373274957708,5.842165861832723e-06,5.549709673204761e-07,1.2239320582807522e-05,-1.3578917190670836e-06,False,False,False
binary,alpha,beta,0.05,0.25,7,130,50,0.1,0.1,0.02,2.8332760597921056,33.718345595215084,5.317247822489435,True,True,True,0.03948912062617008,0.03983877618808434,0.03983376646850015,4.9973572379426665,4.993817031404259,4.993870285472133,0.0006606097150682733,3.1384059601640346e-06,0.004675247156747275,-6.444673206118523e-05,False,False,False
binary,alpha,beta,0.05,0.25,8,131,50,0.1,0.1,0.30217944711625194,0.3699061103146785,34.45365611134739,7.140866117879974e-08,True,True,True,3.5575658921346944,3.5576522070886707,3.55765188703385,0.6286266024209661,0.6286283762255837,0.6286284250808398,3.989851874162818e-05,3.2435375770712476e-08,2.6270520720572677e-05,-3.371567913745821e-08,False,False,False
binary,alpha,beta,0.05,0.25,9,132,50,0.1,0.1,0.603239550793481,0.1,34.889972887049694,1.973978925207147,True,True,True,1.3541224643871652,1.354116516751875,1.354116210467191,0.5952680305524936,0.5952798550707745,0.5952798263177427,4.1653226917727687e-05,3.105453094308237e-07,8.961935826334866e-06,-2.592910135490456e-07,False,False,False
binary,alpha,beta,0.05,0.25,10,133,50,0.1,0.1,0.6650609489478883,0.1,34.782630933866244,0.8185199824595203,True,True,True,0.6514616550595497,0.65157052998146,0.6515705288535347,1.016937736896218,1.0168692971183368,1.0168692396122592,1.8619563856461246e-05,1.727410472614461e-07,8.82479607184905e-05,-6.793740681132476e-08,False,False,False
binary,alpha,beta,0.05,0.25,11,134,50,0.1,0.1,0.4618995646954376,0.1,34.754286101774305,0.5720764117175472,True,True,True,1.4689748128440876,1.4690239081386345,1.4690226202610661,0.32418203145219987,0.32418045281406527,0.32418068646798187,3.421251125507039e-05,4.942927277080227e-07,3.0995749405349216e-05,-6.076856848835632e-07,False,False,False
binary,alpha,beta,0.05,0.25,12,135,50,0.1,0.1,0.02,0.1,34.930563754672114,1.202233593119578,False,False,False,-35.75947853108496,-35.76309115629491,-35.763085486351144,inf,inf,inf,0.0001030664314343355,1.572984786763531e-07,nan,nan,False,False,True
binary,alpha,beta,0.05,0.25,13,136,50,0.1,0.1,0.02,0.1,34.90608392451536,0.3304580598671455,False,False,False,-6.786784136683188,-6.785805364413394,-6.785808077116838,inf,inf,inf,0.00011367224284487807,2.521739933776512e-07,nan,nan,False,False,True
binary,alpha,beta,0.05,0.25,14,137,50,0.1,0.1,0.07244584519369567,0.7450620002206737,34.45450304695285,6.09795127940081e-07,True,True,True,0.7848028895057384,0.7849351651224957,0.7849343250066403,1.9428161657441083,1.942818642943397,1.9428188783687237,0.00017524773659505208,5.342762906952727e-07,0.000170584813638186,-7.992568313852644e-07,False,False,False
binary,alpha,beta,0.05,0.25,15,138,50,0.1,0.1,0.6880627308377032,0.1,34.75517661786007,0.4403093700325929,False,False,False,-0.0960600295716534,-0.09609147389259189,-0.09609124134977683,inf,inf,inf,1.3705366687132339e-05,2.2169970036726153e-07,nan,nan,False,False,True
binary,alpha,beta,0.05,0.25,16,139,50,0.1,0.1,0.48188734528233856,0.9317833219969759,33.09210941103674,1.4103870598546e-07,True,True,True,0.9579091431665411,0.9580564315832811,0.9580566674254185,0.899928119986713,0.8998693673491287,0.8998692164775747,2.8142523191467346e-05,1.2202796654964349e-07,8.617949666955838e-05,7.246994471188373e-08,False,False,False
binary,alpha,beta,0.05,0.25,17,140,50,0.1,0.1,0.5283651437450276,0.1,34.82163899828124,1.2578005136612993,True,True,True,1.371324551453598,1.3714135174371782,1.3714142153297828,0.290380114359257,0.2903825864374749,0.2903823952477715,8.009067832944441e-05,4.2424640488309234e-07,6.800870146861371e-05,2.8877019531137194e-07,False,False,False
binary,alpha,beta,0.05,0.25,18,141,50,0.1,0.1,0.5005687952247004,0.1,34.75418560327712,0.633112390958689,True,True,True,1.7473470202851156,1.7473605506812815,1.747360043076257,0.301266848896977,0.3012719544454747,0.30127214933142915,2.3225172164169015e-05,2.8205621042854805e-07,1.3555216341387677e-05,-6.612745551137778e-08,False,False,False
binary,alpha,beta,0.05,0.25,19,142,50,0.1,0.1,0.02,0.1,34.92513790985641,1.0362885233399397,False,False,False,-26.12566753475543,-26.127453213316755,-26.127449948846152,inf,inf,inf,6.578958520671312e-05,1.3970543710708028e-07,nan,nan,False,False,True
binary,alpha,beta,0.05,0.5,0,10123,50,0.1,0.1,0.6993403229224675,0.32294372091036244,34.4405112567484,7.105427357601002e-09,True,True,True,5.309300576388872,5.309423844457622,5.309422573408789,0.031221040910696527,0.031226130640672648,0.03122615911470295,2.9895709865751878e-05,2.069096324783912e-07,2.8870269424885464e-05,-2.0661295963009252e-07,False,False,False
binary,alpha,beta,0.05,0.5,1,10124,50,0.1,0.1,0.37341119308710713,1.8099397793292324,32.68226720747875,9.63136086853804e-08,True,True,True,0.7851164092552304,0.7851360416738157,0.7851359693419175,1.5527400003474023,1.552739235006671,1.5527392740104795,2.410936214688546e-05,1.533246124792042e-08,2.407707676610471e-05,-4.7221789145623916e-08,False,False,False
binary,alpha,beta,0.05,0.5,2,10125,50,0.1,0.1,0.3153119569723598,0.5019826069450688,34.49960688498735,4.263256414560601e-08,True,True,True,1.424501233738537,1.4246516872174082,1.4246507646836049,0.7150647955337519,0.7150224460638956,0.7150227157688608,2.7879677077395532e-05,1.6366141973086347e-07,5.651910877446653e-05,-3.370413210745937e-07,False,False,False
binary,alpha,beta,0.05,0.5,3,10126,50,0.1,0.1,0.33610392497852587,0.1,34.80178318544713,0.828408566633243,False,False,False,-1.144970693972606,-1.14494137247548,-1.1449412285925733,inf,inf,inf,4.0663228975513545e-05,3.03287564272692e-07,nan,nan,False,False,True
binary,alpha,beta,0.05,0.5,4,10127,50,0.1,0.1,0.02,0.1,34.932549719686314,1.2594892633670154,False,False,False,-38.724673402103036,-38.729256662663545,-38.7292490058216,inf,inf,inf,0.00011833679154726122,2.4383941861770296e-07,nan,nan,False,False,True
binary,alpha,beta,0.05,0.5,5,10128,50,0.1,0.1,0.6786940355860601,0.796545613358988,33.03946237109208,1.1234667099445444e-08,True,True,True,3.815885384705709,3.8159660275224425,3.8159650561027902,0.39082598272801805,0.39080735128857436,0.39080743025303966,2.2162736924891798e-05,1.1769273698764784e-07,-4.806683051583605e-07,-1.6365599719847523e-07,False,False,False
binary,alpha,beta,0.05,0.5,6,10129,50,0.1,0.1,0.027175576335492592,4.437377516768607,31.341866595040308,7.096545979878369e-06,True,True,True,0.0639997697950186,0.06413125762161144,0.06412780041477498,4.891424746760771,4.890813417080484,4.890835346402004,0.0006411850182222458,3.4166979500931167e-06,0.0013199150826324058,-2.866268496148905e-05,False,False,False
binary,alpha,beta,0.05,0.5,7,10130,50,0.1,0.1,0.21206897482424716,1.8248273826585153,31.363870278377345,4.406236019650582e-07,True,True,True,1.789042320440195,1.7889813037220703,1.7889816131070424,1.6318666319525268,1.6319190023986976,1.6319188894812349,8.651932574330557e-05,8.723748621292708e-08,2.6230261667592458e-05,4.2938140154547e-08,False,False,False
binary,alpha,beta,0.05,0.5,8,10131,50,0.1,0.1,0.06083105697303155,3.236504316953155,33.852386274476565,2.9629650381325376e-06,True,True,True,0.083963072905734,0.0838169656770903,0.08381673075800677,3.376228958887939,3.377116198115407,3.3771168432646514,0.00030013367639370863,1.3185021002295029e-06,-0.0007222406465174913,-2.060011333071543e-06,False,False,False
binary,alpha,beta,0.05,0.5,9,10132,50,0.1,0.1,0.6663224030113268,0.11264541027059843,34.69499035472329,0.0010990824677015506,True,True,True,1.451850910235287,1.451964364443043,1.4519645401714996,0.6514262103887128,0.651396795050875,0.6513967586856764,2.0201991701703004e-05,5.2499618911991055e-08,4.435497927346432e-05,7.91610901273998e-08,False,False,False
binary,alpha,beta,0.05,0.5,10,10133,50,0.1,0.1,0.42670457999640393,0.7065373121222124,34.044578894819374,3.826389734580363e-08,True,True,True,1.5886308701293104,1.5886735855867091,1.5886717826477512,0.397901379206998,0.397919608368026,0.3979199878358411,6.645782877999337e-05,4.864379208515534e-07,4.7176963626327506e-05,-6.979927817951648e-07,False,False,False
binary,alpha,beta,0.05,0.5,11,10134,50,0.1,0.1,0.3089225740648871,0.1,34.890194559254724,1.6120075837390562,False,False,False,-2.4134986145313477,-2.413446729566938,-2.413447748816786,inf,inf,inf,1.4048040584874843e-05,2.0831459660408673e-07,nan,nan,False,False,True
binary,alpha,beta,0.05,0.5,12,10135,50,0.1,0.1,0.10215273489091196,0.45410660200922937,34.51147231613887,3.4270338715761803e-07,True,True,True,1.7696878026096214,1.7698864850052631,1.7698855184875442,1.2336032729084319,1.233608589597749,1.2336087130788187,0.00013258071668992367,2.7383235104638666e-07,0.00011798057894907288,-4.0392754385720764e-07,False,False,False
binary,alpha,beta,0.05,0.5,13,10136,50,0.1,0.1,0.98,0.7869806752323295,32.43070639521147,1.4661882410393905,True,True,True,6.250176400641309,6.250213838078571,6.250213802954101,0.11362478675992795,0.11361870064867426,0.11361870121227867,2.80250277138749e-05,7.853180209650782e-08,-1.0220624062640127e-06,-4.970850397967297e-09,False,False,False
binary,alpha,beta,0.05,0.5,14,10137,50,0.1,0.1,0.649868852289012,0.5215089310977148,33.96521749302331,7.888304520226981e-08,True,True,True,4.293711060834836,4.293842579770594,4.293843517047506,0.17545102085771852,0.17542960446673142,0.1754295536862774,2.373524331177789e-05,2.3029735733687401e-07,6.133417947751241e-06,1.5982076462250916e-07,False,False,False
binary,alpha,beta,0.05,0.5,15,10138,50,0.1,0.1,0.5288959925885205,0.1,34.68168204899548,0.030140121510226485,True,True,True,2.014587244264219,2.014762704532808,2.0147604892842392,0.46579205633557724,0.46576917235976806,0.4657695066812871,5.0394158957160245e-05,4.857412850940971e-07,6.003034654611383e-05,-7.146071538954857e-07,False,False,False
binary,alpha,beta,0.05,0.5,16,10139,50,0.1,0.1,0.02,3.6025775481159186,33.34619713144287,5.095224718587588,True,True,True,0.04694252373354218,0.04704747355362792,0.04704426375915719,5.062410701979423,5.061696908674196,5.061725407582442,0.0005869112304742939,2.607250100337004e-06,0.0013760122176407208,-3.54163341356184e-05,False,False,False
binary,alpha,beta,0.05,0.5,17,10140,50,0.1,0.1,0.24325454272253363,0.7488479584060188,33.43535995764077,2.7056661287843682e-08,True,True,True,2.001273489174833,2.0013792400163655,2.0013797461258998,0.6171557699340092,0.6171380775689591,0.6171379584903535,2.804096914290771e-05,1.9404877812119129e-07,3.258707599229638e-05,1.1578602965300888e-07,False,False,False
binary,alpha,beta,0.05,0.5,18,10141,50,0.1,0.1,0.18857248513520666,0.5671066836332957,34.11359026025188,4.3015719676490424e-07,True,True,True,3.0623360567114633,3.062621098613262,3.0626230067906395,0.61028304286018,0.6102806582355852,0.6102804352447262,0.00010430507756282007,1.8298859095281833e-07,9.069648310600087e-05,3.66325778600185e-07,False,False,False
binary,alpha,beta,0.05,0.5,19,10142,50,0.1,0.1,0.6437462028383313,0.2860729883180435,34.53265282733879,1.0828494122086006e-07,True,True,True,2.486401803855875,2.4862265971010924,2.4862283893899777,0.2734057837153365,0.2734448907773288,0.2734447429338401,3.8919785155253454e-05,5.039027219050853e-07,-2.489412407413738e-05,5.50675814281476e-07,False,False,False
binary,alpha,beta,0.05,1.0,0,20123,50,0.1,0.1,0.2701187599187167,0.1,34.79147422815141,0.6061649386879346,False,False,False,-1.1760614432206546,-1.1759049046438022,-1.1759065962851818,inf,inf,inf,2.9496042551531048e-05,3.766376356904988e-07,nan,nan,False,False,True
binary,alpha,beta,0.05,1.0,1,20124,50,0.1,0.1,0.5066354006434455,0.8203560641611067,32.805160836272414,1.2454782551400075e-07,True,True,True,4.365807119501634,4.365984436920689,4.365984562201721,0.2779325723487644,0.2779193485318418,0.277919316036533,2.105488544963772e-05,7.261280106228922e-08,2.5381013870173774e-05,-8.71681749003983e-09,False,False,False
binary,alpha,beta,0.05,1.0,2,20125,50,0.1,0.1,0.45234873005904924,0.1,34.77262033433593,0.8649177445363642,True,True,True,1.300201338506834,1.30019438229521,1.3001945823741725,0.5787719045463676,0.5787687058662209,0.5787686818449511,2.1528806644308228e-05,1.0980540575871216e-07,-8.906505975403434e-06,1.2622836464970533e-07,False,False,False
binary,alpha,beta,0.05,1.0,3,20126,50,0.1,0.1,0.7810695282822822,0.36347266998201555,34.472374735055276,4.083766720210199e-07,True,True,True,4.282199580395291,4.282058539768629,4.2820585410767595,0.01849383542563783,0.018499127433272314,0.01849898839417006,5.9438315721351626e-05,2.3138294518148034e-07,-2.7004153366760875e-05,-1.597691934307477e-07,False,False,False
binary,alpha,beta,0.05,1.0,4,20127,50,0.1,0.1,0.13092240390895019,0.36800238880763636,34.702219029892035,1.7056726000188582e-07,True,True,True,1.0923694104835744,1.0925636667091723,1.0925615552580366,1.3690080700045704,1.3689434870250683,1.3689443406115442,3.6491836097701246e-05,8.963281752847466e-08,0.00010251060595578565,-9.49839879638148e-07,False,False,False
binary,alpha,beta,0.05,1.0,5,20128,50,0.1,0.1,0.16534134078032608,1.5412194523698628,30.411410668323228,6.568071158115907e-08,True,True,True,3.0725872433103114,3.0726503750614325,3.0726506153914666,1.061780483431297,1.0618534945605855,1.061853308134932,0.0001881177778487457,3.49818319588212e-07,0.00010446731580060487,-1.3641459517543808e-07,False,False,False
binary,alpha,beta,0.05,1.0,6,20129,50,0.1,0.1,0.49191909257631333,0.37607064002087287,34.41719536036295,1.68445092059666e-07,True,True,True,2.645247840632228,2.645246638301569,2.645244889427606,0.25658646049446954,0.25662462894004556,0.25662472440530876,8.125688765876039e-05,5.05300925895285e-07,4.2937291922839904e-05,-5.512301086696425e-07,False,False,False
binary,alpha,beta,0.05,1.0,7,20130,50,0.1,0.1,0.8536782667384264,0.8456516063116556,33.3402094444021,5.880787539512812e-08,True,True,True,2.6704993849407885,2.670569535974498,2.6705698254266292,0.38938494477028956,0.38936440385705956,0.3893643476635745,2.775419911455987e-05,1.052844853711381e-07,2.663627633125998e-06,4.369076833654617e-08,False,False,False
binary,alpha,beta,0.05,1.0,8,20131,50,0.1,0.1,0.024153073990001852,3.4142986011926846,34.21484591758566,8.75419824667632e-06,True,True,True,0.04325038686327758,0.043494455032211575,0.043493408560569435,4.569791160444666,4.5675260723674915,4.567535944852338,0.00041036352707831157,1.3293415565145887e-06,0.0030068082142378216,-1.2694057510032053e-05,False,False,False
binary,alpha,beta,0.05,1.0,9,20132,50,0.1,0.1,0.6527786758389278,0.8250080521217719,32.833152740024346,1.7408297026122455e-07,True,True,True,4.7715382719261585,4.771553848174497,4.771552685078905,0.35311666544669823,0.35311547943040267,0.3531155911532233,3.443382084184054e-06,1.0929391584667036e-07,1.7838205508269311e-06,-1.1513053266298812e-07,False,False,False
binary,alpha,beta,0.05,1.0,10,20133,50,0.1,0.1,0.48406293414363266,0.1,34.91816593705262,2.318790832705296,True,True,True,0.5974375014882363,0.5975379945730802,0.5975385586411699,0.9306340051289766,0.9305567526344096,0.9305564110465974,2.1873770336215148e-05,1.926128599960141e-07,7.980321043277172e-05,5.507190365960923e-07,False,False,False
binary,alpha,beta,0.05,1.0,11,20134,50,0.1,0.1,0.1313635290330636,1.2334059066330212,31.460682062842423,1.65468922139047e-07,True,True,True,1.1779103207223427,1.1785848054703918,1.1785825470682225,1.494728404270923,1.4946003927991487,1.4946008614783122,0.00029482182856770345,8.817173116315013e-07,0.0004236921439400021,-1.3766132802572884e-06,False,False,False
binary,alpha,beta,0.05,1.0,12,20135,50,0.1,0.1,0.4162775547159606,1.2529243291405923,31.390973642330504,3.5629114410456123e-07,True,True,True,3.5415594074112002,3.5416404990300254,3.541639912200149,0.8601343752422482,0.8601446580824573,0.8601447292091575,4.688384984473248e-05,2.5767089072818205e-08,3.465163893423551e-05,-8.380673932606442e-08,False,False,False
binary,alpha,beta,0.05,1.0,13,20136,50,0.1,0.1,0.24876263833139148,1.3137812608001247,29.480549338006078,7.232928752632253e-09,True,True,True,4.4345706929275766,4.434734919197301,4.434734419553516,0.46771260435994166,0.4677445917425066,0.4677445394684279,0.00011735775234935051,2.3673242142463053e-07,7.368648405758904e-05,-1.728487504237819e-07,False,False,False
binary,alpha,beta,0.05,1.0,14,20137,50,0.1,0.1,0.02,0.1,34.95748386176379,2.2917426511716528,False,False,False,-65.4474208108493,-65.45460938190354,-65.45460080029544,inf,inf,inf,0.00010906269258723193,1.9951708489828777e-07,nan,nan,False,False,True
binary,alpha,beta,0.05,1.0,15,20138,50,0.1,0.1,0.5186257681132984,0.1,34.73228479934795,0.47432266114813587,True,True,True,2.1396565851089036,2.139788702061556,2.1397869862383194,0.3279890358756304,0.3279614113551683,0.32796160871606217,2.8231605875314344e-05,4.7503521335074014e-07,2.9366345842163355e-05,-5.746459237343515e-07,False,False,False
binary,alpha,beta,0.05,1.0,16,20139,50,0.1,0.1,0.07674981217201009,0.8132182231624363,34.39909723949073,5.793647129530425e-07,True,True,True,0.5640679782908384,0.5641553196916709,0.5641512886979931,2.0969920952671433,2.097001956148173,2.0970048202545013,0.00017948180744429992,5.643327609389373e-07,0.0001623349634272131,-3.8477854644725085e-06,False,False,False
binary,alpha,beta,0.05,1.0,17,20140,50,0.1,0.1,0.4690490900810243,1.699481564236062,30.84609634430585,4.4035098206767837e-07,True,True,True,1.6931801693034227,1.693274519758514,1.693274123635406,1.0669530837363137,1.0669324168006933,1.0669325037419377,9.719462742450267e-06,4.08118272210096e-08,3.179472720660215e-05,-1.3384431696294996e-07,False,False,False
binary,alpha,beta,0.05,1.0,18,20141,50,0.1,0.1,0.3324191144498956,0.1,34.88371943940871,1.626073895977244,False,False,False,-1.8176836784200543,-1.8177539391195667,-1.8177547001494665,inf,inf,inf,3.6419991130774815e-05,3.0452472142979823e-07,nan,nan,False,False,True
binary,alpha,beta,0.05,1.0,19,20142,50,0.1,0.1,0.7668607062553748,0.29886963295973074,34.52680405397235,3.4990171833002054e-08,True,True,True,2.3286453300007306,2.328665815942831,2.3286650468073096,0.3647356731656525,0.36473306376617665,0.364733056658357,4.671505729576954e-06,3.4913378100099384e-07,5.454670336746403e-06,-3.384734412748003e-07,False,False,False
binary,alpha,beta,0.05,3.0,0,30123,50,0.1,0.1,0.051148311042397934,2.6740557407123684,30.115810979284472,3.5529372511780345e-07,True,True,True,0.1255364903038513,0.12619755727479615,0.12619181784654995,3.826607969889515,3.8246253184878416,3.8246435171273783,0.0006838241668986318,3.5836139288103988e-06,0.0029449776661039095,-2.4528785690591803e-05,False,False,False
binary,alpha,beta,0.05,3.0,1,30124,50,0.1,0.1,0.98,0.9781774535157478,31.85328390011765,0.15904504380161613,True,True,True,1.6396503118101902,1.6397534208575573,1.6397518899300163,0.6389854679072252,0.6389654134785213,0.6389657431649627,2.1310016925421857e-05,2.6943415514915227e-07,3.924021979528902e-05,-5.540676717430415e-07,False,False,False
binary,alpha,beta,0.05,3.0,2,30125,50,0.1,0.1,0.02,4.505175581433651,32.44329443563826,3.857509213389676,True,True,True,0.05317830634710668,0.05327821746360567,0.05327477528008879,5.188967032221306,5.188422115832096,5.188448865893728,0.0006191365631503624,3.0164427633967187e-06,0.001215861078840419,-3.38126485956991e-05,False,False,False
binary,alpha,beta,0.05,3.0,3,30126,50,0.1,0.1,0.4183904568416135,1.422488109320552,29.624904724158647,1.721933943278332e-07,True,True,True,1.9679015381122351,1.9677629630001725,1.9677621787825834,0.4926290698734346,0.49265813169679645,0.4926582511914823,3.532801609281651e-05,1.7927415059585534e-07,-3.722248416693219e-05,-2.609592897329094e-07,False,False,False
binary,alpha,beta,0.05,3.0,4,30127,50,0.1,0.1,0.040800978457387456,3.584701558123078,27.803834488559406,6.769053296563129e-07,True,True,True,0.10188066931153798,0.1024137004192986,0.1024076641325231,4.381710433063678,4.379767371848925,4.379791144572361,0.0007399626321384489,4.205953867513389e-06,0.002949672617745591,-3.1572604985541375e-05,False,False,False
binary,alpha,beta,0.05,3.0,5,30128,50,0.1,0.1,0.19344310205333132,2.380296873352117,30.23539157681266,1.5384473857459692e-06,True,True,True,1.3687235913304,1.3687433603585506,1.368743367632233,2.044478518104475,2.044521753273881,2.044521730293,0.00011402753943551936,4.817726760693002e-08,6.419848465100131e-05,-2.1143588213590192e-08,False,False,False
binary,alpha,beta,0.05,3.0,6,30129,50,0.1,0.1,0.15086600960156527,3.1005049692697857,26.981595509240062,6.341593916658894e-07,True,True,True,1.2730917394982213,1.2731826976795284,1.2731825295476786,2.083584891103329,2.0835702558016744,2.083570328140731,3.7807755805832924e-05,4.143220834477154e-08,5.454584366759718e-05,-4.8772932359497645e-08,False,False,False
binary,alpha,beta,0.05,3.0,7,30130,50,0.1,0.1,0.6240732153483409,0.5206804315026774,34.3383498513188,6.21471076717338e-08,True,True,True,1.9113450746424094,1.911264359253998,1.9112651681411603,0.26362809619098704,0.26365915879422225,0.2636589398815261,5.0894901325027917e-05,2.2683603887059215e-07,-6.297186182280257e-06,1.7118833284257562e-07,False,False,False
binary,alpha,beta,0.05,3.0,8,30131,50,0.1,0.1,0.18225042853110837,1.6190982043730946,28.551814901671076,9.327549919668709e-08,True,True,True,2.4616414699171467,2.4617730708176078,2.4617725973124727,1.1706262204255957,1.1706589374210497,1.170658907053055,0.0001334195512197107,2.668604091771764e-07,9.089872708401003e-05,-2.273055947910052e-07,False,False,False
binary,alpha,beta,0.05,3.0,9,30132,50,0.1,0.1,0.12232938985955176,3.05772441089161,26.38151309146767,1.650167516796367e-07,True,True,True,1.244231638460281,1.2443729617431438,1.2443730356592169,1.9661110762424785,1.9661518729373355,1.9661516465514304,0.00020713720241356443,4.62294276262893e-07,0.00016034402002418346,-2.0123615129818972e-07,False,False,False
binary,alpha,beta,0.05,3.0,10,30133,50,0.1,0.1,0.06371833464433427,3.562893487449757,22.071914188501097,5.046784543386312e-07,True,True,True,0.4314151235348024,0.4318204973112701,0.4318183671764592,3.2552250276663437,3.255078606682378,3.2550793495971764,0.0005991423780712475,3.225056558745611e-06,0.0007665451926612832,-4.077617216324825e-06,False,False,False
binary,alpha,beta,0.05,3.0,11,30134,50,0.1,0.1,0.6041961734438789,1.039123526455567,30.893174061993527,6.23249534198701e-08,True,True,True,4.651449354389588,4.651454371321722,4.651454228006289,0.2190959683579658,0.2190941224777322,0.21909412106150372,1.2841378060630903e-05,3.916188095779912e-08,-1.0790161582008295e-06,-3.244137758429133e-08,False,False,False
binary,alpha,beta,0.05,3.0,12,30135,50,0.1,0.1,0.031140611879599163,2.974743722950381,29.732872782786593,5.266903749702218e-06,True,True,True,0.09685696694077049,0.09750843908810752,0.09749771356848434,4.629964613033646,4.627389106819204,4.627434861506971,0.0007685258223495101,4.651022972945153e-06,0.003681120434332996,-5.7324827800186995e-05,False,False,False
binary,alpha,beta,0.05,3.0,13,30136,50,0.1,0.1,0.09309678981946339,2.678644379054915,24.92648153050656,2.69177419732662e-08,True,True,True,1.670098699920038,1.6702547206985112,1.670255039445208,2.417075808926916,2.417140024198223,2.4171397161661803,0.00024083338465767965,5.184588523064926e-07,0.00016718249656477724,-1.6379783573938766e-07,False,False,False
binary,alpha,beta,0.05,3.0,14,30137,50,0.1,0.1,0.021839700812181184,6.063006602640489,28.950036793228897,6.6085209133298536e-06,True,True,True,0.06242900232454436,0.06267476098399839,0.06267065523964979,5.334042818865884,5.332672439972622,5.332698679177878,0.0007680967879309174,5.093370637289363e-06,0.0023158733331172243,-3.530187999345458e-05,False,False,False
binary,alpha,beta,0.05,3.0,15,30138,50,0.1,0.1,0.042894641505917264,4.44489854176457,31.02042523455032,2.8830273996340954e-06,True,True,True,0.15630633840525457,0.15649888120723768,0.15649760197567128,3.841843885689966,3.841598345448441,3.841599991935311,0.000661188826961373,4.3841300856985615e-06,0.0009421045398632089,-6.278507399315458e-06,False,False,False
binary,alpha,beta,0.05,3.0,16,30139,50,0.1,0.1,0.02626008692717096,3.248685900294888,34.30114784163582,9.70245888890317e-07,True,True,True,0.044400373736972976,0.044452732272830926,0.0444519627339973,4.353964300590102,4.353682397900673,4.353688950550727,0.0005271469365346818,2.225204314584879e-06,0.0008442216303592431,-9.767528268866954e-06,False,False,False
binary,alpha,beta,0.05,3.0,17,30140,50,0.1,0.1,0.08410447610769538,0.7901610953020863,34.359597267905826,2.4554880718067513e-07,True,True,True,0.3945870405580979,0.3948344961296121,0.3948321674847569,2.1595793416043128,2.1594034242068325,2.159405743607515,0.00022687623929509845,5.804528387687449e-07,0.000421169007466915,-3.227483247769669e-06,False,False,False
binary,alpha,beta,0.05,3.0,18,30141,50,0.1,0.1,0.055716239168250886,4.684587463688574,29.230778931726107,2.2579286518175247e-06,True,True,True,0.09344647431334216,0.09353841210246756,0.09353747205245623,4.092477156206902,4.092238516316367,4.092242057429951,0.00043200499124532865,1.8971113974876226e-06,0.0007026540167345274,-5.973074902243525e-06,False,False,False
binary,alpha,beta,0.05,3.0,19,30142,50,0.1,0.1,0.07454852886517528,4.742849083849385,29.742383876796506,8.172903055460775e-07,True,True,True,0.14423656653364375,0.14438589746301914,0.14438560251304708,3.911358393252396,3.910980979360207,3.910981802707639,0.00016565398047372425,1.4752902489493285e-07,0.0005991752437637388,-1.0948776640873348e-06,False,False,False
binary,alpha,beta,0.05,8.0,0,40123,50,0.1,0.1,0.03446280371618395,8.0,25.98675992049323,0.014065064921963043,True,True,True,0.09970307614166787,0.09976999250075956,0.0997691053620125,4.607640603354328,4.607702180307778,4.607703290594997,0.0008060733192305783,6.335586709713855e-06,0.0007342107637384743,-7.613613501433747e-06,False,False,False
binary,alpha,beta,0.05,8.0,1,40124,50,0.1,0.1,0.14235866152829096,5.08102947288451,9.881450153843279,1.7059555609664324e-07,True,True,True,0.5270909172109852,0.5271461660463952,0.5271462155913482,2.457744322504999,2.457774650464161,2.4577744506421624,0.00017434878287168702,3.661200478521014e-07,0.00013959321053036433,-1.3606645765662506e-07,False,False,False
binary,alpha,beta,0.05,8.0,2,40125,50,0.1,0.1,0.07551693460027317,7.777652850951621,6.9365687458646565,3.657192363109362e-07,True,True,True,0.10715134374428235,0.10716863720241902,0.10716863469554976,3.8749171000495872,3.8750147795037004,3.8750140839461347,0.0003846272010679295,1.6250239326145153e-06,0.00027301324861284115,-8.241820594889759e-07,False,False,False
binary,alpha,beta,0.05,8.0,3,40126,50,0.1,0.1,0.11961114365653014,6.500981277128891,7.6018080910063235,3.64230614661318e-07,True,True,True,0.1163670087501067,0.11639975996899568,0.11639973413903576,3.210137508211262,3.2101422350164825,3.2101419975266654,0.0002916154039814605,7.689414569209154e-07,0.0002863546396216776,-4.953276118158101e-07,False,False,False
binary,alpha,beta,0.05,8.0,4,40127,50,0.1,0.1,0.08010780347425765,7.40084257158816,7.391510927175434,4.47662196818464e-07,True,True,True,0.09555160297294292,0.09558137411285249,0.09558129887097909,3.8783269716893143,3.8783692779200014,3.878368928879912,0.0004073142842777933,1.5910308970664953e-06,0.00035904059879854344,-1.1890498194944144e-06,False,False,False
binary,alpha,beta,0.05,8.0,5,40128,50,0.1,0.1,0.18549539221956587,5.008703618397143,16.74930106551472,4.14046708609718e-07,True,True,True,0.15363722621738501,0.15362535342567668,0.15362532672384513,2.644625389721981,2.6447221470037086,2.644722098698718,0.000146039235613566,2.859153038492637e-07,3.388543457916171e-05,-2.2942455046859322e-07,False,False,False
binary,alpha,beta,0.05,8.0,6,40129,50,0.1,0.1,0.044196469959079276,6.213455507028194,21.012255989309107,5.341984671382247e-07,True,True,True,0.09771802023115062,0.09790363538181744,0.09790209992283888,4.431987946151839,4.4315096246584,4.431514213980521,0.0007909619605117238,5.1167802534669745e-06,0.0013366080832746263,-1.0399841048780445e-05,False,False,False
binary,alpha,beta,0.05,8.0,7,40130,50,0.1,0.1,0.09096566613674555,6.586429614972431,14.704662417842897,3.3248036274443646e-07,True,True,True,0.1593908453543292,0.1594281603127131,0.15942807168234813,3.6215222810602667,3.621532328731642,3.621532229026164,0.0002564598878634382,7.856483113239696e-07,0.00024497948933976943,-6.707169895037168e-07,False,False,False
binary,alpha,beta,0.05,8.0,8,40131,50,0.1,0.1,0.07688677758933833,6.981833226380903,7.769140296187848,4.8063696110092e-07,True,True,True,0.10757095419437428,0.10761484259609186,0.10761476028713303,3.8330138623693197,3.8330250634545235,3.8330246269088657,0.00043190288060656717,1.7701872834516106e-06,0.00041953998838195616,-1.2674396998590964e-06,False,False,False
binary,alpha,beta,0.05,8.0,9,40132,50,0.1,0.1,0.10353827304519156,7.636305695305679,4.837408598822921,1.7941722182599406e-07,True,True,True,0.11404473821183407,0.114088002323968,0.11408798630041854,3.4613324436885025,3.4612981235725457,3.461297798212985,0.00029937519515734916,8.896891691653921e-07,0.0003392614130852678,-5.150330784076118e-07,False,False,False
binary,alpha,beta,0.05,8.0,10,40133,50,0.1,0.1,0.06014898028148638,4.856125110405352,27.996241523894604,4.899209709837641e-07,True,True,True,0.07720146671610044,0.07726750942639053,0.07726678777451965,4.333946502606665,4.333710908329193,4.333714552973367,0.00031168723614004686,9.481337045133593e-07,0.0005787119898954529,-5.143646813365876e-06,False,False,False
binary,alpha,beta,0.05,8.0,11,40134,50,0.1,0.1,0.05970952862870795,7.66149481142598,9.621938370787475,4.863358401019026e-07,True,True,True,0.11581041034994677,0.11585638202678428,0.11585622764217662,4.095480049834178,4.095550973475753,4.095550260695292,0.0005570918235025428,2.9739271017992226e-06,0.00047637826409108186,-2.1531713230160676e-06,False,False,False
binary,alpha,beta,0.05,8.0,12,40135,50,0.1,0.1,0.4562996262337522,3.659470008195778,15.157377836051248,1.0356897200508593e-07,True,True,True,1.284549622392726,1.284612741408102,1.2846127175919302,1.3553358322678342,1.3553127506288747,1.3553127524861257,4.852546236968895e-06,1.434669666031669e-08,2.2545750884006566e-05,-1.6401333624571635e-08,False,False,False
binary,alpha,beta,0.05,8.0,13,40136,50,0.1,0.1,0.11393232156557236,5.181067172718487,20.554106107437654,3.336729374040986e-06,True,True,True,0.1682762222975936,0.168401888173161,0.16840163857649879,3.492161181953844,3.4919261511875748,3.491926640946233,0.00020507943604726415,3.548553130173739e-07,0.00047499714987964126,-9.182944396002313e-07,False,False,False
binary,alpha,beta,0.05,8.0,14,40137,50,0.1,0.1,0.055991856975583135,7.351386749234166,19.272047721586354,3.155074032637205e-06,True,True,True,0.11283964788400495,0.11290052343762957,0.11290006887792907,4.023694611484849,4.023768531550523,4.023768500525393,0.0007052670594977733,4.0980326493447294e-06,0.0006203834963827148,-4.0619236791883395e-06,False,False,False
binary,alpha,beta,0.05,8.0,15,40138,50,0.1,0.1,0.0378329667605811,7.656972441705625,14.922936973647468,2.894321150111866e-06,True,True,True,0.0918880481178934,0.09205980194643866,0.09205860936164521,4.766877078428694,4.7664378371571265,4.7664406983292205,0.0008493276339274809,6.366691166803411e-06,0.0013520635564638894,-9.660495322805218e-06,False,False,False
binary,alpha,beta,0.05,8.0,16,40139,50,0.1,0.1,0.07943556246852954,5.519428371312642,12.886267157453325,9.166010331589424e-07,True,True,True,0.17946777127635127,0.17958090109029948,0.17958057384722664,3.331179394397211,3.3311641179277616,3.3311637005128407,0.0005923371095328273,2.7844247283038115e-06,0.0006102737309134909,-2.3028282374326636e-06,False,False,False
binary,alpha,beta,0.05,8.0,17,40140,50,0.1,0.1,0.06401487877457167,7.286642669084563,24.261824955712466,2.691183096053829e-06,True,True,True,0.08689218878492176,0.08680734449513215,0.08680721530690354,4.300408380160024,4.300957297235026,4.3009575118487975,0.00028600490197392873,9.941350589786132e-07,-0.00034618574356315435,-1.2411355960750825e-06,False,False,False
binary,alpha,beta,0.05,8.0,18,40141,50,0.1,0.1,0.10196971711252333,7.889229934681006,13.602131917752637,4.0615726969820584e-07,True,True,True,0.1371397420761716,0.13714573840640984,0.1371457041501711,3.240763041647349,3.240887192833629,3.240886776045559,0.00032841870221299427,1.2096455540689558e-06,0.00018592798914340847,-7.296248565324959e-07,False,False,False
binary,alpha,beta,0.05,8.0,19,40142,50,0.1,0.1,0.08389571892564024,7.394506071118356,12.628606148773777,1.8918258335984604e-06,True,True,True,0.09366416875599311,0.09372558570379025,0.09372556744576392,3.8558077669074984,3.855643745640283,3.855643388437649,0.00027679862525859607,1.017327271435751e-06,0.0004660570412653442,-6.060477613090143e-07,False,False,False
binary,alpha,beta,0.25,0.25,0,50123,50,0.1,0.1,0.22757650401623475,0.6772057506031245,33.90562098331577,8.263401234112427e-08,True,True,True,1.2524061909270543,1.2524293738705397,1.2524273974849185,0.6824249246217479,0.6824333370875019,0.6824338627378265,4.06291534140942e-05,5.228035304481678e-07,2.7222894800615904e-05,-9.728655214757964e-07,False,False,False
binary,alpha,beta,0.25,0.25,1,50124,50,0.1,0.1,0.11607119715596773,1.5451130223396279,31.442860162834336,2.9943825087321097e-07,True,True,True,1.488111087903429,1.4882789326051935,1.4882786146266114,2.0136251322601404,2.013645317896375,2.01364529836781,0.00016001818210783396,2.602423720769711e-07,0.00013578751207887763,-2.3613834798652533e-07,False,False,False
binary,alpha,beta,0.25,0.25,2,50125,50,0.1,0.1,0.02,2.0768899414336417,34.67546396373986,1.0532537402241362,True,True,True,0.024967959838461225,0.02507123779027551,0.025070272273673772,4.471347693700037,4.469753094821882,4.469769173560292,0.00045473953837968796,1.4931162396627057e-06,0.00227203773056317,-2.0000336611758485e-05,False,False,False
binary,alpha,beta,0.25,0.25,3,50126,50,0.1,0.1,0.49974337499883087,0.850958217428657,32.86200855584478,5.02429586778808e-09,True,True,True,1.8237026723457739,1.8238111067083556,1.8238101407256488,0.4790721562742817,0.4790491641080651,0.47904931336474577,2.203947827737621e-05,2.758518215691164e-07,3.2628066080064855e-05,-3.5781266660706024e-07,False,False,False
binary,alpha,beta,0.25,0.25,4,50127,50,0.1,0.1,0.02,0.1,34.91165373646993,0.35921134920731984,False,False,False,-19.42868153784372,-19.43213792638732,-19.4321294266194,inf,inf,inf,0.00018917419319095,4.739616618569288e-07,nan,nan,False,False,True
binary,alpha,beta,0.25,0.25,5,50128,50,0.1,0.1,0.685808153670088,0.15037720429303994,34.6607964631327,3.512158909098493e-07,True,True,True,1.6678131490280208,1.667971163457315,1.6679710278595925,0.6302568555976379,0.6302159543502057,0.630215981039979,2.9021047218542307e-05,3.543421625194113e-08,4.759912807372757e-05,-5.0567273035539984e-08,False,False,False
binary,alpha,beta,0.25,0.25,6,50129,50,0.1,0.1,0.02,0.1,34.93389898700843,1.3765542926251984,False,False,False,-36.695471734181254,-36.69830500059781,-36.69830147240543,inf,inf,inf,7.618374276867954e-05,1.1708421124497636e-07,nan,nan,False,False,True
binary,alpha,beta,0.25,0.25,7,50130,50,0.1,0.1,0.4695639904069199,0.1,34.773931616267156,0.8253205293443071,True,True,True,1.760775783264704,1.7606962202953893,1.7606961303993183,0.3284977283023651,0.32851406055922566,0.3285141098376552,6.823424550609268e-05,6.219448269300589e-08,-2.6378453640063526e-05,5.6767746059449564e-09,False,False,False
binary,alpha,beta,0.25,0.25,8,50131,50,0.1,0.1,0.41221536819679055,0.615778477697105,33.913871186436445,1.5860389826762653e-07,True,True,True,3.5758698572735117,3.5760866158011777,3.5760858346276256,0.4188485757264435,0.41882599903948325,0.4188260660823636,2.296577452705573e-05,9.898850215598339e-08,3.448154055973873e-05,-1.412577432802209e-07,False,False,False
binary,alpha,beta,0.25,0.25,9,50132,50,0.1,0.1,0.25434211051827643,0.1,34.820690670551556,0.8199093528560475,False,False,False,-1.6863078575500459,-1.6863762806654536,-1.6863756453256593,inf,inf,inf,2.2493343501197795e-05,1.0697189582691465e-07,nan,nan,False,False,True
binary,alpha,beta,0.25,0.25,10,50133,50,0.1,0.1,0.5403294638734213,0.12293884808960957,34.6757709597433,9.298341530198968e-08,True,True,True,1.97353378668938,1.9735449486681185,1.973544629237691,0.3455523939011557,0.34554565376804186,0.34554575191736475,3.09032263170156e-05,1.5349199115508353e-07,-2.1529049902824227e-06,-4.885760063189082e-08,False,False,False
binary,alpha,beta,0.25,0.25,11,50134,50,0.1,0.1,0.02,1.2441907895516335,34.630599142841206,1.5979536520660544,False,False,False,-0.003986025402242568,-0.003399264888002985,-0.0034057016427489987,inf,inf,inf,0.0005594890163658694,2.4182523936992166e-06,nan,nan,False,False,True
binary,alpha,beta,0.25,0.25,12,50135,50,0.1,0.1,0.21546651149793844,0.9809232999190242,33.9905594385854,1.8559316411325677e-07,True,True,True,0.38354317652091974,0.38368768259460545,0.38368825214998525,1.4056144392880088,1.4054596207730397,1.4054590318748454,4.637612763497068e-05,1.4172360870763458e-07,0.00019926018633498188,8.064292558174202e-07,False,False,False
binary,alpha,beta,0.25,0.25,13,50136,50,0.1,0.1,0.594581026234162,0.1,34.69802515360461,0.040968682668637464,True,True,True,0.9976256144742967,0.997736456602942,0.9977359609436343,0.6639138111723673,0.6638685792911497,0.663868700972061,2.853356114313948e-05,2.5532944351344865e-07,5.866794386122365e-05,-3.5669359732537487e-07,False,False,False
binary,alpha,beta,0.25,0.25,14,50137,50,0.1,0.1,0.2706322429501607,0.2318443327756642,34.68796237535023,1.1479169203741089e-07,True,True,True,0.6004388817782125,0.6006659616188352,0.6006666978802909,0.9662313608203337,0.9660777232486807,0.9660773214378517,4.7839530080966284e-05,3.3377557727803376e-07,0.0002019996192501594,7.631393685869625e-07,False,False,False
binary,alpha,beta,0.25,0.25,15,50138,50,0.1,0.1,0.3393321506975675,0.19411764308738347,34.6729587454467,1.0376113739958891e-07,True,True,True,1.5519763840533407,1.552053455721195,1.5520525847083693,0.5133977568546075,0.5133680529762458,0.5133682792894184,3.8823253575188805e-05,1.7533906543418097e-07,1.5160600902675014e-05,-3.0064776268545756e-07,False,False,False
binary,alpha,beta,0.25,0.25,16,50139,50,0.1,0.1,0.47964834676884754,0.24539007190725565,34.63423168918451,9.755417961618193e-08,True,True,True,2.140838709337401,2.140753664774003,2.140753441276356,0.3137716531121421,0.3137888840269026,0.31378897456463506,2.8531930330007112e-05,1.113639546059591e-07,-1.9888012495528073e-05,-1.659685722188442e-10,False,False,False
binary,alpha,beta,0.25,0.25,17,50140,50,0.1,0.1,0.6151972134292585,0.1,34.728095106948146,0.32570806851596196,True,True,True,1.4964837300019382,1.4964495537438691,1.4964492343914362,0.54778085783168,0.5477955719798047,0.547795637504626,1.5523498723025958e-05,8.460875413744515e-08,-6.035647999169669e-06,-1.3796853437497703e-07,False,False,False
binary,alpha,beta,0.25,0.25,18,50141,50,0.1,0.1,0.34420302853009854,0.1,34.73289256414536,0.15137559472577783,False,False,False,-0.20641137333121243,-0.20631302347615174,-0.2063141015646977,inf,inf,inf,2.5312777046834928e-05,2.530204359226946e-07,nan,nan,False,False,True
binary,alpha,beta,0.25,0.25,19,50142,50,0.1,0.1,0.40906392057287216,0.9709345772232962,33.20687751992086,4.33663971070562e-08,True,True,True,2.6583634570690338,2.6583373339230274,2.658335200793788,0.3327601825757327,0.3327437738881774,0.3327439750253616,4.42530572119166e-05,4.5770229686556925e-07,-2.928888782349759e-05,-5.708624328804035e-07,False,False,False
binary,alpha,beta,0.25,0.5,0,60123,50,0.1,0.1,0.5024063916868808,0.620494633550926,33.8535286219068,1.2809491335957508e-08,True,True,True,2.275903071775482,2.2759928454361593,2.2759925909255765,0.4478844881329958,0.44786100788943595,0.4478610303934284,2.1615541829794697e-05,8.28260217288873e-08,1.2325969102278123e-05,-8.59153104215693e-08,False,False,False
binary,alpha,beta,0.25,0.5,1,60124,50,0.1,0.1,0.98,0.765247002587509,33.242047500014834,1.1552626091316212,True,True,True,3.300532786188102,3.300644124090976,3.3006422746575255,0.28181572265264987,0.28180167399722095,0.28180183962181404,2.0135228221970706e-05,3.171020440352697e-07,1.718898814573322e-05,-3.696428052535339e-07,False,False,False
binary,alpha,beta,0.25,0.5,2,60125,50,0.1,0.1,0.8681521905597124,0.49473117995367544,34.14416284094447,8.038873388460928e-08,True,True,True,4.628885538538248,4.628831199973316,4.6288310207458965,0.06928798922469684,0.06929197773825237,0.06929191026359316,4.210420634809343e-05,1.498637543079303e-07,-7.263542613600293e-06,-1.164028731182043e-07,False,False,False
binary,alpha,beta,0.25,0.5,3,60126,50,0.1,0.1,0.28809149210445184,0.8716740029161206,33.405493561178794,1.6731735057812525e-07,True,True,True,2.7177448556736135,2.717948847649354,2.7179485384892383,0.29524299494043915,0.2952412875063389,0.2952412116700287,7.780222518821367e-05,3.2133305859784e-07,7.288965101537315e-05,-2.0105736808773145e-07,False,False,False
binary,alpha,beta,0.25,0.5,4,60127,50,0.1,0.1,0.7179206592037161,1.2616345250454981,31.124453911546986,3.805695360744395e-08,True,True,True,3.5116952223355917,3.5117301031791435,3.5117297643645555,0.5986125072147542,0.5986055264390311,0.5986055378252361,7.617746021595401e-06,7.345084054901382e-08,1.8124286853549165e-06,-8.337196888419385e-08,False,False,False
binary,alpha,beta,0.25,0.5,5,60128,50,0.1,0.1,0.3628908371056585,0.1,34.740081557115516,0.3615268298062804,True,True,True,0.5969451941980887,0.5970594190199084,0.5970578708682784,0.9743520988606035,0.9742624924794344,0.9742635182087538,2.6753108428257417e-05,3.8875311327478966e-07,8.67554128447523e-05,-1.4120495777092401e-06,False,False,False
binary,alpha,beta,0.25,0.5,6,60129,50,0.1,0.1,0.98,1.0044874560620658,32.03387945007054,2.1032524095687677,True,True,True,4.6554966130586415,4.655330272388964,4.655328593704446,0.042255873981820236,0.04227567136656774,0.042275673722327746,4.094058390307984e-05,3.5762955046304963e-07,-1.3295890621378703e-05,-3.578819693927926e-07,False,False,False
binary,alpha,beta,0.25,0.5,7,60130,50,0.1,0.1,0.8010457978552933,1.6605187615992403,28.261066966780074,1.1499796104684783e-07,True,True,True,2.4461936555703976,2.4463051449700766,2.4463051533737654,1.0681132263074955,1.0680885074252842,1.0680884940867261,1.2090016723704086e-05,3.0094586662230415e-08,1.7105061058231286e-05,-1.1921322595753736e-08,False,False,False
binary,alpha,beta,0.25,0.5,8,60131,50,0.1,0.1,0.5948286556961853,0.1,34.7501129545693,0.6704854804695722,True,True,True,1.4634056653530425,1.4634558111102722,1.46345526978026,0.6576330561239265,0.6576220907159915,0.6576222268987321,1.8304133095451126e-05,9.974166056572807e-08,2.1428385615251955e-05,-2.1311232956122694e-07,False,False,False
binary,alpha,beta,0.25,0.5,9,60132,50,0.1,0.1,0.36417028022126097,0.292794603565874,34.56815777932716,5.4113322575687365e-08,True,True,True,1.6954680718749149,1.6955965301118825,1.6955955515112517,0.46329950822511956,0.46327432156516385,0.46327450314045887,3.69225921202765e-05,2.7146876762170853e-07,4.639746768475561e-05,-3.6809627346201523e-07,False,False,False
binary,alpha,beta,0.25,0.5,10,60133,50,0.1,0.1,0.98,0.5731805906098693,33.49161074508824,0.8228949042177194,True,True,True,1.6515402178667171,1.6513172529166924,1.6513176907564098,0.6996526786732193,0.6997097768525241,0.6997097455932796,2.6755970534980887e-05,1.9653116754798002e-07,-6.904749943004163e-05,2.2915715902627198e-07,False,False,False
binary,alpha,beta,0.25,0.5,11,60134,50,0.1,0.1,0.06890185470003396,0.8341673832529207,34.255827905813454,7.654511044477194e-07,True,True,True,0.6546610849639058,0.6549044725109295,0.6549018709478402,2.062294618516203,2.062270877611939,2.062272034064696,0.00031971330186873553,1.3359433590625727e-06,0.00034173356690558876,-2.6410238476159975e-06,False,False,False
binary,alpha,beta,0.25,0.5,12,60135,50,0.1,0.1,0.98,0.4104128088138259,34.38830846190918,0.17292190790387185,True,True,True,3.6526322072755995,3.6525982597294733,3.6525968370832884,0.2168870087982254,0.21690492824102725,0.2169051163197287,3.454339372657629e-05,2.3464717754252971e-07,1.1163527275925844e-05,-1.7295528920158176e-07,False,False,False
binary,alpha,beta,0.25,0.5,13,60136,50,0.1,0.1,0.02741421567276015,6.015808871506247,31.15508177046082,1.1761444620062174e-05,True,True,True,0.0606106438126736,0.06065718793359893,0.06065591449154081,5.035686036505912,5.035536877071078,5.035545187374567,0.00042224178638317414,1.859505300086703e-06,0.0005844723644798933,-1.1426713243167796e-05,False,False,False
binary,alpha,beta,0.25,0.5,14,60137,50,0.1,0.1,0.26493652747695706,0.5349025141722927,34.18238048404195,3.902167184647277e-07,True,True,True,2.2202214896684405,2.22026163541569,2.2202600530619527,0.7134340828595712,0.7134611146972022,0.7134613679274803,9.167592046888127e-05,1.8816850081341641e-07,4.878210952341533e-05,-4.21146083340318e-07,False,False,False
binary,alpha,beta,0.25,0.5,15,60138,50,0.1,0.1,0.21105222876980473,0.6448895194133512,34.16516303981825,2.0337540407470144e-07,True,True,True,0.4402073062909855,0.44048386173366516,0.44048541015897424,1.1874568986079213,1.1872114939333243,1.1872100107043788,0.00010185321615753343,3.8463154143502506e-07,0.0003473169155370215,1.807646114571071e-06,False,False,False
binary,alpha,beta,0.25,0.5,16,60139,50,0.1,0.1,0.42865676597061797,0.21985739294777887,34.65484636814205,1.5768606702104753e-07,True,True,True,2.14555285100234,2.1456088713733887,2.1456069915872384,0.5012624621348817,0.5012549393820277,0.5012552953108967,1.2634092619483055e-05,2.6893006487233507e-07,1.6982432754275578e-05,-4.6633061856482527e-07,False,False,False
binary,alpha,beta,0.25,0.5,17,60140,50,0.1,0.1,0.24501374267851753,0.424902957982656,34.61825658312878,8.686366781490368e-07,True,True,True,0.6483180952871295,0.6484136696007594,0.6484137267416996,1.0336778035164624,1.0336302355959963,1.0336301765202864,4.1300921989744074e-05,5.07113881843863e-08,9.266351202086298e-05,2.0110782372739777e-08,False,False,False
binary,alpha,beta,0.25,0.5,18,60141,50,0.1,0.1,0.073575644581055,0.1,34.8890473009017,0.4328462104297569,False,False,False,-5.760776476412143,-5.760445660639502,-5.76044747569096,inf,inf,inf,3.401013986770028e-05,1.9399849597510892e-07,nan,nan,False,False,True
binary,alpha,beta,0.25,0.5,19,60142,50,0.1,0.1,0.7327834974167013,0.37328254011059503,34.41383731950717,8.47454404739989e-08,True,True,True,1.7385751806027747,1.7385812783434247,1.7385806297873134,0.44060867565124173,0.4406253266705522,0.44062542118949977,4.0362340768240825e-05,2.0565891767873183e-07,2.2413290267309094e-05,-2.642186629486787e-07,False,False,False
binary,alpha,beta,0.25,1.0,0,70123,50,0.1,0.1,0.2984019351245952,1.4865047590399183,30.64921248284679,3.6352433005058596e-08,True,True,True,3.1271270397292796,3.1271550607729277,3.1271551662446466,0.6485391881181425,0.6485901106495494,0.6485900392128777,0.00012393542272303137,1.2957355068391936e-07,6.753880877852225e-05,-4.851681723039292e-08,False,False,False
binary,alpha,beta,0.25,1.0,1,70124,50,0.1,0.1,0.5272002704814773,1.019229378392776,30.950232394760302,6.936555164463736e-08,True,True,True,5.632671395497901,5.632679021630736,5.632678090786247,0.2368180413533371,0.23682070341797887,0.23682078918775193,1.4255686635441737e-05,9.640232617877416e-08,4.352212968683489e-06,-6.65117738662957e-08,False,False,False
binary,alpha,beta,0.25,1.0,2,70125,50,0.1,0.1,0.16266378996241954,1.23269419209135,32.83673779501064,1.8429074904262064e-07,True,True,True,2.153987546284568,2.1540514053636666,2.1540500439037884,1.3863770839168874,1.3864135798328965,1.386413804123802,0.00011410730604045913,1.1846393806665058e-07,7.129012666240442e-05,-3.738218978810437e-07,False,False,False
binary,alpha,beta,0.25,1.0,3,70126,50,0.1,0.1,0.02,1.9569908440654653,34.37048351825338,4.032167556289326,True,True,True,0.020329671257033086,0.020773211759552736,0.020768695505439846,4.973755816116655,4.964627266157983,4.964720722027204,0.0005613160573061322,2.2464370217637164e-06,0.010963335590609802,-0.0001098361907949652,False,False,False
binary,alpha,beta,0.25,1.0,4,70127,50,0.1,0.1,0.06294529861521488,2.953369077500558,30.925254970210094,5.400339161052348e-07,True,True,True,0.18071463713534905,0.18096431208935176,0.18096241578727457,3.393458550754347,3.3930733723564237,3.393076908302075,0.0004918603788312575,2.341321172585448e-06,0.0009307832823353124,-6.408020212234078e-06,False,False,False
binary,alpha,beta,0.25,1.0,5,70128,50,0.1,0.1,0.06257589756005677,0.733835219314851,34.29803942458978,1.637720085286689e-07,True,True,True,0.18527373009794634,0.1861160671515087,0.18611170736206833,2.7782530981085585,2.7764386408711323,2.776448311889013,0.0003638661250703579,1.2116073686477515e-06,0.0024348800646123436,-1.2291214083859359e-05,False,False,False
binary,alpha,beta,0.25,1.0,6,70129,50,0.1,0.1,0.5035454529109482,0.549409916632344,34.0707250710379,1.560769834191603e-07,True,True,True,3.6741961620823953,3.6745316604068816,3.674529444481136,0.4399356764612186,0.4399055016001581,0.4399056857907766,3.7093230529214206e-05,2.6638079584462547e-07,5.6176779828831513e-05,-3.9099274573572984e-07,False,False,False
binary,alpha,beta,0.25,1.0,7,70130,50,0.1,0.1,0.42276018739655924,0.1,34.721816520835574,0.2776227674417369,True,True,True,1.3831700426243128,1.3832480892598022,1.3832447731241013,0.5178341883875317,0.5178270959894915,0.5178279111777127,4.5291777323014696e-05,8.569739844023329e-07,4.680006126989156e-05,-1.4588370120804939e-06,False,False,False
binary,alpha,beta,0.25,1.0,8,70131,50,0.1,0.1,0.053960776711734035,3.5270523875672883,29.572473951903408,1.606319410972848e-06,True,True,True,0.20370480876922287,0.20406626973855754,0.2040640708583982,3.618695147079978,3.6181747165686624,3.618178048851932,0.0005715446296894498,3.105077539415535e-06,0.0011667559645864856,-6.938949091761515e-06,False,False,False
binary,alpha,beta,0.25,1.0,9,70132,50,0.1,0.1,0.5341868370034779,0.935019283554373,32.949456052819095,6.637016871120737e-08,True,True,True,3.268369100070121,3.268545305481435,3.2685459001098813,0.4643762030255394,0.4643558366896895,0.4643557497239312,1.9873825766152473e-05,6.251982871973203e-08,3.054507302380216e-05,8.180145272262962e-08,False,False,False
binary,alpha,beta,0.25,1.0,10,70133,50,0.1,0.1,0.3632575905835857,1.052560393534589,33.344231521010954,1.440592971546729e-07,True,True,True,2.008664765138192,2.0087608841314557,2.00875974622138,0.9436569372431065,0.94364877207703,0.9436489852459798,2.9282918859366885e-05,9.92898945948853e-08,3.812948897774504e-05,-3.210539745168717e-07,False,False,False
binary,alpha,beta,0.25,1.0,11,70134,50,0.1,0.1,0.2187449780063367,2.1908151171069212,31.1476229524168,3.2507330161024584e-07,True,True,True,0.9257435176454499,0.9256939451936319,0.9256937323285593,1.6160563851851886,1.616098578282138,1.6160986442328678,4.565914061645014e-05,8.095998213802915e-08,-5.127656216075138e-06,-1.5402333275460478e-07,False,False,False
binary,alpha,beta,0.25,1.0,12,70135,50,0.1,0.1,0.29947102957164906,1.7320682959056835,29.547555659165084,1.0698033600864438e-07,True,True,True,2.184653326631291,2.1847868271268918,2.1847864501136973,1.2823283048474892,1.2823214672218963,1.2823215323184312,4.694715245076125e-05,2.6758571188536204e-08,5.313672827256255e-05,-9.761778230199525e-08,False,False,False
binary,alpha,beta,0.25,1.0,13,70136,50,0.1,0.1,0.5465923678706183,1.1895756595617217,31.03466155853626,1.7066198874200653e-07,True,True,True,4.067659991321101,4.0677511856517645,4.067750473787406,0.4570331974773449,0.45703110298974614,0.45703115025994545,1.8102555268580695e-05,8.731330523461025e-08,1.988715985135059e-05,-1.2058012899274217e-07,False,False,False
binary,alpha,beta,0.25,1.0,14,70137,50,0.1,0.1,0.13493693742055063,2.1396965030769675,30.864093913076783,3.731273045426669e-08,True,True,True,1.492452787248242,1.4925706191422925,1.4925704392852723,1.730677178244208,1.7307045358747106,1.7307044986795308,0.00014172981839661388,2.0740741812517011e-07,0.00011028203575591533,-1.6332405650132387e-07,False,False,False
binary,alpha,beta,0.25,1.0,15,70138,50,0.1,0.1,0.98,0.5020443172123961,34.03620192758222,0.19909067816576176,True,True,True,0.9867959998933775,0.986915954667629,0.9869159756396492,0.8439378760359425,0.8438776139928065,0.8438775446673806,2.9118284818705775e-05,1.3753424640752834e-07,5.2114657847823764e-05,-5.856378493263037e-08,False,False,False
binary,alpha,beta,0.25,1.0,16,70139,50,0.1,0.1,0.49260721914050826,0.1,34.75677927776315,0.6395298832729045,True,True,True,1.4144305471826322,1.414319815948224,1.4143203991972924,0.33690088812076885,0.3369313576458067,0.3369311541938839,3.4314458345860395e-05,2.2797925651949818e-07,-4.303236696046042e-05,1.781556235869175e-07,False,False,False
binary,alpha,beta,0.25,1.0,17,70140,50,0.1,0.1,0.3093985723099022,1.3976364518454094,32.80904800620384,9.311524088564455e-08,True,True,True,1.8029193217580268,1.8030993272764686,1.8030986634928816,1.2810843914319223,1.281049255196937,1.2810493926226199,2.0274034227852157e-05,5.610404191413424e-08,5.917415197131959e-05,-2.099176867886854e-07,False,False,False
binary,alpha,beta,0.25,1.0,18,70141,50,0.1,0.1,0.42791201996983846,1.6129965989502415,26.95577042514498,1.4403014703499424e-07,True,True,True,4.63976188308844,4.639919358685056,4.639919118769136,0.6878829238108796,0.6878713207224932,0.6878713389702548,1.018062738160336e-05,1.719099615529958e-08,2.0550624391546535e-05,-3.069840204261709e-08,False,False,False
binary,alpha,beta,0.25,1.0,19,70142,50,0.1,0.1,0.688575978423563,1.381867675841861,30.92250682989912,1.781001990379102e-07,True,True,True,2.83549997623721,2.835555924000887,2.835555569876523,0.8378561856227671,0.8378484692806777,0.8378485229271176,6.622570397317799e-06,1.8074503008370755e-08,1.0784094992999371e-05,-6.31243644022561e-08,False,False,False
binary,alpha,beta,0.25,3.0,0,80123,50,0.1,0.1,0.2824257133081903,2.384855933474135,24.57377953913972,4.970572608989283e-07,True,True,True,2.6188420578935636,2.618943850799088,2.6189436216350086,1.2960347766871068,1.2960338298289549,1.296033850262643,3.6702390140960955e-05,4.0641623444953504e-08,3.771458939283434e-05,-6.397733187668564e-08,False,False,False
binary,alpha,beta,0.25,3.0,1,80124,50,0.1,0.1,0.24900496958208762,2.998906499478281,21.369577915565607,1.776603718426855e-07,True,True,True,1.7883477721408836,1.788384162961179,1.7883841996485044,1.2102279390989434,1.2102299705176818,1.2102299604928444,2.520264030121738e-05,1.783198534224399e-08,2.2696372777630813e-05,8.972708798182794e-09,False,False,False
binary,alpha,beta,0.25,3.0,2,80125,50,0.1,0.1,0.7479536776797125,3.279316486427555,21.30401414974278,5.139243941394367e-07,True,True,True,0.9602837963520473,0.9603570924459958,0.9603570135129896,1.5122134184130587,1.5121780934054456,1.5121781148409859,5.574988648086606e-06,3.3813672233104866e-08,3.559769032435156e-05,-5.7512732354325635e-08,False,False,False
binary,alpha,beta,0.25,3.0,3,80126,50,0.1,0.1,0.43721796454459133,2.861954878136749,25.19757346890468,2.877399370612503e-07,True,True,True,1.313336394367203,1.3134086011093116,1.3134085785360232,1.4128941145124758,1.4128736312427521,1.4128736300828348,9.416854360172748e-06,1.9963534430947007e-08,3.137735544456177e-05,-1.8522204214832527e-08,False,False,False
binary,alpha,beta,0.25,3.0,4,80127,50,0.1,0.1,0.21635538130790177,2.0642451190975226,24.981919093569932,4.089470625926856e-08,True,True,True,2.8652628450646143,2.865187164675306,2.8651874050871715,0.830325834148207,0.8303603289059984,0.8303602358189255,5.344647129824027e-05,1.3237928251535177e-07,1.3276875737489036e-05,-2.326254744389189e-08,False,False,False
binary,alpha,beta,0.25,3.0,5,80128,50,0.1,0.1,0.1619245412535987,2.648943119764742,22.920864650168546,2.667908511716702e-08,True,True,True,2.1772639790651507,2.1773295659080256,2.177329568737975,1.6228603849709429,1.622913125577784,1.6229130150184494,0.00015142442852041974,2.533344773801857e-07,9.07169418660203e-05,-1.2598640708461062e-07,False,False,False
binary,alpha,beta,0.25,3.0,6,80129,50,0.1,0.1,0.24734644237239567,3.2643711689685917,18.69695737957745,2.460767857076343e-07,True,True,True,1.4585847897646977,1.4586099452831514,1.458609838789989,1.4817150197446909,1.4817608684413486,1.4817608223646148,0.00012319406877065272,1.8018376229783286e-07,6.990558076935827e-05,-1.2605783794583658e-07,False,False,False
binary,alpha,beta,0.25,3.0,7,80130,50,0.1,0.1,0.29906618290547526,2.7480088985710758,22.07912402864655,1.0216168298257849e-07,True,True,True,2.2048465428442428,2.204883839118729,2.204883748147202,1.269124164952166,1.269145428441054,1.2691454021248898,6.576461508223194e-05,1.0191263688683538e-07,4.132438393611437e-05,-7.155670544989334e-08,False,False,False
binary,alpha,beta,0.25,3.0,8,80131,50,0.1,0.1,0.3464267782808643,2.6196830393298502,24.482716279142775,1.8819026135647709e-07,True,True,True,1.9933807923653655,1.9934123203116774,1.9934123543967555,1.1729534632068672,1.1729486536008666,1.1729486474717614,5.241079165567486e-06,5.2760569081215565e-09,1.0288972756455905e-05,1.0042466414006412e-08,False,False,False
binary,alpha,beta,0.25,3.0,9,80132,50,0.1,0.1,0.44377754249027046,2.033257049685811,29.443017818067624,1.2100341975385816e-07,True,True,True,1.7768595319637928,1.776914511601833,1.7769143348514205,1.2807161899214272,1.2807030780900466,1.280703117659556,6.654150581117775e-06,9.995970450035961e-09,1.5792081601517793e-05,-5.391433077761576e-08,False,False,False
binary,alpha,beta,0.25,3.0,10,80133,50,0.1,0.1,0.13469133897570076,3.171152622008749,27.157534037604297,1.7425952352522823e-07,True,True,True,0.5627129041631851,0.5627538945024242,0.5627537097651667,2.6772335778532312,2.6772506353132037,2.6772507244397405,0.00011230366225829196,1.235982219113977e-07,9.225395353240629e-05,-2.2566295498904765e-07,False,False,False
binary,alpha,beta,0.25,3.0,11,80134,50,0.1,0.1,0.11546950528337775,2.7620027986110376,21.64133605500971,3.1760634167108293e-07,True,True,True,1.3970512666645256,1.3972077168602755,1.397207332061744,2.1959428019694176,2.196021342380441,2.1960211546509782,0.00029290907047467086,7.08895281559461e-07,0.00020191119190826612,-4.915369551383719e-07,False,False,False
binary,alpha,beta,0.25,3.0,12,80135,50,0.1,0.1,0.3809045077683449,3.1158707038842817,23.50238740860196,1.3533249944793362e-07,True,True,True,0.7524655942928783,0.7525433022658309,0.7525431025720499,1.6156684539243344,1.6156241414370716,1.6156242318213168,7.592864516700837e-06,5.842482437815031e-08,5.208786273769306e-05,-1.6129985169754946e-07,False,False,False
binary,alpha,beta,0.25,3.0,13,80136,50,0.1,0.1,0.24403410877116588,3.2436169852678316,16.34565106585081,1.3225960354642806e-07,True,True,True,1.7594386024509014,1.7594217049348257,1.7594216676761973,1.4259607411732345,1.4259977718456072,1.425997718144084,7.549403936824797e-05,1.4477577997759322e-07,3.294616335480782e-05,-8.300279574768865e-08,False,False,False
binary,alpha,beta,0.25,3.0,14,80137,50,0.1,0.1,0.29099323025939444,3.213461510387881,22.26621815415004,2.3066648686296571e-07,True,True,True,1.52460067312078,1.5247021456879744,1.5247020403336913,1.5808007980515684,1.5807939886296982,1.5807939810309115,5.079998021934778e-05,8.65847612000892e-08,5.863711831821661e-05,-7.784669975308134e-08,False,False,False
binary,alpha,beta,0.25,3.0,15,80138,50,0.1,0.1,0.3350426983329075,1.5105943049370327,32.185859208817405,1.0158949679316199e-07,True,True,True,1.734127461515202,1.7342609413830612,1.734260021481988,1.0671975605658728,1.0671927986194736,1.0671929802824223,6.777484382486052e-05,1.2305253817491733e-07,7.116571427445706e-05,-3.212812345054772e-07,False,False,False
binary,alpha,beta,0.25,3.0,16,80139,50,0.1,0.1,0.2811704348626727,3.320552358581359,16.306109360619075,1.410197912774238e-07,True,True,True,1.7445415919986724,1.74470019458871,1.7447001491686918,1.2932002573696477,1.2931794331160915,1.2931794148703792,4.312938822614977e-05,6.849264796807572e-08,6.68876396510143e-05,-4.7039286243943934e-08,False,False,False
binary,alpha,beta,0.25,3.0,17,80140,50,0.1,0.1,0.5370635057107579,2.8265334594395197,21.109657868310265,3.926134538415459e-08,True,True,True,1.7223458835058945,1.7224376155668972,1.722437529433258,1.0623798365670285,1.0623486930580814,1.062348708361249,2.062055625559644e-05,1.6980118439347164e-08,1.737085672814942e-05,-3.238840307062674e-08,False,False,False
binary,alpha,beta,0.25,3.0,18,80141,50,0.1,0.1,0.4638746365859778,1.8162488381205883,26.671287300367847,9.384300705187738e-08,True,True,True,3.5551947949728913,3.555240337177642,3.5552399208981957,0.7246049442082065,0.7245931631637376,0.7245932112263365,1.4527557292302737e-05,2.586310924136237e-08,-8.152207620071295e-07,-6.175487143877945e-08,False,False,False
binary,alpha,beta,0.25,3.0,19,80142,50,0.1,0.1,0.16357336033559752,3.090488758229291,23.1359639040038,4.892766149359958e-07,True,True,True,1.5877534920586964,1.5877703450602811,1.5877703928250404,1.864814512492246,1.8648557111809525,1.8648556406742485,0.00010543532137553354,1.3246460097944748e-07,5.7994965057872605e-05,-5.109092882094046e-08,False,False,False
binary,alpha,beta,0.25,8.0,0,90123,50,0.1,0.1,0.17530761093022496,7.443945868043536,12.600483279444095,2.425520749957199e-07,True,True,True,0.2851710517234071,0.28518349755027333,0.2851834810274268,3.116844715068728,3.1168422154265376,3.1168422231615507,3.784703353939605e-05,4.0275648526252746e-08,4.071556990403735e-05,-4.90323355251121e-08,False,False,False
binary,alpha,beta,0.25,8.0,1,90124,50,0.1,0.1,0.3019555005291708,8.0,2.0196504789517173,0.17224804371720848,True,True,True,0.16556042957269065,0.16556795660558796,0.16556795255440626,2.2192359491490663,2.219234747465709,2.219234730849789,4.2650176505114e-05,6.27928151343294e-08,4.403584017909079e-05,-4.359817751264927e-08,False,False,False
binary,alpha,beta,0.25,8.0,2,90125,50,0.1,0.1,0.3826754426411222,7.652551676383055,1.3799232229221814,3.752601218497814e-08,True,True,True,0.10543961407661355,0.10542590102667303,0.10542589951309714,2.104310553150079,2.1043713884036777,2.1043713760346714,1.0036810231927337e-05,4.2874613142278345e-08,-6.0053838343732124e-05,-2.8597119339224264e-08,False,False,False
binary,alpha,beta,0.25,8.0,3,90126,50,0.1,0.1,0.3538477413005722,8.0,2.998856843546023,0.030510685644647213,True,True,True,0.10982415661674584,0.10982723362968606,0.10982723228630652,2.2164879334301713,2.216480893515382,2.2164808815002988,1.1823395123510662e-05,3.991524296144355e-08,1.9886174693395375e-05,-2.6064628677602286e-08,False,False,False
binary,alpha,beta,0.25,8.0,4,90127,50,0.1,0.1,0.23864348908883637,5.311090843415705,17.022488680917224,1.6026962014970927e-06,True,True,True,0.5334923931642676,0.5335069226318825,0.5335068846734623,2.679255124444511,2.679253037264868,2.6792530966970918,2.253865381579748e-05,6.569924004452494e-08,2.482857917129877e-05,-2.725005998627239e-09,False,False,False
binary,alpha,beta,0.25,8.0,5,90128,50,0.1,0.1,0.3080213508068557,8.0,3.683625422956222,0.18890014061307667,True,True,True,0.14756588895353792,0.14754150109844125,0.14754149875737918,2.390041544307221,2.390130878061777,2.390130864096519,4.0375812026389366e-05,4.8060136148999804e-08,-6.246388233499545e-05,-3.194524067495763e-08,False,False,False
binary,alpha,beta,0.25,8.0,6,90129,50,0.1,0.1,0.28037274094838616,8.0,2.3665481648697457,0.2196006327060231,True,True,True,0.16214884569353932,0.16217535262292976,0.16217535073129483,2.392613965877706,2.3925662751446284,2.392566252323305,5.3592631350933384e-05,6.422196726900533e-08,0.00010851553809709813,-3.7938153285566045e-08,False,False,False
binary,alpha,beta,0.25,8.0,7,90130,50,0.1,0.1,0.27796824658365044,8.0,3.0604294281953144,0.06689003226321014,True,True,True,0.13363039368795263,0.13364107975204673,0.13364107381893395,2.2539671060679605,2.253950970301333,2.2539509513399345,4.275366532843727e-05,8.813497753754282e-08,6.13209062494402e-05,-6.622599380001759e-08,False,False,False
binary,alpha,beta,0.25,8.0,8,90131,50,0.1,0.1,0.3303520410982794,8.0,2.941720239341176,0.03521931887795751,True,True,True,0.12226838794817552,0.12226384974248515,0.12226384740035166,2.1283757884298993,2.1284048151588197,2.1284047997445823,2.968496624474637e-05,5.470844446379779e-08,-3.7360889770798877e-06,-3.690268290945653e-08,False,False,False
binary,alpha,beta,0.25,8.0,9,90132,50,0.1,0.1,0.5494509399930563,7.79827047497312,4.706638015305457,8.98655942948501e-08,True,True,True,0.09826841916908431,0.0983158668115102,0.09831585372771588,2.6218655762842125,2.6216455687718425,2.6216456242524524,2.390066139924155e-05,5.550754256351529e-09,0.00022935839733495555,-6.920476991467694e-08,False,False,False
binary,alpha,beta,0.25,8.0,10,90133,50,0.1,0.1,0.5007722007906901,8.0,11.284659466444039,0.2445090132585657,True,True,True,0.17714722926410761,0.17712717744097645,0.17712716730626765,1.927160179895159,1.9272108290621444,1.92721078133129,3.873627453739401e-06,1.6720662959056704e-07,-5.49995496683664e-05,-1.1216930850821427e-07,False,False,False
binary,alpha,beta,0.25,8.0,11,90134,50,0.1,0.1,0.3438822914876456,8.0,2.4552212018950437,0.09027624234273218,True,True,True,0.136789866602018,0.13679335748779295,0.1367933553130424,2.1977933991600014,2.197791831284282,2.197791816298971,2.1947352024694214e-05,5.042766406133875e-08,2.368150144804737e-05,-3.315054786234839e-08,False,False,False
binary,alpha,beta,0.25,8.0,12,90135,50,0.1,0.1,0.233550481757472,8.0,1.9607879322807418,0.1395870050657779,True,True,True,0.15194899389701558,0.1519403382450559,0.15194032755736292,2.4119309734273076,2.4119921323020006,2.411992110091609,8.373879747904209e-05,1.2153803198285076e-07,1.3350028069236686e-05,-9.591204030989786e-08,False,False,False
binary,alpha,beta,0.25,8.0,13,90136,50,0.1,0.1,0.26197973373902594,8.0,1.7977157589787225,0.10609391173921509,True,True,True,0.14627832347103145,0.1462925322823822,0.14629253022089633,2.340013706864432,2.3399950026886502,2.339994970260075,5.398981692298912e-05,8.889111226505646e-08,7.554533211351355e-05,-5.1426309766178235e-08,False,False,False
binary,alpha,beta,0.25,8.0,14,90137,50,0.1,0.1,0.3894150902693301,5.198821848493816,11.903321041284654,6.081136861975074e-08,True,True,True,0.5022697938573334,0.5022498753010101,0.5022498735417704,1.5812045497208185,1.5812325301218453,1.5812325138735577,2.4754324785515716e-05,4.1199104193756435e-08,-7.4664542903946085e-06,-2.2209249550542154e-08,False,False,False
binary,alpha,beta,0.25,8.0,15,90138,50,0.1,0.1,0.09241994117158614,8.0,9.944143893389649,0.010537324144243914,True,True,True,0.12242797711999628,0.12243541315313218,0.12243534760051213,3.4909399788493842,3.491095495257952,3.491095062486245,0.00041728086418280286,1.5320907228972238e-06,0.00023874740660367877,-1.0336526994336737e-06,False,False,False
binary,alpha,beta,0.25,8.0,16,90139,50,0.1,0.1,0.3604042270101839,8.0,2.937758622967004,0.04068252321134546,True,True,True,0.1249213066703999,0.12494165286549296,0.12494164666736149,2.100660634035285,2.100597564058482,2.100597554238115,1.7835323295497772e-05,7.224748112092983e-08,9.018592557974436e-05,-6.0914324251371e-08,False,False,False
binary,alpha,beta,0.25,8.0,17,90140,50,0.1,0.1,0.1592455737970012,6.181148187851031,13.45749350603089,4.873059006204993e-07,True,True,True,0.4339711414481265,0.43393475191423714,0.43393476280897636,2.415078130689339,2.4151659715814255,2.415165845207887,0.00011814134936038188,2.66103299247506e-07,1.7154234477345653e-05,-1.2038605490261034e-07,False,False,False
binary,alpha,beta,0.25,8.0,18,90141,50,0.1,0.1,0.34897188653235106,7.96453424173122,2.8291328992618494,1.2883374770011843e-08,True,True,True,0.10871949856455518,0.10872705171335194,0.10872704537381632,2.1073974920122547,2.1073751461858685,2.1073751443220843,1.8093973772633442e-05,6.262815801780312e-08,4.3684278113742536e-05,-6.045264711040943e-08,False,False,False
binary,alpha,beta,0.25,8.0,19,90142,50,0.1,0.1,0.24728561163974525,8.0,5.151834725559487,0.021922726136487294,True,True,True,0.1311626930664672,0.13115910463027722,0.13115909410586976,2.7298851615131245,2.729922470669781,2.729922484009604,5.851535364268814e-05,4.956476326606185e-08,1.552983114816442e-05,-6.488349590938469e-08,False,False,False
binary,alpha,beta,0.5,0.25,0,100123,50,0.1,0.1,0.9652758070663711,0.8360390636925876,32.07673918387916,1.3202526486155397e-07,True,True,True,3.59699528197698,3.5970361998505105,3.597035727255253,0.3893373911226875,0.38932861498799815,0.3893286529462435,1.1874569413049139e-05,6.43002541273061e-08,1.1839237856747786e-06,-8.768358839006396e-08,False,False,False
binary,alpha,beta,0.5,0.25,1,100124,50,0.1,0.1,0.2521495905411205,0.4709778276090031,34.34197967284993,4.550941633336395e-07,True,True,True,3.523581699630995,3.5235994979559844,3.5235982568922095,0.5884021629273278,0.5884199631129374,0.5884200577871839,4.6127930052774155e-05,1.642845049439884e-07,2.530119376586981e-05,-2.4321708025354383e-07,False,False,False
binary,alpha,beta,0.5,0.25,2,100125,50,0.1,0.1,0.3844407504292526,0.1,34.71721274865598,0.2811890986720476,True,True,True,0.20733708429302591,0.20744184383556918,0.20744223715006943,1.5033027117893358,1.503091348128215,1.5030905501814227,2.464861058004307e-05,8.613839008507608e-08,0.00026277030607246843,9.773509717092566e-07,False,False,False
binary,alpha,beta,0.5,0.25,3,100126,50,0.1,0.1,0.5082310369909179,0.6109924156078368,33.767824455203176,1.4250766696571005e-07,True,True,True,3.925409896329605,3.925435018127205,3.9254337761159164,0.2722247510635137,0.27221952063882476,0.27221954572036083,3.1402044917631086e-05,2.7959799093866206e-07,9.049541205286005e-08,-2.875247915312684e-07,False,False,False
binary,alpha,beta,0.5,0.25,4,100127,50,0.1,0.1,0.98,0.6582078743350371,33.12564875114275,0.20253584409601902,True,True,True,1.1919651646470935,1.192136922067463,1.1921371570363766,0.827029236018641,0.8269739577972709,0.8269738391184501,2.99092633536377e-05,9.998234367566073e-08,8.050468650111497e-05,6.046487044386595e-08,False,False,False
binary,alpha,beta,0.5,0.25,5,100128,50,0.1,0.1,0.35290212691983114,1.0832944112009792,33.45739506202681,1.620106177614893e-07,True,True,True,1.8502217904665652,1.8503947185891474,1.8503938416288437,1.013366410201926,1.0133572909313449,1.0133574712785463,7.301717244117672e-05,7.516711837429931e-08,8.269384093750887e-05,-2.6629920313325783e-07,False,False,False
binary,alpha,beta,0.5,0.25,6,100129,50,0.1,0.1,0.28941307893769835,0.712488036919091,33.999081317716495,7.824040276299101e-08,True,True,True,2.642624663113219,2.6425886684034086,2.6425884624483875,0.9192536192128139,0.919276335138242,0.9192763593758276,4.028095171273892e-05,2.4916117561449874e-08,1.248173248313833e-05,-5.0032298304358847e-08,False,False,False
binary,alpha,beta,0.5,0.25,7,100130,50,0.1,0.1,0.98,0.30698817148358515,34.518470023971304,0.29436376891568,True,True,True,1.4027024039717424,1.402664829944848,1.4026669545346944,0.7662117771735323,0.7662314712786579,0.7662308486551535,2.7316182278185144e-05,2.695521202267514e-07,-3.315708447360066e-06,7.978581066936385e-07,False,False,False
binary,alpha,beta,0.5,0.25,8,100131,50,0.1,0.1,0.2609060885910818,0.8385870893259816,33.2323640048538,5.376231353587555e-08,True,True,True,2.6513332622315438,2.6515505032168596,2.651548293327372,0.4723001873282833,0.4723018413936584,0.4723020933463362,9.506535252800939e-05,3.592221562659014e-07,8.329410108132151e-05,-5.433620344774681e-07,False,False,False
binary,alpha,beta,0.5,0.25,9,100132,50,0.1,0.1,0.42162923102128563,0.8762736976691525,33.25265332885322,8.293893593196878e-08,True,True,True,3.382285761630008,3.3823360901562007,3.3823342497765174,0.5264063963224097,0.5264261097263933,0.5264262962751413,5.7835338761391515e-05,1.9042081101458417e-07,3.724647515923607e-05,-3.293429315931462e-07,False,False,False
binary,alpha,beta,0.5,0.25,10,100133,50,0.1,0.1,0.23982746859827342,0.8970277993750002,33.45983675786772,6.404745667978754e-08,True,True,True,2.2387479558439467,2.23890955280698,2.23890897205534,0.7998012794091772,0.7997780314700058,0.7997780890245768,2.3245034791065935e-05,1.3193589159531874e-07,4.522093491488022e-05,-1.931282866962647e-07,False,False,False
binary,alpha,beta,0.5,0.25,11,100134,50,0.1,0.1,0.8901290749332788,0.43035227337914966,34.36381687619474,1.071129917681996e-07,True,True,True,3.376739303276951,3.3767270968623215,3.376726346301793,0.17222708406415202,0.17222718974219825,0.17222719991175203,4.349027762683908e-06,2.0720512117911896e-07,-3.7037591766875266e-06,-2.105664549389985e-07,False,False,False
binary,alpha,beta,0.5,0.25,12,100135,50,0.1,0.1,0.02,0.1,34.972388606203666,2.939219561996574,False,False,False,-77.6655281069476,-77.6762601778252,-77.6762388564624,inf,inf,inf,0.00014039613296318448,2.902840527303882e-07,nan,nan,False,False,True
binary,alpha,beta,0.5,0.25,13,100136,50,0.1,0.1,0.8041054172629298,0.39972623139177005,34.3729174558016,9.345730545338359e-08,True,True,True,2.59045746559445,2.590346903986509,2.590346506097838,0.28912666859311076,0.2891528324840513,0.2891528301775887,3.022050538677463e-05,1.6375096708536634e-07,-1.2715219014580725e-05,-1.5625982285882856e-07,False,False,False
binary,alpha,beta,0.5,0.25,14,100137,50,0.1,0.1,0.3637554564012699,0.3876808598127569,34.3176504120688,3.0354398977712306e-08,True,True,True,1.9257389909371279,1.925876784266428,1.9258765230956532,0.49265357579990193,0.49264172846822674,0.49264179473468583,5.069264075928387e-05,4.589259351625999e-08,5.7851857746982205e-05,-5.931929081270937e-08,False,False,False
binary,alpha,beta,0.5,0.25,15,100138,50,0.1,0.1,0.02,0.1,34.9570733739045,2.389419890162979,False,False,False,-57.34308242118725,-57.348488352562455,-57.34847974516411,inf,inf,inf,9.402368122264367e-05,1.5839519081006931e-07,nan,nan,False,False,True
binary,alpha,beta,0.5,0.25,16,100139,50,0.1,0.1,0.29507109878276894,0.8313299314088543,33.77163406663337,5.2814885788587085e-08,True,True,True,2.192511793091148,2.192679274160693,2.1926776901890666,0.716707758164216,0.7167125574111158,0.7167128080483027,8.70038457332787e-05,1.9823602939860172e-07,8.147634754607225e-05,-4.3383447234646155e-07,False,False,False
binary,alpha,beta,0.5,0.25,17,100140,50,0.1,0.1,0.2672606130547809,0.1,34.80123244179255,0.6310287368194182,False,False,False,-2.4197383177779437,-2.419741007938455,-2.4197426050881874,inf,inf,inf,3.715174427263033e-05,3.403900352677139e-07,nan,nan,False,False,True
binary,alpha,beta,0.5,0.25,18,100141,50,0.1,0.1,0.6437136558720831,0.1,34.782053957078645,0.8891041360926081,True,True,True,0.6566319542581625,0.6565060396691152,0.6565064013431257,1.0227099825698502,1.0227936362305432,1.0227935050404757,1.9652446371713942e-05,2.588988241592951e-07,-9.50669246364555e-05,3.998690658590931e-07,False,False,False
binary,alpha,beta,0.5,0.25,19,100142,50,0.1,0.1,0.031319097400260905,2.9156929536756335,31.389887718258993,1.8133583319885142e-07,True,True,True,0.052176052482424615,0.05295255136165398,0.052943420420762936,4.692603929021573,4.686568084812362,4.68664068575725,0.0008691768030626442,5.285625778542786e-06,0.007734741652846822,-8.886622057246996e-05,False,False,False
binary,alpha,beta,0.5,0.5,0,110123,50,0.1,0.1,0.4741263525059699,0.39430061001555844,34.49509437814936,3.766044076633944e-07,True,True,True,2.4122845424480395,2.412454282920829,2.4124538117541467,0.4681316632120235,0.46809309993168313,0.46809312651581353,3.5736282434851275e-05,1.4955429802484685e-07,2.580023683407262e-05,-1.646998555315804e-07,False,False,False
binary,alpha,beta,0.5,0.5,1,110124,50,0.1,0.1,0.03161055791704733,2.5842226221949045,32.61787934798643,5.5635931037388106e-06,True,True,True,0.056072626095327746,0.05643744907038499,0.0564313909205158,4.54715176582617,4.544635788758171,4.544680862850786,0.0006883848321289768,3.5659672021926166e-06,0.003533103045704422,-5.5455024977391076e-05,False,False,False
binary,alpha,beta,0.5,0.5,2,110125,50,0.1,0.1,0.3248166480932532,1.5321504375653228,31.007624666158407,8.527301028498603e-08,True,True,True,2.2715576708854877,2.2715941322618014,2.271593457092609,1.2012533819357396,1.201259372102638,1.20125949411043,3.091172080316097e-05,2.4775749948067688e-08,2.2790815624063043e-05,-1.567560161674919e-07,False,False,False
binary,alpha,beta,0.5,0.5,3,110126,50,0.1,0.1,0.7112240255796012,0.5061783424966347,34.06076909345217,4.618527782440651e-08,True,True,True,3.8690167860362674,3.868985704747537,3.8689852854003237,0.13486984280100725,0.1348684054610465,0.1348684650240837,3.780069987079448e-05,9.050056376998702e-08,-9.728025162303311e-06,-3.981239160566474e-08,False,False,False
binary,alpha,beta,0.5,0.5,4,110127,50,0.1,0.1,0.1884427527749711,1.2209978445281318,33.68519260221703,5.3370080566679434e-08,True,True,True,1.270488480338038,1.2703025172453897,1.2703029892836026,1.1494101240721422,1.14954089065557,1.1495406541499287,0.000159110659777735,1.750738572742407e-07,4.2678541944951576e-06,9.930786148970583e-08,False,False,False
binary,alpha,beta,0.5,0.5,5,110128,50,0.1,0.1,0.7744154252133805,0.5945925680402386,33.70193634841549,3.842847400787252e-08,True,True,True,3.6505512140429563,3.650472594099764,3.650473376387556,0.2169872666543088,0.21698542058507436,0.2169854511819935,3.755232295405973e-05,2.721527684894828e-07,-2.341253208726357e-05,2.495236515187571e-07,False,False,False
binary,alpha,beta,0.5,0.5,6,110129,50,0.1,0.1,0.39286800115542836,0.1,34.7594566738661,0.5117204295857233,False,False,False,-0.5962154981302425,-0.5962320529562818,-0.596233702325062,inf,inf,inf,6.701156813326924e-05,8.222867829500061e-07,nan,nan,False,False,True
binary,alpha,beta,0.5,0.5,7,110130,50,0.1,0.1,0.02,0.1,34.949876789415335,1.9854852683591568,False,False,False,-56.09536984066211,-56.10283474696927,-56.10282143107541,inf,inf,inf,0.0001349236648069867,2.586101814458147e-07,nan,nan,False,False,True
binary,alpha,beta,0.5,0.5,8,110131,50,0.1,0.1,0.8403077599481135,0.4586678265389918,34.148487882399884,1.8340400485982837e-07,True,True,True,2.5079425080857596,2.508145532165384,2.5081433236346404,0.438640535383778,0.43859822131772164,0.43859848260856393,3.4163330226302044e-05,4.0233397208775043e-07,3.165357884427067e-05,-5.797214868152878e-07,False,False,False
binary,alpha,beta,0.5,0.5,9,110132,50,0.1,0.1,0.8937576990743443,0.7636181763820002,33.30026774413445,2.1787724487100437e-07,True,True,True,3.782536329468801,3.7826320034019103,3.782632178521781,0.46780923373653444,0.4677886178793233,0.4677886200115871,2.5385579750733242e-05,5.6671320940039535e-08,1.6071406605533411e-06,4.875063552844949e-08,False,False,False
binary,alpha,beta,0.5,0.5,10,110133,50,0.1,0.1,0.619217323422422,0.17312093313568136,34.65999029035193,2.0624107255713388e-07,True,True,True,1.374647479210715,1.3748262221535048,1.3748257163605218,0.4642739525629939,0.4642139743147944,0.464214221577772,4.48485524658477e-05,2.345251756446191e-07,6.0884016932050145e-05,-8.322398059590341e-08,False,False,False
binary,alpha,beta,0.5,0.5,11,110134,50,0.1,0.1,0.42296908303349573,0.28153928533859407,34.52285147860815,1.1873719761772182e-07,True,True,True,4.021299961632039,4.021465365353872,4.021465172414662,0.16988294982257918,0.16988850197820823,0.1698885093470984,5.307803249742178e-05,1.5656336438738638e-07,4.748371937779439e-05,-3.949359239641126e-08,False,False,False
binary,alpha,beta,0.5,0.5,12,110135,50,0.1,0.1,0.5795063548089805,0.8208158683796672,32.71937218900522,1.711213510985814e-07,True,True,True,3.2777483174740407,3.27777226044368,3.2777710802613647,0.3090906751159131,0.30908506776603084,0.3090851186036771,7.5205169201364585e-06,2.7036487975831806e-07,5.47446369125737e-07,-3.0152728669463613e-07,False,False,False
binary,alpha,beta,0.5,0.5,13,110136,50,0.1,0.1,0.5145596184838154,1.2627014165339172,32.10176109907803,4.981750737557228e-08,True,True,True,1.7517130956841676,1.751790977925612,1.7517906403719472,0.7623436809709015,0.7623133904120546,0.7623134146831747,2.8064771069782172e-05,1.5017945370249907e-07,9.42158450811803e-06,-1.6474746189487632e-07,False,False,False
binary,alpha,beta,0.5,0.5,14,110137,50,0.1,0.1,0.023651700591803694,3.9233046302375323,30.908203418518617,1.0020863006372411e-05,True,True,True,0.057584099541808854,0.05797639364061835,0.05796967230463201,5.119346306156494,5.11671340151617,5.116761958823973,0.0007226160397985142,4.133124015689094e-06,0.003698162698391627,-6.00353424857758e-05,False,False,False
binary,alpha,beta,0.5,0.5,15,110138,50,0.1,0.1,0.44589972373983544,0.1,34.79268715704631,0.9621740630905491,True,True,True,0.9749442632458496,0.9750028686178913,0.9750017355721453,0.536661703889099,0.5366148565639571,0.5366151869458509,5.63153556040995e-05,5.083749881106929e-07,5.392998090769652e-06,-7.817292413392352e-07,False,False,False
binary,alpha,beta,0.5,0.5,16,110139,50,0.1,0.1,0.2644955697633512,1.6938773994938372,31.56345110364108,5.168687807418966e-08,True,True,True,1.789044086724814,1.7890882157661019,1.7890881808949666,1.2508903295543738,1.2508936720581736,1.250893666410287,3.281555693334429e-05,3.326773268567534e-08,2.8488170340068564e-05,-2.5993376340238683e-08,False,False,False
binary,alpha,beta,0.5,0.5,17,110140,50,0.1,0.1,0.27518512094731273,0.8652491758014794,33.80239262250851,1.9620502586525497e-07,True,True,True,1.9428707468998732,1.942877639158531,1.9428766517953342,0.7765379286274858,0.7765584219866037,0.776558546782865,5.214538194916102e-05,2.387256437665772e-07,2.6776787137805513e-05,-3.6451940843562625e-07,False,False,False
binary,alpha,beta,0.5,0.5,18,110141,50,0.1,0.1,0.02,1.9002513121698392,34.24275496914057,0.5868640009509936,True,True,True,0.02549452356585234,0.026118405785337608,0.0261119950201617,4.883586159592211,4.873376651912196,4.873481862705074,0.0006651179952708625,3.230030457514495e-06,0.0122981194009526,-0.00012435182095060782,False,False,False
binary,alpha,beta,0.5,0.5,19,110142,50,0.1,0.1,0.45562425236780013,0.9916381065109185,33.39115545224897,1.4210854715202004e-08,True,True,True,2.3036659811231632,2.303720397152575,2.3037216912732705,0.6961092666188872,0.6960921963710446,0.6960920045368472,1.8888786601891807e-05,1.6168633741638693e-07,4.309259779233798e-06,3.4089506328882635e-07,False,False,False
binary,alpha,beta,0.5,1.0,0,120123,50,0.1,0.1,0.32457772653534306,1.2624523687978038,30.72366545571599,1.688066860403181e-07,True,True,True,4.182624819653159,4.182723688875853,4.182723128860691,0.5415556129798083,0.541581569911594,0.5415815654527084,8.141465420508963e-05,1.4515016498522546e-07,5.338280217159763e-05,-1.3902116791086883e-07,False,False,False
binary,alpha,beta,0.5,1.0,1,120124,50,0.1,0.1,0.46555960913525946,0.4906475107359817,34.29583455975297,5.054976008045836e-07,True,True,True,2.627083701297304,2.627164320796988,2.627162826092582,0.3330352747311192,0.3330415629308013,0.3330417177644941,4.937264940045902e-05,3.2396421188492457e-07,3.753623380475801e-05,-3.9068339674486197e-07,False,False,False
binary,alpha,beta,0.5,1.0,2,120125,50,0.1,0.1,0.10524275701764933,0.8914119326700676,34.51285940427394,1.6889408021831846e-07,True,True,True,0.611018473784251,0.6111856382336803,0.6111840183155582,1.771410414669798,1.7713362102266048,1.7713373673717572,0.00010286138185722872,5.0661582288968724e-08,0.00018679661612708287,-1.3182428020286352e-06,False,False,False
binary,alpha,beta,0.5,1.0,3,120126,50,0.1,0.1,0.98,0.6059091946636604,33.57135906610133,0.7595220949952055,True,True,True,1.1408956780891697,1.1411065181449214,1.141105940394011,0.792238580172146,0.792156507833612,0.7921567174073726,3.1298810858662276e-05,8.451947617294832e-08,9.003084896619384e-05,-2.650270261028709e-07,False,False,False
binary,alpha,beta,0.5,1.0,4,120127,50,0.1,0.1,0.5667673963870625,0.29996127459279937,34.57860715014402,6.703246762680666e-08,True,True,True,1.801459101128692,1.801475010621524,1.8014756736223208,0.2447327520699835,0.24469748149150253,0.24469739055249973,6.862971922235741e-05,3.2571179861804715e-07,-3.151201013196214e-05,2.6333472646911105e-07,False,False,False
binary,alpha,beta,0.5,1.0,5,120128,50,0.1,0.1,0.29021483546507354,1.3822555774602612,31.42470560621391,1.3369894476322586e-07,True,True,True,2.749197081770039,2.749358308555241,2.749357566525647,1.2372452961930824,1.2372559274462662,1.2372560168924305,8.464734386171917e-05,6.968222892768657e-08,7.07160942425844e-05,-1.6691325299689197e-07,False,False,False
binary,alpha,beta,0.5,1.0,6,120129,50,0.1,0.1,0.13507340659151393,1.6685076967327586,33.44004940594689,1.2398989022038053e-06,True,True,True,0.318631100480051,0.3187842636897509,0.31878447989794506,2.444857060433509,2.4446670904767425,2.444666805354321,4.408526332180816e-05,2.2190992851858376e-08,0.0002622148144126868,3.49967763213499e-07,False,False,False
binary,alpha,beta,0.5,1.0,7,120130,50,0.1,0.1,0.11853503546693804,1.3796901028840831,32.24438281546098,2.1187546636331472e-07,True,True,True,2.331299868755773,2.3313556254103727,2.3313555642116652,1.5783908179858066,1.5784334980519543,1.578433428356142,0.00012206185989422127,1.9013904085091804e-07,7.29470175286906e-05,-1.0649053905353867e-07,False,False,False
binary,alpha,beta,0.5,1.0,8,120131,50,0.1,0.1,0.98,1.2707833283934695,30.489278449538606,2.0258814750207,True,True,True,3.7048979168177962,3.7049321604741423,3.7049325430283186,0.6359204376705855,0.6359046000237665,0.6359045528654735,2.6696990552855462e-05,2.3853800604230998e-08,-8.942038082437875e-06,4.896238081641968e-08,False,False,False
binary,alpha,beta,0.5,1.0,9,120132,50,0.1,0.1,0.98,0.8825521131949934,31.905984107846344,0.17915264471934092,True,True,True,3.864476833061372,3.8643642795970834,3.8643641095915164,0.27725796541472825,0.2772781592287202,0.2772781904221462,2.3303671574674852e-05,5.4769553485527716e-08,-5.884666190780763e-06,-8.080395019760545e-09,False,False,False
binary,alpha,beta,0.5,1.0,10,120133,50,0.1,0.1,0.2106820917295432,1.7610663406677176,32.143447565492636,7.017808064602879e-09,True,True,True,1.5005033002410957,1.5006101559559155,1.5006096521591403,1.354444203434711,1.3544739671763377,1.354474034087729,0.00013981676579666462,1.823745726223396e-07,0.0001052187937062854,-2.586934257919893e-07,False,False,False
binary,alpha,beta,0.5,1.0,11,120134,50,0.1,0.1,0.413742031909409,0.41642531885943745,34.25490318311773,5.340899768090746e-08,True,True,True,2.324044897008191,2.324103961571602,2.3241033306936245,0.4052443770793459,0.4052372501623911,0.40523726130137777,1.5935031993568455e-05,2.497048923929281e-07,1.6950438421758918e-05,-2.586257821235449e-07,False,False,False
binary,alpha,beta,0.5,1.0,12,120135,50,0.1,0.1,0.98,0.9224379488681098,32.24673027641935,1.5770621253352672,True,True,True,0.9138169463901583,0.9137360711680791,0.9137343799286363,0.7911209031957186,0.7911665418602946,0.7911672766702801,2.6516026041784582e-05,3.353627128592206e-07,-3.696803931418913e-05,-1.0049263075018189e-06,False,False,False
binary,alpha,beta,0.5,1.0,13,120136,50,0.1,0.1,0.34073302371578196,1.4817910672902839,31.59905677302916,2.0096601546759837e-07,True,True,True,2.289135936235042,2.2891744279136184,2.2891742356283977,0.7940325118412975,0.7940567781300351,0.7940567756013648,7.44537273467476e-05,1.0255691737493584e-07,4.4665484999484306e-05,-8.690886943441001e-08,False,False,False
binary,alpha,beta,0.5,1.0,14,120137,50,0.1,0.1,0.8950865545445864,1.085118373625461,30.88304739538468,5.9009495518408104e-08,True,True,True,4.973292811444274,4.973375384849135,4.973375254529257,0.47710161460694517,0.47708989595396506,0.47708989246666655,1.2551618787182813e-05,3.573486399349368e-08,3.081412746297474e-06,-3.021840910832907e-08,False,False,False
binary,alpha,beta,0.5,1.0,15,120138,50,0.1,0.1,0.6824111431768602,0.2848585116241148,34.54463442687949,3.225738812152533e-07,True,True,True,4.378472984731408,4.378300944216536,4.378301445633264,0.025024196277025578,0.025051448621221852,0.025051356375284366,3.565041179817519e-05,1.1941565666899153e-07,-7.90938515393691e-06,8.32105939707617e-09,False,False,False
binary,alpha,beta,0.5,1.0,16,120139,50,0.1,0.1,0.0869984044003174,2.3322537442792255,29.50828417288056,3.203568733453969e-07,True,True,True,0.8525216332970489,0.8526963432152473,0.8526957974348535,2.572977977116021,2.57301047450441,2.5730103809520783,0.0002794233624278434,8.573205629976751e-07,0.00024157835463611832,-7.477704961900145e-07,False,False,False
binary,alpha,beta,0.5,1.0,17,120140,50,0.1,0.1,0.4167728578757499,1.2218620155809123,29.95742562752807,2.262320985549102e-08,True,True,True,4.5450571399876205,4.545099028552791,4.545098480889787,0.29297481879396,0.29297825902202046,0.29297827598116116,1.5813726254391023e-05,9.837833914370574e-08,1.3075986203148204e-05,-1.0097036096112788e-07,False,False,False
binary,alpha,beta,0.5,1.0,18,120141,50,0.1,0.1,0.14436260853839336,1.3532104659392634,31.670389446539694,6.062395275432728e-08,True,True,True,2.7736426752599845,2.77380676475031,2.7738062125512233,1.3173248341604507,1.3173791014238965,1.3173790659037172,0.00018470171057863844,2.808031604173199e-07,0.00012139606032235406,-2.399703973310352e-07,False,False,False
binary,alpha,beta,0.5,1.0,19,120142,50,0.1,0.1,0.98,0.5814145678689809,33.904398984545786,0.7468895653062191,False,False,False,-0.32571589073844426,-0.32584159276840896,-0.32584316487999004,inf,inf,inf,4.5157938869457325e-05,3.722687205316479e-07,nan,nan,False,False,True
binary,alpha,beta,0.5,3.0,0,130123,50,0.1,0.1,0.5699057747617509,2.931789167615097,27.158760762364633,1.7837154961583087e-07,True,True,True,1.1565317217512237,1.1566974287265253,1.1566973171737585,1.1050890690563187,1.1050232167849132,1.105023220222348,1.679767835135181e-05,8.862596746129711e-08,6.736125465067744e-05,-9.248326193755929e-08,False,False,False
binary,alpha,beta,0.5,3.0,1,130124,50,0.1,0.1,0.4829878859612655,3.4864872272765073,15.197650835030831,1.1908568357686679e-07,True,True,True,1.3928133890171581,1.3928209311169302,1.3928208957568846,1.4291961816626373,1.4291990587197103,1.4291990675284005,1.2179177527904093e-05,5.861281737362697e-09,8.712084687445554e-06,-1.5245980478084675e-08,False,False,False
binary,alpha,beta,0.5,3.0,2,130125,50,0.1,0.1,0.03194376386589096,5.617834431253052,25.7388181882548,7.478676474456328e-06,True,True,True,0.07044755148249474,0.07085852934774879,0.07085466907062496,4.948113039285253,4.945937292329736,4.945958684643605,0.000801522271071177,5.2232299424766125e-06,0.0032820899622585387,-2.985132397625989e-05,False,False,False
binary,alpha,beta,0.5,3.0,3,130126,50,0.1,0.1,0.26705743562927853,5.526527076851369,15.902274157203474,8.304384593548687e-07,True,True,True,0.4736976295397175,0.47370483961464166,0.4737048044699779,2.639303750923758,2.639330798284868,2.639330824772978,7.752918888507938e-05,1.4713374907479977e-08,4.6316452007033604e-05,-4.369550055116633e-08,False,False,False
binary,alpha,beta,0.5,3.0,4,130127,50,0.1,0.1,0.5751288750911109,2.8248171930688883,21.254007982780838,6.354322261792247e-08,True,True,True,1.7800879078919267,1.780154881004891,1.7801548145096355,1.2420647545593924,1.2420568484821772,1.2420568502403617,1.9493401132505153e-05,3.402834916721865e-08,2.8485241301723363e-05,-3.532945314077551e-08,False,False,False
binary,alpha,beta,0.5,3.0,5,130128,50,0.1,0.1,0.3770818675913575,3.483185128571346,20.961603748691452,1.5257446861215908e-07,True,True,True,1.229735513519763,1.229839747484392,1.2298396645653837,1.4639750213953284,1.4639586813383405,1.4639586917222427,4.715131795807671e-05,4.3643635254295957e-08,6.589004130219678e-05,-5.5467705095679776e-08,False,False,False
binary,alpha,beta,0.5,3.0,6,130129,50,0.1,0.1,0.36138750541662173,2.7578599673127515,20.469997100972414,3.176883864717795e-07,True,True,True,2.2947408002922316,2.294770021439502,2.2947700727556257,1.0795751080534184,1.0795726861034096,1.0795726644804975,8.085987780932767e-06,2.750321201414324e-08,9.942978074661823e-06,-2.532090093154693e-09,False,False,False
binary,alpha,beta,0.5,3.0,7,130130,50,0.1,0.1,0.5517298190784942,4.267973214876788,8.16937605516712,6.694609372752265e-08,True,True,True,0.834628819945287,0.8346219017649645,0.8346218728423163,1.494594103100301,1.4945918873287019,1.4945918968668843,1.345723158933656e-05,1.308446593438078e-08,-1.0863638584268642e-05,-2.3672355631276787e-08,False,False,False
binary,alpha,beta,0.5,3.0,8,130131,50,0.1,0.1,0.6562190051706314,3.9042099951025597,12.65411666629358,4.033297355119495e-08,True,True,True,0.9823119973177069,0.9823254334144988,0.9823253966849156,1.4557623801679571,1.4557514035311712,1.4557514124186286,1.1640758597716843e-05,1.7568210706600866e-08,1.0134618513291116e-06,-2.7158378657077265e-08,False,False,False
binary,alpha,beta,0.5,3.0,9,130132,50,0.1,0.1,0.2896352842260924,3.838310765268322,24.804022012010087,2.3115720029484113e-07,True,True,True,0.8900241686106405,0.8901165543711599,0.890116522448543,1.7673356417665602,1.7673156163332906,1.7673156114958588,5.778383385619217e-05,4.741768303727238e-08,8.06994547275508e-05,-4.1432713260292076e-08,False,False,False
binary,alpha,beta,0.5,3.0,10,130133,50,0.1,0.1,0.280235862154953,3.6403628440697795,19.570859005702157,2.8957247861842856e-07,True,True,True,1.2171532271783654,1.2170685107508967,1.2170684990774872,1.8343346951401756,1.8343894880124052,1.8343894702971897,5.652468922525286e-05,5.0435792016350034e-08,-6.55188936704576e-06,-2.9986811256321744e-08,False,False,False
binary,alpha,beta,0.5,3.0,11,130134,50,0.1,0.1,0.3617485802525955,3.8882325338522192,14.921071485906618,6.299647890655889e-08,True,True,True,1.1797702621657433,1.1797861843634476,1.1797862007068685,1.3786969764189243,1.3787075512737967,1.3787075231695336,3.80143840765731e-05,5.116219665719967e-08,2.565217262961994e-05,-1.850336239783701e-08,False,False,False
binary,alpha,beta,0.5,3.0,12,130135,50,0.1,0.1,0.5968549212012375,3.185253842955813,17.878318520550973,1.3332127384633197e-07,True,True,True,1.5241918104601242,1.5242308190435638,1.5242308375073328,1.3400181681231182,1.3400050011958722,1.3400049976577717,5.946850803726422e-06,4.003437641331421e-09,1.0441689649809405e-05,8.040110799356626e-09,False,False,False
binary,alpha,beta,0.5,3.0,13,130136,50,0.1,0.1,0.3930065330178926,2.783419270191198,20.056380738880172,5.208049314890712e-08,True,True,True,2.3002714754582385,2.300309486529795,2.300309449021917,1.0215384705680806,1.0215198394158542,1.0215198567034798,2.6943852266531416e-05,2.395514682339164e-08,-4.92184327782752e-06,3.597534714572248e-09,False,False,False
binary,alpha,beta,0.5,3.0,14,130137,50,0.1,0.1,0.11759810899308144,4.779704472613941,16.540495314240523,2.256903817625023e-07,True,True,True,0.23698119944532123,0.23721992495221889,0.23721942424995884,2.5973944004176164,2.5971649138702926,2.5971650664725945,0.0004786151913641875,1.765181060757861e-06,0.0007407123109040015,-1.9350214586211223e-06,False,False,False
binary,alpha,beta,0.5,3.0,15,130138,50,0.1,0.1,0.98,1.6680584509169865,27.07784750332107,0.6723458785273874,True,True,True,3.244784321641921,3.244959016404186,3.244959106941446,0.742850129034117,0.7428179679694952,0.742817960713971,2.3994175363657637e-05,1.2113698392645972e-08,1.6829940513218844e-05,1.9547663043795183e-08,False,False,False
binary,alpha,beta,0.5,3.0,16,130139,50,0.1,0.1,0.5338687695593892,2.3369134065518664,23.67527530687276,8.89348623405096e-08,True,True,True,2.3941295759607844,2.3941371336739246,2.3941370744338526,0.9235157628479809,0.923525461998386,0.9235254606098737,2.6177793066204633e-05,3.174841940093372e-08,1.4296980822336991e-05,-2.6342394932044044e-08,False,False,False
binary,alpha,beta,0.5,3.0,17,130140,50,0.1,0.1,0.7059109338388287,3.8710816501558862,15.619320513536948,8.330153092705115e-08,True,True,True,0.9292407483459794,0.929247058782034,0.9292470643825441,1.5983782888711295,1.5983760304435475,1.59837602770072,1.8558636746066889e-06,9.442931859681256e-10,4.193694486787081e-06,2.869137816219336e-09,False,False,False
binary,alpha,beta,0.5,3.0,18,130141,50,0.1,0.1,0.42821131957408354,3.5748936678798593,22.66671130779275,1.7901692488655874e-07,True,True,True,0.865032530221596,0.8650612445410919,0.8650611601020396,1.7764332932721356,1.7764243861638478,1.7764244280383865,1.2780670870380983e-05,3.6002670209365413e-09,2.2889857770991284e-05,-4.940065068126387e-08,False,False,False
binary,alpha,beta,0.5,3.0,19,130142,50,0.1,0.1,0.4243944652680881,2.368668853876404,23.540126071171446,2.8665516522686966e-09,True,True,True,2.666033810648551,2.66603326837371,2.666033093953973,1.1419674502906223,1.1419827368063933,1.1419827428155664,3.5182092562030004e-05,5.1815083527114315e-08,1.733734568531986e-05,-5.8504625144450983e-08,False,False,False
binary,alpha,beta,0.5,8.0,0,140123,50,0.1,0.1,0.4890381058395458,8.0,6.287166713558533,0.06111764133676208,True,True,True,0.11245571213663923,0.11248582923691108,0.11248583073564636,2.5449139532813767,2.5447962918587916,2.5447962829104975,3.246708592052946e-06,7.2816531866466825e-09,0.00013231743521835426,3.0216646962344385e-09,False,False,False
binary,alpha,beta,0.5,8.0,1,140124,50,0.1,0.1,0.36316009395731985,8.0,1.6123722109397334,0.03558319074119358,True,True,True,0.11331139287808714,0.11331668933876658,0.11331668535740222,2.160580600818602,2.1605658374071033,2.160565831216987,1.2815341821665467e-05,4.939466432076818e-08,2.970216607645071e-05,-4.226148053732004e-08,False,False,False
binary,alpha,beta,0.5,8.0,2,140125,50,0.1,0.1,0.4087986083471095,8.0,2.936330888558794,0.02030744794564702,True,True,True,0.10919611896683235,0.10919970907758648,0.10919970338733782,2.076643813537568,2.076632803744985,2.076632799202,8.087539435349929e-06,6.257071068062677e-08,2.0144269051947106e-05,-5.7338948922236455e-08,False,False,False
binary,alpha,beta,0.5,8.0,3,140126,50,0.1,0.1,0.6359168593824961,8.0,6.227159936627345,0.010364830328553088,True,True,True,0.08662338606604583,0.08663855923103778,0.08663855232924486,2.9222680470474542,2.922187761582262,2.9221877937048837,9.76615478393726e-06,5.739957925607413e-09,8.267237913095471e-05,-4.2679374701037887e-08,False,False,False
binary,alpha,beta,0.5,8.0,4,140127,50,0.1,0.1,0.39318972754407233,7.605570103399872,1.3388419640624105,1.5175685230298122e-08,True,True,True,0.11074837700193779,0.11074424853254651,0.1107442448962954,1.975253235011707,1.9752725032334648,1.9752724913066917,7.191983346163869e-06,6.031974697986196e-08,-1.5141822909736646e-05,-4.656587782037036e-08,False,False,False
binary,alpha,beta,0.5,8.0,5,140128,50,0.1,0.1,0.3853670200404519,6.734452287298973,14.95642376544068,1.2183158756910565e-07,True,True,True,0.32728907867487983,0.3272658117091975,0.3272658131302265,2.5010340233643666,2.5010737389503985,2.501073729690124,2.0408255962451052e-05,1.7024412392842436e-08,-2.5374542403255873e-05,-6.319158529777269e-09,False,False,False
binary,alpha,beta,0.5,8.0,6,140129,50,0.1,0.1,0.4669175139138928,6.579200104739526,13.803867436332737,5.069110478836242e-08,True,True,True,0.25616176299803317,0.2561809564418431,0.25618094596607693,2.707504712402855,2.707480122477803,2.707480145472492,1.8334119096639236e-05,1.2093598199166883e-08,4.65996217133835e-05,-1.4418443328167996e-08,False,False,False
binary,alpha,beta,0.5,8.0,7,140130,50,0.1,0.1,0.5998331700606037,4.732456724670902,16.791106418568233,1.677755058426995e-07,True,True,True,0.5569846160789178,0.5569481854956438,0.5569481784980884,1.7919296527007518,1.7919748170972754,1.7919748089726606,3.861235829411523e-05,3.1928842230811174e-08,-1.3433427334064163e-05,-2.1917912818025798e-08,False,False,False
binary,alpha,beta,0.5,8.0,8,140131,50,0.1,0.1,0.5230403398989919,8.0,4.371694185575058,0.09640996656587837,True,True,True,0.13372696887812419,0.13369767787056605,0.1336976748861983,2.611628339157254,2.6117425326505157,2.6117425212429537,4.383564418201357e-05,4.8593714509365374e-08,-8.762523372496389e-05,-3.5455203217793496e-08,False,False,False
binary,alpha,beta,0.5,8.0,9,140132,50,0.1,0.1,0.4212787607680632,8.0,3.463345909604592,0.14120957966824957,True,True,True,0.13686629868685027,0.13685093425564585,0.1368509315293366,2.2718076566447087,2.27186173100206,2.271861724938621,1.2230191571745683e-05,3.389288011927001e-08,-5.003648804136063e-05,-2.6902536642836594e-08,False,False,False
binary,alpha,beta,0.5,8.0,10,140133,50,0.1,0.1,0.5778209897476088,8.0,7.986630596793919,0.19082503960326014,True,True,True,0.14696914008951006,0.1469738996767834,0.14697389742652248,2.452283320256465,2.4522745391303826,2.452274526163587,1.2128299445634397e-05,4.519020281180661e-08,2.2244534751081346e-05,-3.023919159517163e-08,False,False,False
binary,alpha,beta,0.5,8.0,11,140134,50,0.1,0.1,0.32638773725773845,8.0,1.6049771555233998,0.03681453032701644,True,True,True,0.11421937263990775,0.11424126464152877,0.11424125967623647,2.304476831285983,2.3044077543356316,2.304407751914122,3.2581148242015396e-05,4.91345980038381e-08,0.00011207387963807491,-4.6251078966719206e-08,False,False,False
binary,alpha,beta,0.5,8.0,12,140135,50,0.1,0.1,0.3395406747432551,8.0,7.4924136839541315,0.3817651095807016,True,True,True,0.18411451305967955,0.18415747137732355,0.18415745982260553,2.5256839464821867,2.525612344060165,2.525612362796031,6.840958000518895e-05,1.9705720815088156e-08,0.00015082018386358698,-4.117322216501407e-08,False,False,False
binary,alpha,beta,0.5,8.0,13,140136,50,0.1,0.1,0.44585883606957327,4.964545522165838,8.739664899069739,1.3401256130373717e-07,True,True,True,0.5340985175494869,0.5340810036803938,0.5340809959846792,1.8886710543424587,1.8886877297069844,1.8886877372088833,5.6562773211439166e-06,3.150860669422671e-09,-1.359954512381023e-05,-5.7723852364688355e-09,False,False,False
binary,alpha,beta,0.5,8.0,14,140137,50,0.1,0.1,0.49410114560290436,5.353089086045521,11.720338279871676,4.585551721694212e-08,True,True,True,0.4835433718834464,0.4835683592687972,0.48356833534519744,1.649711061974286,1.6496665294737425,1.649666549846384,5.09632591561412e-05,2.7971145832970995e-09,3.7829311949622024e-07,-2.601817605807355e-08,False,False,False
binary,alpha,beta,0.5,8.0,15,140138,50,0.1,0.1,0.8125136470731003,6.471971023964541,8.443390486323235,8.947708039426157e-08,True,True,True,0.1340691878906611,0.13407884991066132,0.13407884635103653,2.508084540993333,2.508033365203652,2.5080333628564517,4.580929068021577e-05,3.250154444853362e-08,1.3117263466533302e-05,-2.9251055799761616e-08,False,False,False
binary,alpha,beta,0.5,8.0,16,140139,50,0.1,0.1,0.3305827807511417,4.211456708230032,12.590553248772869,2.6364718106702265e-07,True,True,True,0.953341963296747,0.953435682824225,0.9534356558934907,1.6182389116487939,1.6182159419393793,1.6182159389869817,4.5425147238536325e-05,3.5048137410668974e-08,7.182497468960491e-05,-3.164506345854079e-08,False,False,False
binary,alpha,beta,0.5,8.0,17,140140,50,0.1,0.1,0.6004976652669665,6.2413702137191365,10.707588143439843,2.1766400890741942e-07,True,True,True,0.22631114069433705,0.2263255261488961,0.22632551728740896,2.0903596946439045,2.0903140369240645,2.0903140397782907,4.1656253391645674e-05,3.3112891056676717e-08,1.096166173653046e-05,-3.5867675052259074e-08,False,False,False
binary,alpha,beta,0.5,8.0,18,140141,50,0.1,0.1,0.6928702169235194,7.467499051090388,14.365322383327971,4.342855795666498e-09,True,True,True,0.10296063875251807,0.10296972028916221,0.10296971367781081,2.8791855601031084,2.87914766255279,2.8791476774755456,1.0122099466012855e-06,2.986501359503381e-08,4.452188240122723e-05,-4.702629929909108e-08,False,False,False
binary,alpha,beta,0.5,8.0,19,140142,50,0.1,0.1,0.37075505914775936,5.723085962939334,13.949890351906719,2.1536394134382133e-07,True,True,True,0.41002126748491824,0.4100021540583419,0.41000215713000415,2.5029637682294665,2.5030128895821298,2.50301285974983,6.643511745376531e-05,6.124508194197881e-08,9.909411209818586e-06,-2.685388444945147e-08,False,False,False
binary,alpha,beta,0.75,0.25,0,150123,50,0.1,0.1,0.39191238385453414,0.1,34.73064182277684,0.23850152430782168,True,True,True,0.13106774937359292,0.1310998079466014,0.13109829717457722,1.480201993569475,1.4801022386079936,1.480107071543614,4.3960842551423364e-05,5.716229088289087e-07,0.0001237586069464669,-5.959774590280631e-06,False,False,False
binary,alpha,beta,0.75,0.25,1,150124,50,0.1,0.1,0.3924104533182163,0.1,34.733059709218495,0.253419074169875,True,True,True,0.1371756876698835,0.13731262967471983,0.1373114073229295,1.4696727315142428,1.469244448435039,1.4692481556766173,6.821876325167449e-05,4.999023630946587e-07,0.0005000855051946473,-4.633881871995982e-06,False,False,False
binary,alpha,beta,0.75,0.25,2,150125,50,0.1,0.1,0.02,1.2728093490676644,34.732253709599675,1.927799747392125,False,False,False,-0.005038334707078714,-0.004832148260167174,-0.004834043477367204,inf,inf,inf,0.0004438496666467927,1.607435670760409e-06,nan,nan,False,False,True
binary,alpha,beta,0.75,0.25,3,150126,50,0.1,0.1,0.473003105872215,0.2683898132939968,34.55625317230573,4.14314051144892e-08,True,True,True,1.1924265779718282,1.1924295145826638,1.1924307533826046,0.5745272846437617,0.5745079387970465,0.574507577484006,5.149489551412238e-05,3.355243238988269e-07,-1.9187103987405862e-05,6.229098019616686e-07,False,False,False
binary,alpha,beta,0.75,0.25,4,150127,50,0.1,0.1,0.02,0.1,34.91398077283579,0.5511915084187324,False,False,False,-17.235621337862842,-17.23614228350972,-17.236142552456116,inf,inf,inf,2.669358620242599e-05,4.912680514601404e-08,nan,nan,False,False,True
binary,alpha,beta,0.75,0.25,5,150128,50,0.1,0.1,0.02,0.1,34.93113303985765,1.334305811084736,False,False,False,-29.76055743742727,-29.76207443096148,-29.762071743886267,inf,inf,inf,4.864918515482231e-05,8.220117100060163e-08,nan,nan,False,False,True
binary,alpha,beta,0.75,0.25,6,150129,50,0.1,0.1,0.02,0.1,34.96985038271235,2.7811843945482644,False,False,False,-78.55569090992356,-78.56670038261859,-78.56668048212231,inf,inf,inf,0.00014140621950420242,2.950022019897137e-07,nan,nan,False,False,True
binary,alpha,beta,0.75,0.25,7,150130,50,0.1,0.1,0.5507869777288946,0.7642285830172726,33.30743179964542,1.1329759330963878e-07,True,True,True,4.044818360452715,4.044966424590063,4.044965118415763,0.09241953007532999,0.0924129207744177,0.09241293595563388,2.8534927630477723e-05,3.077441564375237e-07,2.8690536055364646e-05,-3.054355346421289e-07,False,False,False
binary,alpha,beta,0.75,0.25,8,150131,50,0.1,0.1,0.5614817159283779,0.9347019626188858,32.23144780885056,2.2469334198890888e-08,True,True,True,4.902539941645899,4.9025951029508406,4.902593937221924,0.3189336397377599,0.318928794560218,0.31892888600548247,5.232694984404038e-06,1.1580039904665098e-07,5.540799058678658e-06,-1.3249770347556478e-07,False,False,False
binary,alpha,beta,0.75,0.25,9,150132,50,0.1,0.1,0.3820616278218719,0.1,34.73285801703084,0.35115651186856783,True,True,True,0.008179992703420983,0.008294263164423714,0.008293249028388901,2.810829586566512,2.8048022532061805,2.804855298111598,3.1341153737025155e-05,3.197481103698379e-07,0.00687240138331191,-6.120684663102338e-05,False,False,False
binary,alpha,beta,0.75,0.25,10,150133,50,0.1,0.1,0.4000856458668098,0.6695967470921319,33.903176133627504,1.7763568394002505e-08,True,True,True,1.0120085270892516,1.012299714907652,1.0122997763894532,0.6987838212054155,0.698664136970168,0.6986641883898594,6.758337144046242e-05,3.0240031043102745e-07,0.00015001955282656354,1.1993388682185468e-07,False,False,False
binary,alpha,beta,0.75,0.25,11,150134,50,0.1,0.1,0.32601114336328163,0.1,34.80734305432049,0.9835263803381653,False,False,False,-0.17716847409687966,-0.1771853813981114,-0.17718627028933043,inf,inf,inf,1.2262039759793335e-05,2.9966299074143326e-07,nan,nan,False,False,True
binary,alpha,beta,0.75,0.25,12,150135,50,0.1,0.1,0.8468751062551189,0.7829118529102714,32.19948331658979,5.02429586778808e-08,True,True,True,2.7985304874244172,2.798636170851657,2.7986358871760983,0.451355003710412,0.4513425918619099,0.4513426225967328,1.827002340478224e-05,5.5319303579403293e-08,2.3407541622333383e-05,-6.597730362045695e-08,False,False,False
binary,alpha,beta,0.75,0.25,13,150136,50,0.1,0.1,0.39264261987101123,0.9583905619657228,32.29787454055724,2.2021093879675013e-07,True,True,True,4.7225458670290905,4.7226066038793615,4.722604849961325,0.4671903725892877,0.46720260390278406,0.46720270266654185,3.953188020254906e-05,1.8285260292217905e-07,2.668509534231589e-05,-2.576817976773782e-07,False,False,False
binary,alpha,beta,0.75,0.25,14,150137,50,0.1,0.1,0.4075939775140293,0.1,34.705441677857884,0.07563715342949404,True,True,True,0.5921396847189053,0.5922516565094752,0.592250699441199,0.8715183202779666,0.8714388953131668,0.8714395871021078,2.9401403454619504e-05,2.3755297426410728e-07,9.681814112383336e-05,-8.195322891424439e-07,False,False,False
binary,alpha,beta,0.75,0.25,15,150138,50,0.1,0.1,0.432417238096321,0.12861756968714788,34.669286262771436,1.5072887603364242e-08,True,True,True,0.5210794897896485,0.5211611312936938,0.521161925519917,1.0131302200160972,1.0130600034883988,1.0130594043912964,2.9285809249697545e-05,2.0631145911885092e-07,7.665981910776054e-05,8.342180279896638e-07,False,False,False
binary,alpha,beta,0.75,0.25,16,150139,50,0.1,0.1,0.47637825673551143,0.1,34.746638634588614,0.5009187695748128,True,True,True,1.326637822014157,1.3267013298432442,1.3267001231228202,0.3117102776470417,0.31170714709105424,0.31170732886020186,6.916320534372724e-05,5.948573898192897e-07,4.35656367443471e-05,-7.002954447443699e-07,False,False,False
binary,alpha,beta,0.75,0.25,17,150140,50,0.1,0.1,0.35728158092259027,1.527987381209163,30.374304810751955,1.4194821567429107e-07,True,True,True,3.1734578649991216,3.173572226486814,3.1735718560076327,0.7522260489246299,0.7522234550391975,0.7522234752443313,3.0190815101383413e-05,7.277061741337806e-08,3.295642261846865e-05,-9.347684226668207e-08,False,False,False
binary,alpha,beta,0.75,0.25,18,150141,50,0.1,0.1,0.02,0.1,34.927520959270424,1.0933725295328223,False,False,False,-30.83230396025059,-30.835604830178905,-30.83559930638162,inf,inf,inf,0.00011147601631878838,2.17306417870384e-07,nan,nan,False,False,True
binary,alpha,beta,0.75,0.25,19,150142,50,0.1,0.1,0.258387512617419,0.1,34.75730737957964,0.16031066607526817,False,False,False,-1.699582812239216,-1.6994764065008339,-1.6994768568799592,inf,inf,inf,3.0192204087972394e-05,1.393626435500689e-07,nan,nan,False,False,True
binary,alpha,beta,0.75,0.5,0,160123,50,0.1,0.1,0.0680443063684006,1.9837184210664978,30.781536512488813,6.538563098542031e-07,True,True,True,0.3246163135329962,0.3251572663637709,0.32515364815037506,3.150230062276491,3.1496866178712475,3.1496907437985913,0.0004131974199671206,1.6351517822088978e-06,0.0010330096491202312,-6.377492212550351e-06,False,False,False
binary,alpha,beta,0.75,0.5,1,160124,50,0.1,0.1,0.4349259537750739,1.5115973934940217,30.27790211113737,8.151763915616666e-08,True,True,True,1.9412312749887723,1.9412623311608634,1.9412621614444037,0.7997329104341045,0.799724497865831,0.7997245344960501,8.54400571602397e-06,1.4078444498773954e-08,6.267473587229233e-06,-4.525373142882927e-08,False,False,False
binary,alpha,beta,0.75,0.5,2,160125,50,0.1,0.1,0.98,1.3884589038056174,31.06960239609386,3.301115908627139,True,True,True,3.1576468369101645,3.157653597260853,3.1576536355248424,0.7500034560383746,0.749997155587953,0.7499971516960997,1.6096239130148052e-05,9.153740628942835e-09,-5.105080923328842e-06,7.637193988330182e-09,False,False,False
binary,alpha,beta,0.75,0.5,3,160126,50,0.1,0.1,0.8289422714873886,0.6109351949089004,33.73823784760675,3.449609975501277e-07,True,True,True,3.5624725829428368,3.56260300418604,3.5626007183890103,0.2794264495489525,0.27941070739292073,0.2794108323679004,1.746449220465447e-05,4.341859253823794e-07,1.7987530370078275e-05,-4.977261340854966e-07,False,False,False
binary,alpha,beta,0.75,0.5,4,160127,50,0.1,0.1,0.4550374813014107,1.127759479395026,31.473847102686104,1.748267799412853e-07,True,True,True,3.526201555461361,3.526317407088269,3.5263168677824988,0.663616881204345,0.6636229185253966,0.6636229529760515,4.9955256141263546e-05,7.974187922450395e-08,3.969141916115859e-05,-1.1327461635346481e-07,False,False,False
binary,alpha,beta,0.75,0.5,5,160128,50,0.1,0.1,0.13596993822859063,1.481315833535164,33.10691817066703,3.9434436607172916e-07,True,True,True,0.61637364322948,0.6165407952845852,0.6165405192912703,1.9398238316936525,1.9397717135341663,1.939771788412014,0.00015272367786381037,2.806817177749704e-07,0.0002107847922871997,-3.614418915276474e-07,False,False,False
binary,alpha,beta,0.75,0.5,6,160129,50,0.1,0.1,0.98,1.0278364197485086,30.95958566380991,0.4286189625447004,True,True,True,2.9680082792977025,2.968016025200158,2.96801539918049,0.356302046350307,0.35630590869612394,0.356305962031273,1.1281543070449207e-05,1.2714180375907468e-07,6.9069670800558924e-06,-1.49517592973325e-07,False,False,False
binary,alpha,beta,0.75,0.5,7,160130,50,0.1,0.1,0.08583831680074254,1.287127145439729,33.45722613904286,3.234854135138733e-07,True,True,True,0.860248938299121,0.8603475811328501,0.8603465799058172,2.227915639923823,2.227942966676645,2.227943296116938,0.0001781784852560615,4.0815208460903157e-07,0.00014533782469783318,-7.84465655101485e-07,False,False,False
binary,alpha,beta,0.75,0.5,8,160131,50,0.1,0.1,0.38630977231659885,0.3235686769961841,34.42234241858183,1.693791409857712e-07,True,True,True,3.4187770592709663,3.4189350533686174,3.418933327458396,0.27321951699184943,0.27320404901349143,0.2732041716180405,2.4137846926813117e-05,3.363696313936069e-07,2.8040738136780874e-05,-3.6365572952945513e-07,False,False,False
binary,alpha,beta,0.75,0.5,9,160132,50,0.1,0.1,0.4540864584276921,0.1,34.799375460568186,1.0641901617702854,True,True,True,0.6998827535686285,0.699809686690155,0.699810583825581,0.718296456819595,0.7183225540601756,0.7183220235819074,5.111100551438697e-05,2.515249764663965e-07,-7.368739850477368e-05,6.712340763215252e-07,False,False,False
binary,alpha,beta,0.75,0.5,10,160133,50,0.1,0.1,0.6823121026070643,1.624177672316627,30.332764524159153,2.1318807115270523e-07,True,True,True,2.294121801807736,2.2942205012577546,2.294220388457355,0.8843771237780372,0.8843546533911966,0.8843546501035582,1.1910188204541046e-05,5.6903052547136763e-08,1.709889269818632e-05,-5.295223459711451e-08,False,False,False
binary,alpha,beta,0.75,0.5,11,160134,50,0.1,0.1,0.28693851899095624,0.8300512108097852,34.39260420934282,9.947598300641403e-08,True,True,True,0.8288193281354483,0.8287306715516192,0.8287294150542609,1.241458659198539,1.2415280018146158,1.2415286194877695,5.456490607964213e-05,1.286902304504315e-07,-2.79444558088926e-05,-8.050495878819675e-07,False,False,False
binary,alpha,beta,0.75,0.5,12,160135,50,0.1,0.1,0.6078117888486522,0.7343368923209639,33.35903931479027,9.592326932761353e-08,True,True,True,1.9966309186843987,1.996699415381623,1.9966984268933459,0.43654005531302337,0.4365275096064533,0.4365276306285218,1.982615090147928e-05,2.6628220199174563e-07,1.950604234224329e-05,-3.5572944767636727e-07,False,False,False
binary,alpha,beta,0.75,0.5,13,160136,50,0.1,0.1,0.47118229326928934,0.1,34.76062493230857,0.7727170334703775,True,True,True,1.1875766985488372,1.1876371801005703,1.1876372144743181,0.6300384329634815,0.6300231907689687,0.6300232221391754,2.115938356729996e-05,1.0734088189872248e-07,3.3444081161349004e-05,6.505925398414547e-08,False,False,False
binary,alpha,beta,0.75,0.5,14,160137,50,0.1,0.1,0.0512957269902609,2.393283074424263,33.516258199447016,8.102852768429743e-07,True,True,True,0.11344248439723902,0.11354546594271187,0.11354401759387944,3.49892567352343,3.4987309740777834,3.498735624056042,0.0004573632211514949,2.053393823995797e-06,0.0006758163299167563,-7.402269027068087e-06,False,False,False
binary,alpha,beta,0.75,0.5,15,160138,50,0.1,0.1,0.7753440786926921,0.7261719976792969,33.13832782328758,4.394464126581348e-08,True,True,True,4.636115674158141,4.636077034385494,4.636075200712709,0.20274677384288733,0.2027381398718485,0.2027382315086655,4.1702864323590044e-05,2.6293686663449984e-07,-1.856479739359429e-05,-2.900217950241313e-07,False,False,False
binary,alpha,beta,0.75,0.5,16,160139,50,0.1,0.1,0.5420162669867643,0.42180390340726187,34.15228452731456,7.105427357601002e-09,True,True,True,3.6375191925153936,3.6376056131857535,3.637605784314453,0.26447821900551277,0.26445462941127046,0.2644545875580751,3.747052495275397e-05,8.427885494072265e-08,-3.4018126555679373e-06,-1.1409468925194233e-09,False,False,False
binary,alpha,beta,0.75,0.5,17,160140,50,0.1,0.1,0.98,1.1750960046335375,29.345384644274276,0.9372019551534552,True,True,True,6.233523489446081,6.233508895078528,6.233509649692784,0.07956515903936483,0.07956662488996613,0.0795666171460221,8.758344142752322e-06,1.1254385714226633e-07,-5.415086832272209e-07,1.1214214978849668e-07,False,False,False
binary,alpha,beta,0.75,0.5,18,160141,50,0.1,0.1,0.577422394974515,0.6887646438921889,33.94085788485194,2.1319242461967032e-07,True,True,True,2.6118587133896685,2.6118437037845954,2.61184389247228,0.5343327517830252,0.5343293485898698,0.5343292344949157,1.6773307042024777e-05,2.1077589514408028e-07,-9.72391502074288e-06,-5.9113574479852105e-08,False,False,False
binary,alpha,beta,0.75,0.5,19,160142,50,0.1,0.1,0.98,0.3967445601430629,34.42200741841873,1.7719908633751371,False,False,False,-3.4924566292696,-3.4926297922541827,-3.4926286829596638,inf,inf,inf,2.4819087825510523e-05,1.4729197534837402e-07,nan,nan,False,False,True
binary,alpha,beta,0.75,1.0,0,170123,50,0.1,0.1,0.98,0.6113072415099636,33.40999422258611,1.0993523673619423,True,True,True,4.94170608697311,4.941805134676873,4.941803839368959,0.18637265414645388,0.18636836490446862,0.18636840948861644,1.7475738033187564e-05,1.973920941206726e-07,1.489406417221062e-05,-2.1078293599430253e-07,False,False,False
binary,alpha,beta,0.75,1.0,1,170124,50,0.1,0.1,0.6063519131109965,0.2067837596386964,34.62699447955923,1.4976278996213916e-07,True,True,True,1.704866009782884,1.704926116072831,1.7049267242284212,0.39043638868396574,0.39044254296137015,0.39044239608311265,5.04391412958203e-05,1.6448767807087618e-07,4.252808388827134e-05,1.8760504616466278e-07,False,False,False
binary,alpha,beta,0.75,1.0,2,170125,50,0.1,0.1,0.4710516294055474,0.7858579058623824,33.655708074609976,6.253684373010592e-07,True,True,True,3.066988924167173,3.0671015143999245,3.067102013780037,0.5828274866133889,0.5828001732113858,0.5828000615486167,3.081869057830371e-05,1.0769626048329397e-07,5.298220436600332e-06,3.426172412446249e-08,False,False,False
binary,alpha,beta,0.75,1.0,3,170126,50,0.1,0.1,0.45321899506990826,3.2750739782904246,27.863657988412545,1.7292781367918552e-07,True,True,True,0.8184714282857478,0.8184841869697762,0.8184840253037613,1.9301536492173552,1.9301505417459095,1.9301506246917872,9.426886472150401e-06,7.356864088397705e-09,1.1908675279670433e-05,-1.0202385070101627e-07,False,False,False
binary,alpha,beta,0.75,1.0,4,170127,50,0.1,0.1,0.98,1.187227767628365,29.864654544006722,0.8492417205019549,True,True,True,4.91752833048518,4.9175926628960545,4.917592344329434,0.2129138646780857,0.21290959141654617,0.2129096124209594,1.5248196411965443e-05,5.067514591161597e-08,8.121806907013251e-06,-4.059878833118091e-08,False,False,False
binary,alpha,beta,0.75,1.0,5,170128,50,0.1,0.1,0.46854082059619234,0.7321596921497195,33.36021436316319,9.972942541209448e-08,True,True,True,1.577245265611286,1.5771604040460945,1.5771604646154003,0.5024848842715189,0.5025058789642632,0.5025058245721798,2.3064914165416002e-05,8.992275872559764e-08,-2.965828959133887e-05,-2.421717937295398e-08,False,False,False
binary,alpha,beta,0.75,1.0,6,170129,50,0.1,0.1,0.9356655343901477,1.5429216416167184,27.609062508089064,2.843747780810644e-07,True,True,True,4.083612740991833,4.0837099452135535,4.083709310814493,0.5261260492643272,0.5261181925741146,0.5261182229570883,8.707789491407623e-06,9.316490056871394e-08,1.4637485527657645e-05,-1.2036903029866153e-07,False,False,False
binary,alpha,beta,0.75,1.0,7,170130,50,0.1,0.1,0.98,1.7729885593861743,25.52645848999771,2.0566386691456273,True,True,True,3.6349793312916114,3.635069179192852,3.6350691885152537,0.7059892963993639,0.7059671839937631,0.7059671828000535,2.6916064850097932e-05,6.8194071081164455e-09,-7.393805354638516e-07,1.1902656638085318e-09,False,False,False
binary,alpha,beta,0.75,1.0,8,170131,50,0.1,0.1,0.38884688202871137,0.1,34.76485997018945,0.5940733274201276,True,True,True,0.011554868981468711,0.011550371767265293,0.011550092106605991,2.543199354380805,2.5433414523789586,2.5433519252628933,6.320480476446296e-05,1.4543417441192986e-07,-0.00023783972151392163,-1.2155204661468133e-05,False,False,False
binary,alpha,beta,0.75,1.0,9,170132,50,0.1,0.1,0.48497215583069714,1.4349236850853622,27.84484538315632,2.1352198707418894e-08,True,True,True,5.015970074875019,5.016026945305405,5.016026562577956,0.34571629869199516,0.34572599151505423,0.34572600453677055,3.137976223290794e-05,5.400873939514992e-08,2.243577429794641e-05,-6.130911245350035e-08,False,False,False
binary,alpha,beta,0.75,1.0,10,170133,50,0.1,0.1,0.4408871819235017,1.25171611436663,32.67583364474558,2.9295392425544897e-07,True,True,True,1.5909372965424726,1.591078848584951,1.591077378984175,0.8721997009360393,0.8721697772768547,0.8721701021822434,2.2993466118010155e-05,2.1394711195564606e-07,5.396955860703656e-05,-5.495897781315762e-07,False,False,False
binary,alpha,beta,0.75,1.0,11,170134,50,0.1,0.1,0.6384822911150253,0.8754567738296332,31.0475339505754,3.4490610969846354e-08,True,True,True,4.540475415802584,4.540663194729067,4.540663683992195,0.2964918100190648,0.2964762608184729,0.29647625908579,1.95254311448621e-05,1.11362271249881e-07,2.3559889001489864e-05,1.0575663722534046e-07,False,False,False
binary,alpha,beta,0.75,1.0,12,170135,50,0.1,0.1,0.4613971425321475,0.45963386258487027,34.33053631482649,5.4229820713920236e-08,True,True,True,3.0836742962404218,3.083898349790337,3.0838969578909046,0.4627307104169424,0.46270211064145406,0.46270220163951614,2.4326285448252014e-05,2.8370337154811526e-07,3.9382054822567625e-05,-3.4657885095157326e-07,False,False,False
binary,alpha,beta,0.75,1.0,13,170136,50,0.1,0.1,0.6683180664696308,1.1473744048284134,31.991478123455757,3.0045969267893293e-07,True,True,True,2.958090497912975,2.958122522761524,2.9581219383562467,0.6486441490372871,0.6486315671337307,0.6486316669408478,1.7867474055861264e-05,5.826447772110199e-08,-3.7419731526711075e-06,-8.265235251769809e-08,False,False,False
binary,alpha,beta,0.75,1.0,14,170137,50,0.1,0.1,0.21566185553871736,0.7619833924635842,33.22685134866524,6.204547701064549e-08,True,True,True,4.104288663982861,4.104509091514402,4.104507753424507,0.4797525164674887,0.47979041294137825,0.479790428149196,0.00014178581524233912,3.146106356712282e-07,9.70266241111517e-05,-3.0849626142526176e-07,False,False,False
binary,alpha,beta,0.75,1.0,15,170138,50,0.1,0.1,0.5099082412459244,1.2482415548086248,30.54747185579189,5.955528089685261e-08,True,True,True,3.609672964728814,3.609708617331927,3.6097082644398397,0.4289458531140007,0.42894760704608065,0.4289476242194854,1.6154156925186273e-05,6.574041737822718e-08,1.1818211945069379e-05,-7.799032175626053e-08,False,False,False
binary,alpha,beta,0.75,1.0,16,170139,50,0.1,0.1,0.36276934113294673,1.1155419286362067,32.214860528272865,3.0174809480787174e-07,True,True,True,3.477595736571796,3.4776812256066263,3.477680138314857,0.6524162263383065,0.652420400479576,0.6524204792142684,3.4090020567244496e-05,1.4559216412144577e-07,2.916615208903295e-05,-2.220018728849027e-07,False,False,False
binary,alpha,beta,0.75,1.0,17,170140,50,0.1,0.1,0.9344743910466143,0.4891191589312906,34.17619888194312,4.1638046820888836e-07,True,True,True,4.778364135757127,4.77833578069605,4.778333801981951,0.12211799964543152,0.12212403346239724,0.12212410307451985,1.7945491449202993e-05,3.4312536189896833e-07,6.786616637555198e-07,-3.3395726717344587e-07,False,False,False
binary,alpha,beta,0.75,1.0,18,170141,50,0.1,0.1,0.98,1.4891546007388763,28.12729213170308,0.2653480688508195,True,True,True,1.3500989943283934,1.3500309571096398,1.3500298012698395,0.9291228621653508,0.929144925185883,0.9291452388141975,2.574182555813571e-05,1.7514304181812648e-07,-2.548960361536956e-05,-4.950804246561802e-07,False,False,False
binary,alpha,beta,0.75,1.0,19,170142,50,0.1,0.1,0.7793620470947344,1.1151597439294068,31.7883637461283,1.5997978035745402e-07,True,True,True,3.1896405167726267,3.1897382585071465,3.189737244521091,0.7278810666893171,0.7278625220094606,0.7278626397658896,1.3813457256246526e-05,7.44086431955537e-08,9.110356206321057e-06,-1.8231800069656856e-07,False,False,False
binary,alpha,beta,0.75,3.0,0,180123,50,0.1,0.1,0.7663718748116681,2.900581748555394,24.31523785117202,2.193038545883292e-08,True,True,True,1.2778807879401626,1.277892796022338,1.2778928114353016,1.4583374223860843,1.4583321059633354,1.4583321060249292,3.1723544062756155e-06,1.2573486752202357e-08,3.288202094609005e-06,1.2132147730881115e-08,False,False,False
binary,alpha,beta,0.75,3.0,1,180124,50,0.1,0.1,0.98,1.4791693811415105,28.131769001197043,0.5245871097514582,True,True,True,3.577241302067885,3.5773083939459966,3.577308281288718,0.415920533606968,0.41590763514199286,0.4159076322678408,1.8455851870488902e-05,3.819070974625959e-08,3.8703169273901494e-06,-3.480118238030627e-08,False,False,False
binary,alpha,beta,0.75,3.0,2,180125,50,0.1,0.1,0.6624528877046839,2.1995219163863218,22.533346176239913,7.294248824826705e-08,True,True,True,3.195994476522435,3.196132751343349,3.1961327844715948,0.36051183642389184,0.3604769614027425,0.3604769508053868,3.879244966786407e-05,2.4869291528918417e-08,3.1109141431784337e-06,-1.8355557074301032e-09,False,False,False
binary,alpha,beta,0.75,3.0,3,180126,50,0.1,0.1,0.8700354268597557,2.987710321516633,19.798105601733553,2.949926939179348e-07,True,True,True,1.410926777563706,1.4109182912217049,1.4109182719243345,1.556188831399852,1.556189090724349,1.55618908995085,6.255525609882593e-06,1.557122360611922e-08,-5.730756278410354e-06,-1.4567696382528084e-08,False,False,False
binary,alpha,beta,0.75,3.0,4,180127,50,0.1,0.1,0.5772371096227121,4.026988941048129,15.907917667588583,2.238422600288791e-07,True,True,True,0.7458566688621407,0.7458691020045852,0.7458690636920356,1.8837873183082345,1.8837880837323915,1.8837881045687237,1.843624327673613e-05,3.5274754694872123e-09,1.7523324149948394e-05,-2.7377605960055007e-08,False,False,False
binary,alpha,beta,0.75,3.0,5,180128,50,0.1,0.1,0.6730591390625966,2.330572310994954,19.108407104058116,1.7121977611268424e-07,True,True,True,3.39124159429024,3.391252758616405,3.3912525465772765,0.3555250275878594,0.35552349061083743,0.3555234268500789,1.40646317252224e-06,1.939016608135483e-07,1.3866576082932625e-06,-1.3593259495792154e-07,False,False,False
binary,alpha,beta,0.75,3.0,6,180129,50,0.1,0.1,0.8096484796475353,3.0235894189192822,17.15011796148059,2.34511408701832e-07,True,True,True,1.68008868521337,1.6800689560907094,1.6800689008936582,1.249485420752946,1.249493997866329,1.249493997640749,7.989455705114883e-06,3.350973178346043e-08,-1.901321486030838e-06,-3.311374641157272e-08,False,False,False
binary,alpha,beta,0.75,3.0,7,180130,50,0.1,0.1,0.7706685044037559,3.047751672134624,21.961455953259055,1.6345081039581339e-07,True,True,True,1.323229965036566,1.3231549414506782,1.3231548457852222,1.6015352219498546,1.601554299519044,1.6015543225312647,1.3163180905013623e-05,1.939206957241815e-08,-3.47808661729232e-05,-4.580723000913167e-08,False,False,False
binary,alpha,beta,0.75,3.0,8,180131,50,0.1,0.1,0.7328594902324064,2.7595664331596117,24.25306570453403,9.335363357657303e-08,True,True,True,1.2512392510328705,1.25127061154667,1.2512705987687571,1.4285003151382298,1.4284904614286635,1.4284904644706453,4.284452510629288e-06,6.151203884829944e-09,1.3712036796675875e-05,-6.709740318910917e-09,False,False,False
binary,alpha,beta,0.75,3.0,9,180132,50,0.1,0.1,0.5881872509196227,3.433370195999071,17.092764020399997,4.123933213009212e-08,True,True,True,1.1027766328146322,1.102850292853049,1.1028502313746584,1.401838074305619,1.4018115271542624,1.4018115365062631,6.224934555093035e-06,3.425731166267944e-08,3.618432011265327e-05,-4.4978111901627926e-08,False,False,False
binary,alpha,beta,0.75,3.0,10,180133,50,0.1,0.1,0.7465322823059745,7.754960556326068,7.080124481043143,9.063764372023193e-08,True,True,True,0.0706818112405752,0.07067426073364876,0.07067425610364553,3.0980761026619485,3.0981189668324864,3.098118990842594,8.245896084481549e-06,1.028398174513633e-08,-5.7518277942314455e-05,-3.7869217095476415e-08,False,False,False
binary,alpha,beta,0.75,3.0,11,180134,50,0.1,0.1,0.6708480470122271,2.8621111402174155,20.738252537649913,1.134692666217668e-07,True,True,True,1.6533040953699656,1.6533722333541179,1.6533720318983272,1.2902481742865803,1.2902331674288108,1.2902331989619622,6.926995080613898e-06,5.0286203365457996e-08,2.384954498424463e-05,-8.554151875728166e-08,False,False,False
binary,alpha,beta,0.75,3.0,12,180135,50,0.1,0.1,0.8401792093750385,3.4447611873641915,20.478775595413683,1.0118414143122438e-07,True,True,True,0.9303270352398322,0.9303749186278538,0.930374834987637,1.7093457730214194,1.709320052076057,1.7093200834762292,7.989964043034347e-06,1.7717606623959545e-08,2.180200885604222e-05,-5.374869616048272e-08,False,False,False
binary,alpha,beta,0.75,3.0,13,180136,50,0.1,0.1,0.6951322207165334,1.8547842168180164,29.541303373389926,3.3219115424869985e-07,True,True,True,1.347456865772331,1.3475325003473522,1.3475325301745127,1.0679492044245735,1.0679191902377978,1.067919176138941,1.963120244352415e-05,1.052268273292584e-08,2.158056945233966e-05,5.9027414067713835e-09,False,False,False
binary,alpha,beta,0.75,3.0,14,180137,50,0.1,0.1,0.6671526986040826,2.5670915695654752,24.63480948480386,4.2241588237819797e-07,True,True,True,1.8182446667202552,1.8183275586350118,1.818327533923227,1.2766970766315124,1.276683365299728,1.276683362052355,1.4337609556985733e-05,2.1425070997649865e-08,2.9784854955750006e-05,-1.7329071511085203e-08,False,False,False
binary,alpha,beta,0.75,3.0,15,180138,50,0.1,0.1,0.8343202874854442,2.1858172306703167,25.787624157706134,9.254556209575547e-08,True,True,True,2.4141481181000213,2.4142654400582098,2.414265313057832,1.022287417798332,1.0222627298600964,1.022262729117152,9.863595322972764e-06,5.4384398366599466e-08,2.011998402551285e-05,-5.3459494608887326e-08,False,False,False
binary,alpha,beta,0.75,3.0,16,180139,50,0.1,0.1,0.98,2.6217130941246136,21.55598012852516,7.245784777509812,True,True,True,1.8818248840884295,1.8818244153849923,1.88182427167845,1.1081061207087834,1.108095486600211,1.108095508733012,2.6019225436593878e-05,2.604836661744294e-08,-1.2542922757319275e-05,-5.0884217728253134e-08,False,False,False
binary,alpha,beta,0.75,3.0,17,180140,50,0.1,0.1,0.734960772774766,3.0895645908433167,20.32004855131814,6.98860224986421e-08,True,True,True,1.4027253622230667,1.4027627332038897,1.4027627539245826,1.4115732338537104,1.4115642912204338,1.4115642840273732,6.735960480409962e-06,2.929106529946563e-09,1.635224278828673e-05,6.490026294159179e-09,False,False,False
binary,alpha,beta,0.75,3.0,18,180141,50,0.1,0.1,0.4651748578153588,4.334747995551187,20.275547599775273,1.4206622579192553e-07,True,True,True,0.7328590590294954,0.7330150394296091,0.7330150051296588,1.7859226496168632,1.78584286885791,1.7858428872124739,2.9323214895478833e-05,5.275773110547494e-09,0.00012093889462505558,-2.5661496039219855e-08,False,False,False
binary,alpha,beta,0.75,3.0,19,180142,50,0.1,0.1,0.8779953690039896,2.8722718055870073,19.37630783007261,2.935370389339439e-07,True,True,True,1.6621293090183267,1.662182325148687,1.6621822258336787,1.1504588745889317,1.1504459240754132,1.1504459506261577,3.0669334751542436e-06,5.201308217259864e-09,1.6956993285077715e-05,-2.918209673907768e-08,False,False,False
binary,alpha,beta,0.75,8.0,0,190123,50,0.1,0.1,0.5625940116041275,6.191000006679344,4.515106262568683,9.270265045318409e-08,True,True,True,0.19606414206159847,0.1960865298126562,0.1960865117243761,1.9131801428242665,1.9131023649309784,1.9131024004115433,6.502550351723607e-05,1.1453529530052402e-08,2.458282629813624e-05,-5.1397912592676676e-08,False,False,False
binary,alpha,beta,0.75,8.0,1,190124,50,0.1,0.1,0.8412727268557478,6.568683111126242,11.111001086366093,6.339378125197758e-08,True,True,True,0.1495601674787824,0.1496057221602961,0.14960571568967418,2.297164233966807,2.29701511156201,2.297015107482002,3.899605894818964e-05,5.320331501428576e-08,0.00013281316358870754,-4.7948448766987894e-08,False,False,False
binary,alpha,beta,0.75,8.0,2,190125,50,0.1,0.1,0.786267701934767,7.071759513056818,11.241425838152846,3.6606742540103677e-07,True,True,True,0.11047807853911161,0.1104243102981063,0.11042430492532049,2.7842994032607216,2.7845065637169166,2.7845065758228147,9.910073362180542e-06,2.0837260600591484e-08,-0.00024833786716449424,-3.4718395269806024e-08,False,False,False
binary,alpha,beta,0.75,8.0,3,190126,50,0.1,0.1,0.4598699770876283,5.5191496474591535,12.468484035066096,4.965032379309394e-07,True,True,True,0.3863823407373617,0.38641656120453,0.3864165386717021,1.8002295354410982,1.8002053339013093,1.8002053497161365,3.3075583858467864e-05,2.2111073042591085e-08,6.065925437148678e-05,-4.0104781717786864e-08,False,False,False
binary,alpha,beta,0.75,8.0,4,190127,50,0.1,0.1,0.5869149008881996,7.333948400335313,5.382873627928665,8.124635425522083e-09,True,True,True,0.09713786488615105,0.09716899809898041,0.09716899367883836,2.5119941764955764,2.5118465936108305,2.511846606987124,1.9440823223755772e-05,1.4814396270008984e-08,0.00015051291136547462,-3.0089195135474256e-08,False,False,False
binary,alpha,beta,0.75,8.0,5,190128,50,0.1,0.1,0.7343945147231226,6.768566726216016,8.030453358410087,2.323687866920496e-08,True,True,True,0.1103599989279262,0.11035025357003239,0.11035024401295952,2.7486943536896553,2.7487185890124004,2.7487186224045566,3.254766731293032e-05,1.0155706149516313e-08,-6.0455280079807494e-05,-4.816257703765814e-08,False,False,False
binary,alpha,beta,0.75,8.0,6,190129,50,0.1,0.1,0.6264837492369147,5.60305334196439,8.814340304180359,9.950923500802467e-08,True,True,True,0.2518905300454574,0.25190707582740873,0.25190707032013887,1.9333840096324377,1.93337700888061,1.9333770002241608,4.954920550383037e-05,4.1792966815768403e-08,5.759250029058194e-05,-3.1828412794254746e-08,False,False,False
binary,alpha,beta,0.75,8.0,7,190130,50,0.1,0.1,0.5740867970172017,6.276964674890565,6.314039105288031,2.1538327839709248e-07,True,True,True,0.19763333447121947,0.19767908988130548,0.19767906481086847,2.1205373797128475,2.1204253509779445,2.1204253868681167,2.658651687138172e-05,4.447710236461295e-08,0.00010242651578362683,-8.550383956418273e-08,False,False,False
binary,alpha,beta,0.75,8.0,8,190131,50,0.1,0.1,0.6304079570547095,8.0,4.885317584352824,0.1315588546436941,True,True,True,0.12423686181918389,0.12424541313631969,0.12424541198129521,2.669404292270219,2.6693801281232004,2.669380115528953,1.315556346132979e-05,3.8299922626047227e-08,4.0984589049664066e-05,-2.3795978520979588e-08,False,False,False
binary,alpha,beta,0.75,8.0,9,190132,50,0.1,0.1,0.6543817788521527,7.0466355018856826,7.691248321759724,3.0810613293558885e-08,True,True,True,0.13779471882323074,0.13780028355903343,0.13780027140459353,2.1688016124450704,2.168769960274995,2.168769971502465,3.2563044348959915e-05,6.246673960073495e-08,3.8672457440824815e-06,-7.527720224942414e-08,False,False,False
binary,alpha,beta,0.75,8.0,10,190133,50,0.1,0.1,0.7811479807651225,7.690295878792797,11.865492918296974,9.027761667144659e-09,True,True,True,0.0939690879052157,0.09396272504527728,0.09396271090045621,2.946021263685857,2.946038847529431,2.946038898393857,2.727598101813725e-05,3.3516134053339806e-08,-4.7562387887722934e-05,-9.197669115224016e-08,False,False,False
binary,alpha,beta,0.75,8.0,11,190134,50,0.1,0.1,0.6146816117778529,8.0,9.551760993743017,0.23648188807196524,True,True,True,0.15293825347298257,0.15289597405233374,0.15289596609602504,2.6192426326831506,2.619359587348352,2.6193596012309457,7.238534223067365e-06,2.0170177176965745e-08,-0.00014187288806510878,-3.6054473184776725e-08,False,False,False
binary,alpha,beta,0.75,8.0,12,190135,50,0.1,0.1,0.7895900573964836,6.341325066060112,10.008775307796313,3.055349494419864e-07,True,True,True,0.13403964673374474,0.1340091692004304,0.13400915954224352,2.6220676057397263,2.6221511983514696,2.6221512251738703,3.5016011420971385e-05,1.1102504055370985e-08,-0.0001312044980608107,-4.119066154828488e-08,False,False,False
binary,alpha,beta,0.75,8.0,13,190136,50,0.1,0.1,0.42234732062125757,7.665661765424094,2.760660632521612,9.484611819708518e-08,True,True,True,0.10520049831110358,0.10521520025877693,0.10521519771334352,2.008446692043036,2.0083878310937653,2.0083878160318576,4.890799192013922e-06,5.8899747525381066e-08,7.19342224988484e-05,-4.153330190881377e-08,False,False,False
binary,alpha,beta,0.75,8.0,14,190137,50,0.1,0.1,0.5914377449702178,6.899433412624627,11.809543057632403,4.930439187964083e-07,True,True,True,0.2197479237195358,0.2197573603850047,0.21975735466970214,2.240455023059104,2.2404423930982076,2.240442385813679,1.3824943209827745e-05,4.278234791813694e-08,2.8367042423482758e-05,-3.4393956127587444e-08,False,False,False
binary,alpha,beta,0.75,8.0,15,190138,50,0.1,0.1,0.6692440094405192,6.3906940502556076,6.761865675179195,1.379327337255519e-07,True,True,True,0.14400926398580954,0.14401626050730074,0.14401623817003228,2.336551143239632,2.3365117702332436,2.336511822886925,4.219729067050638e-05,3.418603352280232e-08,3.158317674056832e-06,-9.448262616729153e-08,False,False,False
binary,alpha,beta,0.75,8.0,16,190139,50,0.1,0.1,0.8569074017673158,6.347797899968322,13.220948837618653,5.764773106879896e-07,True,True,True,0.1265427301853812,0.1265125758547911,0.12651256964430035,2.8962627848178144,2.8963557548424244,2.8963557750533044,2.4357063378632177e-05,4.096092914857093e-09,-0.00013131218345385776,-2.582127400785339e-08,False,False,False
binary,alpha,beta,0.75,8.0,17,190140,50,0.1,0.1,0.8206533803966787,6.6010874369516666,14.412378303539867,2.949784832169496e-07,True,True,True,0.11597514402336041,0.11599801237124253,0.11599799257601222,2.751942683030745,2.751845489440453,2.7518455460894375,2.6679332955589318e-05,4.040564042235046e-08,8.516005553360628e-05,-1.0543192274781177e-07,False,False,False
binary,alpha,beta,0.75,8.0,18,190141,50,0.1,0.1,0.935713484959518,6.200456932889758,8.707382205162023,4.451140666620183e-07,True,True,True,0.12718589293949983,0.12724812700984098,0.12724813519422057,2.586163821337212,2.585937988607359,2.5859379591451184,3.087549948856249e-05,5.045397796053188e-09,0.0002292270106698524,3.039861162790203e-08,False,False,False
binary,alpha,beta,0.75,8.0,19,190142,50,0.1,0.1,0.6664784486518649,8.0,8.202686161457219,0.02721321235086419,True,True,True,0.11961261915109385,0.119602970655639,0.11960296600775479,2.6604105727710303,2.66043988111736,2.6604398845096124,1.3230240132756362e-05,3.110755066190545e-08,-4.6960256248063104e-05,-3.49554687417708e-08,False,False,False
binary,alpha,beta,0.95,0.25,0,200123,50,0.1,0.1,0.5793087639397306,0.1,34.71964385629004,0.3416085923827042,True,True,True,1.821661944532047,1.8217236849134577,1.8217228315321874,0.49204851072770656,0.49202457722601867,0.49202474028814314,3.1885077240529494e-05,1.6870026288641155e-07,6.0565859953953805e-06,-2.80715056533154e-07,False,False,False
binary,alpha,beta,0.95,0.25,1,200124,50,0.1,0.1,0.5722658895422416,0.10112244456757731,34.68622903483895,1.8748771142837146e-07,True,True,True,1.6506857181768142,1.6506172207794845,1.65061924361674,0.49220225517876026,0.49221711138429813,0.4922166664534549,4.460898702286915e-05,4.259281398784732e-07,-2.3680093875100283e-05,7.132572363843792e-07,False,False,False
binary,alpha,beta,0.95,0.25,2,200125,50,0.1,0.1,0.5247984710597087,1.0592014838155026,32.50203689171972,2.347900388320767e-08,True,True,True,2.7020197134889385,2.7021773821571298,2.7021753894096823,0.3998798368716976,0.3998684323968891,0.3998686839577349,4.020587043104134e-05,3.208123311138091e-07,4.477272386793629e-05,-4.4784003705444775e-07,False,False,False
binary,alpha,beta,0.95,0.25,3,200126,50,0.1,0.1,0.4904200348988073,0.1,34.84941792999023,1.6243261602909953,True,True,True,1.3706667098894136,1.3705607525243182,1.3705613498604579,0.5412422055891566,0.5412648453652844,0.5412647003760379,3.7269833750670316e-05,1.5528860509987363e-07,-5.09725969877195e-05,2.6890825921555006e-07,False,False,False
binary,alpha,beta,0.95,0.25,4,200127,50,0.1,0.1,0.98,0.3494299172643961,34.4640582208035,0.3238562129581694,True,True,True,2.4280958376330335,2.4278855644550226,2.4278849249131707,0.49446270379718577,0.49450877914486124,0.49450879751046095,3.689090064091526e-05,2.3158901916679226e-07,-3.3799848971227675e-05,-2.4227100681173397e-07,False,False,False
binary,alpha,beta,0.95,0.25,5,200128,50,0.1,0.1,0.21058692006714919,0.6557653340101429,34.28282648628874,8.263401234112427e-08,True,True,True,1.1242981159965346,1.124386283544865,1.1243873320373612,0.8959196185270111,0.8958947676540959,0.8958944019393,2.6282856845628328e-05,1.525369849418163e-07,5.031783754105845e-05,5.114568821795729e-07,False,False,False
binary,alpha,beta,0.95,0.25,6,200129,50,0.1,0.1,0.9064325343064552,0.494269305598183,33.924536355440054,2.739278176903957e-07,True,True,True,2.457514050614959,2.4575139792236715,2.457512707568382,0.4751800719377204,0.4751801308215632,0.47518022837385265,1.0017311056233879e-05,3.26530002368606e-07,-3.6640255984821124e-07,-4.05144888304676e-07,False,False,False
binary,alpha,beta,0.95,0.25,7,200130,50,0.1,0.1,0.03489404858424042,2.1821154706649075,33.85189934845114,6.260084964923641e-06,True,True,True,0.06011210280193192,0.060337011541823686,0.060334162727963,4.145678479172389,4.144268724576605,4.144288309514598,0.0004864985886763987,2.1250439858735927e-06,0.002086798406800483,-2.4668152370566077e-05,False,False,False
binary,alpha,beta,0.95,0.25,8,200131,50,0.1,0.1,0.5066682279512298,0.38116298914997954,34.42256491685163,1.3504985793665165e-07,True,True,True,3.153496389580203,3.1535702684107028,3.153569127797685,0.18094509444926632,0.1809078260203496,0.18090789384628897,5.644267869400429e-05,2.6689130842885904e-07,-1.976314766949372e-05,-2.8360199166854727e-07,False,False,False
binary,alpha,beta,0.95,0.25,9,200132,50,0.1,0.1,0.14512300093397154,1.2414352477433557,32.53626576877929,3.910525348617094e-07,True,True,True,2.316830521829013,2.316960620686237,2.3169593749012876,1.2615219157837625,1.2615479964970506,1.2615481530580392,0.0001166712357716803,1.8105396643786956e-07,8.582132932843933e-05,-3.5743332205129263e-07,False,False,False
binary,alpha,beta,0.95,0.25,10,200133,50,0.1,0.1,0.98,0.6951816938030997,33.5482405064816,1.4806283772372906,True,True,True,3.375587328068462,3.3754759957667444,3.375476425253606,0.24886659782527643,0.24888858526228297,0.2488885925947946,3.125405672469165e-05,1.4794801661385444e-07,-7.532501378193501e-06,1.356792793671957e-07,False,False,False
binary,alpha,beta,0.95,0.25,11,200134,50,0.1,0.1,0.22030747891948665,1.609544212446116,32.12223815426787,5.8401760571839975e-08,True,True,True,1.8392348734837838,1.8391855851498642,1.8391847963859072,1.4642650664926526,1.46430202518682,1.4643021839196837,5.8286384748429585e-05,6.514375182131956e-08,1.5505510503999176e-05,-2.461180130808316e-07,False,False,False
binary,alpha,beta,0.95,0.25,12,200135,50,0.1,0.1,0.98,0.4521844060683901,34.01027504145681,0.9735677792832931,True,True,True,0.26466194141133575,0.26460487152369294,0.2646027315482492,1.5232972088723087,1.5234008725677286,1.5234043455248438,2.891830664356831e-05,2.637903306952126e-07,-0.0001003982413934068,-4.089080874791762e-06,False,False,False
binary,alpha,beta,0.95,0.25,13,200136,50,0.1,0.1,0.433382021446527,0.10050070005516666,34.680104721046135,1.034565839472708e-07,True,True,True,1.199933444246103,1.1999848147386596,1.1999855657388248,0.7297885801467666,0.72976015193668,0.7297600205091309,2.7859943021460893e-05,3.484005244774178e-07,1.0555545124191212e-05,4.7452964224703464e-07,False,False,False
binary,alpha,beta,0.95,0.25,14,200137,50,0.1,0.1,0.6512562480678651,0.48439651931064354,33.95063571705541,1.8535498413634716e-07,True,True,True,4.250329064805688,4.25046912469252,4.250466199589712,0.1938024230860622,0.19380446297318005,0.19380450508854377,4.112729359585253e-05,6.294762549090073e-07,3.4660983317280625e-05,-6.396966512056679e-07,False,False,False
binary,alpha,beta,0.95,0.25,15,200138,50,0.1,0.1,0.98,0.38280043641724054,34.328138796776514,0.19038316523280563,False,False,False,-0.4484224219893533,-0.4483520227590661,-0.44835277554502123,inf,inf,inf,2.7609478791144823e-05,9.884022453683365e-08,nan,nan,False,False,True
binary,alpha,beta,0.95,0.25,16,200139,50,0.1,0.1,0.49339609583117244,0.1,34.73720974930341,0.4857351889597807,True,True,True,2.754491748372838,2.7545532569212505,2.754553176714472,0.14381358759299342,0.14379274221277605,0.14379277319717296,2.5623415106729994e-05,1.1317969739861615e-07,-1.6625545384840734e-06,6.554209619480389e-09,False,False,False
binary,alpha,beta,0.95,0.25,17,200140,50,0.1,0.1,0.5507515118667559,0.45792531018328597,34.06156188536431,1.7763568394002505e-08,True,True,True,3.0567572951831488,3.056723757990776,3.0567216448633743,0.2978072832615059,0.2978255338019548,0.29782575362710023,2.8537731037213292e-05,3.5242882244509226e-07,9.601935786918148e-06,-4.382218534715321e-07,False,False,False
binary,alpha,beta,0.95,0.25,18,200141,50,0.1,0.1,0.024270362378097984,4.38093253065852,32.226906867063974,7.318625402832511e-06,True,True,True,0.0578375953587091,0.05799435850810909,0.057991296423140146,4.951007083499682,4.950108049690499,4.950129561769324,0.0006332057476168212,3.2687624576652965e-06,0.0016436504217622883,-2.803440204246499e-05,False,False,False
binary,alpha,beta,0.95,0.25,19,200142,50,0.1,0.1,0.02,0.1,34.95008672394828,2.0365306974401145,False,False,False,-53.92558172097236,-53.93123477294435,-53.93122523065013,inf,inf,inf,0.00010403868481194333,1.9837597597252108e-07,nan,nan,False,False,True
binary,alpha,beta,0.95,0.5,0,210123,50,0.1,0.1,0.8824436613708675,0.8435274964999063,31.874028456818856,6.347835460902345e-08,True,True,True,4.915189304300719,4.915137185740271,4.915137115044894,0.2366097944511747,0.2366109168969624,0.23661092105196233,2.2603412548382073e-05,2.3752683329349818e-08,-9.320963666681337e-06,-9.599574468666106e-09,False,False,False
binary,alpha,beta,0.95,0.5,1,210124,50,0.1,0.1,0.5721833030349974,0.1,34.797046590392526,1.1531508441464677,True,True,True,1.3196214908497035,1.319801473925829,1.3198015477313243,0.669555358129619,0.6694916094100691,0.6694915620650566,3.509249885448368e-05,5.580707731377018e-08,6.298861273990042e-05,1.413702932495653e-09,False,False,False
binary,alpha,beta,0.95,0.5,2,210125,50,0.1,0.1,0.98,0.35157669194323327,34.459404378835806,0.06814981290518017,True,True,True,0.5099368027351244,0.5099957088508998,0.5099924097727548,1.1390385594889623,1.1389837851747595,1.1389864734151638,1.3672463253181079e-05,5.449109543102755e-07,4.9074666073067874e-05,-3.373904888803736e-06,False,False,False
binary,alpha,beta,0.95,0.5,3,210126,50,0.1,0.1,0.5112645061460535,0.1,34.734890944551495,0.4037555676461655,True,True,True,1.7014056157156576,1.7013676902978871,1.701367068280326,0.1821681274478923,0.18216712184963402,0.1821673728073801,6.900755498183889e-05,2.700932300740777e-07,-2.3525297699222847e-05,-7.667283341561415e-08,False,False,False
binary,alpha,beta,0.95,0.5,4,210127,50,0.1,0.1,0.98,1.1647357843990618,30.802232996955745,0.6092158120196869,True,True,True,3.7722124051670316,3.7723373617545666,3.772337468450234,0.6373866744297809,0.6373613888953534,0.6373613814948395,2.617315810882378e-05,1.434779000774457e-08,4.033711462625433e-06,1.9763547243201174e-08,False,False,False
binary,alpha,beta,0.95,0.5,5,210128,50,0.1,0.1,0.3153344406278864,0.7440457387220138,34.224720854954484,1.7763568394002505e-08,True,True,True,1.1763813269286414,1.176515491572664,1.176517313452653,0.8013905369101368,0.8013549406509834,0.801354337358041,6.025091051963289e-05,2.9275066230406576e-07,7.391436064807522e-05,8.539710165678116e-07,False,False,False
binary,alpha,beta,0.95,0.5,6,210129,50,0.1,0.1,0.6172639976289571,0.9002772700321592,32.51507085736428,4.14314051144892e-08,True,True,True,4.31310290693293,4.313157116126622,4.313157568142126,0.3852108610240104,0.38519487323990004,0.3851948586669262,2.308221161952121e-05,7.770312350520544e-08,-5.75018352577672e-06,8.802145856634525e-08,False,False,False
binary,alpha,beta,0.95,0.5,7,210130,50,0.1,0.1,0.521947978236172,0.1,34.734041626335355,0.4671666291631522,True,True,True,1.310031604107397,1.3099925234522034,1.3099920599771648,0.4927202504923633,0.49271858692039366,0.49271881420915453,3.604052728720267e-05,1.9976921104904458e-07,-3.183966847331021e-05,-9.212396889779484e-08,False,False,False
binary,alpha,beta,0.95,0.5,8,210131,50,0.1,0.1,0.98,0.815274613807467,32.736001585011564,0.11843603431316296,True,True,True,4.643471726216635,4.643571825971996,4.643570593561501,0.5124167580018049,0.512404375884683,0.5124044608678862,9.190573659239269e-06,1.0260865567804235e-07,7.1338613381044524e-06,-1.675609127005373e-07,False,False,False
binary,alpha,beta,0.95,0.5,9,210132,50,0.1,0.1,0.98,0.9651894468850124,32.380672158653994,0.7205532490672795,True,True,True,0.3320211253256638,0.33194369610545316,0.3319425216073957,1.3775170993095256,1.3776118825172181,1.3776133733792089,4.8991228412009805e-05,1.863727322588208e-07,-0.00012593153270046287,-1.8218327646479793e-06,False,False,False
binary,alpha,beta,0.95,0.5,10,210133,50,0.1,0.1,0.6521773103957951,0.6890285589497118,33.619165801336166,3.019806626980426e-07,True,True,True,4.179212001045633,4.179332433035208,4.179333990551933,0.3394321165857138,0.33940684430574225,0.33940674755446126,3.131233891396488e-05,2.065196940392982e-07,-1.8007469293479517e-08,2.612820750869105e-07,False,False,False
binary,alpha,beta,0.95,0.5,11,210134,50,0.1,0.1,0.7911187651563973,0.3499795890948173,34.50199752636173,1.0973227810126574e-07,True,True,True,4.099162135347305,4.09935031061778,4.099348282699407,0.03246494902258047,0.03245159108069547,0.03245174648312421,3.2824016795435095e-05,3.610773781483013e-07,3.021005694847645e-05,-3.1577909709312735e-07,False,False,False
binary,alpha,beta,0.95,0.5,12,210135,50,0.1,0.1,0.12360309356741539,1.3724698986819932,33.07903234939687,6.927791673660977e-07,True,True,True,1.55447500211003,1.5544883321554122,1.5544885326794287,1.7503437840491167,1.750398008847656,1.7503979352475443,0.00013380777687317172,4.181779479071805e-08,7.104810278235618e-05,4.4261525999900186e-08,False,False,False
binary,alpha,beta,0.95,0.5,13,210136,50,0.1,0.1,0.7467784556080566,0.6139927170235988,33.721302797192855,7.652779469160726e-08,True,True,True,4.374442779718632,4.374488131908741,4.374488402682193,0.23126982486343436,0.23125915823954898,0.23125913475871812,1.3784961530639918e-05,1.047357762303385e-07,-1.8780579722488255e-06,3.4865003328832245e-08,False,False,False
binary,alpha,beta,0.95,0.5,14,210137,50,0.1,0.1,0.7880717662986395,0.7424756008102036,32.56706640399147,4.766465574234764e-08,True,True,True,3.8097349721744393,3.809764240627011,3.809763973095375,0.3154732392960601,0.31548035484987436,0.31548038542057744,2.3919474135363054e-05,3.135668042411662e-08,1.583957070749875e-05,-3.502680101519218e-08,False,False,False
binary,alpha,beta,0.95,0.5,15,210138,50,0.1,0.1,0.8795627846897816,1.0474025772828375,30.61806336861399,3.936758519849735e-09,True,True,True,4.052024130190392,4.052116217853978,4.052115096316011,0.4811107477526984,0.481096238565022,0.4810963159975481,1.4757007501945013e-05,1.3413964712142302e-07,5.834127676962453e-06,-1.8763088149853502e-07,False,False,False
binary,alpha,beta,0.95,0.5,16,210139,50,0.1,0.1,0.5057066057408431,1.7638922245506423,29.791021303536315,1.4246493419520467e-08,True,True,True,2.31721055324396,2.3172361778445163,2.3172360830653282,0.8217598465146317,0.8217608934464413,0.8217609311720082,1.3690649736296422e-05,4.606785507941796e-08,1.2266177453312821e-05,2.531340470568466e-09,False,False,False
binary,alpha,beta,0.95,0.5,17,210140,50,0.1,0.1,0.7273528264258693,0.938081694203795,33.08215145855598,8.888886784459376e-08,True,True,True,1.9799088061549863,1.9799279887633265,1.9799283057460157,0.5218197862550644,0.5218023607031596,0.5218022884620416,3.1539553292000335e-05,4.701753849115474e-08,-1.0296395281272908e-05,7.692741377240964e-08,False,False,False
binary,alpha,beta,0.95,0.5,18,210141,50,0.1,0.1,0.5502128039837704,1.4661051563854148,30.995199348350006,3.211081887949175e-08,True,True,True,2.5233050419155045,2.523404925650549,2.523404146992753,0.63682277272,0.6368063390235015,0.6368064145111695,9.551082305947616e-06,1.4894303520512645e-07,2.0442045119750674e-05,-2.216659140685806e-07,False,False,False
binary,alpha,beta,0.95,0.5,19,210142,50,0.1,0.1,0.3900346858100792,0.6559516708170846,33.365852115681484,3.177643716156509e-08,True,True,True,3.345561524395668,3.345652869900361,3.3456525437119344,0.2975210983603437,0.2975094473154348,0.29750946936425743,1.2413355746965304e-05,7.028150202682708e-08,1.3817244266078887e-05,-7.211155406139369e-08,False,False,False
binary,alpha,beta,0.95,1.0,0,220123,50,0.1,0.1,0.2594777581642383,1.283939190871533,30.562829784772905,5.359097597479544e-08,True,True,True,3.032988135557448,3.0332543967714196,3.0332534111898037,0.5796149825636907,0.5796296104037495,0.579629667512619,0.00013687483846120337,2.1174701928435665e-07,0.0001043663061857103,-2.591765060344642e-07,False,False,False
binary,alpha,beta,0.95,1.0,1,220124,50,0.1,0.1,0.8737834888499384,2.048554687098645,24.578765766733987,1.1352479774022029e-07,True,True,True,2.988526831111997,2.9885588587885055,2.988558528364276,0.8098592452130534,0.8098419252718321,0.809841956136858,2.9048342031659072e-05,4.256717690522852e-08,-9.29852737030501e-06,-7.50283994932488e-08,False,False,False
binary,alpha,beta,0.95,1.0,2,220125,50,0.1,0.1,0.8822394206343511,0.7602441441777786,33.29526501389727,1.5206278589397966e-07,True,True,True,3.9301221655821514,3.930201484090606,3.9302005909426683,0.38646613196864416,0.38645234822827534,0.38645239987953284,1.7485841500552792e-05,1.3451974958792812e-07,4.145091224927455e-06,-1.6778677291995336e-07,False,False,False
binary,alpha,beta,0.95,1.0,3,220126,50,0.1,0.1,0.98,0.6490682509239611,33.46216098156088,0.12294248818989632,True,True,True,3.654705116617391,3.654691275685991,3.654690929708225,0.2553797933550008,0.2553821171299223,0.25538212092691087,1.4388710007012475e-05,1.1525516126590651e-07,-1.2021118251936969e-06,-9.029531611304265e-08,False,False,False
binary,alpha,beta,0.95,1.0,4,220127,50,0.1,0.1,0.98,0.5327865267446913,33.985306688832,0.9360734551933205,False,False,False,-1.000220917868977,-1.0002151399888042,-1.000214763910669,inf,inf,inf,1.826088536182477e-05,1.0708672658507518e-07,nan,nan,False,False,True
binary,alpha,beta,0.95,1.0,5,220128,50,0.1,0.1,0.870009402544517,1.122884621362526,31.36085608515616,2.0181653721190319e-07,True,True,True,3.86515522837948,3.865252412634711,3.8652519155336504,0.641032656593122,0.6410163640024874,0.641016401117459,1.3826664328488865e-05,5.089673724078358e-08,6.299955774835553e-06,-8.587747402089008e-08,False,False,False
binary,alpha,beta,0.95,1.0,6,220129,50,0.1,0.1,0.9139804006648021,0.6576252524223976,33.608659956408054,5.695433295429594e-08,True,True,True,4.827307813063534,4.827368682657731,4.827368181713168,0.11316015390976465,0.11316612273509355,0.11316609384283026,2.4200155913948776e-05,1.514745624815175e-07,1.934417820592671e-05,-1.3703521517527406e-07,False,False,False
binary,alpha,beta,0.95,1.0,7,220130,50,0.1,0.1,0.4506511944674107,0.9588682648234615,32.50444083574576,8.533911106286718e-08,True,True,True,3.8486202022175666,3.8487976586785093,3.8487966042348525,0.3511275903509058,0.35110339533658974,0.35110351054069594,2.506706293412973e-05,1.3149005862317828e-07,1.8111176181889732e-05,-1.4133343739786142e-07,False,False,False
binary,alpha,beta,0.95,1.0,8,220131,50,0.1,0.1,0.18368804943194667,1.0437270495787512,33.30821520237361,1.0242271343267067e-07,True,True,True,2.146242365299761,2.146153973266052,2.1461537594361473,0.9564530533054355,0.9565347020341274,0.9565346780575474,0.00015125114164627707,1.5705972230601239e-07,5.2688933017464024e-05,-1.2723806008807514e-07,False,False,False
binary,alpha,beta,0.95,1.0,9,220132,50,0.1,0.1,0.98,0.3750152937878036,34.52576557965475,0.039757846793400005,False,False,False,-0.5752812968855617,-0.5750058360649708,-0.5750048127715331,inf,inf,inf,5.465268590585364e-05,2.3376102379253903e-07,nan,nan,False,False,True
binary,alpha,beta,0.95,1.0,10,220133,50,0.1,0.1,0.98,1.7753222494054146,25.513895347857744,1.424045636966298,True,True,True,3.4791516942738143,3.4792096286801435,3.4792092244300736,0.7378143520956069,0.7378015025196957,0.7378015235010719,1.5839075252178666e-05,7.168957902521168e-08,1.7660829527699207e-06,-9.203450446193528e-08,False,False,False
binary,alpha,beta,0.95,1.0,11,220134,50,0.1,0.1,0.98,1.4917362715859002,26.72558299872489,2.636289302415666,True,True,True,5.61584924995827,5.6160308733956725,5.616030926038668,0.11682946734268983,0.11679976343147845,0.11679976571462926,3.5144562144877916e-05,1.5208058595154573e-08,-1.8451884713499567e-06,1.2002278282352563e-08,False,False,False
binary,alpha,beta,0.95,1.0,12,220135,50,0.1,0.1,0.8689370562506076,1.6271909777536688,27.527548481015977,2.618799170026666e-08,True,True,True,3.111610398800207,3.1115596692449565,3.111559733419749,0.7098377329091887,0.7098356987057115,0.709835715624731,2.079066671693605e-05,6.430280010508133e-08,-1.860530485231493e-05,4.010338017224058e-08,False,False,False
binary,alpha,beta,0.95,1.0,13,220136,50,0.1,0.1,0.98,0.44628218831805666,34.357304347263806,0.8523159777951158,False,False,False,-2.6133312843940564,-2.6132109838296036,-2.613210981545832,inf,inf,inf,3.535527320611377e-05,1.8918120454200225e-07,nan,nan,False,False,True
binary,alpha,beta,0.95,1.0,14,220137,50,0.1,0.1,0.8469515029834536,1.077604282387424,31.77507003849592,3.744889774611484e-08,True,True,True,2.830257810898081,2.830278562170067,2.8302779012645343,0.5447418942317811,0.544732161844347,0.5447322291485974,1.7230086265369796e-05,9.937600758471055e-08,-4.028940669087433e-06,-1.560256848165409e-07,False,False,False
binary,alpha,beta,0.95,1.0,15,220138,50,0.1,0.1,0.4095484200771061,1.0000885082281112,32.47619035406107,3.6576662588662304e-08,True,True,True,3.7356608555289426,3.7358633571644515,3.735862377285016,0.5532217585365484,0.5532090085751489,0.5532090924915475,2.829011273012667e-05,9.742384119698097e-08,3.936163169271367e-05,-1.656776618119693e-07,False,False,False
binary,alpha,beta,0.95,1.0,16,220139,50,0.1,0.1,0.98,0.9491685785320155,31.75573861550202,2.6084559276995383,False,False,False,-3.4045243563255534,-3.4045701754470126,-3.4045708719939216,inf,inf,inf,1.4423384949599851e-05,9.242485904360483e-08,nan,nan,False,False,True
binary,alpha,beta,0.95,1.0,17,220140,50,0.1,0.1,0.98,0.6111283179762917,33.40454779013105,0.804245974705999,True,True,True,2.7284755867197052,2.728501374198961,2.7285009435759444,0.4459545209585562,0.4459497159283799,0.4459497065737892,1.114343711836621e-05,1.791833534662175e-07,3.75060663060367e-06,-1.6859388551893062e-07,False,False,False
binary,alpha,beta,0.95,1.0,18,220141,50,0.1,0.1,0.98,0.7551513891497555,33.076064014721055,1.3740061710620974,True,True,True,5.888484183148245,5.888633311596268,5.888632409619891,0.33362605938977685,0.3336016456631797,0.3336017073648244,3.183877769318277e-05,7.27200817002562e-08,-2.8643587839383144e-06,-8.213581281779625e-08,False,False,False
binary,alpha,beta,0.95,1.0,19,220142,50,0.1,0.1,0.6244329746663067,1.2087589706318413,30.24166030049695,4.682780383030002e-08,True,True,True,4.375698563194342,4.375792537228885,4.375792089980269,0.377344347536861,0.3773311664755537,0.3773311840606405,1.564173354069018e-05,6.970779503318288e-08,6.218897745213781e-06,-8.196416700911868e-08,False,False,False
binary,alpha,beta,0.95,3.0,0,230123,50,0.1,0.1,0.98,2.7517933059185546,19.683513148594216,7.560762215419459,True,True,True,1.6501976699504664,1.650304037700073,1.6503038908032552,0.9885084963000095,0.9884666699139435,0.9884666856057946,3.320225693798274e-05,5.4705021173602476e-08,1.623015088370039e-05,-7.094606502278111e-08,False,False,False
binary,alpha,beta,0.95,3.0,1,230124,50,0.1,0.1,0.7041920537736392,2.995564792471833,18.015555906408707,9.19306214753752e-09,True,True,True,1.7578496239313728,1.757894364010935,1.7578943029798488,0.9525631052262504,0.9525373008667658,0.9525372986294328,3.4100194749230735e-05,3.99291052354938e-08,-4.294388116221626e-06,-3.7294114463293226e-08,False,False,False
binary,alpha,beta,0.95,3.0,2,230125,50,0.1,0.1,0.9206497120754723,2.674061732245682,22.585772923328093,9.114053772885026e-08,True,True,True,1.496405865191082,1.4963268980517048,1.4963269728960258,1.2252187853866454,1.2252271160946095,1.2252271026015102,3.383915435896791e-05,1.9344934141104513e-08,-4.3147030403645203e-05,3.44841915023153e-08,False,False,False
binary,alpha,beta,0.95,3.0,3,230126,50,0.1,0.1,0.7054317564139223,4.110901568210529,14.583815112008448,2.5269565640233874e-07,True,True,True,0.8366421203467277,0.8366154255337398,0.8366154157876552,1.5681184679788585,1.5681305581122313,1.5681305519137074,4.1835844442338615e-06,2.5915173905797684e-08,-1.8007101417083504e-05,-1.8785733857384912e-08,False,False,False
binary,alpha,beta,0.95,3.0,4,230127,50,0.1,0.1,0.7850610116026614,2.2996921533592625,27.710347227723744,5.1758032064128106e-08,True,True,True,1.5565314361455107,1.5566002901444078,1.556600231325581,1.3754763790137285,1.3754547263390984,1.3754547430614275,5.939862469734128e-06,2.8319190941858873e-09,1.9287458055572415e-05,-1.853443265531496e-08,False,False,False
binary,alpha,beta,0.95,3.0,5,230128,50,0.1,0.1,0.8469382198927031,3.2776638738924593,15.917598263821235,1.0680931160676619e-07,True,True,True,1.2076124205478704,1.2076251791210535,1.2076251176337562,1.6070173639209027,1.6070120114694804,1.607012027761825,2.1025828039767276e-06,1.3710360572990992e-08,4.370670655617914e-06,-3.2158627760736636e-08,False,False,False
binary,alpha,beta,0.95,3.0,6,230129,50,0.1,0.1,0.9006235052978653,5.859614252498628,12.671606439876363,9.414450848114345e-08,True,True,True,0.13674224010350516,0.13680503610080716,0.136805021364743,2.5000232251372734,2.499785531691107,2.4997855647079414,8.830277485509556e-05,3.295050293474647e-08,0.00018539915427773224,-6.970377164350339e-08,False,False,False
binary,alpha,beta,0.95,3.0,7,230130,50,0.1,0.1,0.98,2.7239346314542865,20.284219309223218,6.179380815041213,True,True,True,1.6041913582903526,1.6042530274461604,1.6042529848871956,1.1077042523023117,1.1076743012108863,1.107674298207173,3.101856307145961e-05,3.4241294978542684e-08,3.929324201124018e-06,-2.9986985339292005e-08,False,False,False
binary,alpha,beta,0.95,3.0,8,230131,50,0.1,0.1,0.8459107017106765,3.1695339321523788,18.655675953705316,6.218259274455844e-08,True,True,True,0.9745747703354206,0.9746509447904336,0.974650869997364,1.5086172311739505,1.508581025504958,1.5085810439535001,8.116075048761354e-06,3.521370261708432e-08,3.641986510771744e-05,-5.549864923182213e-08,False,False,False
binary,alpha,beta,0.95,3.0,9,230132,50,0.1,0.1,0.98,2.5753152817054614,22.66882880164188,0.7590931652146197,True,True,True,1.754928319912168,1.7549836563537122,1.754983549707139,1.1276873612322034,1.1276659551967538,1.1276659670961422,1.7968864492548325e-05,3.358771132813601e-08,6.839849440609669e-06,-4.706816980615258e-08,False,False,False
binary,alpha,beta,0.95,3.0,10,230133,50,0.1,0.1,0.9147968767907272,2.8900937344474196,18.15461273047773,1.2168965191557997e-07,True,True,True,1.7445588051581495,1.7445820711350855,1.7445820264223773,1.2819567228902404,1.2819448581575652,1.2819448606468378,1.4596206345357e-05,1.9931677191144088e-08,-3.463208670950735e-07,-2.2763586571272754e-08,False,False,False
binary,alpha,beta,0.95,3.0,11,230134,50,0.1,0.1,0.5939883775655904,2.536922756502276,20.735879049500703,2.2891401164139235e-07,True,True,True,2.5806329492384825,2.5806969400369573,2.5806966836935965,0.5522823415806412,0.5522866116211014,0.5522866158694201,3.5145687290615435e-05,9.041202340156738e-08,2.961787006938721e-05,-9.444000426128696e-08,False,False,False
binary,alpha,beta,0.95,3.0,12,230135,50,0.1,0.1,0.7940873599422719,2.9838556541851204,15.438341646228157,9.296259121186697e-08,True,True,True,1.90977280133514,1.909777490178378,1.9097774575182505,0.8443048677533174,0.844304901022649,0.8443048847061171,3.439405010966698e-06,5.42786443897895e-08,2.4575968797790892e-06,-3.588663766151967e-08,False,False,False
binary,alpha,beta,0.95,3.0,13,230136,50,0.1,0.1,0.4481708917235492,3.5290719530723895,21.759376713893737,2.1694922716586813e-07,True,True,True,1.0134282629920006,1.0135485142298932,1.013548505752156,1.5325891582987186,1.5325386467045758,1.5325386532615404,4.765435421966251e-06,7.620717337895055e-09,6.0496392261910614e-05,-8.154259489856486e-10,False,False,False
binary,alpha,beta,0.95,3.0,14,230137,50,0.1,0.1,0.98,2.6704552632370873,21.410915981340757,0.008797574224890145,True,True,True,1.4325578282929095,1.4326223609249797,1.4326222965003108,1.3679463156685703,1.3679252936906876,1.3679252923381489,4.063616256137512e-06,4.913481398575697e-08,2.0797151357498933e-05,-4.6526917429901005e-08,False,False,False
binary,alpha,beta,0.95,3.0,15,230138,50,0.1,0.1,0.47371344507975294,3.814748158796308,20.575634777802417,9.084661852113081e-08,True,True,True,0.9062423161055537,0.9062649836793784,0.90626497416807,1.5251029210653264,1.525112726468359,1.5251127104100408,4.775998390784769e-05,4.903668881092493e-08,3.6272299063000446e-05,-2.8982885424966298e-08,False,False,False
binary,alpha,beta,0.95,3.0,16,230139,50,0.1,0.1,0.98,3.526437490588751,14.560969516779577,3.20711878654123,True,True,True,1.0322050798081994,1.0322750947637844,1.0322750596089896,1.4751012499698735,1.475060830022247,1.4750608398696998,2.539429748495005e-05,1.1590955086512148e-08,2.1270266728379283e-05,-2.2718346315286908e-08,False,False,False
binary,alpha,beta,0.95,3.0,17,230140,50,0.1,0.1,0.98,3.29539596145711,19.173449880510134,2.903994566594293,True,True,True,1.0277136780156737,1.0277378515391629,1.027737847960096,1.7661951631839177,1.7661741400392685,1.7661741254325127,2.4956804766071867e-05,3.7341812352279644e-08,-7.027134891757214e-07,-2.029911883028035e-08,False,False,False
binary,alpha,beta,0.95,3.0,18,230141,50,0.1,0.1,0.7539831016818495,3.2965386266342906,18.187721597849436,2.312034777098888e-07,True,True,True,1.3083117320347701,1.3084053855034745,1.3084053511721576,1.5819829341638303,1.5819495013425713,1.5819495091383582,5.961883415874612e-06,8.353232299060331e-09,3.3072667239508746e-05,-1.7263818818946675e-08,False,False,False
binary,alpha,beta,0.95,3.0,19,230142,50,0.1,0.1,0.98,2.248306009975298,23.366615952305956,7.203571557923283,True,True,True,2.4557531578632728,2.45574776349261,2.4557476347773637,0.9468370753907263,0.9468288461346261,0.946828871453944,2.1262828203424343e-05,8.356212412294353e-09,-1.1694173320364598e-05,-2.3263929449512943e-08,False,False,False
binary,alpha,beta,0.95,8.0,0,240123,50,0.1,0.1,0.98,5.50172949169002,17.854314653730196,4.812662906417131,True,True,True,0.12130816827156721,0.12129015717142716,0.12129013407855066,3.015967085393177,3.0160184885344203,3.0160185694335815,3.024335429708172e-05,5.047469344195606e-09,-8.940215220221148e-05,-9.725507510438547e-08,False,False,False
binary,alpha,beta,0.95,8.0,1,240124,50,0.1,0.1,0.8195780371026762,6.32210633195541,14.16511523993853,1.7254376228969458e-07,True,True,True,0.12725480270216416,0.12725615480172678,0.12725612771718778,2.7650042904983247,2.7649820309678708,2.764982113352409,4.0668885863155384e-05,2.3709108483702994e-08,-1.5120138249002935e-05,-1.1798612398195019e-07,False,False,False
binary,alpha,beta,0.95,8.0,2,240125,50,0.1,0.1,0.98,5.602841740901388,17.10803690026472,2.0283031112455774,True,True,True,0.12056354999336574,0.12056424541599703,0.12056424202203354,3.0257268302218088,3.0257133598170327,3.0257133746650102,2.5411201789957124e-05,6.458983647921499e-09,-9.751349399067522e-06,-1.1056297211098354e-08,False,False,False
binary,alpha,beta,0.95,8.0,3,240126,50,0.1,0.1,0.98,5.776667023201789,13.01358378502339,3.3633767761998,True,True,True,0.12759242567730042,0.1275861836386858,0.12758617261941266,2.4631809821650683,2.463183459949034,2.463183497560029,4.3236219265710654e-05,4.901764857784442e-09,-4.611331043768985e-05,-4.306603607062698e-08,False,False,False
binary,alpha,beta,0.95,8.0,4,240127,50,0.1,0.1,0.9218900278343092,6.029157801448039,14.781307392734906,1.887195481382914e-07,True,True,True,0.12357338738689146,0.12358256247215083,0.12358256128381424,2.792965883405606,2.792923664830123,2.7929236712499637,2.3032057766887142e-05,5.835160053444721e-09,2.5637155772528786e-05,-2.224616935109225e-09,False,False,False
binary,alpha,beta,0.95,8.0,5,240128,50,0.1,0.1,0.8699770788388261,5.891466210791536,13.795810299245751,1.6876709776741426e-07,True,True,True,0.14675539423766587,0.14675308163205672,0.14675305209069806,2.5082098360829392,2.5081846922447557,2.508184766556892,7.373821622485645e-05,3.152602472574175e-08,-4.482201481970094e-05,-1.1574476133091594e-07,False,False,False
binary,alpha,beta,0.95,8.0,6,240129,50,0.1,0.1,0.9697646494466521,5.688017077627721,16.35173336360697,5.028490405761414e-07,True,True,True,0.11982727486870687,0.11987681934169397,0.11987681295335094,2.967905193788584,2.9677164458108205,2.9677164679747707,2.137629840555776e-05,3.1796696307856986e-09,0.00019604837385323037,-2.7773705113531832e-08,False,False,False
binary,alpha,beta,0.95,8.0,7,240130,50,0.1,0.1,0.98,5.5162807332800305,14.511723278423274,9.627793644995108,True,True,True,0.10870758264073829,0.10873438625005524,0.10873437525672675,2.927079280933209,2.9269606417401413,2.926960683636066,2.681373926631675e-05,5.644153522590522e-09,0.00010989446327336339,-5.2868132982553107e-08,False,False,False
binary,alpha,beta,0.95,8.0,8,240131,50,0.1,0.1,0.8722555029904207,5.968948970600913,18.7819704659393,9.611694392719706e-07,True,True,True,0.11493118669220415,0.11493122785599245,0.11493121580467447,2.983009202220703,2.982992117014701,2.982992154187745,3.906672346145752e-05,1.9791610428750033e-08,-1.9373969820435377e-05,-6.2059733352271e-08,False,False,False
binary,alpha,beta,0.95,8.0,9,240132,50,0.1,0.1,0.8469487877781388,5.965181449437083,9.735614003079128,5.784739923395551e-08,True,True,True,0.16596842044003735,0.16599517513149928,0.16599516892958735,2.2851064258515934,2.2850186295213795,2.28501864335611,4.103211346963825e-05,9.128013355761704e-09,6.0089820562936325e-05,-2.1434178876234e-08,False,False,False
binary,alpha,beta,0.95,8.0,10,240133,50,0.1,0.1,0.98,5.80313518994393,12.967384087898553,1.7863760506386939,True,True,True,0.1253494882064871,0.125357156473095,0.12535714572714032,2.934984915432985,2.934939152253844,2.9349391872178576,4.427122514640373e-05,6.49488734851733e-09,8.440946006160743e-06,-4.546889975642898e-08,False,False,False
binary,alpha,beta,0.95,8.0,11,240134,50,0.1,0.1,0.98,5.6704916619089785,13.07506003469585,6.697177308723212,True,True,True,0.12180603836087468,0.12179772474944293,0.12179769956338926,2.751063131489371,2.751079123993619,2.751079206673656,3.15493862689133e-05,1.686305809630184e-08,-4.995474320246274e-05,-1.1159702317797837e-07,False,False,False
binary,alpha,beta,0.95,8.0,12,240135,50,0.1,0.1,0.6187251494325109,5.530043597555885,7.320012967374883,2.1246808940107604e-08,True,True,True,0.2710048178952525,0.27096524548424056,0.2709652480117407,1.8132223570387165,1.813282278370063,1.8132822741832417,8.543584309735009e-06,1.4137465011759511e-09,-7.704023332610888e-05,4.507509032691814e-09,False,False,False
binary,alpha,beta,0.95,8.0,13,240136,50,0.1,0.1,0.9385913811543408,5.791194694429143,14.141191287186418,2.922886086908379e-07,True,True,True,0.12297238716164141,0.1229853628096788,0.12298535669125354,2.8942618050540774,2.8942031152774614,2.8942031372679424,2.9739670515631914e-05,2.939659714009683e-09,3.791766080674108e-05,-2.4431738410157777e-08,False,False,False
binary,alpha,beta,0.95,8.0,14,240137,50,0.1,0.1,0.9347370560783496,5.995272851095233,11.363827568047665,1.289290272391175e-07,True,True,True,0.1259294842113993,0.12591798663604128,0.12591798117172295,2.8759519893744496,2.8759814452204187,2.875981468268562,2.357584950580748e-05,1.0247080718819525e-08,-5.741042802753782e-05,-1.686069595052686e-08,False,False,False
binary,alpha,beta,0.95,8.0,15,240138,50,0.1,0.1,0.9344670837314789,6.069854110720148,8.69469624004561,2.6739075483317384e-07,True,True,True,0.127688565214229,0.1277237941846602,0.1277237890878011,2.628740803745485,2.6286188129426336,2.6286188302940716,5.283857945915865e-06,1.9752802300440447e-09,0.00013539253008332253,-1.992874132383804e-08,False,False,False
binary,alpha,beta,0.95,8.0,16,240139,50,0.1,0.1,0.7711751112081288,6.511265046138735,10.668735973746056,4.158487529014544e-07,True,True,True,0.13067317532379394,0.13064267281853098,0.1306426606772428,2.67806273552282,2.6781454279775625,2.678145458381672,4.317600480739171e-05,2.343880123683373e-08,-0.00013830788540403205,-5.7931066166361234e-08,False,False,False
binary,alpha,beta,0.95,8.0,17,240140,50,0.1,0.1,0.8541333874955352,6.463267612238996,16.769458653035144,1.9440776560035202e-07,True,True,True,0.10029514168618035,0.10029491679959937,0.10029489397223396,3.1134275095666637,3.1134083795773275,3.11340847022341,4.638562647729087e-05,1.933254098191798e-08,-2.43897069331922e-05,-1.2324228038096408e-07,False,False,False
binary,alpha,beta,0.95,8.0,18,240141,50,0.1,0.1,0.98,5.449525238873953,17.214395588156975,7.012874235101663,True,True,True,0.1143306690011451,0.11432309217860447,0.11432305406643928,2.971666900344669,2.971688589988202,2.9716887339631297,1.6660688278526532e-05,3.0825458777353674e-09,-4.146981553176943e-05,-1.676152088236904e-07,False,False,False
binary,alpha,beta,0.95,8.0,19,240142,50,0.1,0.1,0.9253419159959131,5.921231803415467,13.407392037160374,4.5485509971490337e-07,True,True,True,0.12149301218949235,0.12146768027464286,0.12146766415032909,2.8169878795135244,2.817066793022979,2.8170668472310383,2.6886013850590332e-05,8.536757093270278e-09,-0.00011774465940384005,-7.0336385604719e-08,False,False,False
categorical,alpha,beta,0.05,0.25,0,1000123,50,0.1,0.1,0.09496253684296711,1.0855711941857489,54.46387495727064,9.166527095368813e-07,True,True,True,0.7707506969770461,0.7708873932193989,0.7708869944177933,2.080677527893998,2.0806188639369063,2.080619063030385,4.254434272452617e-05,5.92573320229695e-08,0.00010951146358451069,-2.881132559195976e-07,False,False,False
categorical,alpha,beta,0.05,0.25,1,1000124,50,0.1,0.1,0.02,0.1,55.2019181573866,1.237981055400152,False,False,False,-27.2171312344107,-27.21762947627817,-27.217633365990753,inf,inf,inf,4.042205607712351e-05,1.5579944216655655e-07,nan,nan,False,False,True
categorical,alpha,beta,0.05,0.25,2,1000125,50,0.1,0.1,0.8092912300244557,0.7863394591400439,53.18984393116828,3.3666531579917014e-07,True,True,True,1.0305499615124332,1.0305615026236727,1.0305627559699462,0.8407273950179587,0.84070761340742,0.8407071047575,4.751690526558478e-05,2.409230947447597e-07,-1.0944928284573052e-05,6.3057244403808e-07,False,False,False
categorical,alpha,beta,0.05,0.25,3,1000126,50,0.1,0.1,0.98,0.20308359635897527,54.96895699467495,0.28858161371706653,False,False,False,-1.6359688847129052,-1.6357866942648236,-1.6357866244027632,inf,inf,inf,1.8774417893806297e-05,1.0080840625961616e-07,nan,nan,False,False,True
categorical,alpha,beta,0.05,0.25,4,1000127,50,0.1,0.1,0.3769675910223378,0.1,55.18336636216624,2.1144092252867113,True,True,True,0.15927175132263352,0.15931071163381247,0.1593122508304619,1.5540666527822788,1.5539519465567406,1.553947846572679,2.0750165058949076e-05,3.488115148132006e-07,0.0001174662628145029,4.941273978431582e-06,False,False,False
categorical,alpha,beta,0.05,0.25,5,1000128,50,0.1,0.1,0.02,0.10000000000000016,55.192432417361694,0.7945945090603741,False,False,False,-19.893352250724604,-19.894521410360824,-19.89452040086184,inf,inf,inf,5.630763183585691e-05,1.4005509081162417e-07,nan,nan,False,False,True
categorical,alpha,beta,0.05,0.25,6,1000129,50,0.1,0.1,0.8777781061810509,0.5088213236598091,54.10562256433121,9.697021187062788e-08,True,True,True,4.428130938726761,4.428104007130358,4.428101888256941,0.2974500477719503,0.29745019132829714,0.2974502641504409,1.4595791996264063e-05,3.513358146939875e-07,-6.311342623632754e-06,-3.946663156284558e-07,False,False,False
categorical,alpha,beta,0.05,0.25,7,1000130,50,0.1,0.1,0.4363024786790349,0.5283817055674482,54.507926316113,4.394464126581348e-08,True,True,True,1.5846016552954652,1.584658016208069,1.5846575386707726,0.557210799363531,0.5571801123779018,0.5571802134201942,3.8285347974204176e-05,2.273802272013293e-07,5.252282875289893e-08,-1.8502119303320796e-07,False,False,False
categorical,alpha,beta,0.05,0.25,8,1000131,50,0.1,0.1,0.715666090848746,0.3492474871465142,54.71010878262069,2.8236810976542326e-07,True,True,True,4.655242808136146,4.655279035138036,4.655280227528455,0.049310091889375164,0.04930831078230311,0.049308260455624406,1.173068896441314e-05,2.1182947563581434e-07,5.929569951490521e-06,1.9819649565988584e-07,False,False,False
categorical,alpha,beta,0.05,0.25,9,1000132,50,0.1,0.1,0.44194532192876906,0.7049811687712749,53.877046511337774,3.177643716156509e-08,True,True,True,2.4679313309705573,2.468147050515121,2.4681472123134123,0.4341783070554219,0.4341424364243601,0.4341424279509499,3.997194018630621e-05,9.026459620013518e-08,4.616344369168246e-05,5.579917683462554e-08,False,False,False
categorical,alpha,beta,0.05,0.25,10,1000133,50,0.1,0.1,0.4786329282180716,0.1,55.05495535374303,0.9329575085814725,True,True,True,1.6888640221466373,1.6890488549590694,1.689048544316898,0.39201430582890506,0.3919638792118211,0.3919638180881089,6.963068819217768e-05,3.108370520927606e-07,5.112602895707141e-05,-2.5428673922078815e-07,False,False,False
categorical,alpha,beta,0.05,0.25,11,1000134,50,0.1,0.1,0.6910759713386997,0.18029937143770305,54.92458355326887,3.657742603375524e-08,True,True,True,2.6985927713399382,2.698417581388057,2.698418017532112,0.3162988936291294,0.3163312040793996,0.3163310803159991,4.21903546247132e-05,1.407366857378809e-07,-2.7703187960526066e-05,1.9141673135436577e-08,False,False,False
categorical,alpha,beta,0.05,0.25,12,1000135,50,0.1,0.1,0.4741400603670793,0.1,55.01985900094108,0.5414808192938418,True,True,True,1.9071794714735089,1.9073091696719897,1.9073104971023094,0.26661757721671414,0.2665439461927303,0.2665437894641438,9.725501158778557e-05,4.522102325861395e-07,-1.625239143976387e-05,5.155294928727017e-07,False,False,False
categorical,alpha,beta,0.05,0.25,13,1000136,50,0.1,0.1,0.636798398501132,0.36309131236371434,54.59679582964332,9.972942541209448e-08,True,True,True,4.9010054375239465,4.901017612065485,4.901017916685964,0.17444774687662484,0.17445588983471555,0.17445583699283723,1.786057685023967e-05,6.848074967851593e-08,1.1860332541857588e-05,1.318070985689701e-09,False,False,False
categorical,alpha,beta,0.05,0.25,14,1000137,50,0.1,0.1,0.7568590123487279,0.1,55.10085593839212,0.9993805782926507,False,False,False,-0.6730297859147227,-0.6729375509884952,-0.6729384583889538,inf,inf,inf,2.147972803636426e-05,1.817614231995533e-07,nan,nan,False,False,True
categorical,alpha,beta,0.05,0.25,15,1000138,50,0.1,0.1,0.5840676448159932,0.16816102351547071,54.91248891605791,2.8207741197092e-07,True,True,True,2.3281657360553574,2.3281893162331686,2.328189882831547,0.34660614472582435,0.346594037538738,0.3465938949606368,4.906947695446174e-05,1.2758588976415512e-07,-3.7315289773687255e-06,7.92152548001468e-08,False,False,False
categorical,alpha,beta,0.05,0.25,16,1000139,50,0.1,0.1,0.30817226870090225,0.1,55.04804821193696,0.4916425098144836,False,False,False,-1.0183742169406653,-1.0182284454217878,-1.0182298248913508,inf,inf,inf,2.8575722989942095e-05,3.494639815880633e-07,nan,nan,False,False,True
categorical,alpha,beta,0.05,0.25,17,1000140,50,0.1,0.1,0.04849178686835172,3.782298990691294,53.22160821319877,9.237174958840161e-07,True,True,True,0.07715000752263355,0.0772269933218149,0.07722634922097968,4.037827726815116,4.037535877468144,4.037538999509185,0.00032426785446823715,1.1528278346059087e-06,0.0006566240388750089,-4.746011022405128e-06,False,False,False
categorical,alpha,beta,0.05,0.25,18,1000141,50,0.1,0.1,0.4771199970014202,0.1,55.01319458258679,0.6320136947124431,True,True,True,1.3781573608817996,1.3781577645472336,1.3781562294798613,0.6604507497038841,0.6604561733208486,0.6604565990660232,1.2375080937724932e-05,2.744337711915361e-07,5.9133740464289986e-06,-6.236979785967378e-07,False,False,False
categorical,alpha,beta,0.05,0.25,19,1000142,50,0.1,0.1,0.37874204053527366,0.1,55.03049978800545,0.46950046339593243,False,False,False,-0.3274471482199839,-0.3273969942829706,-0.32739585872360283,inf,inf,inf,3.613570637850772e-05,3.565195632723924e-07,nan,nan,False,False,True
categorical,alpha,beta,0.05,0.5,0,1010123,50,0.1,0.1,0.02,2.612885031715288,54.99440091708554,3.7432614981014476,True,True,True,0.026234570397561816,0.026201494657182352,0.026201240383616577,4.50384294792843,4.504542296801358,4.5045460116777525,0.00034758558212289223,1.1518748916290243e-06,-0.00046183725334714154,-5.4276818914900105e-06,False,False,False
categorical,alpha,beta,0.05,0.5,1,1010124,50,0.1,0.1,0.6826249794352163,0.18194075473417254,54.9099162915425,0.024481854704653687,True,True,True,2.445433165968016,2.4454727944022308,2.4454714418628627,0.389564440012554,0.38956055295907105,0.38956067734767796,1.911397828183837e-05,3.5182662209241926e-07,1.1319939233089826e-05,-4.098713617395333e-07,False,False,False
categorical,alpha,beta,0.05,0.5,2,1010125,50,0.1,0.1,0.43639593713752484,0.8781287141247198,53.26954364872913,3.3666531579917014e-07,True,True,True,3.9669788995411865,3.9671536857493606,3.9671506425920993,0.6317602642029803,0.6317517540861604,0.631752013351973,2.714987710261029e-05,2.4414929132973166e-07,3.379307928241815e-05,-4.685978183260886e-07,False,False,False
categorical,alpha,beta,0.05,0.5,3,1010126,50,0.1,0.1,0.02,0.1,55.18090808225924,0.2755225040052839,False,False,False,-11.724509133541947,-11.724997039311203,-11.724996201901106,inf,inf,inf,4.2258286510280345e-05,1.536047099876312e-07,nan,nan,False,False,True
categorical,alpha,beta,0.05,0.5,4,1010127,50,0.1,0.1,0.9713023026419505,0.27358130319045487,54.80470583210953,1.9082405347597536e-07,True,True,True,2.9380865016423563,2.937976673432287,2.937977053100653,0.511695758418652,0.5117120437663466,0.5117119851959994,1.7916984816820587e-05,5.186133192731329e-08,-1.8570566403752764e-05,6.179622857871436e-08,False,False,False
categorical,alpha,beta,0.05,0.5,5,1010128,50,0.1,0.1,0.12269853972990538,2.102720934830182,53.64086251439507,2.0961691643391206e-07,True,True,True,0.1551542525830046,0.1552868026186469,0.15528681706889366,2.8839052026210976,2.8835526796530497,2.883552605434954,4.32785551049424e-05,7.839830691783011e-08,0.0004480971551430457,7.60847029823708e-09,False,False,False
categorical,alpha,beta,0.05,0.5,6,1010129,50,0.1,0.1,0.7193967309489363,0.38474365018539497,54.67753998083235,6.081266252743835e-08,True,True,True,1.5016093673769364,1.501666083985065,1.5016659887917125,0.5252610651983773,0.5252458378659105,0.5252459648621259,1.1768993647611274e-05,2.2064636672261512e-07,2.032153793152247e-05,8.281796937126273e-08,False,False,False
categorical,alpha,beta,0.05,0.5,7,1010130,50,0.1,0.1,0.028527247091250794,2.701031926070609,53.26247104323089,1.6235906839999164e-06,True,True,True,0.03960444281599687,0.040122831996079474,0.04011819059805461,4.869445422432972,4.863999897282497,4.864049530631615,0.0004641033426195351,1.4050283045074207e-06,0.006676308024218258,-5.8543907861974276e-05,False,False,False
categorical,alpha,beta,0.05,0.5,8,1010131,50,0.1,0.1,0.4569656849012856,0.5709031016543464,54.49246314998799,2.593724310663103e-07,True,True,True,2.1715865270190786,2.171545707375601,2.1715438974045087,0.5489385103447655,0.548958133824386,0.5489583335427526,2.685786161546855e-05,4.254000779511053e-07,3.19147605409853e-06,-6.035604371845693e-07,False,False,False
categorical,alpha,beta,0.05,0.5,9,1010132,50,0.1,0.1,0.98,0.6107332465318627,53.668960513576295,1.313659304003069,True,True,True,3.0997372588657326,3.099695299631325,3.0996950015930107,0.4062063427592984,0.40622355376922276,0.40622351121117967,2.618323257776957e-05,1.845401697143234e-07,6.133284038867259e-06,-1.451476023817122e-07,False,False,False
categorical,alpha,beta,0.05,0.5,10,1010133,50,0.1,0.1,0.632813655211893,0.1,55.05042129641772,0.8474503486892109,True,True,True,0.4303783228963499,0.4305109615994871,0.43051026647089896,1.1670173959020984,1.1668851976042582,1.1668858322879132,2.146200215989484e-05,1.907875621471441e-07,0.00015506059732217636,-8.839541862926126e-07,False,False,False
categorical,alpha,beta,0.05,0.5,11,1010134,50,0.1,0.1,0.5200454980678856,0.1,55.133095416438266,1.6877963396992097,True,True,True,1.1726637431568003,1.1726190843370148,1.172619566092739,0.48415928052706164,0.4841647600498192,0.4841645146516324,5.076685485575974e-05,2.1843519012659004e-07,-3.1647106524701485e-05,1.2831217333086897e-07,False,False,False
categorical,alpha,beta,0.05,0.5,12,1010135,50,0.1,0.1,0.98,0.5656214950225594,54.16460569901539,1.514902479016225,True,True,True,3.2215464110079655,3.2209737476575357,3.220975560636343,0.3045801631935254,0.3046601233520597,0.3046600697649631,8.365229447799984e-05,4.6700433799474183e-07,-8.52174858536614e-05,5.011721029291039e-07,False,False,False
categorical,alpha,beta,0.05,0.5,13,1010136,50,0.1,0.1,0.4636580822402079,0.1,54.98771214846182,0.1740461996746607,True,True,True,1.4453443819612775,1.4454186694688522,1.4454183672192558,0.32828311326599313,0.32824670050165994,0.3282467821731371,3.949768415455879e-05,2.9645607161320403e-07,9.359644444373316e-06,-1.1508093678003206e-07,False,False,False
categorical,alpha,beta,0.05,0.5,14,1010137,50,0.1,0.1,0.02,0.1,55.214438790852256,1.6745538356698495,False,False,False,-44.51981734062688,-44.52392812087949,-44.523922381198815,inf,inf,inf,9.20344547633728e-05,1.4414616616245707e-07,nan,nan,False,False,True
categorical,alpha,beta,0.05,0.5,15,1010138,50,0.1,0.1,0.5759753628398535,0.11920907292821778,54.951700659136826,1.9860273225978183e-07,True,True,True,2.1894490070532324,2.189534128167409,2.189532643435295,0.3490536103378921,0.3490376223194909,0.3490376600319403,1.7425332869568657e-05,6.125054691294284e-07,1.983554170692514e-05,-6.346862946315923e-07,False,False,False
categorical,alpha,beta,0.05,0.5,16,1010139,50,0.1,0.1,0.329473278993785,1.0021578728055447,53.51502538413443,9.550949493039705e-08,True,True,True,0.6590587657490395,0.6591185394455589,0.6591191139514665,1.1881981644374033,1.1881616956683665,1.1881612891327091,8.939681324669331e-06,8.837478008137745e-08,4.910880008424101e-05,4.035857443795976e-07,False,False,False
categorical,alpha,beta,0.05,0.5,17,1010140,50,0.1,0.1,0.6010815381442056,0.1,55.0358095090315,0.7768685821096718,True,True,True,1.9343057063329525,1.9343130217035556,1.9343103278796707,0.5200937686229666,0.5200970731723827,0.5200975247513298,1.3270949148859824e-05,5.293105594282909e-07,6.713653249335039e-06,-8.727529703378423e-07,False,False,False
categorical,alpha,beta,0.05,0.5,18,1010141,50,0.1,0.1,0.35008535327735074,0.2139017841124947,54.946635114972274,3.961554542452861e-07,True,True,True,1.4439746945114504,1.4441572212494784,1.444157478145032,0.5845307260907507,0.5844736692575031,0.5844736352153507,3.427791902710363e-05,1.1083099063614968e-07,6.0847371663896865e-05,1.386936432368202e-07,False,False,False
categorical,alpha,beta,0.05,0.5,19,1010142,50,0.1,0.1,0.3108060051932699,0.1,55.16422329993699,1.62509021425575,False,False,False,-2.3756104799483437,-2.3756585264907772,-2.375659029615856,inf,inf,inf,3.9220634585521426e-05,9.9917239120678e-08,nan,nan,False,False,True
categorical,alpha,beta,0.05,1.0,0,1020123,50,0.1,0.1,0.5542137269209596,0.1345619288587412,54.94072666215777,7.864266969611811e-08,True,True,True,0.7147233523502319,0.7148360324421799,0.714838407778796,0.8151640801648568,0.8150751587835673,0.8150738501927738,7.708031117692952e-05,5.890456082742884e-07,5.708491919875769e-05,1.8163347874633473e-06,False,False,False
categorical,alpha,beta,0.05,1.0,1,1020124,50,0.1,0.1,0.03284994611500978,2.2590632360396667,54.64492929449567,4.462279325331181e-06,True,True,True,0.03500195247787504,0.035057231511535614,0.035056221986482866,4.231386819226987,4.230853106518931,4.230865189040357,0.00034833752486230406,9.798348931377083e-07,0.0009487212107330834,-1.4886383091550215e-05,False,False,False
categorical,alpha,beta,0.05,1.0,2,1020125,50,0.1,0.1,0.02,0.1,55.1760857780055,0.20476217459538612,False,False,False,-5.311429599344975,-5.310015930388336,-5.310024431884462,inf,inf,inf,0.00022758131515525544,6.848717538564871e-07,nan,nan,False,False,True
categorical,alpha,beta,0.05,1.0,3,1020126,50,0.1,0.1,0.023252852986965375,2.9603037232775744,53.940853790797746,2.9661653507591055e-05,True,True,True,0.045426872406303984,0.04572737782843153,0.04572454929825433,4.846297338458404,4.8436185052419996,4.843644865087236,0.0004239578035200465,1.1652876654897349e-06,0.0034777314516034608,-3.151040241533565e-05,False,False,False
categorical,alpha,beta,0.05,1.0,4,1020127,50,0.1,0.1,0.18402409955754195,0.9027227917745569,54.077819132772326,3.0354398977712306e-08,True,True,True,1.7807846645625944,1.7808423836590144,1.7808401621406917,1.2489000794686993,1.2489209345781562,1.2489214382739773,8.163154800648667e-05,1.1382882878157873e-07,5.575442427385724e-05,-6.675531807331936e-07,False,False,False
categorical,alpha,beta,0.05,1.0,5,1020128,50,0.1,0.1,0.5984444472134395,0.27740825625454346,54.75371114352814,5.4113322575687365e-08,True,True,True,2.971387130174719,2.971347512323307,2.9713486911566136,0.3151821235414305,0.3151715666645694,0.3151714263864376,3.991870854260238e-05,1.9291141301380268e-07,-2.5252026922828463e-05,2.3523232783873027e-07,False,False,False
categorical,alpha,beta,0.05,1.0,6,1020129,50,0.1,0.1,0.27031580649704584,0.5087914500814142,54.697777046126824,2.670449884045373e-07,True,True,True,1.911315738133252,1.9116264750270269,1.9116248253851555,0.8912544015134385,0.8911916747917962,0.89119198415135,2.7695308915809855e-05,1.885030643459093e-07,8.984066833761517e-05,-5.06789014309561e-07,False,False,False
categorical,alpha,beta,0.05,1.0,7,1020130,50,0.1,0.1,0.1575289062788568,2.4012243290990676,52.41218820754145,4.412792093382517e-07,True,True,True,0.6046500047661929,0.6047883827629047,0.6047882107338187,2.4846499434159637,2.484568035338306,2.4845681638456654,4.0436230563605165e-05,1.1494507436647067e-08,0.00013439351744892747,-1.3649557217831898e-07,False,False,False
categorical,alpha,beta,0.05,1.0,8,1020131,50,0.1,0.1,0.23813327518792154,1.4599778373875825,50.036533650150474,1.0013117213310809e-07,True,True,True,3.792364973518508,3.7923811726630556,3.7923804494580287,1.0737242701485687,1.0737609760039755,1.0737610251154586,9.027204429947458e-05,8.025700562271041e-08,4.6396526009573336e-05,-1.3415778710168524e-07,False,False,False
categorical,alpha,beta,0.05,1.0,9,1020132,50,0.1,0.1,0.5579115337287136,0.1,55.098369774799764,1.2645828598355016,True,True,True,1.2359522121676447,1.2358036307622329,1.235802628365854,0.3151728687986716,0.3152153064953087,0.31521564162435306,5.865969253295073e-05,4.439347364998716e-07,-7.179046164651481e-05,-4.252979337593388e-07,False,False,False
categorical,alpha,beta,0.05,1.0,10,1020133,50,0.1,0.1,0.035325676748547856,3.7923657987068777,53.947039758474396,1.0846454442065385e-05,True,True,True,0.05942992045543354,0.059620986476105364,0.059620124013451584,4.261028683991655,4.259827631129177,4.259833168997966,0.00044255510863419156,1.715816490047804e-06,0.001818969891353106,-8.090153755802021e-06,False,False,False
categorical,alpha,beta,0.05,1.0,11,1020134,50,0.1,0.1,0.6648146134375325,0.1,54.99652389143232,0.15287803023512445,False,False,False,-0.09294888752391872,-0.09269356710925891,-0.0926967990525883,inf,inf,inf,5.7843429279406146e-05,8.133461733935954e-07,nan,nan,False,False,True
categorical,alpha,beta,0.05,1.0,12,1020135,50,0.1,0.1,0.98,0.3268769098757178,54.75203670768768,1.353833336992262,False,False,False,-4.102856165508554,-4.102944180539406,-4.102945409487157,inf,inf,inf,1.847597556237297e-05,1.5618642068459125e-07,nan,nan,False,False,True
categorical,alpha,beta,0.05,1.0,13,1020136,50,0.1,0.1,0.34977371269759294,0.1,55.07181890617093,0.8897746326397363,False,False,False,-0.6320941398149188,-0.6319370995251545,-0.6319382791552862,inf,inf,inf,6.149786677700341e-05,3.7818483555022835e-07,nan,nan,False,False,True
categorical,alpha,beta,0.05,1.0,14,1020137,50,0.1,0.1,0.719628245556811,0.4244586025348971,54.385083945741854,1.1686214096612366e-07,True,True,True,3.833246427277129,3.833413151150149,3.833411931492988,0.2804508781796626,0.28044069838131,0.28044080586548625,3.4986638053169944e-05,1.628316702159084e-07,3.1578879386984227e-05,-1.9441912968432007e-07,False,False,False
categorical,alpha,beta,0.05,1.0,15,1020138,50,0.1,0.1,0.8281388540597877,0.19067649541343729,54.928655220006064,0.032940455431076446,True,True,True,1.3911360073239762,1.3911773356139774,1.3911751861407404,0.7477081038528824,0.7477038797088691,0.7477043902481072,2.2153113298646953e-05,4.5817427881632264e-07,2.3887340070416485e-05,-9.572961161552485e-07,False,False,False
categorical,alpha,beta,0.05,1.0,16,1020139,50,0.1,0.1,0.35415426805000805,1.7992234048218,52.2753605951814,1.634725380586355e-07,True,True,True,0.7906865186443858,0.7906455766708459,0.7906456301305972,1.7161212025754016,1.716151519202414,1.7161515125617848,2.2158122056081605e-05,5.291019633282592e-08,-1.6818349251934706e-05,5.997000585011847e-08,False,False,False
categorical,alpha,beta,0.05,1.0,17,1020140,50,0.1,0.1,0.98,0.44150521664316306,54.309399205550484,0.8430186078101184,True,True,True,4.2914049515981905,4.29081014744256,4.290811657672535,0.3023924248834784,0.3024464631302283,0.3024463416013271,7.436645790471042e-05,1.7072191850131603e-07,-7.618731795133726e-05,2.1205310929417465e-07,False,False,False
categorical,alpha,beta,0.05,1.0,18,1020141,50,0.1,0.1,0.48694082124108334,0.1,54.99525182220831,0.38482587072509966,True,True,True,1.3459492124828243,1.34611994801482,1.3461179797032428,0.5594642076926661,0.5594187119961561,0.5594192887672701,4.653324692280846e-05,4.099714327031067e-07,7.366631145089286e-05,-7.981799186040917e-07,False,False,False
categorical,alpha,beta,0.05,1.0,19,1020142,50,0.1,0.1,0.05236348006160919,4.384015201472237,49.786152402059216,8.423675137865158e-06,True,True,True,0.07376013148862952,0.07395513119130889,0.07395382584394182,4.330216793981447,4.329247086023971,4.329254091608921,0.0004058768892136675,1.5206972635915323e-06,0.0015142094011437734,-9.585209454598953e-06,False,False,False
categorical,alpha,beta,0.05,3.0,0,1030123,50,0.1,0.1,0.08520316787622531,3.6132516153149696,43.32298057058807,6.090620843076196e-08,True,True,True,0.9531610635486903,0.9530506800717159,0.953051131805711,2.83628945321455,2.8364298440585527,2.8364293086900054,0.00020671482650283217,7.587532266480313e-07,4.567405678557179e-05,-1.4237854628618152e-07,False,False,False
categorical,alpha,beta,0.05,3.0,1,1030124,50,0.1,0.1,0.3267117615261268,0.6375245907536907,54.28905366250056,5.6843418860808015e-08,True,True,True,2.121511945511054,2.121545606429356,2.1215457349341946,0.4903316470324096,0.4903332515814561,0.4903331838625302,2.5819470089215318e-05,9.284301175716069e-08,1.7696262489153014e-05,-1.739297061931211e-08,False,False,False
categorical,alpha,beta,0.05,3.0,2,1030125,50,0.1,0.1,0.09735333856384393,1.7508028178473853,54.337025337735604,4.7567668808947546e-07,True,True,True,0.32098699358583843,0.3208392574933885,0.32083945309358286,2.510076432743925,2.5103012464098535,2.5103009592213104,5.794332134270017e-05,5.1816412332443496e-08,-0.0002012563357212116,2.7901347010583777e-07,False,False,False
categorical,alpha,beta,0.05,3.0,3,1030126,50,0.1,0.1,0.517357631509417,0.7598287762809666,54.14048597974072,1.547776727107359e-07,True,True,True,2.2772904317265166,2.27745834129262,2.2774562599871238,0.4645185955504185,0.46447144853401406,0.46447172817826315,4.379493566509e-05,3.9183698723313065e-07,1.8857523599535853e-05,-5.919201129245266e-07,False,False,False
categorical,alpha,beta,0.05,3.0,4,1030127,50,0.1,0.1,0.05948665826893479,2.174343040288178,53.84123589838491,1.5277228032354582e-06,True,True,True,0.080260510551241,0.08045321015155583,0.08045189566028504,3.6241904367908107,3.623286449343563,3.6232931365167205,0.00031607280376042294,9.458719352606682e-07,0.0013486552186634526,-8.63982161547483e-06,False,False,False
categorical,alpha,beta,0.05,3.0,5,1030128,50,0.1,0.1,0.12989050457633258,2.0650042463961897,48.961642694695755,2.547109006193644e-07,True,True,True,1.1774888967500177,1.177655539837883,1.1776553118023345,2.1790550728774374,2.179061938216095,2.1790618869587144,0.00015779915479269916,3.129060816486719e-07,0.00014916547893051302,-2.52647446075116e-07,False,False,False
categorical,alpha,beta,0.05,3.0,6,1030129,50,0.1,0.1,0.07019630510382392,3.2652311180735873,51.99887036247435,4.050152053234057e-07,True,True,True,0.11501650737295192,0.11520034385147862,0.11519933246189332,3.459400647316387,3.4589009127428834,3.4589039872474494,0.0004450931619382818,1.703543889599531e-06,0.0010164921723401221,-5.239781629029494e-06,False,False,False
categorical,alpha,beta,0.05,3.0,7,1030130,50,0.1,0.1,0.41648049733422504,0.7688443596157176,53.9677425837964,5.316502777054757e-07,True,True,True,2.3559044856066413,2.3559958135253307,2.3559955192201096,0.6555052302976558,0.6554835441614941,0.655483540143601,3.45058276557544e-05,1.3377504332381176e-07,1.3668162253566152e-05,-1.2954332362369314e-07,False,False,False
categorical,alpha,beta,0.05,3.0,8,1030131,50,0.1,0.1,0.28942273369649496,1.6870344930101377,52.553548415614564,2.739558456006834e-07,True,True,True,1.0694489464591577,1.0695097036456498,1.0695100493112872,1.7688612095535479,1.7688519880577651,1.768851841462396,3.691258808987598e-05,2.6537134984486437e-08,4.634784828994043e-05,1.5442589074154967e-07,False,False,False
categorical,alpha,beta,0.05,3.0,9,1030132,50,0.1,0.1,0.04204544529839414,4.711071155161676,53.09106887959282,3.380339486839048e-07,True,True,True,0.06331237480058877,0.06328170425054298,0.06328134601287796,4.302071094904734,4.302430785838359,4.302432658661891,0.0003423147228094623,1.349208665935706e-06,-7.394488464740334e-05,-3.5048472639687134e-06,False,False,False
categorical,alpha,beta,0.05,3.0,10,1030133,50,0.1,0.1,0.9486609667022764,1.0375248546267697,51.890760785200065,1.231475142040303e-07,True,True,True,2.893102015332626,2.893144934163892,2.893144035039894,0.7600102530880956,0.7599892201393897,0.7599893610270683,3.3799374397442864e-05,8.902549030415402e-08,-9.528878130993235e-06,-1.485744931528643e-07,False,False,False
categorical,alpha,beta,0.05,3.0,11,1030134,50,0.1,0.1,0.16684618770413828,0.7672747344200579,54.79721290070235,1.5081259105039014e-07,True,True,True,0.6417876669466285,0.6418883631128576,0.6418859844906113,1.4516248259046662,1.4515744054108926,1.4515759880563093,4.149705290634958e-05,1.457692798682302e-07,9.695487484151499e-05,-1.8835824420193603e-06,False,False,False
categorical,alpha,beta,0.05,3.0,12,1030135,50,0.1,0.1,0.28428474142684645,2.232750707171638,51.16394952433506,2.3269576772978753e-07,True,True,True,0.8565502732923532,0.8567473779047132,0.8567470245599468,1.5295721485353226,1.5294743478359762,1.5294745094013296,8.908266511135321e-06,4.258156931784828e-08,0.00011726436480330449,-2.264169438603858e-07,False,False,False
categorical,alpha,beta,0.05,3.0,13,1030136,50,0.1,0.1,0.24068399391638634,2.5144193372818493,40.85057184391612,2.633598299806006e-07,True,True,True,3.3667499195112596,3.3669881700708,3.366987882035137,1.1611484211487122,1.1611454538393537,1.1611454378347537,6.39109743216772e-05,1.2255157554835247e-07,6.724302511429414e-05,-1.039729582430482e-07,False,False,False
categorical,alpha,beta,0.05,3.0,14,1030137,50,0.1,0.1,0.06121976726123606,3.530004851505113,47.79009890063881,2.945758281749525e-06,True,True,True,0.12531373829019707,0.12571239862762837,0.12571000304921823,3.963348285912838,3.9621694306480344,3.962176913261866,0.00046019941200668295,1.8290907192195345e-06,0.0018085995108805264,-1.0441527436455544e-05,False,False,False
categorical,alpha,beta,0.05,3.0,15,1030138,50,0.1,0.1,0.11001860727852818,1.2926038647660802,54.74277519730663,1.4294703512737023e-06,True,True,True,0.1949170078177971,0.19499416729393057,0.19499333588249415,2.2410345912067533,2.2409051046271395,2.240906900856963,9.843841596007286e-05,1.3188769967638677e-07,0.00024450703463685386,-2.195799005733079e-06,False,False,False
categorical,alpha,beta,0.05,3.0,16,1030139,50,0.1,0.1,0.7351325004330339,1.2749507312047454,50.089419822943164,2.9705451829676536e-07,True,True,True,3.5267355842135095,3.5266631617008133,3.526661775263214,0.7391558542967914,0.7391677720548112,0.7391678886374476,7.71639867837879e-06,1.421646243989084e-07,-7.073577208416282e-06,-2.5890950183793393e-07,False,False,False
categorical,alpha,beta,0.05,3.0,17,1030140,50,0.1,0.1,0.040640308113978556,1.5841960868695657,54.50535181216688,1.3081677585482541e-06,True,True,True,0.028531307375327362,0.028641097309342316,0.028639689549142252,4.188213330040554,4.186698862510574,4.186719749345274,0.0003530683550206378,1.068000092847984e-06,0.0020719651894438584,-2.5106105958627722e-05,False,False,False
categorical,alpha,beta,0.05,3.0,18,1030141,50,0.1,0.1,0.4647831007421321,0.25101936402647407,54.899658337988974,1.9907880820997406e-07,True,True,True,1.7404748349376644,1.740468785750739,1.7404701587474436,0.39196654349158866,0.3919704626018313,0.3919702256572498,5.480229136917436e-05,3.731362069484599e-07,1.5525138152838736e-06,5.160731859632506e-07,False,False,False
categorical,alpha,beta,0.05,3.0,19,1030142,50,0.1,0.1,0.3607902804981278,0.1,55.053302654943266,0.7202804219730309,False,False,False,-0.26167667062998284,-0.2616603972052425,-0.26166101847767054,inf,inf,inf,7.595274719603098e-05,2.7621293574192025e-07,nan,nan,False,False,True
categorical,alpha,beta,0.05,8.0,0,1040123,50,0.1,0.1,0.08186260283825908,8.0,36.28428670474093,0.0033937780604686827,True,True,True,0.14381895270246017,0.143957150895777,0.1439569501735514,3.9905531811995054,3.9902459701965993,3.9902462559575813,0.00025234035982827507,7.364558580086604e-07,0.0006057013621827423,-1.0653257263015803e-06,False,False,False
categorical,alpha,beta,0.05,8.0,1,1040124,50,0.1,0.1,0.07702670648370726,8.0,11.610711877933781,0.06213913463100095,True,True,True,0.14716873520759938,0.14723576257581544,0.1472357074459626,3.944341712841078,3.9443196624641153,3.9443191032133136,0.0004028620940169084,1.6622310469288139e-06,0.00042893729162152283,-1.0182938385838725e-06,False,False,False
categorical,alpha,beta,0.05,8.0,2,1040125,50,0.1,0.1,0.28699021977986994,6.27253682114431,21.476271729458908,1.1396135539592393e-07,True,True,True,0.5665592915782032,0.5666187447744431,0.5666187269260633,2.195559752494533,2.195514127841641,2.1955141405757304,8.536659201775094e-07,3.1680339409075127e-09,5.238762173576106e-05,-1.6839141636637578e-08,False,False,False
categorical,alpha,beta,0.05,8.0,3,1040126,50,0.1,0.1,0.15026043634139333,5.562823549422744,30.110412057554615,1.2239158609737137e-06,True,True,True,0.9143882963161889,0.9144743801910565,0.9144744143771227,2.456572064510783,2.456578177791372,2.4565780977074883,0.0001080663714483534,1.4757265296450422e-07,0.000101122601758874,-5.48166845248943e-08,False,False,False
categorical,alpha,beta,0.05,8.0,4,1040127,50,0.1,0.1,0.10355723988041368,8.0,12.567365883308309,0.15206412241738645,True,True,True,0.21664824648316947,0.21666975716898368,0.21666974305915315,3.35399763713915,3.354107512915638,3.354107022817872,0.00035106760330622523,1.1936771221210881e-06,0.00022515339596829165,-6.293672729640321e-07,False,False,False
categorical,alpha,beta,0.05,8.0,5,1040128,50,0.1,0.1,0.07723346071573833,4.510512607008454,40.86050935531611,1.2826079995849998e-06,True,True,True,0.740850005975523,0.7408848001554376,0.7408848573421413,3.142703136267973,3.142788516144105,3.1427880130738934,0.0002424905170250955,1.081240322394944e-06,0.0001447593333665509,-5.019939521844208e-07,False,False,False
categorical,alpha,beta,0.05,8.0,6,1040129,50,0.1,0.1,0.3631702377299487,3.553468301633899,42.76246350151686,4.589811366012665e-07,True,True,True,1.351564949891271,1.3516061906594237,1.3516060947488,1.596573848086819,1.5965601115186079,1.5965601470934496,1.537704260266493e-06,1.1692379134956012e-08,1.4668067848333521e-05,-3.000343440362485e-08,False,False,False
categorical,alpha,beta,0.05,8.0,7,1040130,50,0.1,0.1,0.06019381339960224,8.0,28.34047272397958,0.10746886516512,True,True,True,0.24594395666080585,0.2459630373345288,0.24596287491576257,3.8896947498339616,3.889896774896514,3.889895611605051,0.0005392989176294703,3.339040891005749e-06,0.00030816870111749495,-1.9996271163336132e-06,False,False,False
categorical,alpha,beta,0.05,8.0,8,1040131,50,0.1,0.1,0.4377071922997971,4.865983063663969,29.62296943328228,1.771562441117593e-07,True,True,True,1.0522580980541165,1.0522096987541942,1.0522097039673033,1.972878187572261,1.9728921344323027,1.9728921412660947,1.387048335359053e-05,2.0792582902264153e-08,-2.992697418591206e-05,1.2822130912581997e-08,False,False,False
categorical,alpha,beta,0.05,8.0,9,1040132,50,0.1,0.1,0.05438033501747489,6.02333196078434,49.251898011810155,5.198010452475529e-06,True,True,True,0.11705079682629542,0.11719669652255948,0.11719601982701155,4.123572474679012,4.123205516958354,4.123207307586384,0.00039905660736210756,1.651504971869647e-06,0.0008195004082054425,-3.712495512786518e-06,False,False,False
categorical,alpha,beta,0.05,8.0,10,1040133,50,0.1,0.1,0.07065342012744953,8.0,28.484180872005982,0.39659135109297444,True,True,True,0.32916965738866777,0.32910968668987484,0.3291097758547648,3.7322025445388722,3.732327859238831,3.7323271753186247,0.00010503751142125074,1.3040017144265613e-06,-3.8446992260077195e-05,-5.164646950106544e-07,False,False,False
categorical,alpha,beta,0.05,8.0,11,1040134,50,0.1,0.1,0.07586037089672991,2.916176723468638,53.60133935092396,1.3727542816945127e-06,True,True,True,0.17565478435306933,0.1758051445482973,0.17580472967382738,3.256720059209739,3.2563798043997556,3.2563807470315114,7.207195195768465e-05,1.8942945048474172e-07,0.0004626246949968049,-1.2746118542850127e-06,False,False,False
categorical,alpha,beta,0.05,8.0,12,1040135,50,0.1,0.1,0.12417611442326151,3.465619477438874,44.054269358553434,3.7613360286296274e-07,True,True,True,0.5468942525215739,0.5469880354183624,0.5469878666957068,2.731691315753345,2.7317039928197278,2.731703938982836,0.0002006744010995433,4.334843645793649e-07,0.00018569255940548146,-3.704397357751077e-07,False,False,False
categorical,alpha,beta,0.05,8.0,13,1040136,50,0.1,0.1,0.10499481374500445,5.9450731152945195,17.456488261928897,2.388171380219451e-06,True,True,True,0.32543755400566177,0.32545847137461725,0.3254584292780489,3.011728072052946,3.0118522517062702,3.011851750591024,0.00034903664085531,1.2835398676994198e-06,0.00020653336914477904,-7.062756957054717e-07,False,False,False
categorical,alpha,beta,0.05,8.0,14,1040137,50,0.1,0.1,0.09136653378393626,7.956473533807179,12.533577858942708,1.9957675070607856e-06,True,True,True,0.13039277544662767,0.130447593390728,0.13044754149558527,3.7290124614897153,3.728981049397339,3.728980698525272,0.0003467782023012625,1.2058502695425518e-06,0.0003833516647269164,-8.017801640392008e-07,False,False,False
categorical,alpha,beta,0.05,8.0,15,1040138,50,0.1,0.1,0.05623131821113303,8.0,32.33853896592163,0.02033733575365668,True,True,True,0.2873369232383994,0.28746383311449986,0.28746404227455297,3.9735395380661234,3.9734271706543667,3.9734259141630415,0.00018066129944276457,2.165587935022914e-06,0.0003114919266806737,-7.189846016331103e-07,False,False,False
categorical,alpha,beta,0.05,8.0,16,1040139,50,0.1,0.1,0.048005599767687736,8.0,43.86352517937842,0.17845555408230276,True,True,True,0.13958996915382513,0.13960948409311663,0.1396092260976313,4.3298254894558355,4.329968465172189,4.329968052704451,0.00046610837165692335,2.797805971805798e-06,0.00030207612689281405,-2.3228523886587027e-06,False,False,False
categorical,alpha,beta,0.05,8.0,17,1040140,50,0.1,0.1,0.12073310269712206,6.227352724444282,37.772210064539586,8.066241921264899e-07,True,True,True,0.4769988294834032,0.47720347583393047,0.4772035613486255,2.7367797074045805,2.736642400396453,2.7366421209170384,0.0001123082643442249,4.645333588205822e-07,0.00027071393670752286,-1.4256293212611126e-07,False,False,False
categorical,alpha,beta,0.05,8.0,18,1040141,50,0.1,0.1,0.05895932562670754,7.132608442748532,39.33214516693106,2.3705175530786615e-06,True,True,True,0.17803642827167906,0.1780781324552034,0.17807750292841032,4.017382146294135,4.01749514061593,4.0174954942891254,0.0004916077458022318,2.721100999562403e-06,0.0003611793755879944,-3.1279405874329314e-06,False,False,False
categorical,alpha,beta,0.05,8.0,19,1040142,50,0.1,0.1,0.06485250172856608,6.743306371735279,34.24137049746592,2.4695516875726076e-06,True,True,True,0.21004640465979912,0.2101993028533684,0.21019842042503814,3.810418785237322,3.810359440743705,3.810359863886435,0.0005877350752223544,3.224433165704165e-06,0.000655627197104991,-3.710903200726534e-06,False,False,False
categorical,alpha,beta,0.25,0.25,0,1050123,50,0.1,0.1,0.02,1.2671357044135583,54.99636336582352,1.8030575965610751,False,False,False,-0.0037420088085962245,-0.0035070107487692125,-0.0035097808112170134,inf,inf,inf,0.00041187176706121247,1.2741209972864255e-06,nan,nan,False,False,True
categorical,alpha,beta,0.25,0.25,1,1050124,50,0.1,0.1,0.8548613835935995,0.23349688181276365,54.847339473222085,6.237517121860292e-07,True,True,True,2.111782980277768,2.1117819745539177,2.1117840837063397,0.6380396894469893,0.6380384306649203,0.6380381463783116,1.925688653455838e-05,4.059378149471014e-07,-1.2540132061644726e-06,6.714572649002548e-07,False,False,False
categorical,alpha,beta,0.25,0.25,2,1050125,50,0.1,0.1,0.24669216574110617,0.5998880874574949,54.85209525922957,2.3490934004849663e-07,True,True,True,0.7244508538501069,0.7244680918308756,0.7244668156752302,1.2742809982537717,1.2742765931233464,1.2742773673645513,2.4347886136961758e-05,1.0009985536222244e-07,1.7852540835860964e-05,-8.701304636815621e-07,False,False,False
categorical,alpha,beta,0.25,0.25,3,1050126,50,0.1,0.1,0.45092570355447975,0.5269213704124472,54.6411706608535,1.2480092031985844e-07,True,True,True,2.032718563541895,2.0327282139298024,2.032726116323188,0.6373513215403184,0.6373492043755213,0.637349585050382,8.562784256675898e-06,2.7934165361466134e-07,1.7163911820716748e-06,-5.936493110425545e-07,False,False,False
categorical,alpha,beta,0.25,0.25,4,1050127,50,0.1,0.1,0.6262217052542703,0.37425194340091295,54.603160239643664,2.197232063290674e-07,True,True,True,4.5628157169976085,4.562855436296592,4.562853718744471,0.1621554852579906,0.16215720310437481,0.1621572556078483,1.2527826572174559e-05,3.123727455802333e-07,1.0366729590316481e-05,-3.1597366501046054e-07,False,False,False
categorical,alpha,beta,0.25,0.25,5,1050128,50,0.1,0.1,0.98,0.8662849940735559,51.661397228076076,1.07368827073638,True,True,True,2.791438651487962,2.79117162257969,2.791171847021923,0.6013656656127883,0.6014018921524096,0.6014018174363855,3.709157027202292e-05,1.2009251245968644e-07,-5.3962798652662514e-05,-5.608526976175199e-09,False,False,False
categorical,alpha,beta,0.25,0.25,6,1050129,50,0.1,0.1,0.3213508796859329,0.1,55.094491442381894,0.9925159432100406,False,False,False,-1.3200317651871019,-1.3200051355038043,-1.320006324230384,inf,inf,inf,3.276859301408119e-05,4.459116106000087e-07,nan,nan,False,False,True
categorical,alpha,beta,0.25,0.25,7,1050130,50,0.1,0.1,0.419488684755169,0.1,54.98415589828942,0.1825550519641105,True,True,True,1.0796182475015603,1.07973736922961,1.0797364880676343,0.6609524633892342,0.6609108087162812,0.6609109859883848,2.906856465387689e-05,4.349245715015915e-07,6.176209900843332e-05,-6.119974500506942e-07,False,False,False
categorical,alpha,beta,0.25,0.25,8,1050131,50,0.1,0.1,0.528962830219394,0.30973803418215123,54.79148745010178,3.7091419745076414e-08,True,True,True,3.443711756342474,3.4437444346799584,3.443742148236993,0.2809823726269833,0.2809809264187049,0.2809810443800734,6.5601348415373e-06,4.71767168873426e-07,7.296090821284906e-06,-5.281331354467511e-07,False,False,False
categorical,alpha,beta,0.25,0.25,9,1050132,50,0.1,0.1,0.56338713907541,0.1,54.99700105725293,0.389231075420429,True,True,True,1.9231280319209807,1.9230175996194536,1.923018612491507,0.43417873034396975,0.43421709759177746,0.43421695085181145,3.529576330885473e-05,2.5396450337090705e-07,-1.2895224081432843e-05,3.577689469125289e-07,False,False,False
categorical,alpha,beta,0.25,0.25,10,1050133,50,0.1,0.1,0.40316663307006156,0.4962785140769303,54.39753229140864,5.783398860650275e-08,True,True,True,1.5443311510420012,1.54436182148236,1.544359925923235,0.5838464004954597,0.583843705576301,0.583844078172161,2.7492132529566677e-05,4.868678058988083e-07,1.5958737776600174e-05,-7.98440019877944e-07,False,False,False
categorical,alpha,beta,0.25,0.25,11,1050134,50,0.1,0.1,0.21129056795757656,0.9482810227690617,54.13163655746131,2.2452475873997402e-07,True,True,True,1.1157479680703886,1.1159485256625223,1.1159474003066279,1.3652068974679719,1.365145643752871,1.3651460664796458,4.399247504065162e-05,5.731256934838367e-08,0.00010869285100056914,-5.217482552666297e-07,False,False,False
categorical,alpha,beta,0.25,0.25,12,1050135,50,0.1,0.1,0.45307154501510394,0.1,54.99260065982347,0.2880285663309266,True,True,True,0.6262948533324039,0.6264792957498716,0.6264792324704549,0.8091649229792165,0.8090298115067532,0.8090298733584023,6.0950357252321195e-05,8.51983855771431e-08,0.0001388717519503757,-2.979865598717879e-08,False,False,False
categorical,alpha,beta,0.25,0.25,13,1050136,50,0.1,0.1,0.98,0.7742870409592807,52.399462892322376,0.12590384557144346,True,True,True,0.5531804647321246,0.5534529166194017,0.553452190874385,1.3793525485022295,1.3791294932389773,1.3791300511113853,3.042535972711754e-05,6.908590463178665e-08,0.00023492685610904118,-6.690305056622492e-07,False,False,False
categorical,alpha,beta,0.25,0.25,14,1050137,50,0.1,0.1,0.6424865834476791,0.1,55.0195754253505,0.4884662914150796,True,True,True,0.4585677730305047,0.458635324590677,0.45863302184059723,1.1102642311197108,1.1102095485689427,1.1102115571555897,3.896483453925893e-05,5.595459147552281e-07,8.163499477120695e-05,-2.7084155576062585e-06,False,False,False
categorical,alpha,beta,0.25,0.25,15,1050138,50,0.1,0.1,0.98,0.4191718560468691,54.42012208646109,0.4190350182400029,False,False,False,-0.8481802386853433,-0.8479452272053536,-0.8479477429824445,inf,inf,inf,3.372767689014284e-05,4.070864336224274e-07,nan,nan,False,False,True
categorical,alpha,beta,0.25,0.25,16,1050139,50,0.1,0.1,0.3204349593936677,0.8086139047126794,54.26087587829,1.7820321153272477e-07,True,True,True,1.727728114728043,1.7279106527921781,1.727909328099394,1.0539389800344452,1.0538948509140307,1.0538951734572715,1.5666430439994146e-05,7.751980874797087e-08,5.444566605916634e-05,-3.9530292639256004e-07,False,False,False
categorical,alpha,beta,0.25,0.25,17,1050140,50,0.1,0.1,0.6458970759752205,0.1,54.98124903066954,0.1389661470341841,True,True,True,0.8255288904190725,0.825621119797033,0.8256203747231619,0.9148918290692912,0.9148562802715915,0.9148566785453895,3.976911897547393e-05,1.2089744734262507e-07,7.034434563735203e-05,-4.439111691567632e-07,False,False,False
categorical,alpha,beta,0.25,0.25,18,1050141,50,0.1,0.1,0.3722649162594902,0.1,55.012409114031165,0.3812819926452233,True,True,True,1.0279685447546958,1.0280585283630235,1.0280572628491964,0.7498538287337774,0.7498131634515558,0.7498136106441345,2.732531162976758e-05,3.314081379937017e-07,3.999777828767037e-05,-7.161257684629163e-07,False,False,False
categorical,alpha,beta,0.25,0.25,19,1050142,50,0.1,0.1,0.02,0.1,55.18385984215844,0.4280722824839075,False,False,False,-12.718019244441788,-12.718280014243438,-12.718277957786668,inf,inf,inf,2.1633379644680528e-05,1.4172232868061165e-07,nan,nan,False,False,True
categorical,alpha,beta,0.25,0.5,0,1060123,50,0.1,0.1,0.24823463994857475,0.5232396504434706,54.76208045254963,1.2809491335957508e-07,True,True,True,1.718818148175121,1.7188834963581172,1.718882348317717,1.1379373807931885,1.1379226994633407,1.1379229631903,1.327100801908372e-05,7.761818065279079e-08,2.075175297733267e-05,-3.642722461449921e-07,False,False,False
categorical,alpha,beta,0.25,0.5,1,1060124,50,0.1,0.1,0.9328231388322472,0.24756755000274697,54.91295041396602,1.526013562263595e-07,True,True,True,2.9901642849295826,2.989927969756767,2.989928424616897,0.3939886259607217,0.3940322221162266,0.3940321843009962,4.3511696030501075e-05,1.3596038459435672e-07,-2.8733432344552057e-05,1.0859439214527811e-07,False,False,False
categorical,alpha,beta,0.25,0.5,2,1060125,50,0.1,0.1,0.7084521533818142,1.1730667649710158,50.80493258858565,1.8883088730314395e-07,True,True,True,3.5554205998152937,3.555492695069441,3.555492238205809,0.4612484896308857,0.46124376016608554,0.4612437753916567,1.560345853145517e-05,9.831321657942188e-08,1.4721390641625476e-05,-1.1096608432126231e-07,False,False,False
categorical,alpha,beta,0.25,0.5,3,1060126,50,0.1,0.1,0.40334511712927945,0.7330467726974268,54.24955025748696,1.0664060582004448e-07,True,True,True,2.129509752468434,2.1297054031745417,2.129706664030331,0.7917921599167176,0.7917532586541162,0.7917530375518212,2.8745637734483288e-05,1.2682058646336366e-07,4.742246339617395e-05,3.374793564603351e-07,False,False,False
categorical,alpha,beta,0.25,0.5,4,1060127,50,0.1,0.1,0.2822574490649444,0.716263440024892,53.5755946907962,2.0843259767208093e-07,True,True,True,4.226060741446113,4.226167168892888,4.226167160999131,0.634153038187517,0.6341680275995761,0.6341679969521333,7.230669451779186e-05,9.903019687081783e-08,4.240333483807035e-05,-3.715199881071385e-08,False,False,False
categorical,alpha,beta,0.25,0.5,5,1060128,50,0.1,0.1,0.14116088170145485,0.9098238065621173,54.23462843891499,2.7021651575589687e-07,True,True,True,0.9513318954524159,0.9517239329482927,0.9517214569584849,1.3835392742605084,1.383430740164045,1.3834316997645055,0.0001635788564674601,4.156759073431563e-07,0.0002855571054567463,-1.4968065826792554e-06,False,False,False
categorical,alpha,beta,0.25,0.5,6,1060129,50,0.1,0.1,0.5421276391005971,0.1,55.00746174770096,0.4483445685821203,True,True,True,1.0499772283150668,1.049859028479846,1.0498580910784094,0.569981751950295,0.5700121613032434,0.5700124457258058,5.7560950796460306e-05,3.267206152177522e-07,-7.813541853352035e-05,-5.654299712887223e-07,False,False,False
categorical,alpha,beta,0.25,0.5,7,1060130,50,0.1,0.1,0.02,0.1,55.193348274714374,0.7647176020327119,False,False,False,-24.791035689235304,-24.793266985839928,-24.7932610849852,inf,inf,inf,8.927541332625308e-05,2.3021707091457294e-07,nan,nan,False,False,True
categorical,alpha,beta,0.25,0.5,8,1060131,50,0.1,0.1,0.98,0.3797270524084711,54.47863178998443,0.465286642992241,True,True,True,3.09900875353613,3.0988520586507913,3.098851755394338,0.4915346299875588,0.49156225772138296,0.4915622972668765,2.603333033532336e-05,8.566543367185988e-08,-1.880891183247968e-05,-5.233246724856144e-08,False,False,False
categorical,alpha,beta,0.25,0.5,9,1060132,50,0.1,0.1,0.48355729610761616,0.1,55.00249414460585,0.426125286168155,True,True,True,1.0202608106093165,1.0202605740705553,1.0202596553019583,0.6283092479766897,0.6283236791741706,0.62832407708525,3.2559836594103886e-05,2.1812210016032393e-07,1.594027678919474e-05,-4.4241181740289903e-07,False,False,False
categorical,alpha,beta,0.25,0.5,10,1060133,50,0.1,0.1,0.2291337585850485,1.3964576862465632,54.13800008078812,1.0640147361562388e-06,True,True,True,0.6813648029345163,0.6814718663079412,0.6814719075373236,1.8256296026655887,1.8255877306490282,1.8255876920204297,6.200639324376982e-05,3.019289929768092e-08,0.0001089275093733022,1.6027676963403792e-08,False,False,False
categorical,alpha,beta,0.25,0.5,11,1060134,50,0.1,0.1,0.5726336111561973,0.1,54.99914073677331,0.3282087313061915,True,True,True,2.0468638238512282,2.0467230699805716,2.0467238613289194,0.2963528900437162,0.29637880050729876,0.29637879504677084,4.1387212170001845e-05,3.7906743213015293e-07,-3.855711122469074e-05,3.803548906944343e-07,False,False,False
categorical,alpha,beta,0.25,0.5,12,1060135,50,0.1,0.1,0.5540303277051665,0.2214943294128646,54.887766714824586,0.0009147834162298055,True,True,True,2.8825848181257463,2.8826253915764877,2.8826254633503026,0.1530458272726149,0.15304060986065754,0.15304059442779894,6.040906326076974e-05,5.427996001882161e-08,8.075635470561338e-06,7.131035317797796e-09,False,False,False
categorical,alpha,beta,0.25,0.5,13,1060136,50,0.1,0.1,0.021581398019409233,3.1824343098202537,54.44834818050825,1.469765487935728e-05,True,True,True,0.042718966431596485,0.043002185043954755,0.043000953031407,4.724035660251204,4.721319550666152,4.721331442462634,0.00035258347417823493,1.2698311444481791e-06,0.003465932842637187,-1.4959472515840844e-05,False,False,False
categorical,alpha,beta,0.25,0.5,14,1060137,50,0.1,0.1,0.4579154134166367,0.1,55.0485159397221,0.7935782875279076,True,True,True,0.6719150960935331,0.6720252010180575,0.672024249422945,0.6701756899897742,0.6700806823998786,0.6700812557222127,6.803634820751371e-05,4.546071794122106e-07,5.371641249496406e-05,-7.559503245602173e-07,False,False,False
categorical,alpha,beta,0.25,0.5,15,1060138,50,0.1,0.1,0.47455639132339583,0.1,55.03548792992136,0.7371225834162953,True,True,True,1.3504510777245022,1.3504854956349293,1.3504853049706291,0.48409051885250326,0.48407327114709287,0.48407328370238456,2.8122890279578668e-05,1.313215993368094e-07,5.502026020565154e-06,-1.267272367044825e-07,False,False,False
categorical,alpha,beta,0.25,0.5,16,1060139,50,0.1,0.1,0.5469452524132499,0.1,55.11220290916173,1.59195220742945,True,True,True,1.519200758877812,1.519278334673535,1.5192793782697132,0.5948595853759105,0.5948212913469382,0.5948210040732519,4.203879441673315e-05,1.8257645707142523e-07,7.330790218418315e-06,3.5616627513945787e-07,False,False,False
categorical,alpha,beta,0.25,0.5,17,1060140,50,0.1,0.1,0.024422008961739995,2.8340799572277624,53.89003267310618,3.6309980233812734e-06,True,True,True,0.04039600954615549,0.04084889043913882,0.04084638806023666,4.866347391874547,4.861679822612391,4.861705910705384,0.0004000059537574888,1.1937667203844357e-06,0.005743688665297952,-3.122625879825591e-05,False,False,False
categorical,alpha,beta,0.25,0.5,18,1060141,50,0.1,0.1,0.4809110823706188,0.38732847505686185,54.65113224013239,2.2129727742591053e-07,True,True,True,4.035907657781166,4.036106787384188,4.036105175360101,0.20410606761672978,0.20411482988174953,0.20411497867478087,6.518795906608214e-05,2.2225108358901015e-07,5.9198101155288896e-05,-2.2809652477917552e-07,False,False,False
categorical,alpha,beta,0.25,0.5,19,1060142,50,0.1,0.1,0.938586439182561,0.5404183897612873,53.83506737973476,2.119752748822108e-07,True,True,True,4.836375794591634,4.8363754930418015,4.836374969565657,0.2691712018816764,0.2691695613169261,0.2691696180126542,7.1308693345328436e-06,5.722330540470945e-08,-1.9940842648225043e-06,-4.2963918645000376e-08,False,False,False
categorical,alpha,beta,0.25,1.0,0,1070123,50,0.1,0.1,0.98,0.5768907718720069,53.65631059778944,0.3565174395703508,True,True,True,2.9946271893105165,2.9947965197906643,2.9947966458539614,0.5855830027667049,0.5855451392668052,0.5855450978712601,4.179670951809005e-05,5.259435205953568e-08,1.2945633393712797e-05,-5.56427437459206e-09,False,False,False
categorical,alpha,beta,0.25,1.0,1,1070124,50,0.1,0.1,0.7939614958133201,1.1346634871007877,50.55207800192518,2.750065340036645e-07,True,True,True,4.735521804168439,4.73573440531612,4.735734884708976,0.4528023885624711,0.4527831005408694,0.45278301453770914,1.8752218138706008e-05,1.2928055426953663e-07,2.269002887089755e-05,2.2140227429190418e-09,False,False,False
categorical,alpha,beta,0.25,1.0,2,1070125,50,0.1,0.1,0.3578954972889871,0.6376452557203746,54.12116008167189,5.325990609670583e-07,True,True,True,3.706278936335209,3.7062376869865505,3.7062355608976785,0.639144071087234,0.6391596078984192,0.6391598227584906,2.8055571017898918e-05,1.5382334282251337e-07,6.431482496793706e-06,-3.2628488355612717e-07,False,False,False
categorical,alpha,beta,0.25,1.0,3,1070126,50,0.1,0.1,0.13982839809682918,1.8974375006958228,48.562774472063694,2.491406536507113e-07,True,True,True,2.5772152230717196,2.5773065364160153,2.577306519597357,1.7503710131755499,1.750419408647999,1.7504193141542,0.00014722144515880037,2.24091878769874e-07,9.103241568197973e-05,-1.1531567878364513e-07,False,False,False
categorical,alpha,beta,0.25,1.0,4,1070127,50,0.1,0.1,0.1559569257679701,2.0797017223621292,50.49748081739414,8.812385829195443e-07,True,True,True,1.3777834814874523,1.3777357150985434,1.3777356999102222,2.010763218823946,2.0108148521954874,2.010814823298355,8.467286901198914e-05,7.760654789286045e-08,2.4731211937023545e-05,-4.429317357335094e-08,False,False,False
categorical,alpha,beta,0.25,1.0,5,1070128,50,0.1,0.1,0.8970858763306102,0.7513889774426491,52.85944558040998,6.132934694005623e-08,True,True,True,3.4838201116268395,3.483797980730473,3.4837962228817645,0.4108882820398218,0.4108983365204788,0.41089845638060285,1.6949733765217295e-05,2.8874749692429946e-07,4.856564494559734e-06,-3.665843166800187e-07,False,False,False
categorical,alpha,beta,0.25,1.0,6,1070129,50,0.1,0.1,0.02,0.1,55.19785111815732,1.0647996407378462,False,False,False,-23.14651011205601,-23.147074176861683,-23.147074038291706,inf,inf,inf,2.353798561033391e-05,3.083908679668818e-08,nan,nan,False,False,True
categorical,alpha,beta,0.25,1.0,7,1070130,50,0.1,0.1,0.3114873488272146,1.0353711249107698,53.922874027113835,1.399533352492361e-07,True,True,True,0.9088227331156421,0.9090308654309683,0.9090295102604757,1.281310758641993,1.2812121988549288,1.2812127799033441,1.4133634562713517e-05,1.753586476095276e-07,0.00011469390611296149,-8.218304117235675e-07,False,False,False
categorical,alpha,beta,0.25,1.0,8,1070131,50,0.1,0.1,0.031654499902861295,2.0087160115284575,54.689815237368066,1.4369528224135417e-06,True,True,True,0.027076376645946212,0.027161401629275946,0.027159822694259737,4.265292467288923,4.264148148424534,4.264172616509036,0.0004987991209417107,1.7996731242558135e-06,0.001787861375994737,-2.996333992655309e-05,False,False,False
categorical,alpha,beta,0.25,1.0,9,1070132,50,0.1,0.1,0.3853733014616854,0.1,55.00291240626493,0.21265730154600498,False,False,False,-0.07111691268339344,-0.07106415707737686,-0.0710640981723914,inf,inf,inf,6.558841256059003e-05,1.1663484065045727e-07,nan,nan,False,False,True
categorical,alpha,beta,0.25,1.0,10,1070133,50,0.1,0.1,0.4815580049408997,0.8048606285804859,54.09513439113496,3.370400129833633e-08,True,True,True,1.6502709975525658,1.6504215690782311,1.6504213306735014,0.7228812706294712,0.7228458977033626,0.7228458926453435,2.5931407756595283e-05,1.745233104613676e-07,5.036146225734228e-05,-1.5027408295509304e-07,False,False,False
categorical,alpha,beta,0.25,1.0,11,1070134,50,0.1,0.1,0.13387591895490625,1.08344973330912,53.58481885006061,4.984596409074158e-07,True,True,True,1.1000938880317206,1.10031663668489,1.1003149411691617,1.6532278021216602,1.65319528622106,1.6531958096437458,0.00013105282928864157,3.4327575776066036e-07,0.00016408735971396027,-9.383229269133153e-07,False,False,False
categorical,alpha,beta,0.25,1.0,12,1070135,50,0.1,0.1,0.98,0.7194522734753525,52.782766748799716,1.00268185576627,True,True,True,1.553140606681651,1.5528262582657841,1.552826276810698,0.769611918645067,0.7696961255364013,0.7696961465470165,5.151753375824803e-05,5.952794951342035e-08,-0.00010543292289355577,3.6132043135239655e-08,False,False,False
categorical,alpha,beta,0.25,1.0,13,1070136,50,0.1,0.1,0.4826363157668368,0.23295659195013127,54.923294222804884,7.46915277774059e-08,True,True,True,1.4927628347600932,1.492754988179769,1.492755866013462,0.33194182550967277,0.33192004704911116,0.3319198400983356,5.3702469486824846e-05,2.681406623343478e-07,-2.9980005962215728e-05,3.49801752008716e-07,False,False,False
categorical,alpha,beta,0.25,1.0,14,1070137,50,0.1,0.1,0.24387566717521128,0.3930922376502432,54.81414592121945,5.449682133827683e-07,True,True,True,1.8128073651204106,1.8131650712627216,1.8131656645805079,0.7829393719952896,0.7828683197062846,0.7828681404853236,4.7889412824564e-05,1.3666598761140738e-07,0.00011562110680785054,1.2089186185448852e-07,False,False,False
categorical,alpha,beta,0.25,1.0,15,1070138,50,0.1,0.1,0.12658328394156634,1.1954177918399131,53.742120926889996,8.367950817377845e-07,True,True,True,1.1503633597739689,1.1504633947476743,1.150463394932459,1.809329629592354,1.8093312823783267,1.8093312146363358,9.156540444660736e-05,1.583276442577282e-07,8.87806866955998e-05,-7.783022937246642e-08,False,False,False
categorical,alpha,beta,0.25,1.0,16,1070139,50,0.1,0.1,0.7835707645604707,0.8875034505887138,52.86504693889416,2.929642751054232e-08,True,True,True,3.38002668729218,3.3800931471218703,3.380091519260851,0.49205454914224017,0.49204916977526403,0.4920493558136397,1.6542511848519456e-05,1.9423518695751326e-07,1.3201679919916387e-05,-2.6741793135443004e-07,False,False,False
categorical,alpha,beta,0.25,1.0,17,1070140,50,0.1,0.1,0.6191600203251147,0.3331007477091988,54.67617604801232,3.552713678800501e-08,True,True,True,3.9509549372237007,3.951151831146009,3.9511518254904354,0.18307524568989442,0.1830438626252028,0.1830438861770835,3.405772428853246e-05,1.278794099094311e-07,1.3727868378055064e-05,2.5683732474135468e-08,False,False,False
categorical,alpha,beta,0.25,1.0,18,1070141,50,0.1,0.1,0.24530890979882808,1.6011956402467478,51.19066795368538,4.1263798024817266e-07,True,True,True,2.416974949024186,2.4170597733999144,2.4170591991763746,1.2712716853258363,1.2712667687050423,1.2712668385124615,2.373782372875418e-05,7.779696485407804e-08,2.9276977684844496e-05,-1.572023649032417e-07,False,False,False
categorical,alpha,beta,0.25,1.0,19,1070142,50,0.1,0.1,0.04915433520519878,1.9938621275192325,53.90795423280079,9.242857734938596e-07,True,True,True,0.093275084512999,0.09355764339461145,0.09355470632632266,3.6481998635684896,3.647083405064252,3.6470962742663873,0.00045278567264272395,1.7688656611413492e-06,0.0017227802853980734,-1.6577417255803084e-05,False,False,False
categorical,alpha,beta,0.25,3.0,0,1080123,50,0.1,0.1,0.2940417172977563,2.7686992915815085,45.76545176013045,4.410146430128882e-07,True,True,True,1.976959645698782,1.977017043420702,1.9770169916696678,1.6013474100016467,1.601340856207477,1.6013408661446271,1.4653150864179976e-05,3.366573636635861e-09,2.1472838469094313e-05,-1.4735753950390063e-08,False,False,False
categorical,alpha,beta,0.25,3.0,1,1080124,50,0.1,0.1,0.13562474679222078,4.978116922938982,38.40756948679166,4.23282852986461e-07,True,True,True,0.7862234030509094,0.7861579083092585,0.7861577808599575,2.9725750024492705,2.972692693152299,2.972692707928088,0.00018758623111442304,1.2844175051446325e-07,5.2044887574709264e-05,-1.4510542456491748e-07,False,False,False
categorical,alpha,beta,0.25,3.0,2,1080125,50,0.1,0.1,0.3284718801768226,2.871179400913021,49.901550194806454,2.4522035259769903e-07,True,True,True,0.7584088863774135,0.7584805177390362,0.7584799914200748,2.1717668390616884,2.17173878566242,2.1717390818438123,3.0172681570377365e-05,1.305339917341161e-08,6.179447769483204e-05,-3.529211056729764e-07,False,False,False
categorical,alpha,beta,0.25,3.0,3,1080126,50,0.1,0.1,0.4415722042898866,1.5287934973838764,50.72787703506739,1.4477891649221705e-07,True,True,True,2.3715143133873515,2.371654799248021,2.37165441308268,0.950308133606961,0.9502868330357561,0.9502868870889621,1.205355108966163e-05,4.3258928654960935e-08,3.46133460737974e-05,-1.0059423516395327e-07,False,False,False
categorical,alpha,beta,0.25,3.0,4,1080127,50,0.1,0.1,0.5248329035182718,2.9042773208723442,44.30484035978828,7.603737525281955e-08,True,True,True,1.6719282522581342,1.6720356231533322,1.6720357069790421,1.5570155598857958,1.5569775176889982,1.5569775045941405,2.34245295744734e-05,2.0436120870257575e-08,2.04550966245165e-05,3.505791568159111e-08,False,False,False
categorical,alpha,beta,0.25,3.0,5,1080128,50,0.1,0.1,0.11430614710986163,4.048342321081808,42.38617947980993,6.861054390585225e-08,True,True,True,0.5084489901998395,0.5084860266752593,0.5084857577550344,2.7580089951598836,2.7580793309402867,2.7580792617512784,0.00023445371338241426,6.889744031741586e-07,0.00015320795243667362,-6.08521460776501e-07,False,False,False
categorical,alpha,beta,0.25,3.0,6,1080129,50,0.1,0.1,0.2958766166765007,3.3961275813791776,46.112566023987306,6.50176900491425e-07,True,True,True,1.199883317504126,1.1998617806485663,1.1998616218894262,2.066747222539616,2.0667496120894615,2.066749666275068,1.24736133214124e-05,7.83642187379715e-09,-1.526814613583838e-05,-6.993104761932045e-08,False,False,False
categorical,alpha,beta,0.25,3.0,7,1080130,50,0.1,0.1,0.12788665203545055,4.602584451996611,25.11878017908925,3.2008040432302986e-07,True,True,True,1.214749270062478,1.214728529693859,1.214728673199805,2.125876169326129,2.1260533143874993,2.126052831006604,0.00038999851672048315,9.948643051309416e-07,0.00018643348288449602,-4.383745420000196e-07,False,False,False
categorical,alpha,beta,0.25,3.0,8,1080131,50,0.1,0.1,0.7232724003605885,1.3788121823123205,49.673296113158344,2.5002121204201915e-08,True,True,True,4.065433432011002,4.065672003133192,4.065671509714219,0.6970372276912519,0.6970053293293195,0.6970053602776229,2.3615753094581173e-05,5.575011605331717e-08,2.187102609241265e-05,-8.57316706515121e-08,False,False,False
categorical,alpha,beta,0.25,3.0,9,1080132,50,0.1,0.1,0.4523272698811838,2.387514634934549,43.881007206999314,7.852399633856966e-07,True,True,True,2.4382347352286096,2.4382594929883803,2.4382593672282575,1.3032302596442586,1.3032328550372012,1.3032328680799965,1.6890933828342994e-05,2.2366621600814524e-08,1.3105412186575904e-05,-3.6561750960117934e-08,False,False,False
categorical,alpha,beta,0.25,3.0,10,1080133,50,0.1,0.1,0.3554257164360432,2.9292430106124274,47.260078354567604,1.362624167925858e-08,True,True,True,0.9988418987643629,0.9989442839672077,0.998943905273031,2.076855786135734,2.0768296886602506,2.0768298489840737,4.2681116812969196e-05,1.2527102020201853e-08,7.225831573975938e-05,-1.9451483979082695e-07,False,False,False
categorical,alpha,beta,0.25,3.0,11,1080134,50,0.1,0.1,0.33444028202747533,2.3160651010234323,45.2390195824979,1.8897523721710605e-07,True,True,True,2.9732448336707757,2.973289585594039,2.973289254307904,1.4238168067763317,1.4238389781313578,1.4238389949578751,6.612152683305198e-05,7.367582027975866e-08,4.0485097279940874e-05,-9.204850215382976e-08,False,False,False
categorical,alpha,beta,0.25,3.0,12,1080135,50,0.1,0.1,0.22049580032345764,1.7509518722081225,52.92327757146262,1.4185917338458916e-07,True,True,True,1.240071949339575,1.2400071523050356,1.240006429064112,1.7124854832122727,1.7125341348577445,1.7125343692711648,6.047001705695936e-05,4.57117708457742e-08,3.444893273751859e-06,-3.133771926400186e-07,False,False,False
categorical,alpha,beta,0.25,3.0,13,1080136,50,0.1,0.1,0.98,0.95327892320221,51.787370342090654,0.5783263610226503,True,True,True,3.025050702349468,3.025087161340555,3.0250865394595725,0.7601763971210228,0.7601541103158252,0.7601541906515006,3.9154671057362894e-05,4.081400991618607e-08,-1.3719433034964368e-05,-1.1308472380733292e-07,False,False,False
categorical,alpha,beta,0.25,3.0,14,1080137,50,0.1,0.1,0.2599716465015065,3.391129297680987,33.793713566581204,3.4627746077870944e-08,True,True,True,2.15632265681624,2.15653950168514,2.1565395037928297,1.3940726156391146,1.3940120398141431,1.3940120574850043,3.919264115138782e-05,4.533231731965818e-08,3.0838117602627335e-05,2.1321682197594782e-08,False,False,False
categorical,alpha,beta,0.25,3.0,15,1080138,50,0.1,0.1,0.16050505042980792,4.0534309691341095,27.386921092860128,1.1417231718527277e-07,True,True,True,1.6735960976602497,1.6737152517264293,1.6737153110033975,2.0175717144642116,2.0176367649400087,2.0176365714312263,0.00022076941168915984,4.102660013434725e-07,0.00014589865402570013,-1.8736881912673198e-07,False,False,False
categorical,alpha,beta,0.25,3.0,16,1080139,50,0.1,0.1,0.48924010169416265,3.3317702905166042,37.044750503537024,1.1810489632306139e-07,True,True,True,1.517406346704748,1.5173457176698848,1.5173455287574518,1.627507872126555,1.6275175878656463,1.6275176436818513,1.7626724618908093e-05,5.756199793541031e-09,-2.883108276563462e-05,-6.024113474722981e-08,False,False,False
categorical,alpha,beta,0.25,3.0,17,1080140,50,0.1,0.1,0.06896214955311059,3.5210016273955405,37.426078370224594,1.7556811578299192e-06,True,True,True,0.21656720364373366,0.2175524632293233,0.21754673559009133,3.6988105849130624,3.6971107018962925,3.6971208725369897,0.0006227898412316813,2.914527729948417e-06,0.0025674417427481444,-1.4618586732240146e-05,False,False,False
categorical,alpha,beta,0.25,3.0,18,1080141,50,0.1,0.1,0.16092080806289705,2.6870685770958644,51.37596296199619,1.609530867547966e-07,True,True,True,0.8662889110621017,0.8662614721235893,0.8662615114612827,2.1327726962331632,2.132812716662136,2.132812694303572,6.072050367109868e-05,1.0110535453097813e-08,1.4420270048276507e-05,1.9669627704388404e-08,False,False,False
categorical,alpha,beta,0.25,3.0,19,1080142,50,0.1,0.1,0.22794985995877598,3.5501348617967876,43.11834438308818,2.7381060922691375e-07,True,True,True,1.2968783895835156,1.2968172205693316,1.2968171421444723,2.425259483941638,2.425304457007173,2.4253044893227647,5.647475917356507e-05,1.431541766295948e-08,4.586427110098157e-06,-2.3270175120160275e-08,False,False,False
categorical,alpha,beta,0.25,8.0,0,1090123,50,0.1,0.1,0.406935692421834,8.0,1.8319302774282193,0.006488404036286882,True,True,True,0.12110880930756329,0.12112741869395309,0.1211274073579698,2.043508654222082,2.043447322981546,2.0434473362541885,1.248735391147351e-05,6.305388378472472e-08,8.295809343028537e-05,-7.830657056118184e-08,False,False,False
categorical,alpha,beta,0.25,8.0,1,1090124,50,0.1,0.1,0.29505493100296554,8.0,2.238500234762925,0.1610454345991302,True,True,True,0.1913845018453643,0.19143201270121818,0.1914320028097993,2.2713411562701284,2.271247287040956,2.271247286478955,3.210479884768488e-05,5.3098863495536645e-08,0.00014009411824522644,-5.23176910682821e-08,False,False,False
categorical,alpha,beta,0.25,8.0,2,1090125,50,0.1,0.1,0.3228182958789316,8.0,9.573269702487107,0.14605714282469914,True,True,True,0.26208005011867935,0.2620788717346464,0.26207884070184484,3.0414623758421166,3.041444110468418,3.04144417036595,4.6564536954264604e-05,1.9915810878562597e-08,-2.5574524505245222e-05,-4.945058584837625e-08,False,False,False
categorical,alpha,beta,0.25,8.0,3,1090126,50,0.1,0.1,0.3223164602362344,7.606126025237633,14.42395745089981,2.1344504350632628e-08,True,True,True,0.2909736712615619,0.2909696541045105,0.2909696492225679,2.5413217196980336,2.541378767415484,2.541378734393816,0.00011745116125203712,9.286395286545322e-08,5.181780828600324e-05,-5.4795785686678755e-08,False,False,False
categorical,alpha,beta,0.25,8.0,4,1090127,50,0.1,0.1,0.22722343610091153,6.1799476999981495,14.035321012484369,6.139465291203582e-07,True,True,True,0.5626539278347192,0.5626012515937668,0.5626012086075807,2.3202537279223443,2.3202854415444913,2.320285424873881,2.0723452141442662e-05,1.1552503224643426e-07,-5.720935604358601e-05,-9.559888525245697e-08,False,False,False
categorical,alpha,beta,0.25,8.0,5,1090128,50,0.1,0.1,0.3201047532959289,5.785828209958685,16.46989595907195,5.2558325402296625e-08,True,True,True,0.5543173865612556,0.5543135602792467,0.5543135334845948,1.974184433269212,1.974216884336327,1.974216879820145,6.780832958546729e-05,5.886269270968592e-08,3.0404418314589066e-05,-5.353788523621006e-08,False,False,False
categorical,alpha,beta,0.25,8.0,6,1090129,50,0.1,0.1,0.3508972894529867,8.0,6.389059382025117,0.07556449649373269,True,True,True,0.15410922953674702,0.1541365688263993,0.15413655295971057,2.160498535675412,2.160428914717633,2.1604289320447023,1.734941134242351e-05,6.30932295855629e-08,9.71492124071105e-05,-8.299063924965822e-08,False,False,False
categorical,alpha,beta,0.25,8.0,7,1090130,50,0.1,0.1,0.22094875587043006,8.0,8.851745508069007,0.1326978001970572,True,True,True,0.338898670897343,0.3389849012088181,0.33898488359199325,2.7840711247326477,2.7839631663812088,2.783963151624486,5.7812300197720675e-06,8.6076222244278e-08,0.00013004978589137295,-6.895865567457804e-08,False,False,False
categorical,alpha,beta,0.25,8.0,8,1090131,50,0.1,0.1,0.4331121252301079,8.0,8.222241806947462,0.17296486731766292,True,True,True,0.2125269401066825,0.21258798476547688,0.21258797855206238,2.378197866743719,2.3780802393442664,2.378080244122598,1.6419337010337656e-05,1.8236574191576952e-08,0.00015174405021767257,-2.3726239639643154e-08,False,False,False
categorical,alpha,beta,0.25,8.0,9,1090132,50,0.1,0.1,0.34601008542564116,6.023673347766439,17.336536564733148,1.668617192171906e-06,True,True,True,0.6126860774350619,0.6127341670242994,0.6127341318430928,2.6872942356919785,2.6872860302895485,2.687286039244248,5.9574650961735046e-05,3.6925338333050135e-08,6.899276380067931e-05,-4.710727807832882e-08,False,False,False
categorical,alpha,beta,0.25,8.0,10,1090133,50,0.1,0.1,0.26060295050539917,8.0,3.494252109249147,0.19446620230794753,True,True,True,0.19627450231789798,0.19628132062831394,0.1962813121735737,2.384583024809248,2.384592188225751,2.3845921755105985,5.579408831377313e-05,7.250479258434556e-08,4.5230102083682056e-05,-5.771346600624838e-08,False,False,False
categorical,alpha,beta,0.25,8.0,11,1090134,50,0.1,0.1,0.3133236301896829,8.0,3.407891066457265,0.1631445593342053,True,True,True,0.17941073579116126,0.17937056256840467,0.17937055312704794,2.3019623076773734,2.3020778600086493,2.302077855567094,4.2094079532031935e-05,6.290119676681214e-08,-9.096589285029211e-05,-5.774957356763366e-08,False,False,False
categorical,alpha,beta,0.25,8.0,12,1090135,50,0.1,0.1,0.19582688649447533,8.0,15.587073973277558,0.7193599502741687,True,True,True,0.5122340744446622,0.5122580643752908,0.5122580588547266,2.3687902485211256,2.3688253297824358,2.368825216383212,0.0001273294802860113,2.719139595068405e-07,8.70802872778853e-05,-1.4133260073379006e-07,False,False,False
categorical,alpha,beta,0.25,8.0,13,1090136,50,0.1,0.1,0.20205100037881565,6.034180853325102,32.25014059092361,3.477379498086722e-07,True,True,True,0.4387098373390551,0.43867525892449016,0.4386752653086246,2.7674727998120177,2.7675332535188035,2.767533233875379,6.0451616983827114e-05,3.085231343002658e-08,-9.229682646605397e-06,-8.062116307883116e-09,False,False,False
categorical,alpha,beta,0.25,8.0,14,1090137,50,0.1,0.1,0.17741072980376796,7.637796324637164,19.25265420889224,2.256280067587273e-07,True,True,True,0.45784347962441924,0.4579228526848908,0.4579228629673167,2.5041605422301023,2.504142757233005,2.5041426614658713,0.00013220674872125101,1.9808347780516538e-07,0.00015278431012433202,-8.780149229892231e-08,False,False,False
categorical,alpha,beta,0.25,8.0,15,1090138,50,0.1,0.1,0.272129708669487,8.0,12.912060062621983,0.2802832378412981,True,True,True,0.37161527948949474,0.37167495101232956,0.37167493647763117,2.3485951210009284,2.34855815335891,2.348558128686682,7.534405729663731e-05,9.591959299724178e-08,0.00011793241148971845,-6.751089287604373e-08,False,False,False
categorical,alpha,beta,0.25,8.0,16,1090139,50,0.1,0.1,0.21887028378392043,7.505171284223882,16.4733225494892,3.769314158480672e-07,True,True,True,0.4140231373311566,0.4138996342539027,0.4138996291087882,2.413649558617193,2.413765837398998,2.4137658253137846,3.066691064369801e-05,4.230173759123168e-08,-0.0001644998904666295,-2.6344444847836712e-08,False,False,False
categorical,alpha,beta,0.25,8.0,17,1090140,50,0.1,0.1,0.43999470712578076,8.0,8.273465356580925,0.15820591892103353,True,True,True,0.19737940022461972,0.19739196440857196,0.19739195407443536,2.3614211418008137,2.36139486343581,2.3613948767734785,3.152857710827069e-06,2.1702560621530173e-08,3.336188155778075e-05,-3.69978243597302e-08,False,False,False
categorical,alpha,beta,0.25,8.0,18,1090141,50,0.1,0.1,0.2876588262206507,7.315027243954205,9.154795557966903,1.3501974191435358e-07,True,True,True,0.36464886942982905,0.3646684080903268,0.3646683936037468,2.6151759919145663,2.615156899050002,2.6151569355427813,9.673406086009336e-06,4.4346121418089435e-08,3.1601503170719525e-05,2.288512490622452e-09,False,False,False
categorical,alpha,beta,0.25,8.0,19,1090142,50,0.1,0.1,0.2927559564415428,8.0,14.891935136077533,0.4297744807837931,True,True,True,0.3467912980978344,0.34677207842781305,0.3467720692506251,2.9807494299490243,2.980796823494494,2.980796825277061,5.369320060692003e-05,2.2376696328431905e-08,-8.835435920673262e-07,-2.4412354804326242e-08,False,False,False
categorical,alpha,beta,0.5,0.25,0,1100123,50,0.1,0.1,0.45026496134458116,0.2637390370561463,54.82823253856405,1.5888218580782546e-08,True,True,True,2.8618615566613435,2.8620949237640336,2.8620930968853266,0.2586918595715399,0.2586475653965285,0.25864771955062704,4.307073085768382e-05,3.999959434256384e-07,3.00841096461113e-05,-4.608249710713608e-07,False,False,False
categorical,alpha,beta,0.5,0.25,1,1100124,50,0.1,0.1,0.47575408930828134,0.1,55.078449538054684,1.0938326546749977,True,True,True,0.8788177491634922,0.8788443262339031,0.8788440152051471,0.5048899153271007,0.5048645498051474,0.5048648117388487,2.8438101488438307e-05,3.9882888185520363e-07,9.859073699658438e-07,-5.234428357425713e-08,False,False,False
categorical,alpha,beta,0.5,0.25,2,1100125,50,0.1,0.1,0.4536068828007105,0.1,55.03710116682654,0.790969254166545,True,True,True,1.954027075178285,1.954030038638897,1.9540303825646725,0.44273719616625934,0.44272410642390664,0.4427239915560053,4.5220354969882085e-05,1.1145357388878877e-07,-1.3509770717234915e-05,4.3761865242686326e-08,False,False,False
categorical,alpha,beta,0.5,0.25,3,1100126,50,0.1,0.1,0.1952101833340871,1.2473060218471668,53.76294338238891,2.948752353404416e-07,True,True,True,1.3629764413859886,1.3630828177928718,1.3630821765962853,1.5211484264840465,1.5211652820804873,1.5211654800110435,0.00011843544661692618,2.4233791135678078e-08,9.720728652240496e-05,-2.4252592112361526e-07,False,False,False
categorical,alpha,beta,0.5,0.25,4,1100127,50,0.1,0.1,0.6850322834589563,0.5804360145171698,54.08537678220532,3.375264974611588e-07,True,True,True,4.372396448954736,4.372557898972474,4.37255618856022,0.3944593279103926,0.3944391308665078,0.39443924105479894,2.4417773954412203e-05,2.1906793965230892e-07,1.3407136435716893e-05,-2.6431084165778884e-07,False,False,False
categorical,alpha,beta,0.5,0.25,5,1100128,50,0.1,0.1,0.98,0.611321694923149,53.38481403533297,2.8914259893042735,True,True,True,4.080329520540596,4.080360541294326,4.080361130541887,0.3754050557751323,0.3754089338693318,0.3754088970461399,1.8246985701402653e-05,8.968935175166452e-08,1.2169320335431166e-05,1.0201638644957711e-07,False,False,False
categorical,alpha,beta,0.5,0.25,6,1100129,50,0.1,0.1,0.6854310700466921,0.7825482090677781,53.384241420675885,2.7098613238542955e-07,True,True,True,4.838467576911473,4.838654420747566,4.838654055935229,0.410598931452151,0.41057921332212133,0.4105792174216333,1.9402284774343072e-05,6.777317114991747e-08,1.5843567524598257e-05,-7.067567509011496e-08,False,False,False
categorical,alpha,beta,0.5,0.25,7,1100130,50,0.1,0.1,0.19731416041386388,0.1,55.07733356235131,0.3857729176104413,False,False,False,-2.331140304821862,-2.331105704783789,-2.331105349869938,inf,inf,inf,1.2530438474067988e-05,5.334269879794779e-08,nan,nan,False,False,True
categorical,alpha,beta,0.5,0.25,8,1100131,50,0.1,0.1,0.15448407672317374,1.2723191069489868,53.209524936374464,1.697790874531276e-07,True,True,True,1.1793441898568755,1.179449210054013,1.1794501544389107,1.4239805280868172,1.423990892915594,1.4239904407068906,0.00011727466958111358,2.442275961638037e-07,0.00010125871884270055,2.800750991127643e-07,False,False,False
categorical,alpha,beta,0.5,0.25,9,1100132,50,0.1,0.1,0.02,0.1,55.187749848032105,0.5548681268897379,False,False,False,-18.548224217017918,-18.5489868851309,-18.548986853543944,inf,inf,inf,3.9474534568335536e-05,4.017151688013053e-08,nan,nan,False,False,True
categorical,alpha,beta,0.5,0.25,10,1100133,50,0.1,0.1,0.6460419478175554,0.710078205420766,53.39565153821334,6.550880341146756e-08,True,True,True,3.855789518009217,3.855841449462734,3.855839037970878,0.34342801352054814,0.34342009237623694,0.34342024111320824,2.645084520015046e-05,3.648671472253589e-07,3.894617641719833e-06,-4.5417303340400395e-07,False,False,False
categorical,alpha,beta,0.5,0.25,11,1100134,50,0.1,0.1,0.98,0.5840120984749841,53.72291013622975,0.14530378678048064,True,True,True,5.00592632386437,5.005901962510786,5.005902330924649,0.2723698079348988,0.2723656751188188,0.27236560518696457,3.0153903565230555e-05,1.0828991499632985e-07,-9.631510941687793e-06,-6.916124561939796e-09,False,False,False
categorical,alpha,beta,0.5,0.25,12,1100135,50,0.1,0.1,0.5131472328723918,0.1,55.014495760001004,0.5680745154279673,True,True,True,1.995019242689209,1.995031755480032,1.9950299580556372,0.3637914414667528,0.36380480712662044,0.3638050135097215,3.3682362321511776e-05,5.298746309751189e-07,2.0996436667530816e-05,-6.633433500269348e-07,False,False,False
categorical,alpha,beta,0.5,0.25,13,1100136,50,0.1,0.1,0.02,0.1,55.18594581235887,0.5053090964932628,False,False,False,-15.25460246412475,-15.255138546881438,-15.255136515659046,inf,inf,inf,3.0771927075716895e-05,1.3912917186315787e-07,nan,nan,False,False,True
categorical,alpha,beta,0.5,0.25,14,1100137,50,0.1,0.1,0.37511841841675136,0.41101944281375596,54.81295537013319,1.5888218580782546e-08,True,True,True,1.580985353362855,1.5810673867321894,1.5810657963841004,0.5255036872237551,0.5254817090923285,0.5254819965537275,2.292874655242047e-05,4.386108405581265e-07,2.590797157608904e-05,-6.74918233301014e-07,False,False,False
categorical,alpha,beta,0.5,0.25,15,1100138,50,0.1,0.1,0.4755057836963416,0.1,54.997099924751865,0.3222167386241013,True,True,True,2.0575342962327055,2.057463291070302,2.0574619703706283,0.25108450169343377,0.25105236907360706,0.2510526200967871,0.0001079036445251276,3.406683040765639e-07,-7.185737883474985e-05,-3.529058929530038e-07,False,False,False
categorical,alpha,beta,0.5,0.25,16,1100139,50,0.1,0.1,0.022622383217178837,2.1512490371591197,54.570362820340755,3.201704345557407e-08,True,True,True,0.030442606973818634,0.030773672546434618,0.03077101252595529,4.709142886544882,4.70463626702991,4.704673245857792,0.0004382854447468298,1.2998991897244823e-06,0.005584058699021455,-4.3868474634223276e-05,False,False,False
categorical,alpha,beta,0.5,0.25,17,1100140,50,0.1,0.1,0.6509118862650081,0.5014493187595706,54.36083927738562,9.386159272837991e-08,True,True,True,2.0348185526279567,2.0348457016096164,2.034843738674576,0.44228553336903204,0.44230037629628416,0.442300616739596,4.451087529421108e-05,5.090399772754835e-07,2.9742834811941066e-05,-6.878402629695302e-07,False,False,False
categorical,alpha,beta,0.5,0.25,18,1100141,50,0.1,0.1,0.39509868861717967,0.2478625385359341,54.919046629591485,7.193696920394851e-08,True,True,True,1.5660559113620625,1.566178839951301,1.5661784640767098,0.5830776453549527,0.583057553655549,0.5830576829651749,4.26859313574855e-05,8.972096037446968e-08,5.527003211369674e-05,-9.112150678447506e-08,False,False,False
categorical,alpha,beta,0.5,0.25,19,1100142,50,0.1,0.1,0.2558811370051398,0.8790952724193472,53.94020350841824,2.2052595558134406e-07,True,True,True,2.2542279938969454,2.2542646211213246,2.25426394587033,0.9376463283406554,0.9376468326270523,0.9376469348389187,2.444026661784573e-05,7.389136127345025e-08,1.6646815282683747e-05,-1.8186808148357159e-07,False,False,False
categorical,alpha,beta,0.5,0.5,0,1110123,50,0.1,0.1,0.5546610873698484,2.0806790172232965,45.7139121644918,5.001919884594189e-07,True,True,True,3.0976811182788833,3.0978906308286946,3.0978907348608447,1.1812625486051027,1.1812371686400722,1.1812371359410347,1.0190108010884295e-05,4.20546770202661e-08,3.8409170187492236e-05,-4.0645460330779315e-09,False,False,False
categorical,alpha,beta,0.5,0.5,1,1110124,50,0.1,0.1,0.3714992451005706,1.3250341645215338,52.32853900612121,1.371428028659006e-07,True,True,True,2.275255263730285,2.2753106475003677,2.2753113856858684,1.223855805923321,1.2238531982304082,1.2238530613878216,2.1887315493438492e-05,2.1495909876916938e-08,2.150615634377573e-05,1.6688693449395942e-07,False,False,False
categorical,alpha,beta,0.5,0.5,2,1110125,50,0.1,0.1,0.5804318656950127,0.5398945913880832,54.16062327360437,2.1738427649294115e-07,True,True,True,5.097585039596897,5.0976030548617155,5.097604621104158,0.22278355833569433,0.22277418206512067,0.22277410564234224,2.6354317694855397e-05,1.9618537277549072e-07,-7.041492601445043e-06,2.1926574333974713e-07,False,False,False
categorical,alpha,beta,0.5,0.5,3,1110126,50,0.1,0.1,0.8979816723343748,1.0006539442747806,51.40472990336374,5.086128260360594e-08,True,True,True,5.706480614761991,5.7065753021118315,5.706575818126142,0.6275550151211278,0.6275345856813467,0.6275345307861306,3.1630621141058876e-05,4.985702419640533e-08,-6.900224946093658e-06,2.722405412214357e-08,False,False,False
categorical,alpha,beta,0.5,0.5,4,1110127,50,0.1,0.1,0.45919292959675284,1.8361516214708307,48.056891425427615,3.271231217106196e-07,True,True,True,3.384198184966943,3.384223407058589,3.38422277772944,0.8718163697714917,0.871809523469988,0.8718095635144879,9.39078992800073e-06,9.6652692737081e-08,-5.69080150114587e-07,-1.3985678037897742e-07,False,False,False
categorical,alpha,beta,0.5,0.5,5,1110128,50,0.1,0.1,0.02,2.417542753373708,54.3401978138158,2.412070426061064,True,True,True,0.031240763448536407,0.031490087307827215,0.031487139855454954,5.023342958201531,5.020048312579625,5.020088614204209,0.0003620921413132043,8.095035094381416e-07,0.004108739080280088,-4.720479193309757e-05,False,False,False
categorical,alpha,beta,0.5,0.5,6,1110129,50,0.1,0.1,0.2278862702575757,1.77687317517238,51.25421321828247,1.0725443281451226e-07,True,True,True,1.8691999133884227,1.869379478448649,1.8693791290927237,1.378461730117238,1.3784677727800652,1.3784678217687907,0.00011132873792446277,7.48694423275998e-08,0.00010288697392013546,-1.304830306025906e-07,False,False,False
categorical,alpha,beta,0.5,0.5,7,1110130,50,0.1,0.1,0.8513170724107663,0.4798081773634746,54.22690882741765,2.085234113853458e-07,True,True,True,3.6567788361082814,3.6567452646829484,3.6567445610533396,0.3033874330955012,0.3033986904905991,0.3033986748015885,1.536810946330997e-05,2.3526002568746117e-07,3.5694301985245147e-06,-2.1048230536280244e-07,False,False,False
categorical,alpha,beta,0.5,0.5,8,1110131,50,0.1,0.1,0.1641940969159151,0.3922991663279854,54.948271446098,1.1984815126761105e-07,True,True,True,0.6157720338589214,0.6158331208597748,0.6158321835923531,1.319802696222484,1.3197798920621442,1.319780496060316,5.271686990035944e-05,1.610826521333162e-07,7.21181689513628e-05,-8.265729007916889e-07,False,False,False
categorical,alpha,beta,0.5,0.5,9,1110132,50,0.1,0.1,0.41106103629429774,0.1,55.07668499587914,1.0508247321183717,True,True,True,0.6385319326146128,0.6385685079966601,0.6385684541136444,0.8347206613774069,0.83468670113574,0.8346867093216465,2.4050214760778736e-05,4.001386855200719e-07,1.8105657311195955e-05,-7.495657428080449e-08,False,False,False
categorical,alpha,beta,0.5,0.5,10,1110133,50,0.1,0.1,0.1119909762741623,1.5013508584217536,54.11813167391949,8.565995761418911e-07,True,True,True,0.30764074930216295,0.3077628663722454,0.3077623712977806,2.36909633873064,2.3689666808282657,2.368967289735881,9.932600723200557e-05,2.0977268435445745e-07,0.00024668645926340105,-9.0759362336712e-07,False,False,False
categorical,alpha,beta,0.5,0.5,11,1110134,50,0.1,0.1,0.7947303460527262,0.33211133917509417,54.767231765046304,5.332030291002224e-07,True,True,True,3.113929045713615,3.1138781716898647,3.113878077637729,0.22853520962731017,0.22853783164959363,0.2285378435010403,2.4169891394351414e-05,2.982793341298922e-08,-1.3335545226311751e-05,-1.6559695836804167e-08,False,False,False
categorical,alpha,beta,0.5,0.5,12,1110135,50,0.1,0.1,0.98,0.44109627419595765,54.36507554958465,0.34227657863548244,True,True,True,3.8103740414362433,3.8105061966585425,3.8105039595314767,0.3421907387147672,0.3421898564245775,0.34218996581762695,3.412979068190671e-05,3.958723023718462e-07,3.320547831009435e-05,-4.611512238739124e-07,False,False,False
categorical,alpha,beta,0.5,0.5,13,1110136,50,0.1,0.1,0.10710498019866119,0.7518087706385727,54.48170987801214,2.966037224146845e-07,True,True,True,0.5403601911402321,0.5408126967636696,0.5408112732894591,1.9190106157500868,1.9187277207164932,1.9187287053845217,0.00019181364401873408,3.9883540404784476e-07,0.0005098709594619777,-1.498464563098878e-06,False,False,False
categorical,alpha,beta,0.5,0.5,14,1110137,50,0.1,0.1,0.036442334992072486,3.117957812048321,54.37572752121791,2.9487602786653136e-06,True,True,True,0.04328492773740475,0.04336940625168749,0.04336887153889656,4.266571794772585,4.265847711126597,4.265852768631499,0.00028191271907864536,6.858106523673973e-07,0.001109643472226196,-6.506670736428077e-06,False,False,False
categorical,alpha,beta,0.5,0.5,15,1110138,50,0.1,0.1,0.98,0.3544116296188803,54.69929721224269,0.11556115191342409,True,True,True,3.321564953799237,3.3216361298027657,3.3216355186242597,0.3474316391371481,0.34742708468163197,0.3474270954401819,1.4885600287837366e-05,1.9063930446065626e-07,1.6013101223677495e-05,-1.7161301713031207e-07,False,False,False
categorical,alpha,beta,0.5,0.5,16,1110139,50,0.1,0.1,0.22058147178039555,0.4564224348795774,54.8079357056153,2.8995454787748124e-07,True,True,True,0.9733363716196901,0.9734184511943109,0.9734177900511114,0.9278507855974872,0.9278307647546686,0.9278310165959168,5.209093048514322e-05,1.3419858152647646e-07,6.088540973792078e-05,-3.892545947792314e-07,False,False,False
categorical,alpha,beta,0.5,0.5,17,1110140,50,0.1,0.1,0.9021813433181775,0.8416986738590106,52.172133036323814,4.247981989028636e-07,True,True,True,4.977611436059344,4.977721661647775,4.977721180297693,0.46914915895560033,0.46913337219839824,0.4691334093632633,1.9063783984912986e-05,7.715876027688525e-08,3.914939043170307e-06,-5.3913254305371083e-08,False,False,False
categorical,alpha,beta,0.5,0.5,18,1110141,50,0.1,0.1,0.5992726944269269,1.139229055011452,52.343924567442784,3.281457528170217e-08,True,True,True,3.2566297844889798,3.256663261836551,3.256661551770904,0.8113354728998932,0.811331781771831,0.8113319538362299,3.4179459664348278e-06,1.5077358477078148e-07,5.7031301068377616e-06,-3.270011532663375e-07,False,False,False
categorical,alpha,beta,0.5,0.5,19,1110142,50,0.1,0.1,0.98,0.8135655711253695,52.51297890103426,1.8140390913856665,True,True,True,5.704349448879017,5.704329269764424,5.704328570288244,0.23527077899932294,0.23526043204194586,0.23526044788047334,4.7616024042760675e-05,1.047012859395948e-07,-1.555426459276532e-05,-1.0438721176342369e-07,False,False,False
categorical,alpha,beta,0.5,1.0,0,1120123,50,0.1,0.1,0.8864469040117451,0.937199462132256,52.125076464687496,1.5313803247531372e-07,True,True,True,2.738129888352757,2.7382690499608664,2.7382688635782597,0.6538915887446344,0.6538612188047039,0.6538612588566085,3.095654632637331e-05,3.938967460545098e-08,1.5835664974872543e-05,-2.1954384976652364e-08,False,False,False
categorical,alpha,beta,0.5,1.0,1,1120124,50,0.1,0.1,0.48980272906550937,1.5781789413341818,49.322841016528564,7.460698725481052e-08,True,True,True,3.289124946003236,3.2890842211676223,3.2890835244350134,0.8570423262562518,0.8570438621581071,0.8570439216691972,9.02856949360408e-06,7.962441822738579e-08,-1.0756784121213059e-05,-1.4331713771298382e-07,False,False,False
categorical,alpha,beta,0.5,1.0,2,1120125,50,0.1,0.1,0.46821474419477205,0.5843166578512284,54.157443841209044,1.617948091838983e-07,True,True,True,3.166916494143536,3.1669466130897943,3.1669468560594374,0.2387262016186206,0.2387160321688354,0.23871597780265413,2.5323053204248815e-05,6.848134846905497e-08,-2.183432002311747e-06,1.4129085457170731e-08,False,False,False
categorical,alpha,beta,0.5,1.0,3,1120126,50,0.1,0.1,0.25800773548227723,0.6508382353025072,54.36975106770823,3.157920838058159e-07,True,True,True,1.893031281631938,1.893131569514949,1.8931305671103507,0.7690798069976198,0.7690652570664356,0.7690654536791105,2.10682671902174e-05,1.4254123863317285e-07,3.592163653109992e-05,-3.031369075756629e-07,False,False,False
categorical,alpha,beta,0.5,1.0,4,1120127,50,0.1,0.1,0.4784704159590878,1.6084333304180427,52.341779242386245,9.208119016650408e-08,True,True,True,1.377316640378598,1.3774709124256246,1.3774710178060676,1.3432262740052594,1.343170241907643,1.343170233726825,1.8095524768148486e-05,5.8204484051296155e-08,4.756061152022539e-05,6.708432920277119e-08,False,False,False
categorical,alpha,beta,0.5,1.0,5,1120128,50,0.1,0.1,0.98,0.6169486003787579,53.59590587974515,4.201739443487896,False,False,False,-8.436512220354965,-8.436453629089891,-8.436453620408205,inf,inf,inf,6.805444415553699e-06,8.616911715636062e-08,nan,nan,False,False,True
categorical,alpha,beta,0.5,1.0,6,1120129,50,0.1,0.1,0.7237943498313916,1.517832343209709,48.184041913530436,1.90225193532174e-07,True,True,True,4.114622230297606,4.114697319450704,4.114696714379051,0.7593049956363811,0.7592980436030964,0.7592980745336313,6.3476336956977205e-06,8.016710246296186e-08,1.0133911317211641e-05,-1.1144123135409245e-07,False,False,False
categorical,alpha,beta,0.5,1.0,7,1120130,50,0.1,0.1,0.724684989084509,0.6924951749987023,53.36968962217634,1.5828525626165988e-07,True,True,True,5.374449451400666,5.374440822201301,5.374440444658473,0.23972712473424818,0.23971536270972413,0.23971538626934505,2.595672263385514e-05,4.072310910749459e-08,-1.5190253172647772e-05,-4.312381918225583e-08,False,False,False
categorical,alpha,beta,0.5,1.0,8,1120131,50,0.1,0.1,0.7858921100991352,0.5335901750416066,54.46409978209552,6.521915363565902e-08,True,True,True,3.0961987749511035,3.096207046358422,3.096206607391962,0.2508573902269877,0.25084086754121837,0.2508408569347809,3.430684389001813e-05,1.7586452137435797e-07,-1.6504963539887285e-05,-1.5398666874943956e-07,False,False,False
categorical,alpha,beta,0.5,1.0,9,1120132,50,0.1,0.1,0.611386622824034,0.5989054416501846,54.01787419703338,4.278033777464535e-08,True,True,True,1.557541508770264,1.557601613594729,1.5576034573852358,0.5750806953446753,0.5750559994744078,0.5750556057381407,2.308108825581561e-05,4.1119773199009184e-07,1.0887063709219547e-05,7.304305711386405e-07,False,False,False
categorical,alpha,beta,0.5,1.0,10,1120133,50,0.1,0.1,0.7372283024205251,0.6821168393155754,53.750700464231635,5.02429586778808e-09,True,True,True,4.385552235318613,4.385659632512011,4.385659456235062,0.3819231421919049,0.3819162697827573,0.3819162683887269,1.2363624964488823e-05,4.3863616265031386e-08,1.6534612100826962e-05,-4.1798884353738686e-08,False,False,False
categorical,alpha,beta,0.5,1.0,11,1120134,50,0.1,0.1,0.025317826191732392,3.9673112959055032,53.000830474264895,1.4459722140922137e-06,True,True,True,0.053805799545840284,0.053993449231394985,0.05399079110307084,4.873525831994841,4.872261000187129,4.872281267173547,0.0005664112287689113,2.566616052297869e-06,0.0019993790830596936,-2.5898552237890726e-05,False,False,False
categorical,alpha,beta,0.5,1.0,12,1120135,50,0.1,0.1,0.24312943571991244,1.315159698131098,52.31959782757104,8.816398385071567e-08,True,True,True,2.624415561321948,2.6244667591488127,2.6244664804782616,1.275560168352834,1.2755601295257297,1.2755601704805852,2.0907752000610747e-05,1.3157454453910043e-08,1.9404355029450926e-05,-5.9030760723999265e-08,False,False,False
categorical,alpha,beta,0.5,1.0,13,1120136,50,0.1,0.1,0.2962707722106985,1.3776067057973176,51.97849035606984,3.485096107028348e-07,True,True,True,2.5519296232719473,2.551885093585507,2.5518848364640867,0.9984865864282768,0.9985060343468254,0.9985060457258209,2.734112355210897e-05,7.74883698824444e-08,4.853016633887819e-06,-8.765689329948145e-08,False,False,False
categorical,alpha,beta,0.5,1.0,14,1120137,50,0.1,0.1,0.2677966424382723,1.4547660421679838,53.60584909056647,1.0089706847793423e-06,True,True,True,1.1007980388919976,1.1009929877823004,1.100993368820829,1.6250341984301229,1.6249551955215442,1.6249550602009322,6.988377974222773e-06,3.739389263269905e-08,8.631693407323837e-05,1.9029257458669235e-07,False,False,False
categorical,alpha,beta,0.5,1.0,15,1120138,50,0.1,0.1,0.3987101601259312,1.0976855530297782,52.66577137674469,5.763994525559912e-08,True,True,True,3.2998282111114716,3.299727390088062,3.299727047864331,0.9893246086865563,0.9893498567168243,0.9893499002105939,3.12739885430928e-05,1.667458837105407e-08,-1.5396521888533243e-06,-5.3638686381418665e-08,False,False,False
categorical,alpha,beta,0.5,1.0,16,1120139,50,0.1,0.1,0.41784622474309074,0.1,55.02213831552099,0.47188901319829096,True,True,True,0.03261971807614623,0.03253476344092152,0.0325347101865473,2.030929771457529,2.032065542446168,2.0320662326290027,3.6286315494895865e-05,1.9064918262367613e-07,-0.0013010300474718406,-8.422442689948184e-07,False,False,False
categorical,alpha,beta,0.5,1.0,17,1120140,50,0.1,0.1,0.8779864881317873,1.1007817096556465,51.70672333008536,1.2502964512880752e-07,True,True,True,3.2343450002822793,3.234478223683456,3.2344773149354107,0.8472464016005877,0.8472229237823692,0.8472230210124991,1.4134714777028634e-05,6.904515527091048e-08,1.3990524152518446e-05,-1.6901632449162207e-07,False,False,False
categorical,alpha,beta,0.5,1.0,18,1120141,50,0.1,0.1,0.5557321937096251,0.809078169481129,53.78766382656212,2.929642751054232e-08,True,True,True,2.9165558376660097,2.9167113634732758,2.91671033299127,0.6886200650348164,0.688585011675693,0.6885850977922169,2.921439214137169e-05,1.678536006433927e-07,1.2712909921219762e-05,-2.541574559700166e-07,False,False,False
categorical,alpha,beta,0.5,1.0,19,1120142,50,0.1,0.1,0.030624769169800253,4.077014434699899,51.935457962096436,3.89400829889264e-06,True,True,True,0.061167737043586023,0.06144744253639183,0.06144408289582404,4.80488525697598,4.803131756869859,4.803154620401147,0.0005226573519798494,2.032783691518189e-06,0.002515193001151772,-2.8353908383849102e-05,False,False,False
categorical,alpha,beta,0.5,3.0,0,1130123,50,0.1,0.1,0.48890302356360477,3.797336165267522,37.8772138698839,8.881784197001252e-08,True,True,True,1.1150680360150762,1.115029576108146,1.115029536007037,1.9887130271659899,1.9887343873309082,1.9887343959320987,1.4908162023171616e-05,1.6229764878644923e-08,-9.925943317057317e-06,-2.6061677260713623e-08,False,False,False
categorical,alpha,beta,0.5,3.0,1,1130124,50,0.1,0.1,0.2937683728705363,3.1973069216931775,44.88638357625375,2.1318740755207483e-07,True,True,True,1.2137949956861265,1.2138363308062905,1.2138363965867223,1.968627066929039,1.9686386050723532,1.9686385703719647,6.072132700002384e-05,2.60542604591742e-08,4.735188975502069e-05,1.424187701104529e-08,False,False,False
categorical,alpha,beta,0.5,3.0,2,1130125,50,0.1,0.1,0.5964304288218595,2.786769421758016,36.054566553198434,2.8811129239782827e-07,True,True,True,2.698411378880704,2.6986573901172624,2.698657138206082,1.1904330546888207,1.1903954566193262,1.1903954865354098,7.425946000143726e-06,2.5946843075312443e-08,4.781947710341683e-05,-5.890468912639335e-08,False,False,False
categorical,alpha,beta,0.5,3.0,3,1130126,50,0.1,0.1,0.6074243433379971,2.4820097886607395,43.55004110444575,2.74191099731219e-07,True,True,True,2.346592959457038,2.3467391532437576,2.3467388302384444,1.2640760667071511,1.2640535789180487,1.264053622227386,1.0999776634639817e-05,4.0284648481707465e-08,3.6320702548664485e-05,-8.777835347473228e-08,False,False,False
categorical,alpha,beta,0.5,3.0,4,1130127,50,0.1,0.1,0.0945601680160778,3.2392574804827245,40.51210754663235,1.3151727493347972e-06,True,True,True,1.0864641003064008,1.0868559476896185,1.086855055970321,2.52597260091891,2.525998411286864,2.5259980967823386,0.0004193008996380974,1.5473748295898183e-06,0.0003891306991548049,-1.1825447217006513e-06,False,False,False
categorical,alpha,beta,0.5,3.0,5,1130128,50,0.1,0.1,0.32583023947987466,4.131250144763002,43.61542822856976,7.789707789984746e-07,True,True,True,0.41158639920211315,0.41170944117634123,0.41170909459008787,2.3228675467188395,2.3227751806144497,2.3227754995474625,8.658012310918146e-05,1.0913708506075336e-07,0.00019208595522712812,-4.746376092157334e-07,False,False,False
categorical,alpha,beta,0.5,3.0,6,1130129,50,0.1,0.1,0.5646193900065284,2.452014847654675,41.95443462667077,6.584821236653766e-08,True,True,True,2.7928942882520142,2.7930483131020125,2.7930482477768592,1.4142105985611642,1.4141915309059225,1.414191530889582,1.189911402484972e-05,2.392823661281006e-08,3.3171451882196834e-05,-2.340729565730726e-08,False,False,False
categorical,alpha,beta,0.5,3.0,7,1130130,50,0.1,0.1,0.5995215934123684,3.5905036369875205,27.04669744125063,1.2932375270151213e-08,True,True,True,2.119074894151874,2.119092768292915,2.119092748750176,1.4274019814836683,1.4274091479103683,1.4274091543704568,2.5032877939107515e-05,6.354045942433413e-09,1.6683712640741533e-05,-1.78476966539165e-09,False,False,False
categorical,alpha,beta,0.5,3.0,8,1130131,50,0.1,0.1,0.4185026055858497,4.78686991328374,33.5685247089104,9.647994143988143e-07,True,True,True,0.8335446333832779,0.8335421377820035,0.8335420383615758,2.135407047547956,2.1354212548992386,2.1354212942815223,2.9887019287667177e-05,2.9058222829401066e-08,1.3288916669296214e-05,-7.39341032840457e-08,False,False,False
categorical,alpha,beta,0.5,3.0,9,1130132,50,0.1,0.1,0.5247804004628985,3.359144438312053,46.77344396937828,4.7147501750814196e-07,True,True,True,0.6768983919995668,0.6765971569442275,0.6765972669790605,2.0118230184760044,2.0120173592843926,2.0120172972543653,9.04390516611224e-06,2.006543520673654e-08,-0.0002212872728222237,9.121503552478316e-08,False,False,False
categorical,alpha,beta,0.5,3.0,10,1130133,50,0.1,0.1,0.62797902104693,3.6526646471389306,29.03173996339217,1.619365203790682e-07,True,True,True,1.5780782276882186,1.5779941937246278,1.5779941759535216,1.4275364750412989,1.4275624561793636,1.4275624506218685,7.277944178446228e-06,2.4139180638069704e-08,-2.335800990493908e-05,-1.7660134687957907e-08,False,False,False
categorical,alpha,beta,0.5,3.0,11,1130134,50,0.1,0.1,0.6516621831742017,2.3367506824274535,41.990788335621176,1.357989427391635e-07,True,True,True,3.051838714778225,3.051926313267358,3.051926283934816,1.154455934220955,1.154443231566846,1.1544432412636108,3.6668487892374793e-06,1.3064662721752195e-08,1.4080181706788153e-05,1.5526566699008981e-09,False,False,False
categorical,alpha,beta,0.5,3.0,12,1130135,50,0.1,0.1,0.4879212733481869,3.1901798217126105,35.994923890533435,1.8552618288958292e-07,True,True,True,2.2152979699846935,2.2153735387854057,2.2153734800538047,1.387275804882129,1.387256200121807,1.3872561972498214,1.1149801077147578e-05,3.311441943862278e-08,1.1511037477873742e-05,-2.9817421420830215e-08,False,False,False
categorical,alpha,beta,0.5,3.0,13,1130136,50,0.1,0.1,0.4725201622696004,2.948758981575521,36.396618961365895,2.4873664847939847e-07,True,True,True,2.405610932083507,2.405687295626509,2.4056871970982665,1.3182335053581271,1.3182134320028807,1.318213439939323,1.4574628168278842e-05,2.2745528652293047e-08,8.601301836108632e-06,-3.181921215400507e-08,False,False,False
categorical,alpha,beta,0.5,3.0,14,1130137,50,0.1,0.1,0.5496601313692423,2.80146626369909,37.25882826293253,9.379378445771353e-07,True,True,True,2.762899961237448,2.7629245347738016,2.762924544122522,1.185373386383184,1.1853707743856674,1.1853707542985144,3.561893093905048e-06,4.307370725331565e-08,5.867154683869558e-06,-1.974255781078682e-08,False,False,False
categorical,alpha,beta,0.5,3.0,15,1130138,50,0.1,0.1,0.41811858399677976,6.217787002741469,25.136049962108675,1.5630852737605143e-07,True,True,True,0.47025276761340584,0.4702815566195159,0.4702815601210145,2.643974463463055,2.643965958831645,2.64396594778554,4.1631122848430594e-05,1.8186836967742488e-08,5.142181561268444e-05,-5.2717616938480205e-09,False,False,False
categorical,alpha,beta,0.5,3.0,16,1130139,50,0.1,0.1,0.46876783194164656,3.973357033095536,21.490766747425003,4.814225961505111e-07,True,True,True,1.7569773576494123,1.7570951698435904,1.757095081533057,1.4058258045723877,1.40579177367732,1.4057917906626227,1.2224209066548272e-05,1.132416656355508e-08,2.7841437574949168e-05,-3.0704338627174366e-08,False,False,False
categorical,alpha,beta,0.5,3.0,17,1130140,50,0.1,0.1,0.6749234332155192,2.4668248135006414,40.46357216381299,3.6108291115966515e-07,True,True,True,2.754598609441881,2.754555730282673,2.7545555061438836,1.3732777289890867,1.373285357216084,1.3732853805547465,7.127752241202594e-06,2.8171939712411664e-08,-6.838691938071406e-06,-5.450058893075038e-08,False,False,False
categorical,alpha,beta,0.5,3.0,18,1130141,50,0.1,0.1,0.5399463857536159,2.046954133539644,47.57913057647089,2.6004985970868686e-07,True,True,True,2.4231312750781013,2.423391696109733,2.423391426574341,1.3308331594281657,1.3307830658435857,1.3307831067070246,9.450539304662822e-06,1.865618755359386e-08,4.973061368929166e-05,-6.417661779778427e-08,False,False,False
categorical,alpha,beta,0.5,3.0,19,1130142,50,0.1,0.1,0.6174397985397878,4.104559096788821,29.022023081804807,1.4190602244792598e-07,True,True,True,1.2744717823995322,1.2744942078564188,1.2744941400620928,1.9125258782678396,1.912523676712505,1.9125236972660595,1.275793934343863e-05,6.898455082837535e-09,1.5031564384315743e-05,-2.9529967804364787e-08,False,False,False
categorical,alpha,beta,0.5,8.0,0,1140123,50,0.1,0.1,0.4170808035509722,8.0,23.01426025589221,0.06566348886881258,True,True,True,0.3440675290488432,0.3440056876987764,0.344005684159872,2.428945380207972,2.4290429559013065,2.4290429428300513,4.489033360645395e-05,4.040249191670136e-08,-6.743940550535399e-05,-2.533618115307945e-08,False,False,False
categorical,alpha,beta,0.5,8.0,1,1140124,50,0.1,0.1,0.30339892182715633,8.0,4.54756316677518,0.22003035121676107,True,True,True,0.2155802100686491,0.21557497083163357,0.21557496016129146,2.156257966499945,2.1562788882977877,2.156278875873527,2.3822330556079765e-05,7.815458987259238e-08,-2.7994553697396896e-07,-6.38010884124185e-08,False,False,False
categorical,alpha,beta,0.5,8.0,2,1140125,50,0.1,0.1,0.43076127671839376,8.0,13.157274559011487,0.13751036398660724,True,True,True,0.2997102741676717,0.299766481164437,0.29976647086894204,2.862416853546582,2.8623536416720627,2.862353640724987,4.19360529524207e-05,3.6559193347635797e-08,0.00011470939260149748,-3.543541282624574e-08,False,False,False
categorical,alpha,beta,0.5,8.0,3,1140126,50,0.1,0.1,0.39506125720690793,7.18156609899672,16.310074501396734,1.4967799235303586e-08,True,True,True,0.3780720702276915,0.3781349566887509,0.37813495034432487,2.3947463207784687,2.39468987100416,2.3946898751120456,3.634857700789919e-05,7.625317707355357e-09,0.00010131850011418919,-1.2048825936972207e-08,False,False,False
categorical,alpha,beta,0.5,8.0,4,1140127,50,0.1,0.1,0.648342612412177,6.314578482016001,25.416756742177462,2.150282578305999e-07,True,True,True,0.4133598965642256,0.4134203350828857,0.4134203293674208,1.9568878248838337,1.9568468463351825,1.9568468204594045,5.19051060066201e-05,7.341299161987575e-08,9.898022496557246e-05,-4.361541883213249e-08,False,False,False
categorical,alpha,beta,0.5,8.0,5,1140128,50,0.1,0.1,0.6922137830826619,8.0,9.656564561682222,0.09241969878334245,True,True,True,0.16184192284618193,0.16179419731659794,0.16179419088863792,2.6756386461299915,2.675758416819152,2.6757584134836585,1.9232964888133732e-05,4.750172756108459e-08,-0.00015708573965689254,-4.356936678107104e-08,False,False,False
categorical,alpha,beta,0.5,8.0,6,1140129,50,0.1,0.1,0.4628422817566101,8.0,6.175482446694475,0.18369815502115933,True,True,True,0.1951846359384765,0.19520947892810123,0.19520947136845193,2.4943340159993648,2.494280152084269,2.494280167543176,3.3288837978224207e-06,3.283657589062839e-09,6.523728071883284e-05,-2.0928107247186745e-08,False,False,False
categorical,alpha,beta,0.5,8.0,7,1140130,50,0.1,0.1,0.5557852688856464,6.998712816911052,22.532266302424464,2.89571193621439e-07,True,True,True,0.38250337817857255,0.3825705526892353,0.38257051903209727,2.4082324291842783,2.4081672203521665,2.408167248291514,2.5441459014462743e-05,2.367218767878748e-08,0.00010047241332955537,-5.580993089893127e-08,False,False,False
categorical,alpha,beta,0.5,8.0,8,1140131,50,0.1,0.1,0.41971643852181034,6.952298963491458,12.65740908881401,2.3293271403457568e-07,True,True,True,0.4039737187493866,0.4040370091369839,0.40403698840748004,2.5171592964764056,2.5171046886234882,2.5171047103243898,3.092556411525698e-05,2.9055048834846577e-09,9.376135969674237e-05,-2.6321867352407935e-08,False,False,False
categorical,alpha,beta,0.5,8.0,9,1140132,50,0.1,0.1,0.5919553870777571,8.0,15.942963980403999,0.24821516331222046,True,True,True,0.22918845238978452,0.22923300763055987,0.22923299164195138,2.6853931144005947,2.6853088681856288,2.685308890247192,5.55978538510008e-07,1.899645545635741e-08,9.734910537240182e-05,-4.434897249439018e-08,False,False,False
categorical,alpha,beta,0.5,8.0,10,1140133,50,0.1,0.1,0.46289038930808274,8.0,13.344642207980423,0.19251364036356303,True,True,True,0.2922878691876389,0.2923220396539861,0.2923220164505452,2.7524699461086355,2.7524648924373505,2.7524649023623033,0.0001052099789902969,5.67044140054116e-08,0.00011101385503309302,-6.794977558399751e-08,False,False,False
categorical,alpha,beta,0.5,8.0,11,1140134,50,0.1,0.1,0.3000767204505048,8.0,2.4922803520791135,0.27469751762154915,True,True,True,0.24011655497200785,0.240117946820483,0.24011793371008827,2.239851725757058,2.2398670894743766,2.239867081319977,4.1139496353058285e-05,7.34659549272932e-08,2.3420682097707868e-05,-6.398791319028874e-08,False,False,False
categorical,alpha,beta,0.5,8.0,12,1140135,50,0.1,0.1,0.5149720228772355,7.597230368583803,9.003241803558502,2.886067724199866e-08,True,True,True,0.21073297621977657,0.21074707179929386,0.21074706377020228,1.9075931262799406,1.9075404463244179,1.9075404396437423,5.450073959445467e-05,5.370059705851311e-08,6.190275915862742e-06,-4.578964762913529e-08,False,False,False
categorical,alpha,beta,0.5,8.0,13,1140136,50,0.1,0.1,0.526466964623803,7.268180563083056,13.751384310611114,2.877901490863082e-07,True,True,True,0.37790283107450223,0.37792895786424074,0.3779289485833666,2.440995497098089,2.440975224369603,2.440975217931997,2.2415820887466537e-05,3.938091926085539e-08,4.57620638201206e-05,-3.19687600836005e-08,False,False,False
categorical,alpha,beta,0.5,8.0,14,1140137,50,0.1,0.1,0.5450464581834741,6.847838580670137,17.493248331910493,7.477376008401513e-09,True,True,True,0.4206462861927693,0.4206306629073971,0.42063065600314414,2.3538483788089968,2.3538717401487452,2.3538717347711993,1.662332142829445e-05,2.8806877304788813e-08,-1.0268705178617665e-05,-2.2605181726476076e-08,False,False,False
categorical,alpha,beta,0.5,8.0,15,1140138,50,0.1,0.1,0.30257381100299297,8.0,13.977343379080368,0.020782765841651243,True,True,True,0.27304964144501215,0.27309997661296687,0.27309996415550525,1.915154084547211,1.9151370478031264,1.915136995105923,0.00014495495908656864,1.6701285403634712e-07,0.00016460683326258163,-1.0628492219666441e-07,False,False,False
categorical,alpha,beta,0.5,8.0,16,1140139,50,0.1,0.1,0.5545903187497314,8.0,10.841180912875082,0.2908272592751807,True,True,True,0.23972088438459255,0.23970180615630618,0.23970179890806984,2.4865623389783504,2.4866044353299395,2.486604432501675,1.7323040666716254e-05,3.679486271010829e-08,-3.1156619927585893e-05,-3.3494716333848373e-08,False,False,False
categorical,alpha,beta,0.5,8.0,17,1140140,50,0.1,0.1,0.40785734307942767,8.0,23.95792732537609,0.17301004051657332,True,True,True,0.34934544161321957,0.34944584933442835,0.349445838190054,2.5729744473419403,2.572850636927616,2.572850639765725,2.466330638780525e-06,2.5386293272556886e-08,0.0001448047931340568,-2.8624072001548484e-08,False,False,False
categorical,alpha,beta,0.5,8.0,18,1140141,50,0.1,0.1,0.4214850410786178,8.0,6.387692168963929,0.5154540540510377,True,True,True,0.29767744262818474,0.2976421216622316,0.29764211483424685,2.3718667682040087,2.371941576336777,2.371941554958528,5.3518184207315984e-05,7.216677903308306e-08,-3.258371187797593e-05,-4.7552869197886594e-08,False,False,False
categorical,alpha,beta,0.5,8.0,19,1140142,50,0.1,0.1,0.38747708477581916,8.0,3.4455003742314982,0.14856203389701506,True,True,True,0.16319782518432174,0.16324026104195352,0.16324025163581057,2.1748096202091474,2.174705720488397,2.1747057212631606,2.0791951315546962e-05,5.584555198654944e-08,0.00014031759783339481,-5.672948688584256e-08,False,False,False
categorical,alpha,beta,0.75,0.25,0,1150123,50,0.1,0.1,0.2897785004497805,0.1,55.12475844286448,1.1872473599794375,False,False,False,-1.6741005379781375,-1.674083491305508,-1.6740837017486518,inf,inf,inf,4.0374986693635146e-05,6.014146737494072e-08,nan,nan,False,False,True
categorical,alpha,beta,0.75,0.25,1,1150124,50,0.1,0.1,0.5868556542734523,0.43207866471339434,54.49555905403024,1.2966188187771378e-07,True,True,True,4.215682278141788,4.215817354996344,4.215816029006219,0.1637713059425408,0.1637506581585637,0.16375074949482157,2.2146902112629722e-05,2.0222437458903635e-07,8.059990982189902e-06,-2.0937270761578475e-07,False,False,False
categorical,alpha,beta,0.75,0.25,2,1150125,50,0.1,0.1,0.6010566311770189,0.34707845982983093,54.75198696051857,7.864266969611811e-08,True,True,True,1.7191755574476988,1.7191850420948687,1.7191850026096636,0.4246818732860675,0.42468370692777124,0.4246837085742032,3.093823309046352e-05,2.709662666802933e-07,7.606945125360198e-06,-2.1071869582556246e-08,False,False,False
categorical,alpha,beta,0.75,0.25,3,1150126,50,0.1,0.1,0.6912514069835571,0.22704579913635503,54.91773966021203,5.859285502108464e-08,True,True,True,2.93973124089767,2.939944727152085,2.93994369888718,0.15305827226161398,0.15302338026379414,0.15302339762262054,4.3025768367288336e-05,3.3051752703575956e-07,3.2117705551115705e-05,-3.2977152386592934e-07,False,False,False
categorical,alpha,beta,0.75,0.25,4,1150127,50,0.1,0.1,0.02,1.3947396722059493,55.023773643977314,0.4582759736138243,True,True,True,0.0026439784778101907,0.002761373787738153,0.0027604008198325956,5.268893150878811,5.250154466768973,5.250307222090058,0.00029579887900904643,6.888204806564088e-07,0.021693270532779252,-0.00017654524889110235,False,False,False
categorical,alpha,beta,0.75,0.25,5,1150128,50,0.1,0.1,0.5423266744828196,1.4462880070200963,50.772193875885954,3.0072226366206594e-08,True,True,True,2.566593746388937,2.5665854774717944,2.566585222568699,0.9369390984506755,0.9369434684117164,0.936943508342835,1.0120339551273376e-05,1.6812049220169394e-08,1.7560071796651755e-06,-5.334364061582164e-08,False,False,False
categorical,alpha,beta,0.75,0.25,6,1150129,50,0.1,0.1,0.5486142731495421,0.4748953873602549,54.65859900024458,4.4938668397781776e-08,True,True,True,1.6088621329139694,1.6090298936797767,1.6090311292166042,0.5339934122766652,0.5339627622043731,0.5339624956582503,4.429607280421495e-05,2.6935780643116905e-07,6.944129646768715e-05,4.6100400652449025e-07,False,False,False
categorical,alpha,beta,0.75,0.25,7,1150130,50,0.1,0.1,0.02,0.1,55.20620400858214,1.3329898725661247,False,False,False,-35.88958209396001,-35.89255978226779,-35.89255398421305,inf,inf,inf,8.133658935600955e-05,1.585417150800893e-07,nan,nan,False,False,True
categorical,alpha,beta,0.75,0.25,8,1150131,50,0.1,0.1,0.5902386423123738,0.3407578937761391,54.82800866526334,5.0493548554981854e-08,True,True,True,2.1108962697598552,2.1109076094359462,2.1109070776944363,0.23935851919955042,0.23936747843829553,0.23936754414052716,3.371393746689549e-05,1.7816009536212832e-07,1.5510403180485355e-05,-1.762593839771398e-07,False,False,False
categorical,alpha,beta,0.75,0.25,9,1150132,50,0.1,0.1,0.8593221165464755,0.4988524838600047,54.296200891141595,2.4213248950941217e-07,True,True,True,4.123869391805378,4.124026615268949,4.124027367156807,0.303886878091479,0.30383871577126237,0.30383867989824026,6.755704458794788e-05,1.2606889572697223e-07,-1.7183399862119586e-05,1.4101850354109047e-07,False,False,False
categorical,alpha,beta,0.75,0.25,10,1150133,50,0.1,0.1,0.5493607768052489,0.29528895935004934,54.72827583432876,3.5170071074516563e-07,True,True,True,2.6671225829035436,2.667363249270056,2.667361437762953,0.3524120907640181,0.35237142876828825,0.3523715515987067,3.774662506850835e-05,4.5687390889081563e-07,4.287881244380287e-05,-5.377242473514343e-07,False,False,False
categorical,alpha,beta,0.75,0.25,11,1150134,50,0.1,0.1,0.02,2.6001504514089597,54.72996311511725,1.273199067952647,True,True,True,0.03693712267408442,0.03708419152657222,0.037082996453319785,4.65598066480071,4.654407540016037,4.654421038124828,0.0003503222924525703,1.1479955731843936e-06,0.0021458815039281376,-1.6686195884574317e-05,False,False,False
categorical,alpha,beta,0.75,0.25,12,1150135,50,0.1,0.1,0.9526566610856351,0.6912558982069804,53.04065946922786,9.877566337804811e-08,True,True,True,3.9287381172149747,3.928870348479638,3.9288723472617315,0.4195307771608762,0.4195012695111429,0.4195011203332503,3.4496791300957196e-05,2.4079116820188673e-07,2.1930354421328957e-08,3.369946668385637e-07,False,False,False
categorical,alpha,beta,0.75,0.25,13,1150136,50,0.1,0.1,0.4731986101351004,0.1,54.980089495993525,0.22155257539680054,True,True,True,1.5179922944576163,1.5180108279575908,1.5180090920659441,0.5044815617502126,0.5044791171548145,0.5044794822700247,6.965676829980449e-06,4.485973115315299e-07,8.6715230338541e-06,-7.231767114035392e-07,False,False,False
categorical,alpha,beta,0.75,0.25,14,1150137,50,0.1,0.1,0.4351220599855654,0.1,55.07929474515868,1.0937492476159605,True,True,True,0.7616156714500452,0.7616002079258531,0.7616001505178651,0.6906601479533447,0.6907071881786717,0.6907071676246184,9.748820910347893e-05,2.621570000094297e-07,3.375423352025564e-05,-9.904184850029196e-08,False,False,False
categorical,alpha,beta,0.75,0.25,15,1150138,50,0.1,0.1,0.36953708553376374,0.3583744242642941,54.804888615942005,4.394464126581348e-08,True,True,True,0.5829872138826516,0.5830479762942008,0.5830472150492798,0.8455626449290188,0.8455449132785727,0.8455454237787887,6.480182437226067e-05,2.425440943843807e-07,8.308833243120262e-05,-7.178957446285494e-07,False,False,False
categorical,alpha,beta,0.75,0.25,16,1150139,50,0.1,0.1,0.20099891308380163,0.7611047615059117,54.0899979727521,4.553159846656846e-07,True,True,True,2.0800655335590967,2.080217247146922,2.0802177261873234,1.0128418126139507,1.0128219837868269,1.0128218770572872,2.994706669197195e-05,2.7243504346601868e-08,5.021289317141964e-05,1.0740688338728432e-07,False,False,False
categorical,alpha,beta,0.75,0.25,17,1150140,50,0.1,0.1,0.41149774796964644,0.588427303514501,54.25710896371221,5.398488425706316e-07,True,True,True,2.836726452838156,2.8367403740684343,2.8367392389600363,0.4945717137569605,0.49456966632537763,0.4945697914395852,1.6006175534254746e-06,1.6216707369911963e-07,2.294191197904638e-06,-2.5610235354633915e-07,False,False,False
categorical,alpha,beta,0.75,0.25,18,1150141,50,0.1,0.1,0.5526088855414666,0.4769999896346841,54.540262420846275,1.3373501577063047e-07,True,True,True,3.1428728356261164,3.1429018768076755,3.1429018798584574,0.24196505390366052,0.24197117205770743,0.24197123460208786,2.454591210108814e-05,1.601347347881715e-07,1.635704984437325e-05,7.297757065316546e-08,False,False,False
categorical,alpha,beta,0.75,0.25,19,1150142,50,0.1,0.1,0.5926101788375456,1.3317465759609293,50.5349721832666,8.244410876232851e-07,True,True,True,4.019273713130907,4.0193555150607025,4.019354241893938,0.8637329833993428,0.8637233725297975,0.8637234842820781,9.183398455909574e-06,7.323028100042897e-08,9.099186797811853e-06,-1.8809941337849523e-07,False,False,False
categorical,alpha,beta,0.75,0.5,0,1160123,50,0.1,0.1,0.6734170968553408,0.1,55.04545473067553,0.6286535381150911,False,False,False,-0.15206576731564211,-0.152203499081587,-0.15220267649143915,inf,inf,inf,3.055152376280159e-05,2.0788160770142884e-07,nan,nan,False,False,True
categorical,alpha,beta,0.75,0.5,1,1160124,50,0.1,0.1,0.9596778673592655,0.70622142979011,52.996683049946526,1.9703953489428794e-07,True,True,True,6.136077341763412,6.136184400133679,6.136182916914086,0.4022861186039819,0.40227597877616644,0.4022760395878388,2.4132661311557058e-05,1.3123933120084108e-07,5.6015979268408955e-06,-1.7170492583318264e-07,False,False,False
categorical,alpha,beta,0.75,0.5,2,1160125,50,0.1,0.1,0.40231855986619547,0.33105283585793166,54.80920415543123,1.8691461090676718e-07,True,True,True,2.544471016650211,2.5445097345339853,2.544510455977866,0.3921144663344525,0.3921108820989891,0.39211078703960467,5.33259034681959e-05,1.2479415594094696e-07,1.1263945708606116e-05,1.7408842012400783e-07,False,False,False
categorical,alpha,beta,0.75,0.5,3,1160126,50,0.1,0.1,0.6534836226431787,0.5676460405189617,54.24719020512529,1.249525311313631e-07,True,True,True,3.538366453858946,3.5384044169242213,3.53840367028445,0.24774811617269016,0.24772583603313983,0.24772581669073068,5.0816271351531945e-05,3.09274135616185e-07,-1.5155314585513224e-05,-2.3327909559611726e-07,False,False,False
categorical,alpha,beta,0.75,0.5,4,1160127,50,0.1,0.1,0.922034516489332,0.6539873480124769,53.16099908533727,1.2590849356306926e-07,True,True,True,4.281375495859378,4.281305210100072,4.281303856486305,0.41765952644200743,0.41766511106351,0.41766518319763857,7.698310032012592e-06,1.9342531882849596e-07,-1.0220353132694981e-05,-2.3312104957540214e-07,False,False,False
categorical,alpha,beta,0.75,0.5,5,1160128,50,0.1,0.1,0.1829068739377118,0.691811107697106,54.85141177709017,2.967313579606113e-07,True,True,True,0.47003523157427174,0.46995217594375654,0.469951368188756,1.678774049040983,1.6788610283463068,1.6788617959864245,3.346584937025081e-05,6.059399380656126e-08,-7.74128750506975e-05,-8.350256877065476e-07,False,False,False
categorical,alpha,beta,0.75,0.5,6,1160129,50,0.1,0.1,0.5091824857183888,0.1,55.05057752734565,0.8671480138389231,True,True,True,1.3518433130288792,1.3518478287037874,1.3518496850875141,0.39633677895521807,0.39632768904214344,0.39632731118154674,1.6123925303038293e-05,6.971537193811347e-07,-6.1865809755090595e-06,9.381904106930961e-07,False,False,False
categorical,alpha,beta,0.75,0.5,7,1160130,50,0.1,0.1,0.8127949894528449,0.7602231076096893,52.90973933588624,1.793680661615488e-07,True,True,True,4.610525437803294,4.610711249212416,4.610708981514048,0.35643631917013946,0.3564102592568588,0.35641042604243006,2.6867444604314548e-05,2.2700657835757736e-07,9.998359210783292e-06,-2.998137915710686e-07,False,False,False
categorical,alpha,beta,0.75,0.5,8,1160131,50,0.1,0.1,0.1711327793798702,1.3004304643167064,52.652320108067315,1.836808161747135e-07,True,True,True,2.115847084229329,2.1160626729506262,2.116060951272482,1.3685498403721652,1.3685559190380763,1.36855620057804,0.00011646795970319026,1.6945436775080536e-07,0.00010839603556433985,-4.894888832041033e-07,False,False,False
categorical,alpha,beta,0.75,0.5,9,1160132,50,0.1,0.1,0.15267676421939058,1.1424390624479082,53.95571362283499,5.620205174405986e-07,True,True,True,0.7650879528346999,0.765245859409255,0.7652446161238308,1.7620986598644586,1.7620518176680635,1.7620524688404142,0.00010068031445852747,1.3380763225749946e-07,0.00015156472799304765,-8.7499899592558e-07,False,False,False
categorical,alpha,beta,0.75,0.5,10,1160133,50,0.1,0.1,0.7686785856055066,0.902388532464465,52.260203985610346,2.7056661287843682e-08,True,True,True,3.7154070535460963,3.7157665805661746,3.715765191103741,0.5290815243849031,0.5290342940623239,0.5290344112974391,3.0194067640245895e-05,1.4860605308046591e-07,4.2146957412114716e-05,-2.389651072576271e-07,False,False,False
categorical,alpha,beta,0.75,0.5,11,1160134,50,0.1,0.1,0.595294727494442,1.2276235155609345,52.55587970841056,1.9093874036754154e-07,True,True,True,1.4768308011348013,1.4769410334640773,1.476940211181508,1.0093433331690347,1.0093107366384868,1.0093109233124737,1.03104929693743e-05,1.384659910831286e-07,3.6768377391638296e-05,-3.4183084096639504e-07,False,False,False
categorical,alpha,beta,0.75,0.5,12,1160135,50,0.1,0.1,0.5939859031672091,0.881266448476381,53.06171072130518,1.637720085286689e-07,True,True,True,4.065870551271178,4.065979655051409,4.065978338400613,0.5253349783878591,0.5253239461441641,0.5253240659594303,1.02571254245189e-05,1.0386380410793717e-07,1.3946472726900083e-05,-1.858789175912534e-07,False,False,False
categorical,alpha,beta,0.75,0.5,13,1160136,50,0.1,0.1,0.560279781985131,0.4303678354206721,54.585511413094274,9.697021187062788e-08,True,True,True,2.6915411391341304,2.691699142063456,2.6916976420095255,0.3255789952093141,0.32554557179186705,0.32554569772160624,3.0818184294245163e-05,3.4915443164137664e-07,1.9809354967037507e-05,-4.123070382888727e-07,False,False,False
categorical,alpha,beta,0.75,0.5,14,1160137,50,0.1,0.1,0.048398859992393274,1.3935802778625923,54.524779129992865,1.5955126805147384e-06,True,True,True,0.11228612863610817,0.11263475039161952,0.11263254532095818,3.281504762726859,3.2803465210919653,3.280354199110606,0.00043230787443732885,1.9134837527926e-06,0.0017557399388792305,-1.073772492787839e-05,False,False,False
categorical,alpha,beta,0.75,0.5,15,1160138,50,0.1,0.1,0.8871277847387966,0.8174286245771818,52.91741689592815,1.352833064392184e-07,True,True,True,3.578344710616417,3.578328366455768,3.578328768346243,0.592269031280453,0.5922644217598149,0.5922643723713396,1.6940349445421432e-05,3.254460759706619e-08,-9.818985311937922e-06,5.5451764069403e-08,False,False,False
categorical,alpha,beta,0.75,0.5,16,1160139,50,0.1,0.1,0.04252189867956013,1.3061214250605702,54.705198079070854,3.476709311958878e-06,True,True,True,0.042778565688344566,0.043186908219950616,0.04318462393625138,3.8390713886014414,3.8350698349889365,3.835092461439308,0.0002863609549112867,8.062135718499236e-07,0.0048664198359418265,-2.6844701942252414e-05,False,False,False
categorical,alpha,beta,0.75,0.5,17,1160140,50,0.1,0.1,0.6964481564129553,0.7297000511617109,53.57673578635583,7.32410687763558e-08,True,True,True,4.046652592702621,4.046634260312057,4.046633858097173,0.3875822745635399,0.3875802371985727,0.3875802635066689,9.290738082871967e-06,5.450289408863496e-08,-6.94498051956316e-06,-6.910661198844537e-08,False,False,False
categorical,alpha,beta,0.75,0.5,18,1160141,50,0.1,0.1,0.41784297710918383,0.1,55.15167010797967,1.8798735743189996,False,False,False,-0.34496057535147406,-0.3450005906333993,-0.34499916235465194,inf,inf,inf,3.744225958220536e-05,3.4637073121754056e-07,nan,nan,False,False,True
categorical,alpha,beta,0.75,0.5,19,1160142,50,0.1,0.1,0.8178393352799422,0.4935703984826927,54.4605888353889,1.542467014281528e-07,True,True,True,3.415701628552233,3.4156941117230564,3.4156943791477126,0.32927149257923743,0.32923920210091734,0.32923915246417496,7.251880202748617e-05,9.545899140679422e-08,-3.935531207588383e-05,2.114649788609313e-08,False,False,False
categorical,alpha,beta,0.75,1.0,0,1170123,50,0.1,0.1,0.98,1.0716217585411707,51.37610806807974,1.2837406089261323,False,False,False,-1.8641134135733706,-1.864090223616873,-1.864090489382073,inf,inf,inf,2.5932680526675405e-05,9.318236575960415e-08,nan,nan,False,False,True
categorical,alpha,beta,0.75,1.0,1,1170124,50,0.1,0.1,0.5657492077725935,1.4851342831381926,49.49578416662491,3.3223605650355553e-07,True,True,True,3.4570429055488363,3.456986656020789,3.4569858637451345,0.9678772664218628,0.9678893603073621,0.9678894553753329,1.3930354781790935e-05,2.657861968883709e-08,-2.467257182559024e-06,-1.197299823729736e-07,False,False,False
categorical,alpha,beta,0.75,1.0,2,1170125,50,0.1,0.1,0.6375486831324176,1.1257558949545274,51.21855182225389,2.3604838414463595e-07,True,True,True,4.468373016684374,4.468416746851761,4.468415912747874,0.4930765238916842,0.4930743918219178,0.4930744653229721,8.581916092817722e-06,7.530993766171347e-08,7.229868060676381e-06,-1.0204534106605934e-07,False,False,False
categorical,alpha,beta,0.75,1.0,3,1170126,50,0.1,0.1,0.7028700673022291,1.4123954422186378,49.29954667489106,1.2878508049470125e-07,True,True,True,3.7092716859413315,3.7092177008722143,3.709218166535969,0.5424293588441117,0.542431733986418,0.54243172372343,1.4555863668143474e-05,1.0592754772494906e-07,-1.1705984377385903e-05,1.1372659969310916e-07,False,False,False
categorical,alpha,beta,0.75,1.0,4,1170127,50,0.1,0.1,0.7717390566872336,0.6193796017491671,54.124881349128444,1.0664060582004448e-07,True,True,True,2.22978492975626,2.22990938794162,2.22990934104634,0.6050521980927355,0.6050260284205254,0.605025994172442,1.443584095516474e-05,9.710089680585485e-08,2.5625262679795924e-05,-6.045969058732226e-08,False,False,False
categorical,alpha,beta,0.75,1.0,5,1170128,50,0.1,0.1,0.5855126008537826,1.5227787091225145,50.474611426857734,1.7223989274911394e-07,True,True,True,2.4346824888055774,2.434633429209914,2.434633475905314,0.8213934801194642,0.8213925713713167,0.8213925905314924,2.259944358083899e-05,8.662557932935474e-08,-2.115550476133876e-05,4.123860719573713e-08,False,False,False
categorical,alpha,beta,0.75,1.0,6,1170129,50,0.1,0.1,0.5966869515773048,0.9446953968875954,53.23635839038394,1.0852711678219702e-06,True,True,True,3.4064088427013752,3.406434428080512,3.4064350135266026,0.6823825482908314,0.6823885094872038,0.6823884659408374,3.476482423041093e-05,7.95755363941715e-08,1.4495736607500476e-05,1.2173015306871093e-07,False,False,False
categorical,alpha,beta,0.75,1.0,7,1170130,50,0.1,0.1,0.9772770356968181,1.138291976920114,49.36061714540544,5.032929939674518e-07,True,True,True,3.982029668274197,3.9822822080044813,3.9822815062549966,0.5746943078549983,0.574674025898823,0.5746740898985743,2.408130772505215e-05,5.400268318980899e-08,3.996484009149981e-05,-1.0253549476146873e-07,False,False,False
categorical,alpha,beta,0.75,1.0,8,1170131,50,0.1,0.1,0.98,0.9565506807558405,51.245977218144716,1.8712260398956588,True,True,True,6.707964010541238,6.7080281931035,6.708028732913482,0.16818233936286925,0.16816999083463272,0.1681699878631689,2.0568245740606182e-05,7.785194734463859e-08,-4.5716494057046475e-06,7.70511974224064e-08,False,False,False
categorical,alpha,beta,0.75,1.0,9,1170132,50,0.1,0.1,0.16431957344468873,1.5359560998663495,51.39076500837485,3.9042706079697085e-08,True,True,True,1.9882979185069651,1.9883912085437936,1.9883909428130588,1.3101654023509248,1.310234629123405,1.3102345458248765,0.00021006699847819657,3.267241126001604e-07,0.0001263891710294729,-2.2954205292080587e-07,False,False,False
categorical,alpha,beta,0.75,1.0,10,1170133,50,0.1,0.1,0.2949452420662506,2.9610605983120215,48.339338365792095,1.432588444206563e-06,True,True,True,0.7329480563436866,0.7330497987364077,0.7330495455452546,2.237105246368888,2.237051380608718,2.237051533889594,1.530772022355667e-05,8.209687487754867e-09,7.661875056186318e-05,-1.6892312970639978e-07,False,False,False
categorical,alpha,beta,0.75,1.0,11,1170134,50,0.1,0.1,0.98,1.3348653007985105,48.86133561140526,1.0907812111327213,True,True,True,4.81821582875294,4.818213301821505,4.81821322786287,0.736415517848347,0.7364080826439576,0.7364080861338808,2.1270345393019444e-05,1.7476015390322125e-08,-9.095881182474841e-06,-1.1331884763876587e-08,False,False,False
categorical,alpha,beta,0.75,1.0,12,1170135,50,0.1,0.1,0.8886603454089602,1.552912959943479,46.388721888564426,1.4210854715202004e-08,True,True,True,5.073023023476974,5.073136184793122,5.073136385577838,0.7152774716654052,0.7152510084300564,0.715250984661126,3.8189386440665115e-05,1.7800948875246147e-08,-8.148475544089706e-06,1.2213028810492688e-08,False,False,False
categorical,alpha,beta,0.75,1.0,13,1170136,50,0.1,0.1,0.33600319005915474,0.6986460318559206,53.97170813716379,2.432506501097534e-07,True,True,True,3.6609654676895644,3.6608974980591857,3.6608957654411944,0.7896979357760624,0.7897233673580157,0.7897235419464435,4.3741958656416715e-05,1.0528168943207038e-07,1.0440704059533346e-05,-2.722745975347607e-07,False,False,False
categorical,alpha,beta,0.75,1.0,14,1170137,50,0.1,0.1,0.6971425746534577,0.38408844396603387,54.47787539086688,3.4115301920500013e-07,True,True,True,5.01266213370193,5.012435226096566,5.012435650032779,0.1620169978193455,0.16203696875537238,0.16203696937189271,3.515398526968538e-05,8.568142959094002e-08,-2.219023409111287e-05,8.528669326324234e-08,False,False,False
categorical,alpha,beta,0.75,1.0,15,1170138,50,0.1,0.1,0.98,1.783306730335981,45.23966862853341,5.863050621002234,True,True,True,4.91161911111931,4.911779474055047,4.911778886673508,0.6601764257198882,0.6601501685882812,0.6601501794206126,2.8702991109801824e-05,9.829386408876102e-08,2.3124211878666756e-06,-1.0711512743455387e-07,False,False,False
categorical,alpha,beta,0.75,1.0,16,1170139,50,0.1,0.1,0.98,0.5426358436676175,53.9352967019244,0.8751012288144017,True,True,True,5.914076347378365,5.913994125507902,5.913993400670069,0.1580396320056789,0.15804315760205725,0.15804321173147154,2.842339519882298e-05,8.103849861850135e-08,-9.904088983603287e-06,-6.024438192753223e-08,False,False,False
categorical,alpha,beta,0.75,1.0,17,1170140,50,0.1,0.1,0.8655137334631203,1.4093544692170004,47.76030684171233,3.3662735196390286e-08,True,True,True,4.260608910325165,4.260539727385855,4.260539788951553,0.7196152426597591,0.7196146583507208,0.7196146747493386,1.803181665358437e-05,5.849573224251738e-08,-1.6877318280705822e-05,3.332981890480369e-08,False,False,False
categorical,alpha,beta,0.75,1.0,18,1170141,50,0.1,0.1,0.838840157672253,1.172050932153499,51.681663102343904,2.1507081368195264e-08,True,True,True,3.439253146832961,3.439293895373354,3.4392930170261344,0.801040201439603,0.8010224960010058,0.8010225718259005,3.146178732566026e-05,9.196421972568e-08,-8.704220739730317e-06,-1.6808931491141266e-07,False,False,False
categorical,alpha,beta,0.75,1.0,19,1170142,50,0.1,0.1,0.98,0.6919915987630495,53.04682156907397,3.1399294861955696,False,False,False,-7.642638250763144,-7.64272178396112,-7.642722975171698,inf,inf,inf,2.1215701890835054e-05,2.5143947977945306e-07,nan,nan,False,False,True
categorical,alpha,beta,0.75,3.0,0,1180123,50,0.1,0.1,0.8580103554883832,3.36358072497109,33.47037445019948,1.3740166912402772e-07,True,True,True,1.268674950176043,1.2686615370377077,1.2686613843955736,1.7207208456817473,1.7207252094191103,1.7207252434137101,1.1077718317712275e-06,4.254628358594373e-08,-5.629854413768953e-06,-8.117974203969425e-08,False,False,False
categorical,alpha,beta,0.75,3.0,1,1180124,50,0.1,0.1,0.5727889957251164,3.7552623000565117,34.60612832247627,1.4242311133143047e-08,True,True,True,1.0710374449821496,1.0708917524132289,1.0708916342300403,1.7523935726564541,1.7524667185448857,1.7524667621021877,3.305446259458603e-05,1.1670546581276282e-08,-5.188653779697461e-05,-6.021241460985038e-08,False,False,False
categorical,alpha,beta,0.75,3.0,2,1180125,50,0.1,0.1,0.715902830200203,3.0275702531673923,34.72206702170272,1.7253000964072378e-07,True,True,True,1.8672289818530161,1.8671275425420686,1.867127299617593,1.3732037574544516,1.3732232156416262,1.3732232451041844,1.0112066124273125e-05,6.327097496441813e-08,-3.2021718624264395e-05,-9.618597118787875e-08,False,False,False
categorical,alpha,beta,0.75,3.0,3,1180126,50,0.1,0.1,0.7550462324230632,2.874408752471939,36.96684123096409,3.524691588231942e-08,True,True,True,2.033709273621467,2.0336996608198774,2.0336994936528603,1.3821366326764895,1.3821356600011618,1.3821356767855058,7.009805163074179e-06,4.428860985248755e-08,-5.909453243191365e-06,-6.287479692446141e-08,False,False,False
categorical,alpha,beta,0.75,3.0,4,1180127,50,0.1,0.1,0.5419218851549328,3.3220996544136954,38.237629189965645,2.246472060941042e-07,True,True,True,1.8396177509876506,1.839589940961505,1.8395898217515936,1.6162771067828374,1.6162908235215518,1.616290848910001,1.6470378902569703e-05,7.3393216545586655e-09,6.390066999983901e-07,-3.5572909951042675e-08,False,False,False
categorical,alpha,beta,0.75,3.0,5,1180128,50,0.1,0.1,0.9519006863878373,3.902941373712832,33.19032005620075,1.398269509015215e-07,True,True,True,0.9320504827936953,0.932200140522778,0.9322000294013145,1.8455719128998613,1.8455001448942727,1.8455001848300745,5.307138048233783e-06,2.7309455010319865e-08,7.785617991373783e-05,-7.32256566493561e-08,False,False,False
categorical,alpha,beta,0.75,3.0,6,1180129,50,0.1,0.1,0.98,2.433568929460614,36.089559950665524,0.7643028681059423,True,True,True,2.472181779024896,2.4720880477441685,2.4720878240272013,1.0615091709360107,1.061522832158716,1.0615228652825894,7.687449068161305e-06,1.819005462985459e-08,-2.223941351786607e-05,-5.2361905034103984e-08,False,False,False
categorical,alpha,beta,0.75,3.0,7,1180130,50,0.1,0.1,0.7953079292362617,3.007058211893749,36.944822344806326,3.0209388768676345e-07,True,True,True,1.7255088500199516,1.725491739649741,1.7254913019158908,1.4336807386472912,1.4336811350415204,1.4336812106171206,9.27314356407836e-06,8.177798149198719e-08,-9.626490367509177e-06,-1.6667684121784987e-07,False,False,False
categorical,alpha,beta,0.75,3.0,8,1180131,50,0.1,0.1,0.7946484921645997,4.616985049184007,23.73726466276286,1.0302869668521453e-07,True,True,True,0.8738281294002586,0.8737808506859133,0.8737808311077297,1.9373436942533864,1.9373610596782391,1.937361059566598,1.427489608904775e-05,2.28113388168404e-08,-3.413659290885107e-05,-2.2534816679353753e-08,False,False,False
categorical,alpha,beta,0.75,3.0,9,1180132,50,0.1,0.1,0.6854216396374714,3.0717081961913855,40.35746143266246,3.8032728389251127e-07,True,True,True,0.8915708418935735,0.8917088566067248,0.8917085940979792,1.8610334046335575,1.8609717299600115,1.8609718482176132,1.3401545938153682e-05,2.3915474976479138e-08,8.362368019732003e-05,-1.582393451826647e-07,False,False,False
categorical,alpha,beta,0.75,3.0,10,1180133,50,0.1,0.1,0.46599092238249934,5.7762822009029655,33.13792465484355,1.055889945400981e-06,True,True,True,0.6050457641387857,0.6049816426540635,0.6049816194370008,2.2234372178878363,2.223505226611713,2.223505230848244,5.0676680570956986e-05,2.9034687434434207e-08,-2.771908680188062e-05,-3.349899202476081e-08,False,False,False
categorical,alpha,beta,0.75,3.0,11,1180134,50,0.1,0.1,0.9750194006959126,2.678510160956997,34.06141724428158,6.505348750631539e-08,True,True,True,2.9729122453318912,2.9728910003937004,2.9728908382311516,0.9223172764073594,0.9223008864892843,0.9223008735188258,4.553295077704623e-05,8.550816969912362e-08,-2.6085266568998122e-05,-6.947988140382222e-08,False,False,False
categorical,alpha,beta,0.75,3.0,12,1180135,50,0.1,0.1,0.6900418724843135,3.367336153083947,32.67266677463014,1.74086167368422e-07,True,True,True,1.9043622548624335,1.904290470545423,1.9042903515515537,1.5362376955070283,1.5362593778486062,1.536259397516787,1.2629866585096439e-05,1.7544953525002304e-08,-1.2772511013281473e-05,-3.9843421006935387e-08,False,False,False
categorical,alpha,beta,0.75,3.0,13,1180136,50,0.1,0.1,0.6709447110890581,2.742190647650101,32.80629713545772,2.719419810323356e-07,True,True,True,3.2277596214668467,3.227889810375906,3.2278896433678597,0.9933241527224652,0.9933146446313291,0.9933146638413438,1.9205129617748893e-05,1.0034061343016056e-08,2.9357109596617192e-05,-2.9622739816659305e-08,False,False,False
categorical,alpha,beta,0.75,3.0,14,1180137,50,0.1,0.1,0.781132724698543,2.6801261809533203,39.059588879585405,7.332960021754416e-08,True,True,True,1.5659337623602734,1.5658492495124734,1.565848983975518,1.477631138595407,1.4776499627167652,1.4776500364670764,1.0817682712769449e-05,8.636619536278422e-09,-3.2383676312974785e-05,-8.46719814262542e-08,False,False,False
categorical,alpha,beta,0.75,3.0,15,1180138,50,0.1,0.1,0.8954522443414167,2.495347313933053,37.40390497163955,3.225843965734478e-07,True,True,True,2.973929083256387,2.9740026493018026,2.974002278722386,1.1383522135890014,1.1383427317164794,1.1383427690644947,3.4251560919336136e-06,4.0108818168485594e-08,1.3738664200957373e-05,-8.160780140542556e-08,False,False,False
categorical,alpha,beta,0.75,3.0,16,1180139,50,0.1,0.1,0.6428144598873702,4.624599233749814,27.9940877363673,2.2284086722724967e-07,True,True,True,0.910616327995036,0.9106113818164056,0.9106113325134954,2.0490298581081348,2.04903515966944,2.0490351834864375,6.832393277121778e-06,2.678613303830557e-09,6.452286029912102e-07,-2.6722315027427612e-08,False,False,False
categorical,alpha,beta,0.75,3.0,17,1180140,50,0.1,0.1,0.894675943289064,3.0064812328039707,27.074308875850637,1.9895196601282805e-07,True,True,True,2.708242889939248,2.708276156779328,2.7082760637330963,1.0763947871342752,1.0763966657927388,1.0763966678412433,1.6921943970670717e-05,3.084965647137813e-08,1.441436337046298e-05,-3.1997831939634125e-08,False,False,False
categorical,alpha,beta,0.75,3.0,18,1180141,50,0.1,0.1,0.5437860561663478,3.7834357010369075,31.299858805418616,1.8176568573122015e-07,True,True,True,1.7655447057238576,1.765628396956647,1.765628342779217,1.472015222445911,1.4719852754384586,1.4719852801006823,2.1853937722397903e-05,1.996521037474594e-08,1.289829307893342e-05,-2.5316918339512995e-08,False,False,False
categorical,alpha,beta,0.75,3.0,19,1180142,50,0.1,0.1,0.7573104054052173,2.5831288762063562,37.29033121428032,7.212439966684255e-08,True,True,True,3.4196738655533054,3.4196349869355696,3.419634959921052,1.2343948556431856,1.234400388953924,1.2344003795629421,1.4964677350722078e-06,2.9551432082278792e-08,-5.017417862518414e-06,-1.8711595828335703e-08,False,False,False
categorical,alpha,beta,0.75,8.0,0,1190123,50,0.1,0.1,0.7911480855983127,8.0,20.710667647379015,0.00610298859321711,True,True,True,0.10545334102580983,0.10554184846985315,0.10554182660745377,3.1540124525073985,3.1536332641152787,3.153633347079593,3.4220288042647996e-05,1.6470556871102844e-08,0.00040228389728014236,-1.1162819291143933e-07,False,False,False
categorical,alpha,beta,0.75,8.0,1,1190124,50,0.1,0.1,0.3207470409207351,8.0,9.509547336126614,0.0658572658632431,True,True,True,0.2138669118598254,0.2138607560434057,0.21386075947414834,2.3890562856149202,2.3890759223160827,2.389075909066574,1.645217758332048e-05,1.4473613135848688e-08,-6.17543656922237e-06,7.878853125475871e-10,False,False,False
categorical,alpha,beta,0.75,8.0,2,1190125,50,0.1,0.1,0.7838822515374322,7.191781860454076,17.469570374234543,4.6195844154235106e-07,True,True,True,0.1256309722327942,0.12551871120967864,0.1255187082341043,3.062330934345669,3.062707311173713,3.0627073210802784,2.7483389189232424e-05,2.9897434793340264e-09,-0.00046066954620371803,-1.2300866103487351e-08,False,False,False
categorical,alpha,beta,0.75,8.0,3,1190126,50,0.1,0.1,0.7238267159604042,8.0,18.110021119174057,0.03820411387267929,True,True,True,0.1720891382117953,0.17217763715398657,0.1721776139563747,2.6462409533630673,2.6460038880611574,2.646003927793572,3.180292743123186e-05,4.34840942338416e-08,0.00024110952994504942,-8.898706482796115e-08,False,False,False
categorical,alpha,beta,0.75,8.0,4,1190127,50,0.1,0.1,0.4926980132609003,8.0,5.931324338499638,0.17349341630001924,True,True,True,0.1909322915092103,0.1909519009863905,0.1909518934166431,2.1367923819531676,2.136734444346113,2.1367344485731006,3.082141374010808e-05,3.0012461664436826e-08,3.5960643244514756e-05,-3.4775670343378806e-08,False,False,False
categorical,alpha,beta,0.75,8.0,5,1190128,50,0.1,0.1,0.7649555327607442,8.0,25.94829655732442,0.01675616290338482,True,True,True,0.11321111478643266,0.11316171190800572,0.1131617033791567,3.0592024321983833,3.0593825491555178,3.0593825745691396,2.1807153267763613e-05,1.703664920859286e-08,-0.00022915238142573457,-4.611016990452299e-08,False,False,False
categorical,alpha,beta,0.75,8.0,6,1190129,50,0.1,0.1,0.845391356757021,7.249454903732685,19.666519585860563,1.4603949723839663e-07,True,True,True,0.15469582794831238,0.1547175271812195,0.1547174897705338,2.8595029536578114,2.8594222845114254,2.8594223703890975,4.553487683363972e-05,4.4455915217526777e-08,4.724376397646779e-05,-1.4292962546846866e-07,False,False,False
categorical,alpha,beta,0.75,8.0,7,1190130,50,0.1,0.1,0.7887812432021017,7.653735170105645,15.041375846581147,3.5270308030349744e-07,True,True,True,0.10015420026563014,0.10019127371879166,0.10019125496165622,3.1097126421438936,3.109547081714051,3.109547157088096,1.1224254114909646e-05,1.3824350659474545e-08,0.00017938631987490794,-1.0043570597417784e-07,False,False,False
categorical,alpha,beta,0.75,8.0,8,1190131,50,0.1,0.1,0.6412207053495631,5.704312253666751,17.647496029773652,3.0496281846471293e-07,True,True,True,0.5228986720131094,0.5228614021969752,0.5228613844184695,2.2336012346047793,2.2336413777765127,2.233641384325514,2.119522375248066e-05,1.8939709706994313e-08,-2.5087876210250215e-05,-2.646251218152429e-08,False,False,False
categorical,alpha,beta,0.75,8.0,9,1190132,50,0.1,0.1,0.735317731884741,7.758051682860409,21.003539352064575,1.4388245661229316e-06,True,True,True,0.1475472000053456,0.147538730198752,0.14753872675631782,2.735025677975064,2.735041869019343,2.735041874421655,2.0146374257767196e-05,1.1190814033191533e-08,-3.878218013397827e-05,-1.7112768091465114e-08,False,False,False
categorical,alpha,beta,0.75,8.0,10,1190133,50,0.1,0.1,0.35150528129038877,8.0,2.032825151528532,0.09257883018532016,True,True,True,0.16265718316937464,0.16267551538772912,0.16267550586844148,2.135111025355862,2.135070661899695,2.1350706557293577,1.9816015722075973e-05,7.278281880199182e-08,6.616251653712713e-05,-6.562089271966443e-08,False,False,False
categorical,alpha,beta,0.75,8.0,11,1190134,50,0.1,0.1,0.6645796661124262,8.0,18.305160605217857,0.29094801767833006,True,True,True,0.15201488336078928,0.15198523120296553,0.15198522358878366,2.907893284247194,2.907980578448879,2.9079805866134243,5.969910346262493e-06,3.130452580819555e-08,-9.46194474202855e-05,-4.0698388659166085e-08,False,False,False
categorical,alpha,beta,0.75,8.0,12,1190135,50,0.1,0.1,0.7024975498765186,7.047758123121985,22.933257812019004,6.394888410089989e-07,True,True,True,0.2419815674398983,0.24198125517893615,0.24198123832754923,2.5024992937662898,2.5025023093433822,2.502502328396079,5.683017204004267e-06,2.585109388117357e-08,2.1336737532351435e-06,-4.7704002525961187e-08,False,False,False
categorical,alpha,beta,0.75,8.0,13,1190136,50,0.1,0.1,0.6309152884742228,8.0,17.49720942095461,0.2988141609706256,True,True,True,0.16618984357792485,0.16628610980197212,0.16628609353052398,2.7742983631894913,2.774054238068863,2.7740542634701666,1.696551266712601e-05,3.936596610399604e-08,0.0002979588132170363,-6.86077896716597e-08,False,False,False
categorical,alpha,beta,0.75,8.0,14,1190137,50,0.1,0.1,0.8057171551057465,7.538369768261555,24.886490485091866,5.702701876520384e-07,True,True,True,0.11048090913636613,0.11044679163052537,0.11044675590591888,3.083670444046139,3.083785774480412,3.0837859140016435,4.334539130287426e-05,4.668460786383411e-09,-0.0001762405089174024,-1.6282565695746598e-07,False,False,False
categorical,alpha,beta,0.75,8.0,15,1190138,50,0.1,0.1,0.6599946378415796,8.0,19.257894924442738,0.056216304280234414,True,True,True,0.18564893425811438,0.1856212719622524,0.18562126370072562,2.7073860644746843,2.7074593234276616,2.707459331927431,1.9661156955697673e-05,2.493661626654636e-08,-6.470659426938141e-05,-3.472171528073886e-08,False,False,False
categorical,alpha,beta,0.75,8.0,16,1190139,50,0.1,0.1,0.6038368058001253,7.765467140382914,6.009333273472866,2.0370426295779567e-07,True,True,True,0.14071843194583383,0.14071573136207502,0.14071571557918247,2.5063132121000753,2.5062937341657108,2.506293766298047,6.421457521086694e-05,3.847376126626962e-08,-4.169155294775351e-05,-7.516782307703807e-08,False,False,False
categorical,alpha,beta,0.75,8.0,17,1190140,50,0.1,0.1,0.33326892480170917,8.0,3.1602915173821122,0.09910937259774062,True,True,True,0.16333565098484218,0.1633294552861987,0.1633294461864603,2.1563713965400764,2.1563996881848606,2.1563996815928617,2.717750530232277e-05,7.094442573266834e-08,-5.424373597406884e-06,-6.330332791293358e-08,False,False,False
categorical,alpha,beta,0.75,8.0,18,1190141,50,0.1,0.1,0.6449916970518912,8.0,22.99603441446642,0.17273083874362324,True,True,True,0.19900836731812122,0.19909063447184486,0.1990906234867115,2.6768079030245464,2.6766351488127764,2.6766351653282623,1.5528403413293362e-05,1.7152579079017304e-08,0.00021437318200767663,-3.616239041548397e-08,False,False,False
categorical,alpha,beta,0.75,8.0,19,1190142,50,0.1,0.1,0.8260837684945594,7.4799606537029995,20.15067081410123,3.4586475353042054e-08,True,True,True,0.12270888665933954,0.12266369099341573,0.12266369261820534,3.046713013039672,3.046864192250465,3.0468641773650096,2.0350716435266042e-05,2.1302669210607893e-08,-0.00019433639803878577,-3.891624800189675e-09,False,False,False
categorical,alpha,beta,0.95,0.25,0,1200123,50,0.1,0.1,0.7401800825798687,0.3768101944521886,54.63310810230726,7.791709393054201e-08,True,True,True,2.669140978824862,2.66907531111385,2.6690734067378012,0.32061460514906776,0.3206341542469962,0.3206344261806879,2.7795576151987448e-05,3.413123271925925e-07,-2.496557215181383e-06,-4.0042158389042015e-07,False,False,False
categorical,alpha,beta,0.95,0.25,1,1200124,50,0.1,0.1,0.459667517980325,0.1,54.9791651577176,0.11156744506025118,True,True,True,1.7090585181852942,1.709096547110645,1.7090967123297718,0.3290364674061802,0.3290344620336952,0.3290344223522262,4.0184182363240746e-05,4.3145290851180034e-08,1.999335618307896e-05,5.098546296267159e-08,False,False,False
categorical,alpha,beta,0.95,0.25,2,1200125,50,0.1,0.1,0.18958247904665665,0.734427971130488,54.56605375451918,7.888304520226981e-08,True,True,True,1.1614375992042405,1.161484649301395,1.161487075466373,1.268257939066392,1.2682624042096207,1.2682615121390102,6.16488906977478e-05,1.1986667514267329e-07,4.6711901127594047e-05,1.0618116519367504e-06,False,False,False
categorical,alpha,beta,0.95,0.25,3,1200126,50,0.1,0.1,0.02,0.1,55.186346331564664,0.5132414777808467,False,False,False,-15.838915507030835,-15.839522322536675,-15.83952080632908,inf,inf,inf,3.564977306221543e-05,1.0700351736377671e-07,nan,nan,False,False,True
categorical,alpha,beta,0.95,0.25,4,1200127,50,0.1,0.1,0.98,0.4653789850609096,54.34353806557768,1.5743997643369314,True,True,True,0.7588698619377675,0.7587634691153704,0.7587619770823258,1.0291987263592037,1.0292628398644035,1.0292635824999867,1.5033258873005619e-05,3.1516375495869485e-07,-6.750687507661723e-05,-1.1114118549926388e-06,False,False,False
categorical,alpha,beta,0.95,0.25,5,1200128,50,0.1,0.1,0.5169570216087911,0.1493694367627606,54.9412523638846,2.708463647500411e-07,True,True,True,2.6690889534132265,2.669062782008817,2.6690662904803353,0.13702521366239673,0.13698383265074512,0.136983486544202,9.164890043519998e-05,8.947579157782415e-07,-5.653104328473546e-05,9.160249376805041e-07,False,False,False
categorical,alpha,beta,0.95,0.25,6,1200129,50,0.1,0.1,0.5560635063895292,0.8394806741297369,53.99838158382949,3.552713678800501e-08,True,True,True,1.5969342253384902,1.5970100157740463,1.5970107081539324,0.7336834891776847,0.7336636392411767,0.7336634534602956,1.7599271049205052e-05,9.769345610155482e-08,2.4825409923323605e-05,2.1965937690993087e-07,False,False,False
categorical,alpha,beta,0.95,0.25,7,1200130,50,0.1,0.1,0.6797040525546383,0.6540753851259318,53.6890684367756,1.6423377262705998e-07,True,True,True,4.4633574127015585,4.463418212236983,4.463415663346199,0.25943043442677316,0.25943735550777614,0.25943750093110063,2.681075601852518e-05,3.4612553129740087e-07,2.118638678894058e-05,-4.036378769001203e-07,False,False,False
categorical,alpha,beta,0.95,0.25,8,1200131,50,0.1,0.1,0.030570115838437845,3.1954329517172932,53.24028265399143,7.453683598707416e-06,True,True,True,0.050495937270639515,0.050610083219499835,0.050607624786772824,4.715735667925396,4.71493489036783,4.714955451270571,0.0004128796932537779,1.2361856367871766e-06,0.0013111118487927342,-2.4905512908901528e-05,False,False,False
categorical,alpha,beta,0.95,0.25,9,1200132,50,0.1,0.1,0.7038780310838632,0.1,55.0047523119143,0.14174411688827965,False,False,False,-0.3932063598906914,-0.39317988787096647,-0.39318115109343543,inf,inf,inf,1.0076376742179005e-05,4.2189841185505434e-07,nan,nan,False,False,True
categorical,alpha,beta,0.95,0.25,10,1200133,50,0.1,0.1,0.29496286631145296,0.1,55.05482338288312,0.47368809674708257,False,False,False,-1.7946922122355933,-1.7946502243586167,-1.7946507864813914,inf,inf,inf,1.9694076516698327e-05,2.1391310620122695e-07,nan,nan,False,False,True
categorical,alpha,beta,0.95,0.25,11,1200134,50,0.1,0.1,0.030064564175607173,1.7515657252374401,54.64664279463356,2.0544940189997535e-06,True,True,True,0.026106648334880755,0.02628415671282087,0.026281819743872423,4.4027387803387334,4.3999932810528515,4.400031237590631,0.00045339058253568237,1.5256212973604323e-06,0.0035702545075224634,-4.521656973111021e-05,False,False,False
categorical,alpha,beta,0.95,0.25,12,1200135,50,0.1,0.1,0.4175638368010697,0.1,55.031774067682626,0.8262772190903439,True,True,True,1.3069662816389067,1.307055630470151,1.3070541507296136,0.7803516746477087,0.7803159661387942,0.7803163753743412,1.774200519512472e-05,2.7024350818586384e-07,2.658928688248352e-05,-6.609682969838104e-07,False,False,False
categorical,alpha,beta,0.95,0.25,13,1200136,50,0.1,0.1,0.5945145447746855,1.1691216379291107,52.677668286761126,8.145037707963213e-08,True,True,True,2.805316432967991,2.80543714210394,2.8054364101565876,0.9379653583482671,0.9379413767639375,0.9379414950696358,1.3291190097922548e-05,3.354871740482809e-08,1.5293262265458907e-05,-1.2469870114273363e-07,False,False,False
categorical,alpha,beta,0.95,0.25,14,1200137,50,0.1,0.1,0.9668712914751029,0.6065561255629308,53.573340895627446,1.9885678126963355e-07,True,True,True,3.2129373567838737,3.212949610198081,3.2129482660877513,0.48957002466515664,0.48955762760078136,0.4895577367968501,2.4330574932805654e-05,2.0625707495201894e-07,-1.0751506962947133e-05,-2.926250175505629e-07,False,False,False
categorical,alpha,beta,0.95,0.25,15,1200138,50,0.1,0.1,0.4600365485365937,0.6159558270791592,54.41329088813524,1.7549111014472584e-07,True,True,True,2.821897190951507,2.8219736293072457,2.821972022091153,0.6324888570445393,0.6324770275241941,0.6324772426964733,1.7641314272320925e-05,1.5159334547319467e-07,1.314616083192277e-05,-3.2181010567455814e-07,False,False,False
categorical,alpha,beta,0.95,0.25,16,1200139,50,0.1,0.1,0.8825109090598534,0.6238189870792873,53.52652385127809,2.6290081223123707e-07,True,True,True,7.087712672782652,7.087810328981054,7.0878089765059595,0.14878302591761497,0.14875706088348445,0.1487571187945061,3.8424491478995824e-05,1.3364831083802366e-07,-1.623935083472361e-05,-1.2414454175768697e-07,False,False,False
categorical,alpha,beta,0.95,0.25,17,1200140,50,0.1,0.1,0.6876532394124905,0.5568511568284368,54.10589372183314,7.983731028902323e-08,True,True,True,1.1375873839266533,1.137686009796687,1.1376869562238012,0.7439884747419323,0.7439366984387841,0.7439364573436165,4.198149805864068e-05,3.2000413555823926e-07,2.763828786811473e-05,5.543163865695533e-07,False,False,False
categorical,alpha,beta,0.95,0.25,18,1200141,50,0.1,0.1,0.7625818916176008,0.18394658690053592,54.927910631832376,2.07157025572446e-08,True,True,True,1.2071554708479386,1.2071767734479484,1.20717566298582,0.7444620848965551,0.7444669910227113,0.7444672756097361,2.8882647200258123e-05,3.080132054422928e-07,2.2702929527440574e-05,-5.92241114816261e-07,False,False,False
categorical,alpha,beta,0.95,0.25,19,1200142,50,0.1,0.1,0.37629090019846656,1.0429977107695942,52.937699236145356,3.255691182963218e-07,True,True,True,2.3004989428207767,2.3006634395750725,2.3006605424467512,0.767893541448782,0.767871465421134,0.7678719524638712,2.514777795948277e-05,2.516516733059968e-07,4.538776396856292e-05,-6.985298952599805e-07,False,False,False
categorical,alpha,beta,0.95,0.5,0,1210123,50,0.1,0.1,0.5712719050173517,1.660164035213574,50.496769859580134,4.185248371925701e-08,True,True,True,1.6139774001350322,1.6142099751037966,1.6142099411855897,1.1835742964983789,1.1835180750127796,1.1835180623491446,1.7608807310074394e-05,5.103956779207735e-08,7.932716079039892e-05,-3.559181749324125e-08,False,False,False
categorical,alpha,beta,0.95,0.5,1,1210124,50,0.1,0.1,0.5251863022147447,0.7042963205468684,53.91116146112963,1.5888218580782546e-08,True,True,True,2.6530706468786107,2.6531553822814242,2.6531548392667963,0.5161842948066597,0.5161822506169725,0.5161823593998855,3.231709480804885e-05,1.1512672251067453e-07,2.950521840006104e-05,-7.942654889347978e-08,False,False,False
categorical,alpha,beta,0.95,0.5,2,1210125,50,0.1,0.1,0.9554134189036819,0.6113831518314607,53.63781981291693,2.1610313646285633e-08,True,True,True,4.835468376576291,4.8354894914860775,4.83548866347848,0.2541796175212621,0.2541793661568724,0.2541793660329324,1.8906786938132454e-05,1.714563937802806e-07,3.9058914040879245e-06,-1.7137823249413486e-07,False,False,False
categorical,alpha,beta,0.95,0.5,3,1210126,50,0.1,0.1,0.48907162581181357,1.0784868399891012,52.53512585318709,1.3345761095002336e-07,True,True,True,2.276699903121977,2.2767358983796666,2.2767363711952213,0.6001701354977993,0.6001597068690729,0.6001596393257451,1.4118170039805574e-05,8.706412411767706e-08,3.933660586596943e-06,1.2991040421184152e-07,False,False,False
categorical,alpha,beta,0.95,0.5,4,1210127,50,0.1,0.1,0.98,0.8872051426579454,51.389111512502645,1.8642358838860775,True,True,True,1.717589639362941,1.71767981759566,1.7176773279444204,0.746431798386027,0.7464078726301528,0.7464084022833141,1.3529834746081775e-05,3.4162183475339737e-07,2.4116216231107046e-05,-8.396421620204819e-07,False,False,False
categorical,alpha,beta,0.95,0.5,5,1210128,50,0.1,0.1,0.98,1.5215105413282008,47.708313027733546,9.418394817828357,True,True,True,5.603626147632539,5.603545871249594,5.603545558241254,0.4919732181983453,0.4919785195968032,0.4919785328285337,4.910098652028629e-06,3.7772012654808785e-08,-8.263059527280348e-06,-4.062538749849409e-08,False,False,False
categorical,alpha,beta,0.95,0.5,6,1210129,50,0.1,0.1,0.7012960525708052,0.5919707459594533,54.03222658006313,1.9131948672901815e-08,True,True,True,3.739908960392948,3.739987349191399,3.73998784350944,0.341106034282534,0.3410885302755599,0.34108845705945673,2.3289763309278523e-05,7.025765072982458e-08,8.555074515470551e-07,4.787788299154272e-08,False,False,False
categorical,alpha,beta,0.95,0.5,7,1210130,50,0.1,0.1,0.5813960325185576,0.8927043878688544,52.094038845512735,1.4635283153585007e-07,True,True,True,1.4380069870828567,1.4380740321935082,1.438074999322019,0.7126247532407929,0.7126083583024677,0.7126081524930438,1.2660987088519741e-05,2.3482138958426153e-07,2.8182745708704715e-05,4.3556941164979435e-07,False,False,False
categorical,alpha,beta,0.95,0.5,8,1210131,50,0.1,0.1,0.7189718814948228,1.0216202275758501,51.866506835661234,8.186272621149155e-08,True,True,True,2.453681059545589,2.4539214166999535,2.453921370045174,0.684929160272573,0.6848931347195059,0.6848931422363022,3.776544686064173e-05,7.417379219959738e-08,5.6466675424360346e-05,-1.0358306212765456e-08,False,False,False
categorical,alpha,beta,0.95,0.5,9,1210132,50,0.1,0.1,0.33181510230648115,1.1103885939694005,52.698450643627346,1.7809611829662293e-07,True,True,True,3.198541358278736,3.198584656790191,3.198584416288365,0.7316445378439577,0.7316470535520632,0.7316470643568648,2.1610947411083502e-05,5.286043798069866e-08,1.6370429094081373e-05,-6.275059405425054e-08,False,False,False
categorical,alpha,beta,0.95,0.5,10,1210133,50,0.1,0.1,0.8449498646517398,1.167929711160164,51.38165914869011,7.680699156559062e-08,True,True,True,2.2617490023124667,2.261826111377057,2.2618264089801947,0.9676969804033582,0.9676751518110667,0.9676751198404059,1.869131330756678e-05,7.756192936992591e-08,9.055763136700534e-06,9.476889317738824e-08,False,False,False
categorical,alpha,beta,0.95,0.5,11,1210134,50,0.1,0.1,0.09795938134284364,1.8307827640151324,53.60278506089811,6.395620657903536e-07,True,True,True,0.3367717770055745,0.33694569717473577,0.33694440138601195,2.481761860087071,2.481618725408565,2.4816201527872663,0.00018695785376620077,5.630966509294054e-07,0.0003493077654539434,-2.2023670069870604e-06,False,False,False
categorical,alpha,beta,0.95,0.5,12,1210135,50,0.1,0.1,0.5301043257134395,1.1478240922554206,52.141593898096765,3.5418122950968834e-07,True,True,True,3.0459254444963113,3.045983434889573,3.0459823771302252,0.6843369959260942,0.6843306255723116,0.6843307764382759,6.7264195937396325e-06,7.129421167324868e-08,1.1530782920488036e-05,-1.7357285742036765e-07,False,False,False
categorical,alpha,beta,0.95,0.5,13,1210136,50,0.1,0.1,0.98,0.4335395468882306,54.30454576546419,0.27251506651282853,True,True,True,3.0576485356455683,3.057532895147864,3.057529959202075,0.4814250170533552,0.48145235929409536,0.48145265828080114,2.721602734275484e-05,3.9647228262288126e-07,-6.957885368308325e-06,-6.160128904753037e-07,False,False,False
categorical,alpha,beta,0.95,0.5,14,1210137,50,0.1,0.1,0.020081745577024877,2.9838203064402076,53.9300249917814,7.137406647032597e-06,True,True,True,0.04370410322450985,0.04414764040622961,0.04414366902083751,4.986650843170989,4.9824888836305465,4.982527217277804,0.0005124756922057401,1.6971012308204501e-06,0.005260026984373667,-4.58277157520115e-05,False,False,False
categorical,alpha,beta,0.95,0.5,15,1210138,50,0.1,0.1,0.04252426787449665,3.6277901790702116,53.53429208821359,9.063870239960042e-07,True,True,True,0.06997821691566021,0.07025170089643154,0.07025045170699817,4.046501168600265,4.045030828128084,4.045037612111252,0.0005127796853278306,2.163188606577001e-06,0.0021977498073368906,-9.97143430225833e-06,False,False,False
categorical,alpha,beta,0.95,0.5,16,1210139,50,0.1,0.1,0.98,0.2894356482683105,54.78954606831065,0.1928792983109987,True,True,True,4.256420033357279,4.256082841498311,4.256080610507088,0.3251173592730965,0.325167559066445,0.32516764320750785,4.73048283983631e-05,3.755870618801637e-07,-2.1855400262893454e-05,-4.2731802096795946e-07,False,False,False
categorical,alpha,beta,0.95,0.5,17,1210140,50,0.1,0.1,0.98,0.8910838558917352,51.37621178604311,1.252413500907327,True,True,True,4.184006896696643,4.1842416416783585,4.184240964979501,0.43686775679964823,0.43684157403008067,0.4368416409326636,2.027193275725073e-05,7.644207322150731e-08,2.5875002243935796e-05,-8.47011421001298e-08,False,False,False
categorical,alpha,beta,0.95,0.5,18,1210141,50,0.1,0.1,0.5466009531701492,0.45713224765586624,54.58858402769405,3.0561598645713515e-08,True,True,True,3.1453039932558764,3.145342566399178,3.1453425808467754,0.3423205503677839,0.3423102602623394,0.3423103073840315,2.3888042684661597e-05,1.4207383670758183e-07,4.755723139737711e-07,5.884418641244338e-08,False,False,False
categorical,alpha,beta,0.95,0.5,19,1210142,50,0.1,0.1,0.8802389852113852,0.9313875032334014,51.925009532326236,3.254564970404427e-07,True,True,True,2.7320413843179163,2.7319985570783136,2.7319989211242333,0.6513099008660702,0.6513049172239317,0.6513048553219497,4.6756081617062464e-05,3.4418340695179395e-08,-2.1351679350800623e-05,6.198530400070013e-08,False,False,False
categorical,alpha,beta,0.95,1.0,0,1220123,50,0.1,0.1,0.6927640604285146,0.5018623317165742,54.487412063322374,2.1718096427858206e-07,True,True,True,3.7688670553033443,3.7690000074589562,3.768998450583701,0.3102360040812322,0.31023602980993503,0.31023613043409415,4.1030053117089915e-05,2.463057264481453e-07,3.500819789081788e-05,-2.9722606598170387e-07,False,False,False
categorical,alpha,beta,0.95,1.0,1,1220124,50,0.1,0.1,0.7741010251902489,1.3857950928080174,48.82602316623652,9.176585138216348e-08,True,True,True,3.6438447474614852,3.64393406404975,3.6439333004285297,0.7402447088773847,0.7402329216506631,0.7402329881601893,6.976780129995992e-06,6.802820577640588e-08,1.0807799519341188e-05,-1.3298765821900815e-07,False,False,False
categorical,alpha,beta,0.95,1.0,2,1220125,50,0.1,0.1,0.9283024264539159,1.1484065766912877,50.91139678261577,4.710854711016874e-09,True,True,True,3.087334103544724,3.0875289138780113,3.0875279444557773,0.8312446750173796,0.8312094490615322,0.8312095413750225,2.8929229163417602e-05,1.197080092223869e-07,2.233478337387851e-05,-2.0770018238636112e-07,False,False,False
categorical,alpha,beta,0.95,1.0,3,1220126,50,0.1,0.1,0.4498684391014339,1.906748779029051,48.081028285927815,5.600340191693163e-08,True,True,True,1.7941807019157954,1.7943174052912612,1.794317361738769,1.1111695694211075,1.1111460458990983,1.1111460730447078,2.2770087977097504e-05,3.834557132734494e-08,4.911426822928888e-05,6.9800805135855626e-09,False,False,False
categorical,alpha,beta,0.95,1.0,4,1220127,50,0.1,0.1,0.425403451428754,2.1996256541146466,50.02003931843007,7.660303031201214e-07,True,True,True,1.24113437225429,1.241232675077972,1.2412321306902303,1.4551146099758894,1.4550738541399726,1.455074008275809,1.5444879133007562e-05,8.750287112065544e-08,3.20178559576334e-05,-2.6113103501756996e-07,False,False,False
categorical,alpha,beta,0.95,1.0,5,1220128,50,0.1,0.1,0.98,1.2019831181027212,49.76465480926072,1.1817394991453867,True,True,True,2.196179070976283,2.1962140378205337,2.196213445649425,0.9388627458365193,0.9388472549454938,0.9388473479408963,2.1705990299306713e-05,6.393983893494006e-08,-2.075569291548618e-06,-1.6256781520951336e-07,False,False,False
categorical,alpha,beta,0.95,1.0,6,1220129,50,0.1,0.1,0.6573547984629312,1.2406050605979275,52.16057504339914,2.2703138244422814e-08,True,True,True,1.9805406939798194,1.9806469183094326,1.9806461609352262,0.936600627182734,0.9365694562455085,0.9365695971958932,1.9088343599475916e-05,7.264132493633123e-08,1.7525586883948563e-05,-2.201122342171402e-07,False,False,False
categorical,alpha,beta,0.95,1.0,7,1220130,50,0.1,0.1,0.6291295220542492,1.3342786702256546,50.85758143505039,1.1914475892940445e-08,True,True,True,3.333825294168241,3.3339191499317327,3.333919528046781,0.791191472626843,0.7911648014824727,0.7911647760173866,3.308999901121297e-05,6.497003827870176e-08,-2.4700151257661673e-06,8.409681129251112e-08,False,False,False
categorical,alpha,beta,0.95,1.0,8,1220131,50,0.1,0.1,0.051156112227844566,5.4184961800494875,49.43689264302758,1.36741813750932e-07,True,True,True,0.06482112042291513,0.06486076788301265,0.06485998027626673,4.556224839491688,4.556087771435212,4.5560926968105635,0.0002950524749222862,8.025298677608651e-07,0.0004471791920650503,-6.472563434556378e-06,False,False,False
categorical,alpha,beta,0.95,1.0,9,1220132,50,0.1,0.1,0.3939085179960723,1.41438736550142,51.0039551163993,1.643679782927829e-07,True,True,True,3.5663190334041444,3.5665081010995516,3.5665073504092937,1.2325233632525312,1.2325121411797928,1.2325122267323756,2.7527744693456554e-05,1.8848845960863004e-08,3.998152026696289e-05,-1.1198722660310523e-07,False,False,False
categorical,alpha,beta,0.95,1.0,10,1220133,50,0.1,0.1,0.4392450992046473,1.4604344317716011,52.052710198109025,6.618459059075651e-07,True,True,True,2.2411016626010616,2.2411676666672835,2.241168191134088,1.2051515147976501,1.205139819261058,1.2051397214534314,5.728424165458509e-06,1.7012352238135862e-08,1.6107608253435046e-05,1.2140976224372935e-07,False,False,False
categorical,alpha,beta,0.95,1.0,11,1220134,50,0.1,0.1,0.9041572014568047,0.9472470934033177,51.71253288743163,1.6030574802071098e-07,True,True,True,5.385997023880838,5.386046167149687,5.386046229597534,0.5405354413406941,0.5405278452884736,0.5405278125614208,8.752434243560515e-06,6.417468161670487e-08,3.5286191035766024e-07,-2.6084038040607993e-08,False,False,False
categorical,alpha,beta,0.95,1.0,12,1220135,50,0.1,0.1,0.5214621807962507,0.696589989943224,53.86383217647646,1.3518997541297358e-07,True,True,True,2.2497913522521857,2.2499208713419723,2.24991855955696,0.4776604506461998,0.47764922666840004,0.47764947147323245,3.776095190575713e-05,5.472512330073343e-07,4.389998472476009e-05,-7.456546882167459e-07,False,False,False
categorical,alpha,beta,0.95,1.0,13,1220136,50,0.1,0.1,0.3024746622339652,2.9263377212039834,44.50510178770764,4.45892718447306e-07,True,True,True,1.4809749271334762,1.4810950848719173,1.4810948395159784,1.7670373431692339,1.767008509647768,1.7670085714770165,1.5026847175706736e-05,2.351111133308621e-08,4.784063071383571e-05,-9.447492743674957e-08,False,False,False
categorical,alpha,beta,0.95,1.0,14,1220137,50,0.1,0.1,0.9097355275890284,1.5522015273346517,49.856290173497705,2.249882079996035e-07,True,True,True,1.8685951517858437,1.8686634903570836,1.8686645214055309,0.8720004715771322,0.871959420722953,0.8719592441258962,5.7923424041171074e-05,1.7392502325098457e-07,-1.0341603513097652e-05,3.484421213784117e-07,False,False,False
categorical,alpha,beta,0.95,1.0,15,1220138,50,0.1,0.1,0.98,0.7815612145506162,52.32645715108203,2.224688717689105,True,True,True,4.9098658728197275,4.909813198797451,4.90981261904997,0.2722963453486805,0.27229117158784943,0.2722911733907846,3.299124484294462e-05,1.1631365269297172e-07,-1.6800773309455508e-05,-1.1600364047126277e-07,False,False,False
categorical,alpha,beta,0.95,1.0,16,1220139,50,0.1,0.1,0.47199898315563854,2.1088730544771632,48.63409953479651,1.276004280741561e-07,True,True,True,1.5742363248004707,1.5743600041874555,1.5743595497812517,1.3094613038620344,1.3094363704307626,1.3094364652342236,2.3315408013854036e-05,7.44896531703296e-08,4.967644650832881e-05,-1.7948268293821457e-07,False,False,False
categorical,alpha,beta,0.95,1.0,17,1220140,50,0.1,0.1,0.9233483170656023,1.7147803987100096,45.6086410571126,9.223187745775472e-08,True,True,True,2.504250934317799,2.504290139315882,2.5042891468894775,1.126633291192703,1.1266161101154064,1.1266162598511373,2.5995936230201666e-05,6.189520787861155e-08,-4.349090495736618e-06,-2.2390095466562343e-07,False,False,False
categorical,alpha,beta,0.95,1.0,18,1220141,50,0.1,0.1,0.98,0.7240015789095782,52.89180905165752,0.6096243510000955,True,True,True,4.765600642801058,4.765686415058173,4.765683335029362,0.29578391661570497,0.29577355349599016,0.29577367951896716,1.1061705419967668e-05,4.4223806553736214e-07,5.565856810108016e-06,-5.012036936591358e-07,False,False,False
categorical,alpha,beta,0.95,1.0,19,1220142,50,0.1,0.1,0.7729321066202557,1.5871265375666694,47.47379616207635,4.946928805684511e-07,True,True,True,4.3981414103830545,4.398115133696632,4.398114259327376,0.823726713894482,0.8237289331064929,0.82372901203442,5.2191362600076855e-06,3.406914096687163e-08,-3.5274897882686673e-06,-1.0793633009598125e-07,False,False,False
categorical,alpha,beta,0.95,3.0,0,1230123,50,0.1,0.1,0.795415123829578,3.364003654962474,33.97249218511926,6.173099018158789e-08,True,True,True,1.5197667446464367,1.5197209800535347,1.519720815375439,1.5222262716766446,1.5222395126646215,1.5222395485499305,1.1485289543203693e-06,2.625188454540419e-08,-1.4936154748568242e-05,-6.704625832298916e-08,False,False,False
categorical,alpha,beta,0.95,3.0,1,1230124,50,0.1,0.1,0.98,3.2386664685846824,34.0816986714016,4.52617436863534,True,True,True,1.692782287479279,1.6930104044890857,1.6930102590531433,1.549727172656845,1.5496591692952877,1.5496591929782975,2.2374112741501613e-05,3.154861652919732e-08,5.639914272137503e-05,-5.863768137714942e-08,False,False,False
categorical,alpha,beta,0.95,3.0,2,1230125,50,0.1,0.1,0.9069075767750778,3.427215434410495,35.48542438514877,1.95172138540569e-07,True,True,True,1.174700110382394,1.1747226858252975,1.1747224972526913,1.6470512133914104,1.6470329426104162,1.6470329862692197,2.3194567178061277e-05,6.047972229746591e-08,-1.927411986457628e-06,-1.1026116908396943e-07,False,False,False
categorical,alpha,beta,0.95,3.0,3,1230126,50,0.1,0.1,0.98,2.1848106333446906,39.49090111885518,3.7923761091462938,True,True,True,2.981279905160486,2.981344585861357,2.9813443716536328,1.0728706558764591,1.072857108727265,1.072857142999936,9.73596480140855e-06,1.116131911977847e-08,6.0662562049174085e-06,-3.239149748424097e-08,False,False,False
categorical,alpha,beta,0.95,3.0,4,1230127,50,0.1,0.1,0.6701583931871434,5.029764897837807,27.728331748678748,3.095701596552955e-07,True,True,True,0.7006136384198789,0.7006585106729811,0.7006584999336561,2.22163860710442,2.2216139404327744,2.2216139462412343,7.2765469560346405e-06,1.9994861658849148e-09,3.563782699345097e-05,-8.640235193979606e-09,False,False,False
categorical,alpha,beta,0.95,3.0,5,1230128,50,0.1,0.1,0.7802946276796131,3.610251016913078,30.061500538001482,2.1457778396576016e-08,True,True,True,1.4883815401262679,1.4885156465550693,1.4885155815808386,1.678763385072389,1.6787277071502695,1.6787277221366659,8.358476398806646e-06,9.969509688408783e-09,4.899600355301459e-05,-2.6396623553637255e-08,False,False,False
categorical,alpha,beta,0.95,3.0,6,1230129,50,0.1,0.1,0.938455263078292,1.7884543644665216,43.12525319213386,1.7568440492364648e-07,True,True,True,5.0993094803711605,5.099563684539512,5.099563324366148,0.8515251746213067,0.8514992460466736,0.8514992664411463,1.2264695884789855e-05,2.549605875015842e-08,1.9950938678903185e-05,-4.714826928875482e-08,False,False,False
categorical,alpha,beta,0.95,3.0,7,1230130,50,0.1,0.1,0.98,2.4347434337867258,40.52939729100363,1.5102058839033898,True,True,True,2.027285430788805,2.027233700142038,2.0272334087654205,1.2525123568610539,1.2525099730814646,1.2525100281401962,3.116566692073044e-05,2.132391269081538e-08,-2.8342295181005284e-05,-8.03424455853019e-08,False,False,False
categorical,alpha,beta,0.95,3.0,8,1230131,50,0.1,0.1,0.8795347150255473,4.251831569394051,29.947247041186756,9.388770565516127e-08,True,True,True,0.8256151393969703,0.8255712465348488,0.8255712128653023,1.8614559196774592,1.8614732417908224,1.8614732492836905,1.3338105397332975e-05,2.3695348678625476e-08,-3.325457912950469e-05,-3.2156847851183556e-08,False,False,False
categorical,alpha,beta,0.95,3.0,9,1230132,50,0.1,0.1,0.7683279260444892,3.742239823293802,29.800015566560916,2.4897292853352606e-07,True,True,True,1.5185294173911856,1.5185466007384802,1.5185465967374245,1.4672932786313124,1.4672821868949115,1.4672821901124156,1.4454095774381436e-05,5.049951596005163e-09,-1.4530463374740066e-06,1.0694947150113876e-09,False,False,False
categorical,alpha,beta,0.95,3.0,10,1230133,50,0.1,0.1,0.9503463602198303,6.433079638555146,22.291115255503296,9.461062380967114e-07,True,True,True,0.13546168732316646,0.13553115022804568,0.13553109113731807,3.1115974376836233,3.1113648495554855,3.111365043715157,2.2949688475697764e-05,1.1217287048186829e-08,0.0002446654874219689,-2.1245921288937097e-07,False,False,False
categorical,alpha,beta,0.95,3.0,11,1230134,50,0.1,0.1,0.98,2.588675890993886,31.934553669521417,3.4690336043752277,True,True,True,3.2271350786194466,3.2272912424293785,3.2272911090511025,0.9957549611773137,0.995734143681014,0.9957341556700798,4.968265541601866e-06,1.4578469882295656e-08,2.4395125684861796e-05,-2.7525317136678495e-08,False,False,False
categorical,alpha,beta,0.95,3.0,12,1230135,50,0.1,0.1,0.98,2.9669002983733885,32.67425889590334,2.164258461334618,True,True,True,2.2360695675268567,2.236032843127339,2.2360326944006443,1.4317287155486307,1.431740592459443,1.4317406119019287,1.1241824889868876e-05,2.2479218681314156e-08,-2.7941047093804627e-06,-4.412965637357047e-08,False,False,False
categorical,alpha,beta,0.95,3.0,13,1230136,50,0.1,0.1,0.7818339497706019,4.583505950761718,20.823576849011598,3.341014261136538e-08,True,True,True,0.951932256914832,0.95192162739031,0.9519216357136122,1.696547876587378,1.6965478031155636,1.696547806707281,1.1438133647816433e-05,1.714111342807176e-08,-1.123803260583145e-05,1.2878800248472544e-08,False,False,False
categorical,alpha,beta,0.95,3.0,14,1230137,50,0.1,0.1,0.697655063436949,3.6593065223023,40.41365060498558,1.8494763581896595e-07,True,True,True,0.3326701461857176,0.3326277379128578,0.33262765879924927,2.2489312201712504,2.248986031726752,2.248986142625768,2.7852008571192606e-06,1.7573328188973027e-08,-6.44926026467374e-05,-1.1016710743660951e-07,False,False,False
categorical,alpha,beta,0.95,3.0,15,1230138,50,0.1,0.1,0.9058060533061346,3.501480020949291,31.649210436414076,1.0545523931828986e-07,True,True,True,1.57131597282918,1.5714390033943901,1.5714389002310134,1.6741200138218648,1.6740781333633583,1.674078151051461,1.8246685790040845e-05,2.496610452159651e-08,3.0032778546740246e-05,-4.528480701537774e-08,False,False,False
categorical,alpha,beta,0.95,3.0,16,1230139,50,0.1,0.1,0.9586813683490049,2.936954841280732,33.08757220576709,1.8953044550220181e-07,True,True,True,2.5204366567497334,2.520509142911413,2.520509184127755,1.169452340139426,1.169439182445903,1.1694391730489309,2.647951242234121e-06,5.408962028832112e-09,1.3616132250149349e-05,5.5337210369543754e-09,False,False,False
categorical,alpha,beta,0.95,3.0,17,1230140,50,0.1,0.1,0.98,3.7924915907531482,33.813397902910346,8.644018510750584,True,True,True,1.0381708528703133,1.0381368199943704,1.0381367352802133,1.827684449670051,1.827685333090173,1.8276853565352242,3.084812978692057e-05,2.792770613114878e-08,-3.181964758169897e-05,-5.460999830120272e-08,False,False,False
categorical,alpha,beta,0.95,3.0,18,1230141,50,0.1,0.1,0.8363195684225686,4.923423812887987,16.926794726015633,1.42588455302925e-07,True,True,True,0.6882039458645705,0.6883273348587851,0.688327301636368,1.9841001210249112,1.9840207784988628,1.9840207904074458,4.390942558614312e-06,2.094627117660715e-08,8.789423568345e-05,-3.455517116890405e-08,False,False,False
categorical,alpha,beta,0.95,3.0,19,1230142,50,0.1,0.1,0.98,2.4145960418647245,40.62644128244303,6.491336534963922,True,True,True,3.0716237606452292,3.0716832800049283,3.0716833808765847,1.097956759011976,1.0979438084642654,1.0979437878412008,1.0544356251650478e-05,1.4846622389689348e-08,4.476204004788542e-06,9.096034148114995e-09,False,False,False
categorical,alpha,beta,0.95,8.0,0,1240123,50,0.1,0.1,0.960327077967625,6.401570500752788,24.617642095336336,5.107094411919163e-07,True,True,True,0.1367350312149482,0.13676234602332518,0.13676231245323853,2.8685011517330756,2.8683851058411127,2.8683852029132777,6.749324233195028e-05,2.273030244283995e-08,6.600809840406896e-05,-1.3370450346883445e-07,False,False,False
categorical,alpha,beta,0.95,8.0,1,1240124,50,0.1,0.1,0.98,6.056813734657666,28.134514121206742,8.58460590258403,True,True,True,0.14251501713030404,0.1425412378370738,0.14254120966459674,2.926661510483659,2.926556509623873,2.9265565858786045,5.788228894030215e-05,2.2987429453695474e-08,6.297208733840876e-05,-1.0985291254428375e-07,False,False,False
categorical,alpha,beta,0.95,8.0,2,1240125,50,0.1,0.1,0.8377427670829712,6.970568837602469,22.959805980106275,2.0477890324104816e-07,True,True,True,0.13501547001847836,0.13504875711630854,0.13504874696608504,2.912543878347147,2.9124202475380394,2.9124202764804923,3.822354167437432e-05,9.50230261315859e-09,0.0001041353888169283,-4.183846868954788e-08,False,False,False
categorical,alpha,beta,0.95,8.0,3,1240126,50,0.1,0.1,0.8146663699196536,7.322546342363588,17.266361649582052,4.3522263760003326e-07,True,True,True,0.15543952498786587,0.1555160059734949,0.15551597539364623,2.748146709444507,2.747915944634366,2.747916012920792,3.9496039652891027e-05,3.972494649656596e-08,0.0002261136595755886,-1.1801710186887249e-07,False,False,False
categorical,alpha,beta,0.95,8.0,4,1240127,50,0.1,0.1,0.9512377631106845,6.50840447438414,19.06179482809827,1.277670840210154e-06,True,True,True,0.1402681059725592,0.1402755446909632,0.14027555661477747,2.9832698605582113,2.9832354300086017,2.983235400283593,2.6322594672588773e-05,1.6745914412217973e-08,1.344188339302832e-05,5.078061704466563e-08,False,False,False
categorical,alpha,beta,0.95,8.0,5,1240128,50,0.1,0.1,0.98,5.989926666556752,26.01372229925622,11.602015455025594,True,True,True,0.12034160346344798,0.12026054265545123,0.12026051846063486,2.910785864108853,2.9110561429921957,2.9110562274771796,5.174909498487387e-05,7.919776150715714e-09,-0.00036275004888253193,-1.0391974569756712e-07,False,False,False
categorical,alpha,beta,0.95,8.0,6,1240129,50,0.1,0.1,0.8714695266899526,6.840068918479615,29.849099130902218,9.734962365312974e-07,True,True,True,0.11854037154121957,0.11858083241273626,0.1185808001772678,3.134273616492506,3.13411568695155,3.1341158043478927,2.2419733012221925e-05,3.0851599510857115e-09,0.00015930764006100162,-1.3668633869201585e-07,False,False,False
categorical,alpha,beta,0.95,8.0,7,1240130,50,0.1,0.1,0.8847271872199889,6.993521138604658,20.396405937574595,3.0932645593821454e-07,True,True,True,0.12622344876940902,0.12631899522872028,0.12631899626017654,3.0456612279959168,3.0453205296059935,3.0453205192514647,2.7851982718619677e-05,1.6002638998248298e-08,0.0003644292081261824,-3.755605604283119e-09,False,False,False
categorical,alpha,beta,0.95,8.0,8,1240131,50,0.1,0.1,0.98,6.003192472597685,29.227384820944778,8.665757379233696,True,True,True,0.140273746848182,0.14031335759329341,0.14031333954416034,2.9992464041953006,2.999112825602009,2.999112878531526,2.5351609034128805e-05,7.398767649378844e-09,0.00012848614469262998,-6.769711191623173e-08,False,False,False
categorical,alpha,beta,0.95,8.0,9,1240132,50,0.1,0.1,0.98,6.0291037546455275,29.188607847635673,6.835158082196814,True,True,True,0.1391160570753503,0.13908532147744704,0.1390853121930264,3.0231036844718107,3.023180050286465,3.023180079536313,4.524743085671635e-05,4.374719192443968e-09,-0.00013307303608556253,-3.307829032905829e-08,False,False,False
categorical,alpha,beta,0.95,8.0,10,1240133,50,0.1,0.1,0.7868235350518092,7.859892302443842,20.161970944873538,9.947895077719667e-07,True,True,True,0.10124634020338052,0.10122848542310776,0.10122845555732343,3.145869390518706,3.1459415167705616,3.145941637862583,1.0330019101303128e-05,1.6417950828377142e-08,-9.348263963815384e-05,-1.5562110533551277e-07,False,False,False
categorical,alpha,beta,0.95,8.0,11,1240134,50,0.1,0.1,0.98,5.937035410344793,29.303312783367936,12.0085900672251,True,True,True,0.13277402887565823,0.13284813022787123,0.1328480796999727,2.8783151107162177,2.8780454054349325,2.8780455615550653,6.323034824275157e-05,2.2003910684576128e-08,0.00024723529137560263,-2.0060344496641846e-07,False,False,False
categorical,alpha,beta,0.95,8.0,12,1240135,50,0.1,0.1,0.7673448653606424,8.0,19.601466417955567,0.09209939389023161,True,True,True,0.13476464144974432,0.13466460401864658,0.13466458676026577,2.902262116109019,2.902571638925046,2.902571678554182,2.9981717983788325e-05,3.70491713038014e-08,-0.00038631902522467954,-8.253353556142429e-08,False,False,False
categorical,alpha,beta,0.95,8.0,13,1240136,50,0.1,0.1,0.98,5.947919381149371,27.167061566424906,15.067748345032328,True,True,True,0.13762725547266622,0.13766494482628047,0.13766490170110043,3.0429842593715613,3.0428471329362026,3.0428472614862163,4.203154068372466e-05,1.8075196686237713e-08,0.00011577554587915984,-1.6526326263033297e-07,False,False,False
categorical,alpha,beta,0.95,8.0,14,1240137,50,0.1,0.1,0.9674866640105464,6.31149210596276,25.723198942404412,7.6032453752468e-07,True,True,True,0.13347548200065293,0.13351136760876536,0.1335113703493249,3.0202144619961606,3.020091298291982,3.020091292666647,1.4886551149147745e-05,7.844042779733209e-09,0.0001270358906531044,1.4050382191044264e-08,False,False,False
categorical,alpha,beta,0.95,8.0,15,1240138,50,0.1,0.1,0.9141140348434246,4.3887849999266235,21.676169604418153,3.020590425012804e-07,True,True,True,0.9341000963027286,0.9340756096983126,0.9340756012062963,1.9621583196018366,1.9621668074671312,1.9621668070637308,6.98201990172741e-06,1.0246956680307291e-08,-1.6451995200839065e-05,-9.555790825288568e-09,False,False,False
categorical,alpha,beta,0.95,8.0,16,1240139,50,0.1,0.1,0.7431512425184756,6.506675720909482,23.92025251767161,8.247549210947503e-08,True,True,True,0.24129439337747974,0.24135652593008514,0.24135646252956694,2.331867049968809,2.3317280979596378,2.331728186366516,6.260287596424306e-05,6.010271724000136e-08,9.732841542486881e-05,-1.6090194066009644e-07,False,False,False
categorical,alpha,beta,0.95,8.0,17,1240140,50,0.1,0.1,0.98,6.548459434208428,15.955266804271096,1.2934713593537595,True,True,True,0.1369375145494567,0.13695420944618963,0.13695420121766227,2.659633967263138,2.659568534002873,2.6595685458771654,2.8792228082353275e-05,3.3187980086975414e-08,4.6529498284542115e-05,-4.641154305318196e-08,False,False,False
categorical,alpha,beta,0.95,8.0,18,1240141,50,0.1,0.1,0.98,6.021017449887497,29.187157631606052,6.765721710877415,True,True,True,0.1381543226364061,0.13806153279412495,0.13806152640046648,3.032574660688622,3.032852715588973,3.032852738988753,3.1732333282961695e-05,8.065765576414337e-09,-0.0003517615674191177,-1.9370219206393813e-08,False,False,False
categorical,alpha,beta,0.95,8.0,19,1240142,50,0.1,0.1,0.8594377503285857,7.251912238349982,15.039759371828731,2.9154034510590893e-07,True,True,True,0.14206920770719011,0.14204877513886538,0.14204878193005135,2.7225036537304037,2.7225479386603726,2.7225479046264347,4.192344256300037e-05,3.1075966637620114e-08,-9.283803855453243e-05,8.625811176443676e-09,False,False,False
ces,alpha,rho,0.05,-0.7,0,2000123,50,0.1,0.1,0.041087006976031216,-0.15478934971482103,-47.30696339105498,2.1094654440151736e-06,True,True,True,0.9544611741556623,0.9552957569140107,0.9552966778877064,3.569625749891807,3.5692598331489362,3.5692594103234376,3.195179072999079e-05,2.1252556327823333e-08,0.000453219988735043,4.77275484911388e-07,False,False,False
ces,alpha,rho,0.05,-0.7,1,2000124,50,0.1,0.1,0.04694748118300231,-0.8,-47.17453012201033,0.5320088158361022,True,True,True,0.5588062093355971,0.5593342907399488,0.5593291687607281,3.7653560799025474,3.7649703630563582,3.764974323660172,5.66156832753166e-05,4.618971705193593e-08,0.0004959003827096353,-4.597505608217034e-06,False,False,False
ces,alpha,rho,0.05,-0.7,2,2000125,50,0.1,0.1,0.086948071380721,0.12914133516584794,-44.03258979995133,2.032201911969635e-06,True,True,True,2.777051601991192,2.7776776617516563,2.777686151858848,2.8741103346044885,2.8740143166987755,2.874012986837775,4.378814385262285e-06,9.587779056745565e-09,0.00011639582712064112,1.5254850254109442e-06,False,False,False
ces,alpha,rho,0.05,-0.7,3,2000126,50,0.1,0.1,0.062184598873349234,-0.13173000690249945,-38.8142965111908,8.37290728467636e-06,True,True,True,1.520873927463232,1.5225252582962099,1.5225185748228667,3.0982062370972456,3.0977407539400037,3.0977426552649594,1.3545223060666937e-05,1.691937517632861e-08,0.0005470805164620174,-2.200757428738598e-06,False,False,False
ces,alpha,rho,0.05,-0.7,4,2000127,50,0.1,0.1,0.04027668146812639,0.6317424857353875,-40.82211852130101,1.2786413956302034e-05,True,True,True,0.5233345738177048,0.5233523519548815,0.5233503816864008,3.354326539410832,3.3543102795199387,3.3543119137628814,3.7294087458333607e-06,2.883364846073135e-09,1.3367191264990197e-05,-1.8832227866028006e-06,False,False,False
ces,alpha,rho,0.05,-0.7,5,2000128,50,0.1,0.1,0.08939149271217144,0.028877091875016445,-52.166472387641846,4.3785921996050086e-05,True,True,True,1.5396571326612123,1.5386964683094415,1.538741496678494,3.1891821758824435,3.1894618811534454,3.1894491652712325,2.0477409636040665e-05,2.9522793992561535e-08,-0.0002874952365061745,1.462384254580229e-05,False,False,False
ces,alpha,rho,0.05,-0.7,6,2000129,50,0.1,0.1,0.07069859988712851,-0.48964688244454363,-39.78171324717407,3.0379524516246156e-06,True,True,True,1.5088921624978615,1.5097087152001225,1.5097011294550655,3.265707618790237,3.265490657481222,3.2654928319643526,4.17224406814827e-05,2.649483620012909e-08,0.00028870691029680984,-2.52118790200484e-06,False,False,False
ces,alpha,rho,0.05,-0.7,7,2000130,50,0.1,0.1,0.05181421697945736,-0.17936609453009564,-41.23363663684098,1.779991242345357e-05,True,True,True,0.65936919458579,0.6590869912314197,0.6590773721545136,3.4244158445893538,3.4246091034405346,3.4246154388188708,1.698435354572166e-05,1.5849003773340286e-08,-0.00021288481787706814,-7.300780914931693e-06,False,False,False
ces,alpha,rho,0.05,-0.7,8,2000131,50,0.1,0.1,0.030257035843881303,-0.8,-49.02414305350017,0.24212784714415853,True,True,True,0.7255250131300338,0.7258806265911786,0.7258782218193722,3.8396338303566973,3.839449537840003,3.839450958855815,6.593155804408786e-05,5.1114949776388744e-08,0.0002761747967454653,-1.676903160330312e-06,False,False,False
ces,alpha,rho,0.05,-0.7,9,2000132,50,0.1,0.1,0.05246116571707874,-0.26520978007928786,-42.486545434013465,4.271212989656865e-06,True,True,True,0.9470370032173507,0.9476285639268136,0.947620523606255,3.3231666436621956,3.3229058354130707,3.3229095155310207,2.4132569746609082e-05,1.944712487077706e-08,0.00031993429161758513,-4.247818807812109e-06,False,False,False
ces,alpha,rho,0.05,-0.7,10,2000133,50,0.1,0.1,0.05876616449232172,-0.5992789656239127,-45.48033655281434,3.03543989777123e-07,True,True,True,1.2386509468365885,1.238817158116754,1.2388153077439341,3.3563562736233448,3.3563134809089457,3.3563141216702244,3.581154210753896e-05,2.5193427571099868e-08,8.4155449734169e-05,-7.559583821148408e-07,False,False,False
ces,alpha,rho,0.05,-0.7,11,2000134,50,0.1,0.1,0.04706620111614845,-0.20720356013149097,-51.163071456875684,3.4435491733874533e-06,True,True,True,0.8444818371256237,0.8447538407025511,0.8447529765575781,3.4408849750405768,3.440755235396764,3.440755676625091,2.3607072318157067e-05,1.4797273413905845e-08,0.00017216011750775806,-5.149724060515837e-07,False,False,False
ces,alpha,rho,0.05,-0.7,12,2000135,50,0.1,0.1,0.06560892260857651,-0.6745128079490952,-48.64654740447127,4.814351768521614e-06,True,True,True,1.0310717811587389,1.03092862561662,1.0309320096062413,3.351277775199114,3.3513576256084163,3.351356189491761,4.517634972932825e-05,3.2331288421734627e-08,-4.529087641458318e-05,1.6290716260414229e-06,False,False,False
ces,alpha,rho,0.05,-0.7,13,2000136,50,0.1,0.1,0.03175098135006825,-0.7924530860111173,-37.164002874343446,2.5580155270496793e-06,True,True,True,0.5352336422354865,0.536297126003617,0.5362946121601682,3.78641905688894,3.785580326521692,3.7855823475812023,5.394180717972961e-05,4.221263565778966e-08,0.0010169964089286054,-2.3605882546462453e-06,False,False,False
ces,alpha,rho,0.05,-0.7,14,2000137,50,0.1,0.1,0.10519742852998712,-0.8,-44.8658626468212,0.18905826259050632,True,True,True,1.846252542470454,1.845736657340444,1.8457340846313128,3.0325648871900324,3.0327019760184224,3.032702572938657,3.626873989315933e-05,2.35983648254203e-08,-0.000122339177089259,-7.066369178687637e-07,False,False,False
ces,alpha,rho,0.05,-0.7,15,2000138,50,0.1,0.1,0.05577870380496514,-0.8,-42.62971930471266,0.9776334339025824,True,True,True,1.6039377482780424,1.604112903072247,1.604108358850433,3.333033554432345,3.3330111773071454,3.3330123909741354,5.783690407983383e-05,4.6645802410414213e-08,8.199883319548462e-05,-1.4355748447769656e-06,False,False,False
ces,alpha,rho,0.05,-0.7,16,2000139,50,0.1,0.1,0.039918204260698,-0.8,-27.010102957644452,0.12082574302281589,True,True,True,0.7334262881785888,0.7333249060604008,0.7333205671534583,3.578302845401385,3.5783821784241745,3.578384737532032,4.4602091514855065e-05,3.0847094985433686e-08,-4.9875353226980224e-05,-2.970494982434957e-06,False,False,False
ces,alpha,rho,0.05,-0.7,17,2000140,50,0.1,0.1,0.029132088699759723,-0.7811241575467487,-40.26814736837422,1.6462908718843478e-06,True,True,True,0.5992207288094794,0.5999374174136525,0.599935275611331,3.830649475399653,3.8301548595628034,3.8301563966546643,5.668285189074551e-05,3.987347345149487e-08,0.0006240717863050804,-1.8004068778054716e-06,False,False,False
ces,alpha,rho,0.05,-0.7,18,2000141,50,0.1,0.1,0.06842202735345042,-0.11228842881021833,-40.26118136463676,2.4015004280428045e-06,True,True,True,1.4651372322555776,1.4655611973938159,1.4655730563884624,3.209282766420014,3.2091643927224243,3.2091608789542025,1.7084825945308676e-05,9.447413931897775e-09,0.00015709064692259744,4.046369276977657e-06,False,False,False
ces,alpha,rho,0.05,-0.7,19,2000142,50,0.1,0.1,0.04109954110165025,-0.5003524412845551,-50.58666550414333,1.1262158398151535e-06,True,True,True,0.638722998579619,0.6388083365841134,0.6388053630015629,3.681695832890687,3.681654554425769,3.6816565689790783,3.881746832949533e-05,2.4409002261605726e-08,8.373914619141942e-05,-2.335560644439738e-06,False,False,False
ces,alpha,rho,0.05,-0.3,0,2010123,50,0.1,0.1,0.06792786588521783,-0.024604052473793048,-52.33922532869281,1.0597744903861894e-05,True,True,True,2.3017318360854535,2.300978541411138,2.300927201288019,3.095396949351287,3.0955483079642443,3.0955579870224894,2.1938732504338326e-05,3.3079633649129524e-08,-0.0001642376398294232,-1.1169121137299953e-05,False,False,False
ces,alpha,rho,0.05,-0.3,1,2010124,50,0.1,0.1,0.05336110356081007,-0.32873088092587643,-39.147963416955676,1.428208573960861e-06,True,True,True,1.4130593904250888,1.414100552438638,1.4141012213424216,3.3222169212515618,3.321913967994838,3.321913755334611,3.935350154748282e-05,2.7670522718983258e-08,0.00038798310019672044,2.2818995404350062e-07,False,False,False
ces,alpha,rho,0.05,-0.3,2,2010125,50,0.1,0.1,0.05424291424863724,-0.298638797739801,-49.516990307374726,3.5179041887332907e-07,True,True,True,1.0608262129319987,1.0616956832448825,1.0616880042559835,3.392306843453283,3.3919638340625733,3.391966968439099,2.97371357770745e-05,2.3768272053513456e-08,0.00042075210794223494,-3.6242007226405804e-06,False,False,False
ces,alpha,rho,0.05,-0.3,3,2010126,50,0.1,0.1,0.024592926470064745,-0.21942163802031048,-43.445230504438726,6.132849285092183e-06,True,True,True,0.6716162774367952,0.6712462173719236,0.6712500183750139,3.799827903329207,3.8000821790167736,3.8000797150745473,3.4794566653052855e-05,2.3154395984664102e-08,-0.00025557952960042485,2.8258719950713385e-06,False,False,False
ces,alpha,rho,0.05,-0.3,4,2010127,50,0.1,0.1,0.051783189662546004,0.8,-45.85104573288627,0.3636762962577997,True,True,True,0.3397782952194274,0.33978536326573616,0.3397812394025452,3.7018581218240487,3.701849762046708,3.701855031814067,2.697373873276529e-06,5.083194516521198e-09,5.107469327469971e-06,-6.0697008450461e-06,False,False,False
ces,alpha,rho,0.05,-0.3,5,2010128,50,0.1,0.1,0.04921980819508175,-0.8,-40.600238721870724,0.20253214257467,True,True,True,0.7062132273740783,0.706292199720572,0.7062860527831725,3.5589525855221775,3.558924508717217,3.5589282766043544,4.7335326695704086e-05,3.42320494014269e-08,7.512900023698421e-05,-4.365205640510794e-06,False,False,False
ces,alpha,rho,0.05,-0.3,6,2010129,50,0.1,0.1,0.06927723872550583,0.022119264196805502,-35.639330586698684,3.626631631651672e-06,True,True,True,1.2033705254774256,1.2201145086764664,1.2199701754527021,3.301371700209727,3.295375740417492,3.2954270959405183,1.4131888451353546e-05,7.896148739179764e-08,0.0068560427110710975,-5.917658451437546e-05,False,False,False
ces,alpha,rho,0.05,-0.3,7,2010130,50,0.1,0.1,0.02412349040381977,-0.07109576785697176,-43.33238629828981,9.17187240472494e-06,True,True,True,0.25618135363329136,0.25486472405988453,0.2548883495327374,3.9401371368026084,3.9423806526886747,3.94234039399003,1.3350862593314501e-05,1.4115268133684034e-08,-0.0025234084192504724,4.634425303606804e-05,False,False,False
ces,alpha,rho,0.05,-0.3,8,2010131,50,0.1,0.1,0.0501313954603915,0.8,-39.3325115865727,0.41020740227182945,True,True,True,1.0118807704323272,1.0118233475125542,1.0118250216546574,3.3402633534993416,3.340287862600797,3.3402871440048636,7.415060736309123e-07,1.3167523165772886e-09,-2.7705901999297566e-05,8.272639249184977e-07,False,False,False
ces,alpha,rho,0.05,-0.3,9,2010132,50,0.1,0.1,0.03621120280066098,0.16167538037082896,-48.135890304984386,1.1691667110987435e-06,True,True,True,0.7342636234444073,0.7337092623077538,0.733704332520748,3.360186571248737,3.3605172009794497,3.3605201153703415,6.0774927364288305e-06,9.823089755864331e-09,-0.00037798654403786713,-3.363698532155013e-06,False,False,False
ces,alpha,rho,0.05,-0.3,10,2010133,50,0.1,0.1,0.0527112972847287,-0.26871590669238987,-38.8435296787732,1.1866276422632743e-06,True,True,True,0.9270524878527426,0.9286122529978439,0.9286041075750225,3.391226083464535,3.3905086862520184,3.3905124897477523,2.9582010589130995e-05,2.2875946873276842e-08,0.0008507586916053356,-4.392710344802708e-06,False,False,False
ces,alpha,rho,0.05,-0.3,11,2010134,50,0.1,0.1,0.048027411964327554,0.8,-50.03087982483316,0.26775310857374884,True,True,True,0.9050721738836585,0.9054135725949797,0.9054123199678035,3.3203807294427112,3.3202164366251994,3.320217037538829,1.2143622564901895e-06,6.844134570171584e-10,0.00018729418253116137,-6.916597712347539e-07,False,False,False
ces,alpha,rho,0.05,-0.3,12,2010135,50,0.1,0.1,0.02,-0.8,-42.25559666810617,11.890693910432896,True,True,True,0.39091735031979363,0.3910466832068798,0.3910392306928473,3.8015258013704614,3.801405224535046,3.8014134843874143,5.3312214685435154e-05,4.814915339567914e-08,0.00018242211447017098,-9.54853792478616e-06,False,False,False
ces,alpha,rho,0.05,-0.3,13,2010136,50,0.1,0.1,0.06273348011786489,0.44029923052984316,-45.70962075511332,4.015259647964823e-06,True,True,True,1.231509648782698,1.2307047900333017,1.2306990636964403,3.234446369219313,3.2347307927927815,3.2347328122101144,1.275289058127268e-06,5.796366933277133e-09,-0.00032864144495192704,-2.3279630170236487e-06,False,False,False
ces,alpha,rho,0.05,-0.3,14,2010137,50,0.1,0.1,0.0978818975694408,-0.26405763891514566,-48.15491295007334,6.208309974572344e-07,True,True,True,2.2740513213695235,2.2743878165449796,2.274381912534371,3.026784221350046,3.0267318152284775,3.0267329384481263,2.747929833829163e-05,1.737143178024511e-08,8.632323078927584e-05,-1.3027169885049261e-06,False,False,False
ces,alpha,rho,0.05,-0.3,15,2010138,50,0.1,0.1,0.02,-0.5640764850467196,-50.38580403201156,11.726612598295105,True,True,True,0.7492645040626288,0.7494146598182171,0.7494121761106779,3.8291115155447697,3.8290499278940713,3.829051352188028,5.8917481128622306e-05,4.816225184599502e-08,0.0001278042982022498,-1.674423103281697e-06,False,False,False
ces,alpha,rho,0.05,-0.3,16,2010139,50,0.1,0.1,0.0841088692145667,0.0987932228963919,-46.4442739268701,4.737847066996246e-06,True,True,True,2.5574142232352166,2.5607699191759545,2.5607520591673603,3.12275195838623,3.12219083278449,3.122193860555365,1.9659937629681328e-05,1.3204803486765944e-08,0.0006617756087408111,-3.4886425623881223e-06,False,False,False
ces,alpha,rho,0.05,-0.3,17,2010140,50,0.1,0.1,0.09820954925567511,0.42996133923634766,-44.47247203597173,5.127263777367116e-06,True,True,True,3.5374959139664717,3.5376880032707345,3.537687193585759,2.7943031765828885,2.794280821819592,2.7942809193999403,3.024843747955654e-06,6.105883510800834e-09,2.8446048972341487e-05,-1.1653054343696567e-07,False,False,False
ces,alpha,rho,0.05,-0.3,18,2010141,50,0.1,0.1,0.04821946257127328,-0.8,-45.1663141209292,0.9806572587225902,True,True,True,1.5863701869180282,1.5874090755781092,1.5874020223280425,3.4357992331726597,3.4355419851699636,3.435543895533454,6.252838488531171e-05,5.35547314439857e-08,0.00035625820981266543,-2.243869275275756e-06,False,False,False
ces,alpha,rho,0.05,-0.3,19,2010142,50,0.1,0.1,0.05002016143584537,0.8,-37.92762230961695,0.8353722691388437,True,True,True,0.9778114378278434,0.9778924181899802,0.9778889873151365,3.2862099602718544,3.286173501134741,3.286175023407229,1.3519104312000196e-06,3.752189477640231e-09,3.908354876358544e-05,-1.7558631029146454e-06,False,False,False
ces,alpha,rho,0.05,-0.1,0,2020123,50,0.1,0.1,0.05346480890882949,-0.2452228514316111,-47.478295590956165,3.1406491279938204e-06,True,True,True,1.2089321581132804,1.2095548338841222,1.2095443895074989,3.2777246826111726,3.2775085436057423,3.27751228949288,1.7407569708190042e-05,1.5957331202735494e-08,0.0002617684814651966,-4.322318382321555e-06,False,False,False
ces,alpha,rho,0.05,-0.1,1,2020124,50,0.1,0.1,0.05289151782291629,-0.23879192279703543,-48.6312469468513,9.73326846021037e-07,True,True,True,0.8146213433646472,0.8148330512058236,0.8148292281836509,3.485038505057459,3.4849378920669953,3.484939927329214,2.849845347395927e-05,1.5207437353826357e-08,0.00014166760242062537,-2.348614621894285e-06,False,False,False
ces,alpha,rho,0.05,-0.1,2,2020125,50,0.1,0.1,0.09854741049808703,0.04513926269092576,-41.54726902451307,7.978607940297539e-06,True,True,True,1.1961556208598716,1.1966333198276682,1.1966968919148755,2.9038533759515373,2.9036789306890873,2.903655873905329,2.5260401472095425e-06,7.743134712145996e-08,0.00022502390730494426,2.6579272876858795e-05,False,False,False
ces,alpha,rho,0.05,-0.1,3,2020126,50,0.1,0.1,0.03236816859076685,-0.30394443961151907,-39.70532159534876,2.5441002250613788e-06,True,True,True,0.8250179353166612,0.8253681648228813,0.8253515663316039,3.5556493637281927,3.5554790000797025,3.5554877289302396,3.249106071817518e-05,2.186646177088669e-08,0.00021822175610708427,-1.0061150540252584e-05,False,False,False
ces,alpha,rho,0.05,-0.1,4,2020127,50,0.1,0.1,0.020967144798826345,-0.002996515243376382,-40.13390255806643,5.634613974777629e-06,True,True,True,0.33905521624222196,0.30982017545302326,0.3104237392898174,3.6986206363973597,3.7377858600931155,3.7369406599559127,2.1930591636212042e-05,3.823734938752108e-07,-0.04410715132755172,0.0009731424528141019,False,False,False
ces,alpha,rho,0.05,-0.1,5,2020128,50,0.1,0.1,0.04996277634894572,-0.3685753012413835,-43.9679610747329,9.474295414148976e-07,True,True,True,1.199894718371382,1.20051027708106,1.2005074913722933,3.4017756769379632,3.4015707777128794,3.4015717775725864,4.144887323276394e-05,2.912095679166057e-08,0.00027581079573479883,-1.1693089163600234e-06,False,False,False
ces,alpha,rho,0.05,-0.1,6,2020129,50,0.1,0.1,0.02,0.7636821605093554,-45.11263000743157,53.0234347522196,True,True,True,0.5649956450573691,0.5649940892984379,0.5649931059748793,3.5165387997121886,3.5165390043588496,3.51653976038986,2.542086796105267e-06,1.2119367357159985e-09,-3.3879749992138386e-06,-8.700025304619885e-07,False,False,False
ces,alpha,rho,0.05,-0.1,7,2020130,50,0.1,0.1,0.04077766793399428,0.8,-47.44208659050333,0.7503699955353761,True,True,True,0.15931326666503226,0.15969659346498102,0.15969435288355766,4.044181101125212,4.043137189040276,4.043143282186984,7.900335311927202e-07,1.7411097326566945e-09,0.0011943661491287116,-7.015343349792147e-06,False,False,False
ces,alpha,rho,0.05,-0.1,8,2020131,50,0.1,0.1,0.04222146372609625,-0.014183793272925224,-37.424531395738214,1.3137981298308444e-06,True,True,True,1.0505819486356271,1.0608302735839263,1.0607464029078741,3.2195684519710412,3.215356268022117,3.215390596069491,1.0474453480019213e-05,6.885128395681766e-08,0.004818632218189123,-3.9542852796614625e-05,False,False,False
ces,alpha,rho,0.05,-0.1,9,2020132,50,0.1,0.1,0.05078081952237209,0.6546538134367456,-47.61902510160972,1.6002993603415246e-07,True,True,True,1.4972421588966536,1.4970535771808877,1.497052553177215,3.1071106794584056,3.107165148560275,3.107165445350934,5.584176864748848e-07,2.742388820837396e-09,-6.359309734449425e-05,-3.4232007095624795e-07,False,False,False
ces,alpha,rho,0.05,-0.1,10,2020133,50,0.1,0.1,0.07581018665136854,0.26113490437958686,-45.95420741606217,8.359610779155042e-06,True,True,True,1.729530990378476,1.7304560746546287,1.7304519541727514,2.9904120399065754,2.990183736095277,2.9901847684345584,9.474332076420081e-06,8.058019804927536e-09,0.000270695698972645,-1.1926320055977158e-06,False,False,False
ces,alpha,rho,0.05,-0.1,11,2020134,50,0.1,0.1,0.05641574460260285,-0.7923049901939372,-54.61442215825254,7.3274398803747004e-06,True,True,True,1.0115504408301583,1.0119918988143621,1.0119910077656784,3.4713155428014897,3.4711480673967428,3.471148438351784,5.088759093672739e-05,3.372550709075521e-08,0.00024305537343138894,-4.5341254661934727e-07,False,False,False
ces,alpha,rho,0.05,-0.1,12,2020135,50,0.1,0.1,0.10439663125440982,0.12117738953596763,-48.548931611822866,4.384540964836e-06,True,True,True,3.7355592118988823,3.735412050548885,3.735415291412778,2.7134083776854543,2.713427021150788,2.7134266420821453,3.6174529451299153e-06,9.114545956576148e-09,-1.7500238051582073e-05,4.3118618009430065e-07,False,False,False
ces,alpha,rho,0.05,-0.1,13,2020136,50,0.1,0.1,0.051533680035476565,0.5596429181502919,-50.820764441089416,7.792114357031142e-07,True,True,True,1.0230409559540385,1.0232392107624806,1.0232383167913426,3.14806874070846,3.1479847086747856,3.147985087698998,4.1476641522535393e-07,2.4126510006848603e-09,9.658817905489059e-05,-4.373004216517984e-07,False,False,False
ces,alpha,rho,0.05,-0.1,14,2020137,50,0.1,0.1,0.07551630341097278,0.26730970604732734,-53.43216925510873,2.4078095962405736e-06,True,True,True,2.2581925632285365,2.258107210369876,2.258119541922171,2.881046469790447,2.881063458769557,2.8810610891146102,1.3977952803323294e-06,1.0050220572311558e-08,-1.550557731633262e-05,2.7328317671049263e-06,False,False,False
ces,alpha,rho,0.05,-0.1,15,2020138,50,0.1,0.1,0.08200001061285284,0.766254737395368,-50.499078360339354,3.62533498723997e-07,True,True,True,1.6339162565478673,1.634300900131546,1.634299126932453,3.016265073540172,3.016163114776081,3.016163586146797,1.161026097625191e-06,2.9122791886970943e-09,0.00011745768043880389,-5.423043631935798e-07,False,False,False
ces,alpha,rho,0.05,-0.1,16,2020139,50,0.1,0.1,0.045977199951994174,0.04384136009267694,-46.38505617610001,2.7886290474262468e-06,True,True,True,0.8236594692823742,0.8315869806004859,0.8315558914437486,3.3970387397177313,3.39288398376197,3.39290020811859,1.2984857634871503e-05,3.5188045568814436e-08,0.004776674343922593,-1.8707051665955987e-05,False,False,False
ces,alpha,rho,0.05,-0.1,17,2020140,50,0.1,0.1,0.04499053576901853,0.13181812296083711,-45.47991211048428,4.7525178194902984e-06,True,True,True,1.1714535980415273,1.1713685971234526,1.1713866554137324,3.308419965304373,3.3084563941045806,3.308449701165515,1.1730441361990583e-05,1.3262581861603254e-08,-2.2911882361142943e-05,7.710753244793978e-06,False,False,False
ces,alpha,rho,0.05,-0.1,18,2020141,50,0.1,0.1,0.025905565662107093,-0.08941272659316474,-36.81991042593086,3.0094136694450393e-05,True,True,True,0.36583464713601416,0.36348895762356187,0.36346467451179265,3.852645085860314,3.8554490317455903,3.855478041188058,2.4239619201802485e-05,2.0201369389484604e-08,-0.0032377764660509456,-3.340951483465915e-05,False,False,False
ces,alpha,rho,0.05,-0.1,19,2020142,50,0.1,0.1,0.04686981164896808,-0.1640902045980938,-47.24740283260648,1.6159966400471375e-07,True,True,True,1.4358924571250993,1.4367786556437405,1.4367842493969616,3.28709422185859,3.2868363794819273,3.286834686049791,2.3566658368256106e-05,1.70012835232208e-08,0.0003220773439096547,1.94361687277933e-06,False,False,False
ces,alpha,rho,0.05,0.3,0,2030123,50,0.1,0.1,0.06248665497267005,0.8,-25.1722420242432,0.28444893201544635,True,True,True,1.5711615538364037,1.5712043308324826,1.5712033574265325,3.1389290351369246,3.138916499196392,3.138916767788567,2.07063332692544e-06,1.2182561569519256e-09,1.2483144978148175e-05,-3.103005781213142e-07,False,False,False
ces,alpha,rho,0.05,0.3,1,2030124,50,0.1,0.1,0.02985010679621421,0.5161270543238559,-43.309234288176015,5.888648375633706e-06,True,True,True,0.6541089184502394,0.6540450671257093,0.6540442679053206,3.39500205802572,3.395043641092768,3.395044171544312,1.8914626924661783e-06,2.2811925520895377e-09,-5.0357488305508014e-05,-6.112611572461901e-07,False,False,False
ces,alpha,rho,0.05,0.3,2,2030125,50,0.1,0.1,0.021418328288256724,0.8,-40.41179216502863,0.16282185555702225,True,True,True,0.25182845499863765,0.25249940322475856,0.25249634971974094,3.9006912616594542,3.899535294015547,3.8995405456749213,1.035571626148128e-06,1.7216098613779535e-09,0.0013238597449571898,-6.046994592168176e-06,False,False,False
ces,alpha,rho,0.05,0.3,3,2030126,50,0.1,0.1,0.02846373895010577,0.5969813421325791,-45.60996050563953,1.1952386978838343e-06,True,True,True,0.5293305758828465,0.5295553194995272,0.5295500714787076,3.4766580428104867,3.4764750646911606,3.4764793683302466,4.20878998453913e-06,6.003367875951664e-09,0.0002088738363426046,-4.955542465268081e-06,False,False,False
ces,alpha,rho,0.05,0.3,4,2030127,50,0.1,0.1,0.022579162594559554,-0.20280094746435956,-31.17668809396968,2.6239971410996245e-06,True,True,True,0.6076859560452212,0.6066627484044419,0.6066599090836345,3.788304098347542,3.789049482792831,3.789051510776629,3.14725418332678e-05,2.178191695442748e-08,-0.0008293860351393789,-2.345437682294005e-06,False,False,False
ces,alpha,rho,0.05,0.3,5,2030128,50,0.1,0.1,0.1444294794009223,0.8,-43.17783778854326,3.0418482630613437,True,True,True,4.532121595558806,4.531942868790903,4.531937017942036,2.601656902397158,2.6016742451738133,2.6016748049964122,8.233174347171172e-07,4.174983924533197e-09,-2.0116237024581096e-05,-6.465056614501918e-07,False,False,False
ces,alpha,rho,0.05,0.3,6,2030129,50,0.1,0.1,0.05697332601551199,0.5398853482215452,-37.67880308219046,3.1454198895125634e-06,True,True,True,1.3390807652186878,1.339522358121754,1.3395245067103958,3.0808548803141798,3.0807119126192366,3.0807112164171064,6.074116522947347e-07,3.229110783101997e-09,0.00016592362339196143,8.024624946756376e-07,False,False,False
ces,alpha,rho,0.05,0.3,7,2030130,50,0.1,0.1,0.08013806192742841,-0.08453546880845583,-44.96715649060262,1.9477750718993043e-06,True,True,True,2.6572382083170316,2.6577726429103374,2.6577656118799955,2.912185368618006,2.9121040054126075,2.912105153670984,1.3803792228708736e-05,1.0327629991429723e-08,0.00010610752471507112,-1.3234818609930699e-06,False,False,False
ces,alpha,rho,0.05,0.3,8,2030131,50,0.1,0.1,0.07692831886041648,0.4649356726260074,-48.14451056129227,1.7885717046996598e-06,True,True,True,1.6882518415687475,1.6878362735215915,1.6878318664339444,3.0214568807600175,3.0215650037498385,3.021566137622834,2.8946520502790075e-06,5.344045563170802e-09,-0.0001230076559224358,-1.305671055717994e-06,False,False,False
ces,alpha,rho,0.05,0.3,9,2030132,50,0.1,0.1,0.04784818061986121,-0.06005578126473862,-44.335393349129816,5.321966276662003e-06,True,True,True,1.1804206393491647,1.175940600749175,1.1759880645790495,3.2470732274000893,3.2487305856803914,3.2487130595085656,1.3949912214622158e-05,2.595429585213552e-08,-0.0018742222390670804,2.0183872706525108e-05,False,False,False
ces,alpha,rho,0.05,0.3,10,2030133,50,0.1,0.1,0.028407128744171423,0.8,-42.62503895573167,0.14794001049385386,True,True,True,0.42769435186197885,0.42776154913920417,0.4277597812768763,3.7174488726700834,3.717380408875662,3.7173822029268613,6.680161126757115e-07,2.0380014577035775e-09,7.62136347631781e-05,-2.0673527387771173e-06,False,False,False
ces,alpha,rho,0.05,0.3,11,2030134,50,0.1,0.1,0.05779023779839201,0.7257016261287699,-41.106178205861745,1.759630070683664e-06,True,True,True,1.367600545744193,1.3672891299688748,1.3672887739477817,3.128497075793923,3.1285956210967387,3.12859573470513,8.434876221415621e-07,1.9365960044922033e-09,-0.00011441064685868696,-1.2958818729202903e-07,False,False,False
ces,alpha,rho,0.05,0.3,12,2030135,50,0.1,0.1,0.06311781686967222,0.8,-34.89721143798022,0.6946086977122327,True,True,True,1.071494999228708,1.0717241816420557,1.0717190906534828,3.220594865424406,3.220501795674877,3.220503857041465,6.470722833616994e-07,4.85559119137943e-09,0.00010433989051961134,-2.377054016733382e-06,False,False,False
ces,alpha,rho,0.05,0.3,13,2030136,50,0.1,0.1,0.0246499601743167,0.013440746876810508,-49.78515830075969,8.823720735693412e-05,True,True,True,0.7701851702992143,0.7585706369084411,0.7587143165825858,3.3997823829164515,3.406391316449187,3.4063090424947773,2.366319258435459e-05,9.092491994432252e-08,-0.007491560266750241,9.466910501743087e-05,False,False,False
ces,alpha,rho,0.05,0.3,14,2030137,50,0.1,0.1,0.052758372256926256,0.8,-43.88725707481301,0.12702830078246488,True,True,True,0.867145536797874,0.8674168566392592,0.8674141103878292,3.3322422236688807,3.3321056112303022,3.332106985475348,1.904393283185577e-06,2.4276012192639323e-09,0.000153974791523126,-1.5838580722515871e-06,False,False,False
ces,alpha,rho,0.05,0.3,15,2030138,50,0.1,0.1,0.04869384309898845,-0.5630670439205229,-44.2296290321293,4.128996179236163e-06,True,True,True,1.036999045956138,1.0371816649031873,1.0371796394533757,3.4020736711199286,3.4020146342182978,3.402015473977999,4.0367795620899175e-05,2.7122099379986122e-08,0.00010713301124098962,-9.860327878641328e-07,False,False,False
ces,alpha,rho,0.05,0.3,16,2030139,50,0.1,0.1,0.03194955981665792,0.35406974235918176,-47.1315082247225,2.491184516612511e-06,True,True,True,0.6041048886664072,0.6041207914963681,0.6041174358500306,3.232102552171815,3.232090163789948,3.2320925761765147,2.203025517153822e-06,3.434932178632244e-09,9.284371266460312e-06,-2.777247772201008e-06,False,False,False
ces,alpha,rho,0.05,0.3,17,2030140,50,0.1,0.1,0.07069161391475459,0.7171830907497164,-41.34327930514579,2.871755403080346e-06,True,True,True,1.7769331369760404,1.776866735658084,1.7768702201971565,3.0108075952681492,3.0108231139742716,3.010822264046979,1.7523306449141806e-06,4.493215282398412e-09,-1.852008172420483e-05,9.825413158637275e-07,False,False,False
ces,alpha,rho,0.05,0.3,18,2030141,50,0.1,0.1,0.03255113588816628,-0.49050928928904053,-43.20910489934042,2.089123277120732e-05,True,True,True,0.612926198590144,0.6137001351941987,0.6136988231978946,3.7601242832040165,3.759600240293963,3.7596011556342166,5.563264369023962e-05,4.427675468964694e-08,0.0006574840972746188,-1.084023750763663e-06,False,False,False
ces,alpha,rho,0.05,0.3,19,2030142,50,0.1,0.1,0.024496298807071527,0.03649645896732595,-47.66470286547657,2.760277914809779e-06,True,True,True,0.37965040731454686,0.3813365049669211,0.38133082615068514,3.7156708635807583,3.713750850169346,3.713757314873447,1.0568629993806562e-05,9.191278292110663e-09,0.0022134055790345997,-7.449222003685918e-06,False,False,False
ces,alpha,rho,0.05,0.7,0,2040123,50,0.1,0.1,0.06684698586534082,0.8,-39.561311484033574,0.8845345150317316,True,True,True,0.9729703958584365,0.9731268607135957,0.9731266792759479,3.2937846231493,3.293714141767052,3.293714223209991,1.6247956767221852e-06,1.085820328583941e-09,7.956122477992267e-05,-9.26834573533597e-08,False,False,False
ces,alpha,rho,0.05,0.7,1,2040124,50,0.1,0.1,0.08460268069862953,0.4763785584435837,-43.347625306897456,8.791067780833134e-06,True,True,True,1.9703474685504236,1.9708882502514649,1.9708813937780716,3.0188537514626477,3.018736872904514,3.018738382423615,5.762469336313772e-06,6.730140609676287e-09,0.00013812001560609133,-1.7409827250958188e-06,False,False,False
ces,alpha,rho,0.05,0.7,2,2040125,50,0.1,0.1,0.04476147051244096,0.6414622314207881,-45.03036021528327,1.5688197911779487e-06,True,True,True,1.0983630347713926,1.0985688421368793,1.0985671509750738,3.1662070493835106,3.1661244428957716,3.1661251121942438,3.0408024716640437e-06,2.0352481482712593e-09,9.14857973555172e-05,-7.688655330184702e-07,False,False,False
ces,alpha,rho,0.05,0.7,3,2040126,50,0.1,0.1,0.028020502023293346,-0.14543880183933391,-45.87932189710827,1.4981945649322108e-05,True,True,True,0.7216738040205097,0.7213664199875155,0.7213507580290326,3.7809804055971914,3.7811799762421177,3.7811894006014546,3.404463328553583e-05,2.3051968240151688e-08,-0.00020712018762480966,-1.086155691609747e-05,False,False,False
ces,alpha,rho,0.05,0.7,4,2040127,50,0.1,0.1,0.04907186953996234,0.8,-44.823424154218365,0.5476219549109246,True,True,True,0.37207192588641846,0.37293770714559094,0.37293203149817555,3.6167858475206054,3.615776848294351,3.6157834567143583,2.0996975445484703e-06,4.89450413622208e-09,0.0011549520504487987,-7.6106456248226095e-06,False,False,False
ces,alpha,rho,0.05,0.7,5,2040128,50,0.1,0.1,0.07631481250215424,0.5841541882086702,-39.9655492681804,1.5347887569021972e-06,True,True,True,1.6687392117378343,1.668785659521176,1.6687827539146596,2.9535450999295034,2.9535324109136143,2.9535331669297467,1.5473244929853751e-06,2.5091978520474806e-09,1.2354144828918834e-05,-8.707559899789885e-07,False,False,False
ces,alpha,rho,0.05,0.7,6,2040129,50,0.1,0.1,0.06781196561678965,0.8,-45.25485202799837,0.2940898653868526,True,True,True,0.717732894841042,0.7181165903749364,0.7181135924063933,3.494412142555588,3.4941800115696036,3.4941818247007106,6.316636471468379e-07,1.6322643138499555e-09,0.00026511292125519503,-2.087330130962073e-06,False,False,False
ces,alpha,rho,0.05,0.7,7,2040130,50,0.1,0.1,0.06580275703515535,-0.24505934359733653,-35.38324926484692,4.131211810249864e-06,True,True,True,1.0747451955660106,1.074659881260427,1.074661234271557,3.3570435992909657,3.35708751682414,3.357086968758421,2.190249131802706e-05,1.2275065014805115e-08,-2.8194153841809566e-05,6.280285802517938e-07,False,False,False
ces,alpha,rho,0.05,0.7,8,2040131,50,0.1,0.1,0.08076874038351281,0.5830861488777987,-51.617691572477625,4.870846897275973e-07,True,True,True,2.3514284480129333,2.350984155940234,2.3509890766812247,2.915005868131826,2.9150880645184274,2.915087155433142,5.392403726664213e-07,3.366287497013574e-09,-9.328494058280512e-05,1.04643048359776e-06,False,False,False
ces,alpha,rho,0.05,0.7,9,2040132,50,0.1,0.1,0.056904903794186286,-0.100853709960172,-43.98390700809153,4.664714413164206e-06,True,True,True,0.98833968946735,0.9874719724938475,0.9874972457916656,3.294017254653977,3.2944061669587197,3.294395051402061,1.743916898381678e-05,1.4617717928420692e-08,-0.0004177916274841209,1.2796354347699435e-05,False,False,False
ces,alpha,rho,0.05,0.7,10,2040133,50,0.1,0.1,0.04792376416306017,0.8,-43.063527491367836,0.32978357475272563,True,True,True,0.8156311736555648,0.8154900961839286,0.8154867280125876,3.3166092542447507,3.316684282650095,3.3166860754044234,3.477381163411052e-07,3.0838624492417513e-09,-8.866882077995797e-05,-2.06626570076196e-06,False,False,False
ces,alpha,rho,0.05,0.7,11,2040134,50,0.1,0.1,0.052238663400539447,0.8,-51.32599540968508,0.0533602602301953,True,True,True,1.4700552616641194,1.4701518572872931,1.4701485623695958,3.1952501166545884,3.195221289240332,3.195222262158637,7.074947338387353e-07,2.110632218141214e-09,3.1396794192062316e-05,-1.12109800198823e-06,False,False,False
ces,alpha,rho,0.05,0.7,12,2040135,50,0.1,0.1,0.06546977948736005,0.8,-48.062759357059974,0.3134966705806456,True,True,True,1.6620738363582697,1.6625192861931994,1.6625152077632086,3.094618670308645,3.0945011680206207,3.0945022334504717,3.1230656208552102e-06,2.2263257234222473e-09,0.00013146649104101016,-1.2265440716419107e-06,False,False,False
ces,alpha,rho,0.05,0.7,13,2040136,50,0.1,0.1,0.03468383716383475,0.2948297498504823,-54.34574807309252,1.8712229285012275e-05,True,True,True,0.630987943226568,0.6303604717405733,0.6303561542884513,3.4103643665305023,3.41079668753441,3.410799662283926,6.612174872593746e-07,4.165271817409684e-09,-0.0005006182784370594,-3.4243961692936864e-06,False,False,False
ces,alpha,rho,0.05,0.7,14,2040137,50,0.1,0.1,0.08018126034276866,-0.8,-50.12645990722335,0.13985749112413465,True,True,True,1.171320619881307,1.1713490221085237,1.1713462450754342,3.0647793560860888,3.0647804200894813,3.064781442778595,2.6756652591239375e-05,2.023837990556368e-08,2.4279336010124553e-05,-1.193387454634376e-06,False,False,False
ces,alpha,rho,0.05,0.7,15,2040138,50,0.1,0.1,0.06987396850977504,0.7824001109279736,-48.838805129254595,1.3911131181053307e-06,True,True,True,1.9730353294018208,1.973067694642334,1.973063968712169,2.9481979974284225,2.948189745543654,2.9481905648801896,2.9187237674983616e-06,3.119861441994858e-09,5.958213350254482e-06,-9.451002256355423e-07,False,False,False
ces,alpha,rho,0.05,0.7,16,2040139,50,0.1,0.1,0.050521368601206575,0.6308238600930605,-46.81414864556682,4.561918161564996e-06,True,True,True,0.7894386223822467,0.7897306315087824,0.7897310759308503,3.330919561258426,3.330758586515452,3.330758342419227,9.107408495641988e-07,2.024026361870366e-09,0.00018477896379209824,2.8172514277002847e-07,False,False,False
ces,alpha,rho,0.05,0.7,17,2040140,50,0.1,0.1,0.036877324665582724,-0.34634020635391793,-49.15528407782216,6.342120333335444e-06,True,True,True,0.716866798321178,0.7166752650871943,0.7166768239873584,3.3922865632551757,3.3924139306805117,3.3924129809485497,2.6202044881776295e-05,1.9906355759477852e-08,-0.00011949783411324688,1.0817617379643707e-06,False,False,False
ces,alpha,rho,0.05,0.7,18,2040141,50,0.1,0.1,0.02988820712873044,0.6877863554754241,-45.17035404928474,3.5591028183626443e-07,True,True,True,0.5138974883739421,0.5137934473248118,0.5137934293670449,3.584255205327669,3.5843430906874434,3.584343106264504,5.228713352214436e-07,2.1789138969928964e-09,-0.00010131062453666573,-1.7017576681155333e-08,False,False,False
ces,alpha,rho,0.05,0.7,19,2040142,50,0.1,0.1,0.05662416149483146,0.8,-44.28684750394216,0.06676217626060794,True,True,True,1.1235862567787565,1.1241530272724574,1.1241515668628208,3.2245131680430603,3.2242930437658255,3.2242936076867124,3.0377773851564546e-06,1.6276982112578439e-09,0.00025022538702756947,-6.498828923895417e-07,False,False,False
ces,alpha,rho,0.25,-0.7,0,2050123,50,0.1,0.1,0.20803250680264976,-0.6773479550221011,-42.79814603166702,5.4335907316250446e-06,True,True,True,8.487764946883383,8.487961110784894,8.487957096856112,2.4892546145299264,2.4892632144717606,2.489263409229097,4.298506678915616e-05,2.7344156551706142e-08,3.276348071779012e-05,-2.4867414083473705e-07,False,False,False
ces,alpha,rho,0.25,-0.7,1,2050124,50,0.1,0.1,0.24200334071295546,-0.21151652387811035,-52.88738386261777,5.241185933161326e-07,True,True,True,6.248508091792558,6.248156084403728,6.248151767208438,2.4166839950782286,2.416717779703625,2.4167180750835673,2.14963881239073e-05,1.3800473757710919e-08,-1.7791115645593436e-05,-3.508866086576745e-07,False,False,False
ces,alpha,rho,0.25,-0.7,2,2050125,50,0.1,0.1,0.24495370528304217,-0.8,-39.89203934907823,0.7372903319809084,True,True,True,6.233976751810247,6.2348231975311466,6.2348174710769655,2.6429443291333063,2.6429025570162867,2.6429029475033152,3.9682102189783766e-05,2.173983540712545e-08,8.720937296402553e-05,-4.688985839607085e-07,False,False,False
ces,alpha,rho,0.25,-0.7,3,2050126,50,0.1,0.1,0.2454728392879721,-0.8,-46.29634997753775,2.9966368160330368,True,True,True,10.127322094225487,10.127500299843696,10.12749699402463,2.2596248504363157,2.2596311274851817,2.259631259690437,3.2032732687545015e-05,2.352989525530729e-08,2.464887084130396e-05,-1.7421317011212523e-07,False,False,False
ces,alpha,rho,0.25,-0.7,4,2050127,50,0.1,0.1,0.23898164502175437,-0.25062336494251913,-33.912619017722896,3.2473144009916197e-06,True,True,True,11.496249383990747,11.496201017467367,11.496195719216328,2.328191505331542,2.3282007573244567,2.3282009546402596,1.708974175305417e-05,9.844742580014083e-09,6.2108832459273344e-06,-2.3370162338665068e-07,False,False,False
ces,alpha,rho,0.25,-0.7,5,2050128,50,0.1,0.1,0.22226344834362896,-0.8,-42.38127931740225,3.311461231463343,True,True,True,8.054694362859415,8.054973225327641,8.054970929491768,2.420913915270942,2.4209135609982977,2.420913676211353,3.3811607933265596e-05,2.1739891084834307e-08,3.406026329599854e-05,-1.523770265521307e-07,False,False,False
ces,alpha,rho,0.25,-0.7,6,2050129,50,0.1,0.1,0.2605811904659236,-0.42275045969240177,-44.96738082257078,5.7017955520253375e-06,True,True,True,11.181461360314616,11.181083597693522,11.181082812544128,2.3043824230493284,2.3044069579265987,2.3044069828327345,2.270072179550219e-05,1.4998816368690527e-08,-5.580023504592191e-06,-4.154697563762966e-08,False,False,False
ces,alpha,rho,0.25,-0.7,7,2050130,50,0.1,0.1,0.2696042388989443,-0.56592491315956,-50.9992047135156,2.8366166210873127e-06,True,True,True,7.230670393049132,7.230870913022963,7.2308681921182725,2.348296229125595,2.3482881003378004,2.348288259773506,9.075546241135776e-06,1.0758757424602018e-08,1.818013451782008e-05,-1.927329691397972e-07,False,False,False
ces,alpha,rho,0.25,-0.7,8,2050131,50,0.1,0.1,0.2542438399626615,-0.47406042309160273,-30.40300222204015,2.0042249361558304e-06,True,True,True,7.956087914818928,7.956011059217933,7.9560094190173425,2.390813563678501,2.3908284110481755,2.390828495061381,2.453931211701877e-05,1.459530408703553e-08,7.324210653081309e-06,-1.0943490380554977e-07,False,False,False
ces,alpha,rho,0.25,-0.7,9,2050132,50,0.1,0.1,0.27503143026478816,-0.3500550153057337,-49.84375785608819,4.719460206759376e-06,True,True,True,9.786287331700642,9.786471490247598,9.786462771424109,2.2720867311915334,2.2720834804833325,2.2720838638279917,1.1343788564966358e-05,1.0705818394541374e-08,1.4625762162268074e-05,-4.4956427558418e-07,False,False,False
ces,alpha,rho,0.25,-0.7,10,2050133,50,0.1,0.1,0.2301441968948937,-0.6135548490617805,-47.5825593701301,6.147837318191587e-07,True,True,True,6.449892365503763,6.450087572661387,6.450085382426265,2.3289262834649533,2.3289186504621493,2.328918791722689,1.2705274283902278e-05,1.5711064070814242e-08,2.1299968850030382e-05,-1.7693457721179584e-07,False,False,False
ces,alpha,rho,0.25,-0.7,11,2050134,50,0.1,0.1,0.2594498128982915,-0.47250539261624164,-45.50935944617072,3.469311768564496e-07,True,True,True,8.864152563391505,8.864079175058658,8.86407717313968,2.370299953946332,2.37031584033479,2.3703159325472614,2.8317539996196375e-05,1.6168500751715016e-08,9.890936432555009e-06,-1.1968273838647292e-07,False,False,False
ces,alpha,rho,0.25,-0.7,12,2050135,50,0.1,0.1,0.21009682648357106,-0.7339046680470845,-39.17770206982443,3.5008383626295107e-06,True,True,True,10.761345576632847,10.762026901176906,10.762022763650869,2.3456320985425516,2.345621500712246,2.3456216561040137,3.892303333457352e-05,2.8955589772706672e-08,5.09034456115387e-05,-2.0555470570116086e-07,False,False,False
ces,alpha,rho,0.25,-0.7,13,2050136,50,0.1,0.1,0.2438994376990333,-0.4327211405558414,-39.92816558730884,1.254611044932777e-06,True,True,True,5.970465940415768,5.970234211928483,5.970237492942912,2.4348872823104832,2.434909574928614,2.4349093344755817,1.2545547848947007e-05,7.293891285768182e-09,-1.2875160777525707e-05,2.727301620097933e-07,False,False,False
ces,alpha,rho,0.25,-0.7,14,2050137,50,0.1,0.1,0.25695326844995087,-0.8,-44.335731908863195,2.4906627160833112,True,True,True,7.135636214822028,7.135984445731089,7.135982197639489,2.41442543619464,2.4144190528126375,2.414419182116785,3.412387097258715e-05,1.8847184044340414e-08,4.1285162353688065e-05,-1.6616909448430306e-07,False,False,False
ces,alpha,rho,0.25,-0.7,15,2050138,50,0.1,0.1,0.23059254501452722,-0.4962014004432301,-38.75360961228566,1.5440414091994855e-06,True,True,True,7.069586622938395,7.069642882065149,7.069641525804624,2.266007932258207,2.2660107039998887,2.266010780885424,1.4367542291693621e-05,1.613700402152904e-08,1.1045637698714472e-05,-1.03325142220001e-07,False,False,False
ces,alpha,rho,0.25,-0.7,16,2050139,50,0.1,0.1,0.2473421413698153,-0.7729131668345577,-47.447590021904674,2.3214992709347625e-06,True,True,True,8.512023594824282,8.512100564156457,8.512095320028495,2.3092253896176524,2.3092313640115845,2.3092316243327407,2.2785545465823063e-05,1.8334446993812872e-08,1.5604285422909925e-05,-3.1637357267300104e-07,False,False,False
ces,alpha,rho,0.25,-0.7,17,2050140,50,0.1,0.1,0.23701167571892617,-0.8,-38.56774931705777,1.9144421053080851,True,True,True,8.154958256097313,8.154970434173539,8.15496534453249,2.342463161497196,2.342474278751899,2.3424745414645365,2.707236442531405e-05,2.10772603739395e-08,1.3970889035874734e-05,-3.2165629448854816e-07,False,False,False
ces,alpha,rho,0.25,-0.7,18,2050141,50,0.1,0.1,0.2504570523678645,-0.5125461657417203,-45.82763120363387,2.110323887172514e-06,True,True,True,5.090189963523823,5.0906705951387945,5.090669501331112,2.545392008862828,2.545364205185593,2.5453642930347593,3.049374819732518e-05,1.5280327624815224e-08,6.229477042296594e-05,-1.1372507913165464e-07,False,False,False
ces,alpha,rho,0.25,-0.7,19,2050142,50,0.1,0.1,0.24194821025717175,-0.8,-44.44199800553009,2.403752542807142,True,True,True,8.119993002548519,8.12017834504915,8.120173514110412,2.4862259929081687,2.4862366297737544,2.486236875904587,4.7402667593029446e-05,3.016483470452812e-08,3.4759772645998055e-05,-3.1156170621216006e-07,False,False,False
ces,alpha,rho,0.25,-0.3,0,2060123,50,0.1,0.1,0.23463362070940216,-0.31991330188730416,-48.56037841270076,1.168977774054977e-06,True,True,True,4.968705220350818,4.96869364495221,4.968690150096324,2.4684363553445006,2.468446818285686,2.46844711884568,2.1798982304742945e-05,1.4621209560084948e-08,9.35889955400171e-06,-3.57342962331586e-07,False,False,False
ces,alpha,rho,0.25,-0.3,1,2060124,50,0.1,0.1,0.279310038869613,0.027189287330967045,-36.01312756953119,1.2461364416408194e-05,True,True,True,13.234602825323957,13.237060708995271,13.237001740330232,2.142700556896201,2.1426204651970147,2.1426224014755233,1.8651153906456099e-06,3.2295719196693994e-08,9.126464440356585e-05,-2.2256025431488524e-06,False,False,False
ces,alpha,rho,0.25,-0.3,2,2060125,50,0.1,0.1,0.24174167043009287,-0.253154753958304,-52.99994940918565,3.3951193715522616e-06,True,True,True,11.524237081450265,11.525245547395354,11.525248856738024,2.3778563945535693,2.3778289561335506,2.37782882751687,2.436271637621741e-05,1.3715005713380446e-08,5.605384692586313e-05,1.390631183539881e-07,False,False,False
ces,alpha,rho,0.25,-0.3,3,2060126,50,0.1,0.1,0.28882914365456236,-0.10839375069707578,-45.75650839184985,7.140866117879974e-07,True,True,True,12.027588970833968,12.02765975826789,12.02765880238625,2.2042385332582866,2.2042399835793622,2.204240017574991,9.27065710581009e-06,5.250494467124144e-09,7.51481358207684e-06,-4.0334704465294635e-08,False,False,False
ces,alpha,rho,0.25,-0.3,4,2060127,50,0.1,0.1,0.2896379745764197,0.09280236781122013,-40.58710971051551,1.2220767020790552e-06,True,True,True,8.999763615551045,9.000902730421577,9.00090332014732,2.2053646246021654,2.205313223397807,2.205313197354929,8.343905333511303e-06,7.469272186703505e-09,6.742134591064541e-05,3.553554250856905e-08,False,False,False
ces,alpha,rho,0.25,-0.3,5,2060128,50,0.1,0.1,0.2672262536673864,-0.2117924299844746,-37.914248314861034,1.7237252746005776e-06,True,True,True,10.565007821497181,10.565764031855547,10.565762113632525,2.2762790578210836,2.276257281539335,2.2762573569879225,2.1442124893664308e-05,1.0407701459386273e-08,4.640876601058608e-05,-9.468742945273334e-08,False,False,False
ces,alpha,rho,0.25,-0.3,6,2060129,50,0.1,0.1,0.25716170978688063,0.09174640296505099,-37.84567238831639,7.798408031636062e-06,True,True,True,11.421657998864601,11.422077064624235,11.422088322625816,2.2728252059191405,2.2728146595690513,2.272814226056844,1.2454558942887223e-05,1.7384354807622892e-08,2.503437698919697e-05,4.865353773197967e-07,False,False,False
ces,alpha,rho,0.25,-0.3,7,2060130,50,0.1,0.1,0.27368828647399146,-0.20817517357209683,-43.72064829660276,1.8254069678650029e-06,True,True,True,12.58710390764755,12.586814420276266,12.586827983063515,2.1899083105569184,2.189921204626724,2.189920736723434,6.983170514812624e-06,9.028326068191244e-09,-7.6153002410705994e-06,5.388451569388053e-07,False,False,False
ces,alpha,rho,0.25,-0.3,8,2060131,50,0.1,0.1,0.2254145724988214,-0.3360990669583733,-40.81616772698009,8.029067675940171e-06,True,True,True,3.832724098679988,3.833534096126168,3.8335299351130003,2.629672547544158,2.62959124338859,2.6295917107035325,2.419787993179517e-05,1.322505806721515e-08,0.00011716266349992566,-5.474092290569388e-07,False,False,False
ces,alpha,rho,0.25,-0.3,9,2060132,50,0.1,0.1,0.2030729305399576,-0.5009736752260529,-51.025927977928,7.734493489176187e-06,True,True,True,6.4126058660802165,6.4129262870655985,6.412924087206082,2.526784213301306,2.5267759030950647,2.526776045990807,3.0891346740698416e-05,1.770019275409447e-08,4.0220112623501336e-05,-1.7852046596544824e-07,False,False,False
ces,alpha,rho,0.25,-0.3,10,2060133,50,0.1,0.1,0.2049653904293668,-0.7717392078473149,-46.61273992937883,2.9681322852748674e-06,True,True,True,4.522417273197605,4.52283099150939,4.522825114143916,2.595901973537686,2.5958808662692685,2.5958814194603175,4.29775745008591e-05,2.830817577196942e-08,6.651424670423012e-05,-6.626043074220433e-07,False,False,False
ces,alpha,rho,0.25,-0.3,11,2060134,50,0.1,0.1,0.28219187134134815,0.01511124878559574,-45.504605866107724,0.00010020842985896675,True,True,True,18.6969647351628,18.679964364824063,18.67979806413413,2.1818626762468303,2.1822657894391506,2.182269660293909,2.0368804503583562e-05,5.97616054306214e-08,-0.00045001688758361524,-4.446176909311816e-06,False,False,False
ces,alpha,rho,0.25,-0.3,12,2060135,50,0.1,0.1,0.29722317588816316,-0.1946255347913975,-45.778338896121426,5.773897552205454e-07,True,True,True,10.891149002740784,10.89177425390026,10.89176769359358,2.2045674646127367,2.2045457385099843,2.2045459978879856,7.4416616524625355e-06,8.795435706541105e-09,3.209066316856024e-05,-3.0369776027328044e-07,False,False,False
ces,alpha,rho,0.25,-0.3,13,2060136,50,0.1,0.1,0.2538540483198048,-0.5240431463487858,-47.35458010933739,4.867661160662525e-06,True,True,True,9.903678930316913,9.903616023383533,9.90361019237934,2.1864426737329423,2.186454574357502,2.1864548224516756,2.103874411745095e-05,1.9572112746764202e-08,7.046058428272772e-06,-3.0314647148088625e-07,False,False,False
ces,alpha,rho,0.25,-0.3,14,2060137,50,0.1,0.1,0.27618698999169855,-0.10339732868351396,-46.73557478903008,1.1973472102787763e-05,True,True,True,14.822295808801949,14.823694076082434,14.823683960911913,2.2390442569030795,2.239013590799352,2.2390138813816707,2.380755425920648e-05,1.6537319487967095e-08,5.867747918841815e-05,-3.478200127915443e-07,False,False,False
ces,alpha,rho,0.25,-0.3,15,2060138,50,0.1,0.1,0.28573437906097926,-0.29331621839547894,-40.79675662435274,3.5669404569976446e-06,True,True,True,12.210945302050327,12.210457388112408,12.21044386582112,2.1757288481037373,2.175750083213844,2.1757505589546855,8.964145148455171e-06,1.4905636272615368e-08,-1.6069791307415926e-05,-5.597190053663326e-07,False,False,False
ces,alpha,rho,0.25,-0.3,16,2060139,50,0.1,0.1,0.23829364358983224,-0.2047285612757975,-46.826988818501505,1.8027452582320598e-05,True,True,True,8.020148686811625,8.019957919718047,8.019952866465829,2.447589960937941,2.447607319568403,2.4476075881596127,1.6187504953544614e-05,1.479834663711111e-08,-4.122258459915429e-06,-3.2085777235124624e-07,False,False,False
ces,alpha,rho,0.25,-0.3,17,2060140,50,0.1,0.1,0.24425765746069164,-0.31586864171075585,-36.3716081290586,2.049826511090438e-07,True,True,True,9.805306276542966,9.805309520319796,9.805307995377783,2.241965904621481,2.2419717300560387,2.241971793906019,1.3756954480676495e-05,1.069776168235233e-08,6.955585767798311e-06,-8.201207890579099e-08,False,False,False
ces,alpha,rho,0.25,-0.3,18,2060141,50,0.1,0.1,0.2522706503764369,-0.35829954109661755,-48.42612023295374,3.370400129833633e-07,True,True,True,9.270541829580715,9.270936687162608,9.270932294122193,2.2934562846912443,2.2934440590784786,2.2934442600856726,1.444039444860564e-05,1.3105995408423513e-08,2.8274122179539063e-05,-2.424327902872392e-07,False,False,False
ces,alpha,rho,0.25,-0.3,19,2060142,50,0.1,0.1,0.2608552872394025,-0.8,-49.473898566121086,1.0093042561938672,True,True,True,6.387365399236191,6.387107945308552,6.387107463471448,2.3822991100759396,2.3823266536908676,2.382326680497117,2.310167687233278e-05,1.546312569805831e-08,-8.641378961726787e-06,-4.4577177504834253e-08,False,False,False
ces,alpha,rho,0.25,-0.1,0,2070123,50,0.1,0.1,0.2435616314409757,-0.14983259186218714,-48.425467219863435,6.8748644923601054e-06,True,True,True,15.65360303986628,15.65552537700981,15.655514655569684,2.2023858505221403,2.2023412445026342,2.2023415361813745,2.0112346414806576e-05,1.6732161757292406e-08,7.109362682911069e-05,-3.4902693357707903e-07,False,False,False
ces,alpha,rho,0.25,-0.1,1,2070124,50,0.1,0.1,0.2655785119845505,-0.8,-44.34511435850483,0.110786132438296,True,True,True,6.833948013488338,6.833614998134248,6.833614595637569,2.3361834240991652,2.336217145011083,2.3362171622375705,2.8898383567666287e-05,2.0153948483786484e-08,-9.947190449111076e-06,-3.9066804902176955e-08,False,False,False
ces,alpha,rho,0.25,-0.1,2,2070125,50,0.1,0.1,0.25626288776021644,-0.15377016673395608,-43.158177760343584,8.972475987642404e-06,True,True,True,6.848874230093218,6.847221568019618,6.847202346228732,2.3968633934052077,2.396974206820065,2.396975421607862,1.385065352075693e-05,1.549286307559616e-08,-0.00011516332094174686,-1.4086673090218937e-06,False,False,False
ces,alpha,rho,0.25,-0.1,3,2070126,50,0.1,0.1,0.24985177582446663,-0.361039008752862,-42.50063092880881,2.6101833578065097e-06,True,True,True,9.033511939097277,9.033153102584976,9.033150662883417,2.2716475254277175,2.2716730915529957,2.2716732051060333,1.9136989501529658e-05,1.1229265394237646e-08,-1.0428863568279212e-05,-1.3935031972778233e-07,False,False,False
ces,alpha,rho,0.25,-0.1,4,2070127,50,0.1,0.1,0.28629807591576295,0.1546831132944797,-48.99120675522094,2.0706104088987843e-06,True,True,True,10.52933287235679,10.5322376898219,10.532235886983159,2.2560392566802476,2.2559227139870544,2.255922785672716,7.63985556166693e-06,7.920043469875276e-09,0.00014157716231721906,-8.864223133286941e-08,False,False,False
ces,alpha,rho,0.25,-0.1,5,2070128,50,0.1,0.1,0.26815291879478437,0.06455948488150003,-45.97869468505161,1.031792707179278e-05,True,True,True,12.443373918757887,12.445748983413367,12.445706051279615,2.1422929620710898,2.1422100204026733,2.142211504002473,1.431080931844982e-06,4.166475252808664e-08,9.362000074730759e-05,-1.7414905570944939e-06,False,False,False
ces,alpha,rho,0.25,-0.1,6,2070129,50,0.1,0.1,0.23904298734350932,-0.4332013672597574,-44.07326644364511,1.0614835480393531e-05,True,True,True,9.238750230797768,9.239089550695144,9.239080881563604,2.367695748984482,2.3676884612813827,2.3676888634408035,1.9941869547125667e-05,1.5044668622449037e-08,2.78616401416798e-05,-4.7530745206358915e-07,False,False,False
ces,alpha,rho,0.25,-0.1,7,2070130,50,0.1,0.1,0.2784971665108941,-0.2742153628594752,-37.92521464543413,1.006829278413538e-06,True,True,True,8.433405056202163,8.433449458091967,8.433451016953729,2.2755982234344616,2.2755982487194344,2.2755981660107856,5.403695170410262e-06,5.916307842937942e-09,5.383718843177121e-06,8.962085473740444e-08,False,False,False
ces,alpha,rho,0.25,-0.1,8,2070131,50,0.1,0.1,0.24970174284662763,0.07706450369631085,-41.17817635354238,8.178961105344725e-07,True,True,True,9.811725312262249,9.807387971400228,9.807407849731185,2.2278992510504874,2.228093345022245,2.2280924645537463,5.582972900233625e-06,1.202345177316973e-08,-0.0002176824973716407,1.0131942360658286e-06,False,False,False
ces,alpha,rho,0.25,-0.1,9,2070132,50,0.1,0.1,0.2576327033109811,0.10843902400045409,-46.85941778500166,2.113222664562336e-06,True,True,True,15.06005248206379,15.061109202649739,15.061082518828036,2.237462793504015,2.2374377668460435,2.237438531792083,1.2600143726118802e-05,1.543615502669021e-08,4.0460630167160616e-05,-8.910285131946694e-07,False,False,False
ces,alpha,rho,0.25,-0.1,10,2070133,50,0.1,0.1,0.2802499347816788,0.2835506643029576,-54.87459418158449,4.4509774587421605e-06,True,True,True,13.495016759218544,13.495928354074769,13.495922921533067,2.139194236005575,2.139167412518599,2.139167586047534,5.803255844463604e-06,6.799358155849199e-09,3.6463768275041275e-05,-2.027494119261064e-07,False,False,False
ces,alpha,rho,0.25,-0.1,11,2070134,50,0.1,0.1,0.2510241743927792,0.2608396308339201,-41.85211068755183,2.9158690555945976e-06,True,True,True,17.059419284884928,17.06067176405995,17.060669776066074,2.2212637102162733,2.221236718281553,2.2212367668497017,1.1324665661617907e-05,8.775494904186879e-09,4.227971189862956e-05,-6.060880508584887e-08,False,False,False
ces,alpha,rho,0.25,-0.1,12,2070135,50,0.1,0.1,0.23758052014609177,-0.18082943821138125,-46.98285978993264,4.036398725285336e-06,True,True,True,12.88146881723471,12.881251138019797,12.881258659229326,2.2110652143682015,2.211080230518021,2.2110799729382546,1.7668606543661906e-05,1.3584967471294801e-08,6.765437987610312e-07,2.873382882739861e-07,False,False,False
ces,alpha,rho,0.25,-0.1,13,2070136,50,0.1,0.1,0.24062821633981146,-0.03360431668685941,-39.043492490093755,7.475769003823886e-06,True,True,True,8.355411670688156,8.352964017994552,8.352974056282877,2.3941605721524435,2.3942920368609815,2.3942915151107083,9.794873194205786e-06,6.557426081810663e-09,-0.00014102970320095665,6.01075704764753e-07,False,False,False
ces,alpha,rho,0.25,-0.1,14,2070137,50,0.1,0.1,0.27798761492598517,0.1772265171553794,-41.78001436441093,5.764680552430105e-06,True,True,True,14.10889559781734,14.110199497358199,14.110191684142391,2.2264762448846622,2.226439937075448,2.226440178299711,8.83740465410899e-06,5.542227123306749e-09,5.033565057033229e-05,-2.7600869145771867e-07,False,False,False
ces,alpha,rho,0.25,-0.1,15,2070138,50,0.1,0.1,0.22866722413509427,-0.24119526146476375,-49.859879691912305,7.5883119959028146e-06,True,True,True,9.010886175015298,9.011663666409538,9.011660826750868,2.395763530434112,2.395738538856816,2.3957386703193557,2.885073785283244e-05,1.657333406066428e-08,5.7343469897830346e-05,-1.6375746980656913e-07,False,False,False
ces,alpha,rho,0.25,-0.1,16,2070139,50,0.1,0.1,0.2631081670144117,0.041830270276730766,-43.04907128353117,8.23009722484536e-06,True,True,True,11.177028235052628,11.177867763528907,11.177819067370287,2.211804030425418,2.2117760038782572,2.21177787242663,1.1113450416902967e-05,6.083509622959342e-08,4.063713868163177e-05,-2.2052437884667597e-06,False,False,False
ces,alpha,rho,0.25,-0.1,17,2070140,50,0.1,0.1,0.24361327061385576,0.10477507871844548,-44.75686522220754,1.3493751889161834e-05,True,True,True,7.83875471937193,7.835957820379531,7.835955390970664,2.3252263753716784,2.3253853481877003,2.325385483102669,9.410315065539486e-06,4.365108417348402e-09,-0.00017399815245511263,-1.5470688197183335e-07,False,False,False
ces,alpha,rho,0.25,-0.1,18,2070141,50,0.1,0.1,0.2048119773986919,-0.33928883738179955,-47.88750674769792,1.760472692959998e-06,True,True,True,8.878589951705548,8.87879290219734,8.878789847632698,2.5464467984256602,2.5464510767852517,2.5464512210299723,3.284968704084007e-05,1.6917444891359116e-08,2.7605835583699445e-05,-1.779614606789437e-07,False,False,False
ces,alpha,rho,0.25,-0.1,19,2070142,50,0.1,0.1,0.2559945265584922,-0.4331163573540168,-49.232884472670754,6.220902084422347e-07,True,True,True,10.236734402804892,10.23685453634133,10.236848626026175,2.267061586808273,2.267064113610587,2.26706435928883,1.7541850650941993e-05,1.3692730492194528e-08,1.4350043805677615e-05,-2.9450919925011476e-07,False,False,False
ces,alpha,rho,0.25,0.3,0,2080123,50,0.1,0.1,0.22924405818728721,0.29699176821127043,-43.960440391979624,1.0466147974415156e-05,True,True,True,6.917070669450423,6.918023817763307,6.918024119992632,2.4211206725514605,2.4210637502195955,2.421063730682997,6.747706945762061e-06,4.652673886037861e-09,7.227397207287822e-05,2.119489295182575e-08,False,False,False
ces,alpha,rho,0.25,0.3,1,2080124,50,0.1,0.1,0.26004156938315626,0.2901278581640775,-48.65084967910209,2.2935264017519015e-06,True,True,True,14.018175973594085,14.018687187774095,14.018687233170438,2.160863181533896,2.160849086806142,2.160849084018413,4.0316454384640685e-06,4.589118627008786e-09,2.0240161653362065e-05,2.8776980798284058e-11,False,False,False
ces,alpha,rho,0.25,0.3,2,2080125,50,0.1,0.1,0.23991415561790755,0.39902175240556337,-49.184402298354186,5.302710505705925e-06,True,True,True,7.21869666787356,7.21952012268091,7.219513353671313,2.3601061201082607,2.360059227250128,2.360059634094215,6.205158353344579e-06,6.014636800788287e-09,5.960939841287427e-05,-4.692021491337073e-07,False,False,False
ces,alpha,rho,0.25,0.3,3,2080126,50,0.1,0.1,0.2776247771507456,0.4672520591209817,-44.959379265960216,4.615866579772071e-06,True,True,True,15.53298333902793,15.533348167438142,15.533339448198683,2.099041928558271,2.099031809793527,2.0990320520107852,6.710949502767725e-07,6.220581590943256e-09,1.1554941359293025e-05,-2.824611229357288e-07,False,False,False
ces,alpha,rho,0.25,0.3,4,2080127,50,0.1,0.1,0.2421790605184859,0.2799167820074147,-46.849208414083755,9.99980041529907e-07,True,True,True,13.057238155910513,13.057102911695843,13.057103672779487,2.2287831237171405,2.2287880211047177,2.228787994260944,1.2219117108613123e-06,4.58931326517632e-09,-4.692140421980184e-06,2.7383826761706587e-08,False,False,False
ces,alpha,rho,0.25,0.3,5,2080128,50,0.1,0.1,0.2642671736923018,0.27921623271099694,-45.66307518178693,2.297694053970212e-06,True,True,True,11.369568358200699,11.369490992489338,11.36949342874319,2.2196317906316247,2.219636229931085,2.219636135780917,3.485073641661488e-06,5.8914519844026135e-09,-1.5878357189080816e-06,1.0588553323032102e-07,False,False,False
ces,alpha,rho,0.25,0.3,6,2080129,50,0.1,0.1,0.26795349832668697,0.3548729305742784,-44.44584758259648,3.537013295757578e-06,True,True,True,8.210957942952962,8.211514268949802,8.211513541759068,2.2821251738649853,2.2820960542541453,2.2820960917602338,9.371090068104235e-07,2.839248555158018e-09,3.418122853560135e-05,-4.537697151363318e-08,False,False,False
ces,alpha,rho,0.25,0.3,7,2080130,50,0.1,0.1,0.22279616153715437,0.33067890741507355,-44.45520745846154,6.3609173121639005e-06,True,True,True,10.268886053658916,10.26862438185311,10.26862269282561,2.2368818023415473,2.2368923827716,2.2368924530899172,1.97909565847969e-06,3.2910651682199364e-09,-1.3384686774031707e-05,-8.35273610277909e-08,False,False,False
ces,alpha,rho,0.25,0.3,8,2080131,50,0.1,0.1,0.2449696341149013,0.46826795105710084,-49.168129680910006,1.230311466636834e-06,True,True,True,15.209209504949866,15.209838318005094,15.20983255677218,2.165234041560518,2.165215015426973,2.165215179019347,2.749352536005496e-06,3.4230290570951405e-09,1.924828886501473e-05,-1.9044070143081626e-07,False,False,False
ces,alpha,rho,0.25,0.3,9,2080132,50,0.1,0.1,0.2784034059522707,0.3122710898891079,-32.78495711414972,4.036234555023322e-06,True,True,True,12.158090183851153,12.158754499301153,12.158744472822193,2.2561146163685923,2.2560938402488486,2.25609419800125,6.817902643731281e-06,5.550385521676301e-09,3.0306148740777417e-05,-4.127530992548145e-07,False,False,False
ces,alpha,rho,0.25,0.3,10,2080133,50,0.1,0.1,0.23730665887349425,0.48104590531503855,-48.53006225739596,5.540006752163607e-06,True,True,True,11.46150473612579,11.46140749850775,11.461400985516882,2.2262558589370047,2.226259094546635,2.226259341072082,1.3971352702827218e-06,3.915659943404855e-09,-5.0431779925474984e-06,-2.8443127320088024e-07,False,False,False
ces,alpha,rho,0.25,0.3,11,2080134,50,0.1,0.1,0.29389361969472,0.8,-43.899293236269294,1.2123707513559607,True,True,True,9.884377205715554,9.884675899423726,9.884670673901963,2.1763108932884623,2.1762980836816403,2.1762983123054327,8.664414421046168e-07,4.487710871251645e-09,1.5205271189699943e-05,-2.654360429232838e-07,False,False,False
ces,alpha,rho,0.25,0.3,12,2080135,50,0.1,0.1,0.2520174998526942,0.13154654544366598,-40.69407951181409,8.94550447015815e-07,True,True,True,8.23527250215361,8.237888548924756,8.237862158606067,2.3020055552102354,2.3018698389354264,2.301871223097898,5.373149258629452e-06,2.3106644894071743e-08,0.00015975411729129974,-1.609958658832511e-06,False,False,False
ces,alpha,rho,0.25,0.3,13,2080136,50,0.1,0.1,0.2331270538448799,0.3924402238562071,-48.63095638885443,4.9675653065678736e-06,True,True,True,8.170652034097586,8.171652393848335,8.171645334044252,2.369295217198909,2.369243938980031,2.369244313153767,4.431075881523992e-06,5.268571834580131e-09,6.295640190501217e-05,-4.3315531428334e-07,False,False,False
ces,alpha,rho,0.25,0.3,14,2080137,50,0.1,0.1,0.2741787319772051,0.8,-34.087306076784124,0.4384674810082355,True,True,True,8.336697663569893,8.336814879521135,8.336809399985563,2.2343143325070107,2.2343083164812994,2.234308600724272,2.400496761083901e-07,5.088782058162893e-09,6.803910277852765e-06,-3.300230737579568e-07,False,False,False
ces,alpha,rho,0.25,0.3,15,2080138,50,0.1,0.1,0.2968950724395353,0.3347491623029611,-41.40658532875528,5.972457233553692e-06,True,True,True,16.0843486950981,16.0852155367888,16.08520555695288,2.0973883172671224,2.0973653068880767,2.0973655744210653,1.2974904580158026e-06,7.015708503150308e-09,2.7087933446523493e-05,-3.124267848875206e-07,False,False,False
ces,alpha,rho,0.25,0.3,16,2080139,50,0.1,0.1,0.22054583598579264,0.17006982838899842,-48.266784923839154,1.1486039255947284e-06,True,True,True,9.004527845506198,9.005949576283856,9.005945983751591,2.3319987200775785,2.331933484559916,2.331933655928798,7.76706980301636e-06,7.652127245972007e-09,8.25714129959465e-05,-2.01610909300598e-07,False,False,False
ces,alpha,rho,0.25,0.3,17,2080140,50,0.1,0.1,0.2456710204259088,0.03450735608403978,-43.80864859251438,2.4346106846265393e-05,True,True,True,10.367892856620594,10.368345057859534,10.368291943796345,2.3230986336040527,2.3230838327320336,2.3230860506019497,9.752246261616948e-06,3.05879429179718e-08,2.400514487987948e-05,-2.569309707212142e-06,False,False,False
ces,alpha,rho,0.25,0.3,18,2080141,50,0.1,0.1,0.29997533143613503,0.032255838230119085,-37.96974278810908,5.0747261148310015e-05,True,True,True,10.862720120471083,10.860692882235453,10.860709708840705,2.1433064993113637,2.1433836297914133,2.1433829675507385,9.23420130608034e-06,2.996441302990046e-08,-9.705423476447095e-05,7.868783598041773e-07,False,False,False
ces,alpha,rho,0.25,0.3,19,2080142,50,0.1,0.1,0.29556565043345584,-0.0059703267266410735,-50.14453811602793,0.0003043326669433412,True,True,True,13.856176175377144,13.84526718276106,13.845307951682765,2.1248624512660976,2.1252050679236985,2.1252037879935233,1.7167952854694585e-05,2.6376591203104648e-08,-0.00039168886077334264,1.4710322773225926e-06,False,False,False
ces,alpha,rho,0.25,0.7,0,2090123,50,0.1,0.1,0.23765485823444002,0.3717788918214036,-48.43964334890293,3.296952748944142e-06,True,True,True,19.400154389617942,19.399959939581677,19.399953387952294,2.136896450234009,2.136901944161018,2.136902089918028,2.6890441984190188e-06,4.8954152220147546e-09,-3.867955648217958e-06,-1.699046521252967e-07,False,False,False
ces,alpha,rho,0.25,0.7,1,2090124,50,0.1,0.1,0.2709693270464935,0.8,-42.179070071137104,0.6125828698297087,True,True,True,12.267372065540119,12.267740976655798,12.267740202561193,2.268771894905548,2.268759415369463,2.2687594424021955,1.514740758453455e-06,2.464934394911844e-09,1.5672519921849926e-05,-3.197743581040413e-08,False,False,False
ces,alpha,rho,0.25,0.7,2,2090125,50,0.1,0.1,0.21105857187532392,0.8,-44.43509291434921,2.1942017873871595,True,True,True,5.78683884709076,5.787282551087449,5.787277344372903,2.492147811418444,2.492115246068206,2.4921156357962357,2.08654413354272e-06,4.260435734596728e-09,3.8728500626916684e-05,-4.5099153567207395e-07,False,False,False
ces,alpha,rho,0.25,0.7,3,2090126,50,0.1,0.1,0.29051352719864004,0.8,-42.719938288772326,1.622071611251557,True,True,True,13.97444399054887,13.974579333336083,13.974576371376518,2.154916656369834,2.154912708450711,2.1549128003277374,6.097457790029895e-07,2.2047743614364513e-09,5.033588422520552e-06,-1.0617608836582804e-07,False,False,False
ces,alpha,rho,0.25,0.7,4,2090127,50,0.1,0.1,0.2626428619895926,0.41194617614212314,-49.03005117911475,4.149989311165166e-07,True,True,True,9.03960156150896,9.04041155132007,9.040413343766742,2.310770471099224,2.31073224886593,2.3107321612509573,1.6486344005163772e-06,3.823713797098633e-09,4.5693005588987035e-05,9.739999029534374e-08,False,False,False
ces,alpha,rho,0.25,0.7,5,2090128,50,0.1,0.1,0.2190923940002663,0.8,-48.594214872957004,1.238076166044034,True,True,True,8.229082088998998,8.229071362714578,8.229068797820126,2.2979088039727107,2.297907909895692,2.297908044886689,3.935959481869824e-06,3.988801664608836e-09,-2.4890785823572514e-06,-1.5627291105602126e-07,False,False,False
ces,alpha,rho,0.25,0.7,6,2090129,50,0.1,0.1,0.25588209881588797,0.8,-50.82572986020272,1.9703429075228223,True,True,True,10.280309984308774,10.280726382755638,10.280725795832547,2.2869245065648167,2.2869074931103186,2.286907517282989,1.511959731552501e-06,2.590393426440744e-09,2.088692063750841e-05,-2.925983721979719e-08,False,False,False
ces,alpha,rho,0.25,0.7,7,2090130,50,0.1,0.1,0.22772791966216346,0.7635839116099926,-49.42281285466472,4.554662072289046e-06,True,True,True,15.77290645851427,15.773110638097819,15.773110185567038,2.1624460031101957,2.1624394849318995,2.1624394972250878,2.4190004619577697e-06,1.0718218150297146e-09,5.426005380115839e-06,-1.453696540920646e-08,False,False,False
ces,alpha,rho,0.25,0.7,8,2090131,50,0.1,0.1,0.2586372416968441,0.7986947192018651,-38.279619694582884,5.664554357250142e-06,True,True,True,5.030123775170368,5.030180397838644,5.030176968254331,2.3150783133014703,2.315073253338915,2.3150735484345986,4.3204831477251817e-07,4.0340865616045336e-09,5.0890939462533424e-06,-3.420602254777805e-07,False,False,False
ces,alpha,rho,0.25,0.7,9,2090132,50,0.1,0.1,0.20869878613996137,0.8,-49.90135533231608,0.5869393149290837,True,True,True,6.281859696382502,6.281543694110685,6.281543516081686,2.4272584938314408,2.427280910417477,2.4272809225554695,1.5190682994967826e-06,2.1123032568472746e-09,-2.4511520670955633e-05,-1.4367216749633371e-08,False,False,False
ces,alpha,rho,0.25,0.7,10,2090133,50,0.1,0.1,0.27476059796447616,0.5446218247411029,-44.07587619444342,4.883008184848684e-06,True,True,True,11.98303145943661,11.982572085303207,11.982570143041201,2.1669525410362227,2.166968408321186,2.1669684782484038,2.24073049577254e-06,1.5629018427652658e-09,-2.0149817558490213e-05,-8.158390585322195e-08,False,False,False
ces,alpha,rho,0.25,0.7,11,2090134,50,0.1,0.1,0.2043972661931416,0.3336818416182042,-45.39652196373655,2.7617453441990357e-06,True,True,True,5.739265368057028,5.740389008378734,5.740380179152846,2.5516416510961015,2.5515614553657966,2.5515621219520392,1.1381421602216048e-05,8.3040385799827e-09,0.00010266264756353394,-7.706538340812585e-07,False,False,False
ces,alpha,rho,0.25,0.7,12,2090135,50,0.1,0.1,0.21277991696216034,0.045004644828273106,-51.1345055123005,4.2359313740658084e-07,True,True,True,5.270533750794577,5.267863726938932,5.267821366927108,2.520153149101644,2.520376018972937,2.5203795022923376,6.624256086064867e-06,3.224760171915632e-08,-0.00025416545044976147,-4.03092520429027e-06,False,False,False
ces,alpha,rho,0.25,0.7,13,2090136,50,0.1,0.1,0.2474709832104315,0.7516545648306511,-41.96192238428136,2.9442545262413463e-07,True,True,True,14.308879875935153,14.30916781635214,14.309168783406,2.214460107558961,2.2144520315662986,2.214452003263686,1.6164070790663835e-06,3.4342469635156445e-09,1.0860163186521277e-05,3.4998230091787264e-08,False,False,False
ces,alpha,rho,0.25,0.7,14,2090137,50,0.1,0.1,0.257523245647914,0.6058041212325311,-43.017744874524524,1.8855841679085314e-06,True,True,True,18.32280395340571,18.323126430722418,18.323125640655817,2.1062488747998844,2.106241757150996,2.106241775651363,1.2211609942693118e-06,2.387239025683045e-09,9.383309695465414e-06,-2.181921843202872e-08,False,False,False
ces,alpha,rho,0.25,0.7,15,2090138,50,0.1,0.1,0.24404693463151872,0.6707464523661194,-54.39974176397052,7.687826957683367e-06,True,True,True,9.764831100131005,9.764759238712251,9.76475992881015,2.305194734590057,2.3051964694414244,2.3051964384915538,3.6620689302186863e-06,1.5097375585472443e-09,-5.326873242950114e-06,3.5039931844949024e-08,False,False,False
ces,alpha,rho,0.25,0.7,16,2090139,50,0.1,0.1,0.22971713346980388,0.7873420170196922,-42.96373765918039,9.369284652517924e-06,True,True,True,15.692104321277833,15.692278215221345,15.692274915041729,2.1608551313785904,2.160850048415651,2.160850139262916,8.304150477061472e-07,1.8410892517099793e-09,5.123867460099518e-06,-1.0571420006044718e-07,False,False,False
ces,alpha,rho,0.25,0.7,17,2090140,50,0.1,0.1,0.2446125815023786,0.6175008648575026,-39.83992630537912,2.5165353372375514e-06,True,True,True,6.626829388331439,6.627089650632132,6.627090067032727,2.381363285398726,2.381346263048218,2.381346235173793,2.484628111509388e-07,1.9808423210012003e-09,1.9706295688592945e-05,3.0741482248686225e-08,False,False,False
ces,alpha,rho,0.25,0.7,18,2090141,50,0.1,0.1,0.2632090609234606,0.7861027681940801,-49.12308413816594,5.694564509380231e-06,True,True,True,10.648178075347786,10.648206762888016,10.648205126780248,2.2340713312140137,2.2340694877620635,2.2340695546166742,1.8031156271298031e-06,1.804919365399703e-09,4.950887131371928e-07,-7.66818075703668e-08,False,False,False
ces,alpha,rho,0.25,0.7,19,2090142,50,0.1,0.1,0.21571950292060982,0.5046492670023662,-38.562808545737255,6.830548248741936e-07,True,True,True,13.489135097617373,13.489126468649923,13.489125749802925,2.253339097744212,2.2533382032864306,2.2533382251990703,2.9245402004735632e-06,3.1853574725489243e-09,-1.6975433823063213e-06,-2.806299193025552e-08,False,False,False
ces,alpha,rho,0.5,-0.7,0,2100123,50,0.1,0.1,0.5188258475015218,-0.50559713848939,-50.4990528081689,2.984822921318014e-06,True,True,True,11.455409254868169,11.455777252730048,11.455771136294302,2.0853688878552616,2.0853468799046997,2.085347104750524,1.864405972282585e-05,1.681947244180576e-08,6.51121555250711e-06,-2.750539564999599e-07,False,False,False
ces,alpha,rho,0.5,-0.7,1,2100124,50,0.1,0.1,0.47360354090634016,-0.49481742745303203,-52.92046682914732,1.9278014388947873e-06,True,True,True,15.981376799063833,15.981407927539008,15.981407414056441,2.0408099688887447,2.040802712895731,2.0408027215166005,1.4949419894573156e-05,1.2282762134406482e-08,-6.428180590489774e-06,-2.2204858396435156e-08,False,False,False
ces,alpha,rho,0.5,-0.7,2,2100125,50,0.1,0.1,0.51251983014515,-0.5537069070485049,-47.60376720377601,4.067508081494029e-07,True,True,True,8.439544420136018,8.439866953302674,8.43986419856177,2.1128624734905967,2.1128412378332335,2.11284137602505,1.0850025963581966e-05,8.645023662603348e-09,1.3600411691072622e-05,-1.6729708818274958e-07,False,False,False
ces,alpha,rho,0.5,-0.7,3,2100126,50,0.1,0.1,0.5443502534838962,-0.2032417574932899,-34.594480753390414,5.748824273313283e-06,True,True,True,14.704809523734449,14.705156638340593,14.705145558573362,2.0480375907534407,2.048025365359549,2.0480256891659656,4.842416283860207e-06,1.0630951062127112e-08,9.149566103872075e-06,-3.806657247196199e-07,False,False,False
ces,alpha,rho,0.5,-0.7,4,2100127,50,0.1,0.1,0.5297563435438472,-0.28856006118137506,-50.95980848486334,9.666580731259812e-07,True,True,True,15.630653994087599,15.630657078867834,15.630657281876168,2.0164375427254453,2.016438438953676,2.0164384302352714,3.035677445001048e-06,7.285464009494863e-09,1.2321257827352383e-06,2.950400812551379e-09,False,False,False
ces,alpha,rho,0.5,-0.7,5,2100128,50,0.1,0.1,0.5182200531162323,-0.6949467867477389,-38.809390694106696,2.252378444597404e-06,True,True,True,13.080524789994717,13.079996104508528,13.079996550295936,2.0495371797418436,2.049554815193197,2.0495547952825883,2.798903653743678e-06,1.1777809633589646e-08,-2.01038524991759e-05,1.1158682866607705e-08,False,False,False
ces,alpha,rho,0.5,-0.7,6,2100129,50,0.1,0.1,0.4947030442476656,-0.5768600025418467,-43.958849180786835,3.958719522272661e-06,True,True,True,7.880108489943163,7.879848860805425,7.8798491630192276,2.11855625709783,2.1185717308002703,2.1185717109395092,3.2620312916692547e-06,7.548924202954333e-09,-1.5117703810574312e-05,1.5487188420593156e-08,False,False,False
ces,alpha,rho,0.5,-0.7,7,2100130,50,0.1,0.1,0.5014803427944305,-0.7460754712350843,-41.376738028634364,2.9954517402095617e-06,True,True,True,14.79989883135427,14.799859874422706,14.799858892707869,2.0272635282002383,2.0272664671761595,2.0272664905640383,4.997610244975038e-06,1.2503695520339186e-08,7.119680844880349e-07,-3.940642301358821e-08,False,False,False
ces,alpha,rho,0.5,-0.7,8,2100131,50,0.1,0.1,0.4799353260136593,-0.8,-42.50639614985103,2.476301133934199,True,True,True,17.23708066922854,17.23714978858125,17.237147086678675,1.9863725360900397,1.9863731851446556,1.986373246483772,6.165011374254379e-06,1.562243852406397e-08,4.6710363719171255e-06,-8.612954616182833e-08,False,False,False
ces,alpha,rho,0.5,-0.7,9,2100132,50,0.1,0.1,0.4932397077410535,-0.30171236974055005,-44.441569359652625,2.9205035203013107e-06,True,True,True,14.547234611526811,14.547530766548626,14.54752388264327,2.0098167147792827,2.0098069139001704,2.009807116501201,3.064895503681572e-06,8.17023235149938e-09,8.834332021478986e-06,-2.399480081294314e-07,False,False,False
ces,alpha,rho,0.5,-0.7,10,2100133,50,0.1,0.1,0.483492378536123,-0.6567955407505197,-46.035426536086824,2.418195219212526e-07,True,True,True,14.926486545691422,14.926280367547129,14.926281834988554,2.0200650302649437,2.0200726727761023,2.020072625251867,4.684435266978909e-06,1.119520189081318e-08,-4.970636211965029e-06,4.359829830491435e-08,False,False,False
ces,alpha,rho,0.5,-0.7,11,2100134,50,0.1,0.1,0.4902897986860492,-0.36820809312981123,-47.092445592928996,7.368370137641906e-06,True,True,True,21.21239475333448,21.212345595651676,21.21234364967683,1.980825412930718,1.9808265011936466,1.980826537518795,2.1267666466930606e-06,8.155396683612697e-09,-1.1144143954311403e-06,-4.991697721834498e-08,False,False,False
ces,alpha,rho,0.5,-0.7,12,2100135,50,0.1,0.1,0.5015537634421355,-0.5329603582821834,-35.41811473689417,2.4709934540503336e-06,True,True,True,19.024890674824118,19.024740148281957,19.024736301163554,1.9606221946873443,1.9606278283984606,1.96062791017141,5.673442367382191e-06,1.415629586235283e-08,-1.534138199588142e-06,-1.0807203665308407e-07,False,False,False
ces,alpha,rho,0.5,-0.7,13,2100136,50,0.1,0.1,0.45684840528574067,-0.5087032941019684,-55.93028080307583,4.6295826216293844e-07,True,True,True,21.87251413483048,21.871994696421307,21.87199448667315,1.9278348068445375,1.9278503487647254,1.9278503472613444,1.2308646065229384e-05,1.3187828296512385e-08,-5.866760375283775e-06,-1.1320636872369505e-08,False,False,False
ces,alpha,rho,0.5,-0.7,14,2100137,50,0.1,0.1,0.5218717784434436,-0.8,-46.44505709641257,1.644710312843456,True,True,True,9.830945162687266,9.830701894983887,9.830700034903835,2.1531638328722806,2.1531839941824007,2.1531840699211227,2.169094454363464e-05,1.4879600213765677e-08,-1.6358522003656617e-06,-1.0201391376085667e-07,False,False,False
ces,alpha,rho,0.5,-0.7,15,2100138,50,0.1,0.1,0.5103141561767741,-0.4483213184923359,-40.3055656797399,3.9728489766994673e-07,True,True,True,11.572643799379296,11.573016873369317,11.573015032428259,2.065928087444422,2.0659102112232173,2.065910275347763,9.196034958503704e-06,1.1515152270517326e-08,1.1571050926306725e-05,-8.524573757995313e-08,False,False,False
ces,alpha,rho,0.5,-0.7,16,2100139,50,0.1,0.1,0.47458742798421394,-0.8,-52.90731737336483,0.12399907589873102,True,True,True,18.40519422814136,18.405426681836758,18.40542712915271,1.9479642716420615,1.9479589217392363,1.947958904096867,3.534790060609974e-06,1.6366782892451503e-08,6.474396634814639e-06,3.991949881765322e-09,False,False,False
ces,alpha,rho,0.5,-0.7,17,2100140,50,0.1,0.1,0.47853353411204697,-0.8,-55.2153420699766,0.05347160977084489,True,True,True,13.50551142453444,13.505513933105735,13.505512386967705,2.0579518632485794,2.0579549204084406,2.057954963979436,7.649681060905205e-06,1.4193217195559865e-08,3.6411105810429945e-06,-6.431903187831267e-08,False,False,False
ces,alpha,rho,0.5,-0.7,18,2100141,50,0.1,0.1,0.5285134897336613,-0.7749358362013717,-39.46222220217037,2.4533899614220875e-06,True,True,True,12.959042910405456,12.95854112858875,12.958542949704514,2.0599830788175937,2.060005517610311,2.0600054514737196,1.312900871115363e-05,1.1851646568450776e-08,-1.282333568752847e-05,6.439142907765927e-08,False,False,False
ces,alpha,rho,0.5,-0.7,19,2100142,50,0.1,0.1,0.47834279644500394,-0.48191421114505284,-47.74733305743842,3.012600649444529e-06,True,True,True,17.946261737519336,17.945855186537926,17.945852217709007,1.9351250406769125,1.9351351134346713,1.9351351801377374,3.25863170299072e-06,1.2000191270560006e-08,-1.1146001128281569e-05,-8.863784017876242e-08,False,False,False
ces,alpha,rho,0.5,-0.3,0,2110123,50,0.1,0.1,0.5165706613919915,-0.2583019981388536,-45.60251631052864,7.454400150576412e-06,True,True,True,18.83742003107485,18.83705980816261,18.83705906929818,1.9398335991207853,1.9398439452069713,1.9398439586617433,5.328555517016518e-06,8.325054077471295e-09,-7.2352753335280795e-06,-2.373359819785037e-08,False,False,False
ces,alpha,rho,0.5,-0.3,1,2110124,50,0.1,0.1,0.5510166675770604,-0.4853657450660824,-41.56785628903808,1.1901643849440852e-06,True,True,True,18.462269341851233,18.461278120961097,18.461278265019462,1.9563288248146977,1.9563504025205403,1.9563503943170233,5.190273580103123e-06,1.126266246906087e-08,-2.8849836816391417e-05,-1.6413750358879042e-09,False,False,False
ces,alpha,rho,0.5,-0.3,2,2110125,50,0.1,0.1,0.5007465104442071,-0.2657202986076932,-41.80995061279908,6.000466092969853e-06,True,True,True,15.32655223331406,15.326094753063257,15.32608957529403,2.0162919131071857,2.016300879227621,2.0163010213266306,9.441781877447508e-06,1.1141438249661296e-08,-1.9700929541954793e-05,-1.7424261500309512e-07,False,False,False
ces,alpha,rho,0.5,-0.3,3,2110126,50,0.1,0.1,0.46986348687767915,-0.4190986729826703,-42.97707191831352,1.432519181165031e-06,True,True,True,16.339841115862132,16.34063271792346,16.34062519829951,1.9546014231313633,1.9545814037551423,1.954581597325818,3.2045536187280298e-06,1.5402292575326445e-08,2.5159474439817586e-05,-2.3732311404955908e-07,False,False,False
ces,alpha,rho,0.5,-0.3,4,2110127,50,0.1,0.1,0.5601664483669818,-0.26731276584273317,-44.92250215183301,4.181296479859734e-06,True,True,True,12.956221650500668,12.956543947419428,12.956539563743066,2.05167263564647,2.0516582528534903,2.0516583949279794,8.486065362997107e-06,1.1725462662570968e-08,8.141962325680652e-06,-1.747676137142662e-07,False,False,False
ces,alpha,rho,0.5,-0.3,5,2110128,50,0.1,0.1,0.5259494371048424,-0.7590052373703898,-45.97925630188625,1.9800634638119336e-06,True,True,True,15.382725922281503,15.382763686944855,15.3827624038106,2.0420730603549,2.0420707792761283,2.0420708092553532,4.0828069838064505e-06,1.440587136763914e-08,-2.2008628519643025e-07,-4.889891158654791e-08,False,False,False
ces,alpha,rho,0.5,-0.3,6,2110129,50,0.1,0.1,0.47153965477122556,-0.4920105813085531,-47.42687081865326,2.578345084919694e-06,True,True,True,12.976843052943112,12.976996915409753,12.976998661648482,2.053289345167018,2.05328613992937,2.053286077570536,4.972072092691485e-06,9.14335279977015e-09,8.229229116807346e-06,6.277089426021121e-08,False,False,False
ces,alpha,rho,0.5,-0.3,7,2110130,50,0.1,0.1,0.5128678372358919,-0.07267767778729951,-52.75472383762975,4.482253444217359e-06,True,True,True,19.385932937901405,19.38559359370679,19.385587105848078,2.034693553819214,2.0346972335177003,2.0346973769825762,9.104662891481906e-06,5.628852353244413e-09,-1.3437909551328175e-05,-1.6950424708284118e-07,False,False,False
ces,alpha,rho,0.5,-0.3,8,2110131,50,0.1,0.1,0.44492188231163454,-0.6471828128630379,-46.89613098895414,3.8548171291861766e-07,True,True,True,14.512802885471016,14.512995227312004,14.512987920257157,1.9828433905750322,1.9828426617669865,1.9828428739335802,1.1847794179815793e-05,1.5880849756085494e-08,1.2154875506098506e-05,-2.5921789159610853e-07,False,False,False
ces,alpha,rho,0.5,-0.3,9,2110132,50,0.1,0.1,0.4518595914074757,0.0026855638938838066,-39.38896045556793,3.803601118243803e-05,True,True,True,12.211930544125845,12.124015238436389,12.122748483288289,2.0755535611912608,2.0786493760464197,2.0786948221511152,0.00014966446531041957,8.861128844157946e-07,-0.0037131495359119526,-5.216683438646896e-05,False,False,False
ces,alpha,rho,0.5,-0.3,10,2110133,50,0.1,0.1,0.4545372770065233,-0.5170901917448282,-43.58685046881876,2.0120909264347707e-06,True,True,True,18.733824489851482,18.733300699174194,18.73329642820327,1.998970228064298,1.9989891050009945,1.998989198216272,1.561550395575674e-05,1.3664105657170886e-08,-6.347807882889356e-06,-1.2067013699379459e-07,False,False,False
ces,alpha,rho,0.5,-0.3,11,2110134,50,0.1,0.1,0.4935745804059164,-0.5539796295966627,-44.744560348214236,1.9012031163179698e-06,True,True,True,17.221602865120552,17.22140749997858,17.221405237944406,1.9866909587785304,1.9866914778397553,1.9866915298529546,1.0530329148052758e-05,1.180775311011683e-08,-1.081813115888508e-05,-7.146773128852146e-08,False,False,False
ces,alpha,rho,0.5,-0.3,12,2110135,50,0.1,0.1,0.5111079451477337,-0.5194831710110438,-52.49105172826155,5.155879933921083e-06,True,True,True,17.452816377603295,17.452745235979688,17.452742311551503,1.9703014271388168,1.9703032659817354,1.9703033343466825,2.9318986110233057e-06,1.030485492921415e-08,-2.048042752278434e-06,-8.885460545116075e-08,False,False,False
ces,alpha,rho,0.5,-0.3,13,2110136,50,0.1,0.1,0.505096362874909,-0.1422701523747698,-46.64627662809326,4.7211942434823e-06,True,True,True,19.99819420494774,19.998326995597687,19.99833160797543,1.972610333083377,1.972606238722899,1.972606133940301,2.993271107801074e-06,1.0931704835705369e-08,2.0363060215800033e-06,1.1000273048011877e-07,False,False,False
ces,alpha,rho,0.5,-0.3,14,2110137,50,0.1,0.1,0.5219417516687326,-0.546715670328878,-48.975702579819284,2.5886828169059007e-06,True,True,True,13.332122745810418,13.331941517589105,13.331941610726144,2.0457741727125445,2.045774452615687,2.04577444543119,1.3150209584639233e-05,9.598769343876555e-09,-1.3272478234682694e-05,-1.2854499686909548e-09,False,False,False
ces,alpha,rho,0.5,-0.3,15,2110138,50,0.1,0.1,0.47541562358583805,-0.40770050428266563,-51.976485049892474,3.7286775209058926e-06,True,True,True,10.310724315775655,10.310319309987783,10.310318718525782,2.1412390787501447,2.141262373870861,2.1412623948175606,1.4390521348605537e-05,9.334185044618351e-09,-1.2494574932020441e-05,-3.3250245223825914e-08,False,False,False
ces,alpha,rho,0.5,-0.3,16,2110139,50,0.1,0.1,0.4665661013627377,-0.1361781852051707,-44.41106278863313,7.364676054906964e-06,True,True,True,19.033934992412657,19.03440629957301,19.034402363606425,1.9892105748748714,1.989200137825832,1.9892002282869534,1.8001981803687786e-06,2.712207012348254e-09,1.2642377015481543e-05,-1.0263449468084218e-07,False,False,False
ces,alpha,rho,0.5,-0.3,17,2110140,50,0.1,0.1,0.49699884287501167,-0.05583369585295163,-49.04639745585817,2.584229863636634e-06,True,True,True,10.067258077761945,10.069074467952168,10.069074492358116,2.1728117733372625,2.1727317364314755,2.1727317285440306,4.083066897238958e-06,1.577211767227864e-08,8.825668700751521e-05,-6.656904361079796e-09,False,False,False
ces,alpha,rho,0.5,-0.3,18,2110141,50,0.1,0.1,0.49835100242296226,-0.1113082727871767,-36.783764548045916,2.58641459868177e-08,True,True,True,14.105754591130868,14.104101882669637,14.104122681694294,2.022199364379813,2.0222484578399937,2.022247818436174,4.975080536376457e-06,1.4220861217050997e-08,-5.991294005980308e-05,7.385371887380643e-07,False,False,False
ces,alpha,rho,0.5,-0.3,19,2110142,50,0.1,0.1,0.5037946433102131,-0.6048577296321933,-44.40348073109985,6.662640682086703e-07,True,True,True,17.406227253236843,17.405794749237522,17.40579540099573,1.9825963087664296,1.9826084761023264,1.9826084541347178,4.171709247958644e-06,1.3152597770115235e-08,-1.082765083282311e-05,1.215375533547558e-08,False,False,False
ces,alpha,rho,0.5,-0.1,0,2120123,50,0.1,0.1,0.5144436945853489,-0.34226315530965545,-45.462276522172154,4.791035606696253e-06,True,True,True,24.312718644015717,24.313739701189903,24.3137364085041,1.9311660920689455,1.9311429326667107,1.9311429877091684,1.1566773982086644e-05,8.909933280000391e-09,1.5260648609682903e-05,-7.205493801620833e-08,False,False,False
ces,alpha,rho,0.5,-0.1,1,2120124,50,0.1,0.1,0.5005178939354565,-0.09286315995250247,-54.88894911619437,3.7628756069495216e-06,True,True,True,20.97261204928073,20.973256818427018,20.97325493068076,1.944690362880928,1.9446761793980185,1.9446762150454577,2.6295771204718763e-06,8.004842871002708e-09,1.436461043624604e-05,-4.896667604725735e-08,False,False,False
ces,alpha,rho,0.5,-0.1,2,2120125,50,0.1,0.1,0.4623401647558588,-0.5374017272072438,-40.69980149898097,2.719673676126671e-06,True,True,True,16.340457901781317,16.340588584468353,16.34058137008,2.0122490347290856,2.0122425843018417,2.0122427700272625,7.3667921459643615e-06,1.4515841926488864e-08,3.4345462296414553e-07,-2.2767693508285447e-07,False,False,False
ces,alpha,rho,0.5,-0.1,3,2120126,50,0.1,0.1,0.5176715444452029,-0.03365433384641592,-47.242206374084894,3.0463354524772847e-06,True,True,True,15.750313027347195,15.754758644053743,15.754690904233469,2.063380714496681,2.063250984614532,2.063252842462388,1.690267821529739e-05,4.3097221805958036e-08,0.00013069817063637856,-2.1607247475685654e-06,False,False,False
ces,alpha,rho,0.5,-0.1,4,2120127,50,0.1,0.1,0.5033291725423313,-0.3822446866289816,-47.10863655283831,1.6594976206033793e-06,True,True,True,10.545271540189175,10.545193244590907,10.545193583676527,2.0855879758905997,2.0855902354674396,2.0855902192126914,3.2400251069376635e-06,5.280450295801122e-09,-4.809863533239422e-06,1.3441493251775682e-08,False,False,False
ces,alpha,rho,0.5,-0.1,5,2120128,50,0.1,0.1,0.4757790235297931,-0.22030694105507082,-49.42335090473793,1.6768846198574934e-06,True,True,True,11.558409664209577,11.5580696902865,11.558067998499787,2.0961302169946707,2.0961441853611293,2.0961442477813823,3.535143325348457e-06,2.9189938010759862e-09,-1.340682062078713e-05,-7.450881156501055e-08,False,False,False
ces,alpha,rho,0.5,-0.1,6,2120129,50,0.1,0.1,0.4775584084625618,-0.4946688896120691,-42.02583826808447,1.6864054880660644e-06,True,True,True,16.040510916955462,16.040582865607167,16.040577330177044,2.002273180026677,2.002271457995513,2.0022716029776024,2.494543003731437e-06,1.1768100307034377e-08,2.324689866384233e-06,-1.781723497629173e-07,False,False,False
ces,alpha,rho,0.5,-0.1,7,2120130,50,0.1,0.1,0.4832836094442248,-0.03273411469710581,-45.03922222141504,1.633114196914405e-05,True,True,True,22.250848382104987,22.248588523236272,22.248564791634482,1.9806566116482087,1.9807053972287727,1.9807058504647588,1.109011846065026e-05,2.566518785484202e-08,-4.594635062460384e-05,-5.448498612281583e-07,False,False,False
ces,alpha,rho,0.5,-0.1,8,2120131,50,0.1,0.1,0.4852714630071246,-0.1106886675179537,-51.220232345396155,1.818607724337198e-06,True,True,True,21.65868495243237,21.658660114500282,21.658655252716304,1.9520573854769538,1.9520567732754368,1.952056868906333,3.1773970268313843e-06,4.964782315288851e-09,-1.9659861223431108e-06,-1.1437386859824983e-07,False,False,False
ces,alpha,rho,0.5,-0.1,9,2120132,50,0.1,0.1,0.5215451938462579,-0.07137464604435831,-49.631076233622174,2.307035537890554e-06,True,True,True,12.900701670238382,12.900185575112838,12.900184543702487,2.069870773921064,2.069887160044277,2.0698871960598986,4.03770790644531e-06,3.497114469284721e-09,-2.1179265402793135e-05,-3.8488622067234246e-08,False,False,False
ces,alpha,rho,0.5,-0.1,10,2120133,50,0.1,0.1,0.5075692589967106,0.026503393013481404,-44.8596188052255,9.280814265491346e-07,True,True,True,25.746683491501482,25.748043465362585,25.748082754664065,1.93935361011144,1.9393293145960917,1.939328650799481,5.478174561026118e-06,1.9274099245014712e-08,2.5610370151696316e-05,7.61688809802763e-07,False,False,False
ces,alpha,rho,0.5,-0.1,11,2120134,50,0.1,0.1,0.47147397034430444,-0.08348254781650838,-35.063940289223005,5.510560120900443e-06,True,True,True,16.38482265808689,16.389268133956254,16.389261561346657,1.9809639586156758,1.9808463352192947,1.9808464962067784,3.0408821168584292e-06,3.1731310664198484e-08,0.00013564526422982226,-2.156876952597031e-07,False,False,False
ces,alpha,rho,0.5,-0.1,12,2120135,50,0.1,0.1,0.49541488819608415,-0.0750788496824865,-50.994024850624015,1.8961951539551028e-05,True,True,True,16.813370603907607,16.81034433844317,16.810335529363268,2.001417373659204,2.0014993840540294,2.001499607053561,9.247250273682243e-06,1.2831435982684004e-08,-8.585713319320121e-05,-2.67289770761181e-07,False,False,False
ces,alpha,rho,0.5,-0.1,13,2120136,50,0.1,0.1,0.49848140818337205,0.3917985713728645,-43.69543391258609,8.094392477631008e-06,True,True,True,20.632873331060527,20.632696359539892,20.632682990582417,1.9895192735275051,1.9895225309623084,1.9895228117198482,1.4510867561592735e-06,6.809870909302051e-09,-5.151655756208129e-06,-3.2471623967467167e-07,False,False,False
ces,alpha,rho,0.5,-0.1,14,2120137,50,0.1,0.1,0.4832551745938125,-0.23492084043863773,-40.51731588137735,3.8691971667158903e-07,True,True,True,16.625975738841774,16.6253099668202,16.62530261233016,2.059529408565014,2.0595509878063227,2.059551177995988,9.82331798018361e-06,5.944126705011635e-09,-1.542427251877143e-05,-2.234032479009329e-07,False,False,False
ces,alpha,rho,0.5,-0.1,15,2120138,50,0.1,0.1,0.5147008986126709,-0.0466342388186667,-48.1708420726685,2.182461421038444e-05,True,True,True,21.324385561593594,21.318733842178435,21.31877900646316,2.052414059467175,2.052532775168475,2.0525318539181177,8.755029468538654e-06,1.955657429582362e-08,-0.00012733624188854265,1.057894749578736e-06,False,False,False
ces,alpha,rho,0.5,-0.1,16,2120139,50,0.1,0.1,0.5167715262404367,0.10997184495741696,-43.79889155874395,6.650434234854236e-06,True,True,True,20.927281461728295,20.925054027576333,20.92502996094304,1.9288120412625993,1.9288592508450169,1.928859739652718,2.98169410292453e-06,2.825069587567893e-08,-5.267786045237699e-05,-5.873748207818608e-07,False,False,False
ces,alpha,rho,0.5,-0.1,17,2120140,50,0.1,0.1,0.5223896766296153,-0.011725907059131258,-47.560706417158386,1.7842374674280008e-05,True,True,True,13.943448669763473,13.936989914959563,13.937028494185931,2.178601282561197,2.1787955953864007,2.178794405443324,1.625517389618312e-05,3.586220478008163e-08,-0.00023820898003634738,1.3981411228769502e-06,False,False,False
ces,alpha,rho,0.5,-0.1,18,2120141,50,0.1,0.1,0.5875725456999188,-0.6333037872551815,-47.5782794302877,3.237553492971603e-06,True,True,True,8.025266085256204,8.025150719209659,8.025150023547331,2.200455642892756,2.2004564090518044,2.20045644247965,1.2707637222849426e-05,9.966870183320711e-09,-1.3541584863219214e-05,-4.820004306793635e-08,False,False,False
ces,alpha,rho,0.5,-0.1,19,2120142,50,0.1,0.1,0.49262708363613206,-0.16613908953439618,-44.51563254335363,5.9838372417337974e-06,True,True,True,16.552030184861028,16.551592892066555,16.551584311618505,1.962906081688471,1.9629172854098065,1.9629175074520295,2.5200177793566443e-06,9.234494709144292e-09,-1.3783643382225819e-05,-2.6277075448888354e-07,False,False,False
ces,alpha,rho,0.5,0.3,0,2130123,50,0.1,0.1,0.4600394363854324,0.20402863046655595,-48.96951529754483,4.2458183752327015e-06,True,True,True,24.86545326194797,24.86640443940279,24.86638844504139,1.971471349783807,1.9714565464899638,1.9714568203509335,4.219040414808171e-06,1.4438265732117637e-08,2.0881399422023605e-05,-3.279177747117501e-07,False,False,False
ces,alpha,rho,0.5,0.3,1,2130124,50,0.1,0.1,0.49455482048772154,0.19508609573173985,-45.3562656436506,1.148928049351285e-06,True,True,True,23.02945472312991,23.03148532570576,23.03147401044846,1.8807680905528101,1.880731563419963,1.8807317711734155,4.240983424641114e-06,1.4860910533338014e-08,4.586473597356644e-05,-2.5211028287230874e-07,False,False,False
ces,alpha,rho,0.5,0.3,2,2130125,50,0.1,0.1,0.5197834101068892,0.15486633958265808,-46.67139065998662,5.6551580325105685e-06,True,True,True,6.37284808880864,6.375955074427954,6.375924844295168,2.231331845464496,2.231118835117278,2.2311208827108158,4.541820578705578e-06,3.888598770807253e-08,0.00023979492796399882,-2.3839033573835877e-06,False,False,False
ces,alpha,rho,0.5,0.3,3,2130126,50,0.1,0.1,0.48661122174045923,0.288915456872045,-42.32132494439093,3.8048651260949106e-06,True,True,True,22.47352773473607,22.473949611531005,22.473941220367944,1.9877612943922358,1.9877552954020816,1.987755454236678,4.970736802095778e-06,8.589414361664046e-09,1.1674889378809894e-05,-1.905078477193456e-07,False,False,False
ces,alpha,rho,0.5,0.3,4,2130127,50,0.1,0.1,0.481642187741227,0.34072223331652546,-37.19855076720421,8.115903606228088e-06,True,True,True,16.531255194799638,16.5321620158034,16.532142096351517,1.9822976349115013,1.9822737959892776,1.9822743156670537,1.0109930080242533e-06,1.508075841342979e-08,2.6801271069132326e-05,-6.065904969432268e-07,False,False,False
ces,alpha,rho,0.5,0.3,5,2130128,50,0.1,0.1,0.49357643448893185,0.41390184431785065,-41.40155230215718,5.595383061633182e-07,True,True,True,14.311958384633225,14.312104635440916,14.312098066766923,2.0628820638133023,2.062876985482921,2.062877183496008,1.741404350098152e-06,5.040520134955123e-09,4.1410991684642795e-06,-2.3098844792457385e-07,False,False,False
ces,alpha,rho,0.5,0.3,6,2130129,50,0.1,0.1,0.46405580071042996,0.24112790361647643,-45.62262746668742,2.7648992778701385e-06,True,True,True,21.37200509944952,21.372709457242294,21.372702927475483,1.9520151331446007,1.9519980737677103,1.951998204542716,6.4452095286939194e-06,5.649783879000674e-09,1.3161193848532093e-05,-1.5495866279024995e-07,False,False,False
ces,alpha,rho,0.5,0.3,7,2130130,50,0.1,0.1,0.4738817482290066,0.37613993767624354,-45.46479930166157,6.798394028616107e-06,True,True,True,32.30960740741921,32.31026302254879,32.31025672705293,1.8966087190877312,1.89659736149476,1.8965974436893605,5.962266002150424e-06,6.434314722093292e-09,7.1153133447410255e-06,-1.0021507534929697e-07,False,False,False
ces,alpha,rho,0.5,0.3,8,2130131,50,0.1,0.1,0.5148523844467118,0.2248242656947827,-49.409307225795345,8.926860331564176e-07,True,True,True,18.769866763716255,18.769423794641614,18.769408166195227,2.0082665893778597,2.0082784145404076,2.0082787726244247,3.738495526642362e-06,1.1548906254396245e-08,-1.040646409933288e-05,-4.203954517834063e-07,False,False,False
ces,alpha,rho,0.5,0.3,9,2130132,50,0.1,0.1,0.5195878674459362,-0.17684484537141382,-42.22712783124078,6.0040871682714765e-06,True,True,True,12.487471709260163,12.487130902527216,12.48712406057623,2.0833562620122636,2.083365737868007,2.0833659713228334,5.581636613348758e-06,1.1376108977777294e-08,-1.666192816429657e-05,-2.791455244732788e-07,False,False,False
ces,alpha,rho,0.5,0.3,10,2130133,50,0.1,0.1,0.5274760316268596,0.3479993497161619,-47.790327071302116,2.8934819137322725e-06,True,True,True,20.834863145861288,20.83438557756938,20.834388723979583,1.9491693204623133,1.9491789221692872,1.9491788576647615,1.4843699774352671e-06,3.0619885376759387e-09,-1.1790727413085733e-05,7.675647140104047e-08,False,False,False
ces,alpha,rho,0.5,0.3,11,2130134,50,0.1,0.1,0.5288322086476233,0.8,-43.19262213149374,0.45904746679525843,True,True,True,13.756710070276593,13.75713350390153,13.757129268104125,2.1314727850241812,2.13146022234766,2.131460355130819,1.8790748837462868e-06,3.6187103981873635e-09,1.6161336262143777e-05,-1.5502604355788208e-07,False,False,False
ces,alpha,rho,0.5,0.3,12,2130135,50,0.1,0.1,0.5328487279562933,0.6335623228572155,-45.44911681429814,6.890911076450641e-06,True,True,True,16.796446474812758,16.797039016405027,16.79703636884636,2.07089227356309,2.070878911006684,2.0708789790020923,4.518850089672244e-06,2.873165388586587e-09,1.981362300540468e-05,-7.933796553061256e-08,False,False,False
ces,alpha,rho,0.5,0.3,13,2130136,50,0.1,0.1,0.4573637119989103,0.12033567756577382,-51.800161228948625,6.214175588480576e-06,True,True,True,18.213547439502253,18.21334069007869,18.213338077507036,2.017109938052529,2.0171181416608537,2.0171182020877962,7.560067663179223e-06,4.5215081165878e-09,-1.9805938293870895e-06,-7.387367162436931e-08,False,False,False
ces,alpha,rho,0.5,0.3,14,2130137,50,0.1,0.1,0.5164825312172985,0.21040625051188494,-51.098900391040395,6.837594132273493e-06,True,True,True,16.281055851951173,16.280381796853256,16.280378250927722,1.9833101751059847,1.9833291521436718,1.9833292433588983,2.3920364508736874e-06,8.095210550214312e-09,-1.9666713896526744e-05,-1.1278820011284552e-07,False,False,False
ces,alpha,rho,0.5,0.3,15,2130138,50,0.1,0.1,0.5020931809360532,0.3971376314283681,-37.41828961465977,2.405189784411854e-06,True,True,True,16.467986539166137,16.466838977527104,16.466830470626057,1.990171592892235,1.9902039308303607,1.9902041525889604,4.931652608059867e-06,8.119935857540083e-09,-3.2717692647565855e-05,-2.612991281125687e-07,False,False,False
ces,alpha,rho,0.5,0.3,16,2130139,50,0.1,0.1,0.49419974156699326,0.007180855003695703,-35.63721375720434,1.9486591455163183e-05,True,True,True,12.535867659706552,12.542010312889266,12.542195352509996,2.0158196415711402,2.0155887693922567,2.0155824581190607,4.460575652069291e-05,2.635175492336189e-07,0.00023157214672409054,7.487354814372793e-06,False,False,False
ces,alpha,rho,0.5,0.3,17,2130140,50,0.1,0.1,0.5145753514529671,0.4652376294761427,-38.13114945295549,8.570953963770738e-07,True,True,True,13.371094388924309,13.371186776779615,13.371185171879205,2.115785567616966,2.1157801101986773,2.1157801615890706,5.658663391854598e-06,3.6241819516434433e-09,5.655505646018355e-07,-6.086140302841159e-08,False,False,False
ces,alpha,rho,0.5,0.3,18,2130141,50,0.1,0.1,0.5028106484230253,-0.3774496456170888,-47.290458914985315,1.302800015399356e-06,True,True,True,12.76895508034756,12.768292160390065,12.768290141049663,2.073755211417735,2.073775976169725,2.073776040882126,4.6704350413422925e-06,9.302503090439381e-09,-2.8095232600833242e-05,-8.364984438458123e-08,False,False,False
ces,alpha,rho,0.5,0.3,19,2130142,50,0.1,0.1,0.5266467256868158,0.06272191686823968,-36.76514482043724,3.3681243414079998e-06,True,True,True,17.999705948793626,18.004454052709313,18.00442050745725,1.9827350122456748,1.9826199706377285,1.9826207675722858,2.9672884168236373e-06,3.457378027739846e-08,0.00013036086748741127,-9.456610001734589e-07,False,False,False
ces,alpha,rho,0.5,0.7,0,2140123,50,0.1,0.1,0.45747620888268425,0.8,-46.899603618433616,2.0837196146433175,True,True,True,14.468785846567645,14.469194024607326,14.469189315728965,2.0805527544705766,2.080540774131156,2.0805409134258728,6.888255334359944e-07,5.425444765329113e-09,1.4252593196317775e-05,-1.6507273414845258e-07,False,False,False
ces,alpha,rho,0.5,0.7,1,2140124,50,0.1,0.1,0.4902300450973451,0.3445131785099483,-36.7197561873931,2.6496671184739735e-06,True,True,True,17.668937436936602,17.667847592482502,17.667844601753814,2.080412954817775,2.0804437301485517,2.080443802462151,9.19473612547087e-06,4.304310681562912e-09,-2.633789510753104e-05,-8.602111734035134e-08,False,False,False
ces,alpha,rho,0.5,0.7,2,2140125,50,0.1,0.1,0.4993988137656841,0.8,-48.48756956324613,0.7033272844131279,True,True,True,13.59570151367041,13.595514278477992,13.595510738877449,2.056425193943952,2.056431381531179,2.0564314946152558,5.089976132964417e-07,2.3604375626519237e-09,-6.778175865918001e-06,-1.3015779387615112e-07,False,False,False
ces,alpha,rho,0.5,0.7,3,2140126,50,0.1,0.1,0.5354321345712971,0.8,-45.62611961654232,0.9048494327153505,True,True,True,12.171565351556573,12.17119372905554,12.171189781997958,2.0482462686069303,2.048259327916614,2.0482594683696904,5.502074141899775e-07,3.0932206129708537e-09,-1.5659994701877622e-05,-1.6259249946415366e-07,False,False,False
ces,alpha,rho,0.5,0.7,4,2140127,50,0.1,0.1,0.5069083842974814,0.5793910972897305,-44.674286575753804,7.189221399611528e-07,True,True,True,33.97693050129779,33.97680788577691,33.976807468722214,1.9046044127488622,1.9046075134803753,1.9046075189494733,3.5551826525421435e-06,2.127104341981497e-09,-4.4923055497747555e-08,-5.9781584127449605e-09,False,False,False
ces,alpha,rho,0.5,0.7,5,2140128,50,0.1,0.1,0.48575558263193724,0.45813640803829925,-49.208174122739976,4.206629033551418e-07,True,True,True,23.334516216975462,23.33512072200683,23.335114117194315,1.9212108786187543,1.9212003074922424,1.9212004310535336,1.7508090244950052e-06,3.7038521790271483e-09,1.3594463901256404e-05,-1.407865610758563e-07,False,False,False
ces,alpha,rho,0.5,0.7,6,2140129,50,0.1,0.1,0.4810512807699004,0.8,-51.112205368430196,1.501896637282729,True,True,True,19.49946715647247,19.499392988239503,19.499388029688394,1.9766986517786527,1.9767003518188802,1.9767004620745063,1.9735905429820266e-07,2.715559972870469e-09,-1.973722795867161e-06,-1.2735613807990376e-07,False,False,False
ces,alpha,rho,0.5,0.7,7,2140130,50,0.1,0.1,0.5337664740120732,0.7775451941534913,-42.554185455864165,1.6593911362613514e-06,True,True,True,20.855086990486384,20.854867131382747,20.85486945355155,1.9869674919456575,1.9869718412962953,1.9869717935563869,5.710911093420943e-07,2.0811458202245746e-09,-5.478523235069588e-06,5.638639777316712e-08,False,False,False
ces,alpha,rho,0.5,0.7,8,2140131,50,0.1,0.1,0.48167200839111046,0.4435199970061626,-36.73595470558021,1.936981723165718e-06,True,True,True,28.103020144230857,28.103229252156495,28.103225129163484,1.9357034987862465,1.9357007982290826,1.9357008602131445,1.5618148310768478e-06,4.333247620748962e-09,4.256257362555971e-06,-7.534708856837824e-08,False,False,False
ces,alpha,rho,0.5,0.7,9,2140132,50,0.1,0.1,0.4481150485553766,0.5641663239321626,-43.00387808195476,3.243629534370604e-06,True,True,True,18.655495927487546,18.655871268505827,18.65586580509624,2.031405572938151,2.031395237340548,2.0313953637944784,3.6954626949423055e-06,3.8824075384367625e-09,8.07282929571329e-06,-1.472665971391507e-07,False,False,False
ces,alpha,rho,0.5,0.7,10,2140133,50,0.1,0.1,0.5092787305392277,0.5993439414937307,-47.86379045220442,1.6201387178711436e-06,True,True,True,29.268787500433536,29.268535669758602,29.26853053488746,1.9292824698560458,1.929286867077388,1.9292869430646562,1.6073223013989798e-06,2.2281666958892287e-09,-3.629574536034852e-06,-8.795640837888641e-08,False,False,False
ces,alpha,rho,0.5,0.7,11,2140134,50,0.1,0.1,0.4708496498878053,0.6503795642726835,-42.131718898581305,7.1983450033505e-07,True,True,True,17.03997163603745,17.04010978124539,17.040106810070633,2.0190847728990713,2.0190812883551117,2.019081363188119,1.5358530703039401e-07,2.713325110118148e-09,4.007155354202041e-06,-8.820892816174819e-08,False,False,False
ces,alpha,rho,0.5,0.7,12,2140135,50,0.1,0.1,0.4540584585096989,0.4488840277475217,-47.2524859034059,5.546258286241947e-06,True,True,True,23.282907536697408,23.283598458984684,23.2835984434687,1.8972859776719366,1.8972742153384707,1.897274214499288,2.628086722456954e-06,2.9195331052395555e-09,1.6131126486129688e-05,-1.6325358842550486e-09,False,False,False
ces,alpha,rho,0.5,0.7,13,2140136,50,0.1,0.1,0.48731095741637276,0.7781083442176827,-44.361375220262275,4.616190598622344e-06,True,True,True,20.29019593244053,20.29032898207524,20.290325690205496,1.989923823579826,1.989920072621546,1.9899201431583458,2.087043818933415e-06,2.662075645598162e-09,2.1578344231443225e-06,-8.102988857672244e-08,False,False,False
ces,alpha,rho,0.5,0.7,14,2140137,50,0.1,0.1,0.5355369401806114,0.4544714013039424,-46.85162360664782,6.1911986489940875e-06,True,True,True,16.42035745530567,16.420498012592933,16.420500060311813,2.10468354219046,2.104677049422415,2.104676995666577,6.3928377426208446e-06,2.2650149299676966e-09,1.1476450154646045e-06,6.281633346816307e-08,False,False,False
ces,alpha,rho,0.5,0.7,15,2140138,50,0.1,0.1,0.49871259490328834,0.7319988663326368,-47.20209895324907,7.687312240222972e-06,True,True,True,20.82286463207622,20.822773018389768,20.822769544072816,2.0116398022816555,2.011640893106747,2.0116409648800433,1.8945691633642342e-06,3.021883570913485e-09,-3.2280383948091185e-06,-8.421974229122497e-08,False,False,False
ces,alpha,rho,0.5,0.7,16,2140139,50,0.1,0.1,0.5453944437310291,0.8,-41.00554473338079,0.08923699851560664,True,True,True,20.01057616609132,20.010619329170744,20.010616416328226,1.9779982084023136,1.9779977778039028,1.9779978401081975,1.1654030152177886e-06,2.9486618055336495e-09,1.5874318819442124e-06,-7.383437861108177e-08,False,False,False
ces,alpha,rho,0.5,0.7,17,2140140,50,0.1,0.1,0.4895319498056757,0.6098810668256709,-48.39450051098114,1.8627132259086827e-06,True,True,True,18.757799581568094,18.757460473804596,18.75745995017955,2.040268462271607,2.040275585534668,2.0402755974559508,1.7557072243033292e-06,1.3732159820172367e-09,-9.891621665758521e-06,-1.4190675301506417e-08,False,False,False
ces,alpha,rho,0.5,0.7,18,2140141,50,0.1,0.1,0.5056356588576989,0.7072316269797281,-38.671556203510015,2.671678481017015e-06,True,True,True,19.669251520764817,19.669397820517606,19.669399675513226,2.020552271682282,2.020549792597372,2.020549752646796,1.7481622649188471e-06,3.135106425695262e-09,4.6321271511828854e-06,4.8313907541341905e-08,False,False,False
ces,alpha,rho,0.5,0.7,19,2140142,50,0.1,0.1,0.4681107223103809,0.8,-51.845090679213946,5.789352499624729,True,True,True,20.453384846595682,20.45368217529833,20.453680505901914,1.9702953176678029,1.9702891780167913,1.9702892133864907,4.468062041611236e-07,1.300388758850402e-09,7.427357125777689e-06,-4.0897511155435495e-08,False,False,False
ces,alpha,rho,0.75,-0.7,0,2150123,50,0.1,0.1,0.7995381951320857,-0.5952468413254245,-44.13923215925525,2.1441267236887657e-06,True,True,True,4.223815127422485,4.223730032822398,4.223725702504467,2.5932149243987053,2.593214480372182,2.5932149203948502,2.1205230136645375e-05,1.4143349621532185e-08,-2.1176432234426557e-05,-5.186412010971253e-07,False,False,False
ces,alpha,rho,0.75,-0.7,1,2150124,50,0.1,0.1,0.7180082668073188,-0.3179575062534148,-38.45310231158839,5.788392252167827e-06,True,True,True,9.97054693270507,9.971087325024671,9.971087737222447,2.2896794379287364,2.289649609391058,2.2896495891654953,1.4493175179550206e-05,7.512691630805152e-09,1.987407619452597e-05,1.8053761152714287e-08,False,False,False
ces,alpha,rho,0.75,-0.7,2,2150125,50,0.1,0.1,0.7511892235483114,-0.6956408542266044,-43.703960581454524,1.328890640088566e-06,True,True,True,7.531818939766955,7.531534138683876,7.531532743351098,2.4797965272706333,2.4797998387218154,2.479799912924099,3.0239617788947637e-05,1.619386548782636e-08,-3.410115766655508e-05,-9.983689608361601e-08,False,False,False
ces,alpha,rho,0.75,-0.7,3,2150126,50,0.1,0.1,0.7268809234330235,-0.3717872976938226,-45.1978635135878,7.131712341773686e-06,True,True,True,10.172986998211623,10.172672056240621,10.172672865185904,2.2129569626435748,2.2129632303337496,2.2129631912105756,1.654545775699915e-05,1.2117369829648893e-08,-2.3708707715286437e-05,3.447919993959658e-08,False,False,False
ces,alpha,rho,0.75,-0.7,4,2150127,50,0.1,0.1,0.7535347675164985,-0.8,-38.61285965737567,0.7096154952535586,True,True,True,5.851011203749374,5.851009469535885,5.8510083092737135,2.43734613885585,2.437338219491816,2.437338299525658,1.8545521711255905e-05,1.5638799633107065e-08,-9.520059194301211e-06,-1.061588505990585e-07,False,False,False
ces,alpha,rho,0.75,-0.7,5,2150128,50,0.1,0.1,0.7263783691392467,-0.8,-41.03635142732756,0.7857346489017991,True,True,True,9.071599921916711,9.071660941279218,9.071657444207553,2.238543485116578,2.2385380285348027,2.2385381897414978,6.018388445048856e-06,1.5226182111120087e-08,2.4437419909872915e-07,-1.9989809629805677e-07,False,False,False
ces,alpha,rho,0.75,-0.7,6,2150129,50,0.1,0.1,0.7541977609691017,0.01920367542821742,-51.300771615299546,1.8003678641848267e-05,True,True,True,9.894787082682546,9.89896221963253,9.89894819588221,2.225018138111701,2.224830317231613,2.2248309168416416,1.2389130259058557e-05,3.768022262925622e-08,0.00020490104765968908,-7.263633889920129e-07,False,False,False
ces,alpha,rho,0.75,-0.7,7,2150130,50,0.1,0.1,0.7764381507237735,-0.8,-48.16570527164123,3.095051457791204,True,True,True,8.895695931021598,8.895759954695343,8.895758276881981,2.3708843618143534,2.370866472250762,2.370866544437456,3.404762360576789e-05,2.4320525053462222e-08,-1.3504495576910358e-05,-1.0550022722100039e-07,False,False,False
ces,alpha,rho,0.75,-0.7,8,2150131,50,0.1,0.1,0.7687186062940179,-0.7931358259634547,-50.02956436666548,3.522923622456373e-07,True,True,True,7.686558209769258,7.686395636617132,7.68639173006645,2.529912630506433,2.5299051172049642,2.52990532827668,3.854518909404607e-05,2.4302844256599548e-08,-3.0065786916111392e-05,-2.6523704832470685e-07,False,False,False
ces,alpha,rho,0.75,-0.7,9,2150132,50,0.1,0.1,0.740648591664713,-0.7389125327581404,-48.32158940723077,3.4771104100363923e-06,True,True,True,6.696336111035617,6.696207538318356,6.696206455018814,2.367663116351348,2.3676643550061964,2.36766441944749,1.636496640075716e-05,1.4765177743319752e-08,-1.7862175091920562e-05,-8.758730274394111e-08,False,False,False
ces,alpha,rho,0.75,-0.7,10,2150133,50,0.1,0.1,0.7716417848751311,-0.8,-30.48787573919544,0.6390823745807864,True,True,True,7.209473051025622,7.209138682609014,7.209135112027104,2.3744336868051086,2.3744389614663515,2.374439166037748,3.428351144434846e-05,2.558159225127594e-08,-4.056719836498246e-05,-2.597641035606557e-07,False,False,False
ces,alpha,rho,0.75,-0.7,11,2150134,50,0.1,0.1,0.735580156033467,-0.6648019870470714,-46.30984361425645,7.360207611428996e-07,True,True,True,8.980638382361434,8.98039744347701,8.980397465351249,2.3660872762587757,2.366088661696,2.366088655086878,2.3653303131298354e-05,1.464319358046128e-08,-2.5239193107040592e-05,-5.173262707103277e-09,False,False,False
ces,alpha,rho,0.75,-0.7,12,2150135,50,0.1,0.1,0.6851862248289403,-0.06431303153054345,-37.180503591027815,9.152496538777438e-07,True,True,True,11.281236499471126,11.277526491530471,11.27752994197967,2.2707986088312193,2.270935545993826,2.2709354144632563,1.3792468331578723e-05,1.4341359796913496e-08,-0.00017111018902937758,1.5452776835900295e-07,False,False,False
ces,alpha,rho,0.75,-0.7,13,2150136,50,0.1,0.1,0.7409596454304799,-0.7618383745894634,-48.29440985011038,4.9032314199108625e-06,True,True,True,7.354475203344547,7.3546701740232825,7.354672997002955,2.358229278767035,2.358208138690778,2.3582079660275523,2.2180968890326216e-05,1.5485749083200807e-08,2.356766884759054e-06,1.8504901788674033e-07,False,False,False
ces,alpha,rho,0.75,-0.7,14,2150137,50,0.1,0.1,0.7528813390088164,-0.4128547473205327,-47.56367281961417,9.4598298657149e-08,True,True,True,7.851355419602258,7.851426161422561,7.851427663788518,2.327807188821148,2.327799377462482,2.3277992919016177,9.011154890970208e-06,7.90789832001201e-09,1.0978534703554033e-07,9.284382684882075e-08,False,False,False
ces,alpha,rho,0.75,-0.7,15,2150138,50,0.1,0.1,0.7641203835215605,-0.5283065319219724,-43.3562134865998,4.6246726221811713e-07,True,True,True,7.74722652291682,7.747061200850609,7.747059947433816,2.4189275369227765,2.418926278114266,2.4189263445107243,2.4274329524591203e-05,1.1640918859969875e-08,-2.2874351607526933e-05,-8.535081974514469e-08,False,False,False
ces,alpha,rho,0.75,-0.7,16,2150139,50,0.1,0.1,0.7077975636322339,0.1681099970745547,-44.041008564664104,1.4841713865457788e-06,True,True,True,6.587588838464778,6.587443323104332,6.587429232966163,2.3624133393047893,2.3624191066734395,2.3624200317431265,8.95248352186021e-06,1.361912672992753e-08,-1.6523551074953957e-05,-1.073915257165936e-06,False,False,False
ces,alpha,rho,0.75,-0.7,17,2150140,50,0.1,0.1,0.7443146410467418,-0.8,-45.170901433904106,0.7867515563538788,True,True,True,8.886819561864176,8.886750750925684,8.886746262520969,2.4340579131153,2.434046840709685,2.434047051665951,3.329788968269935e-05,2.1014714120305e-08,-2.075283595104338e-05,-2.6219476723099433e-07,False,False,False
ces,alpha,rho,0.75,-0.7,18,2150141,50,0.1,0.1,0.7675973534354551,-0.5388549541422887,-41.088036883861626,3.309146354201376e-06,True,True,True,7.53639570025548,7.536243426803104,7.536241543496439,2.312588194790746,2.3125873789161973,2.3125874820584857,2.2106864369979026e-05,1.4415371414293358e-08,-2.1275744018112164e-05,-1.3115300845356614e-07,False,False,False
ces,alpha,rho,0.75,-0.7,19,2150142,50,0.1,0.1,0.7583627204895799,-0.8,-47.546032019684944,0.6426574402218729,True,True,True,10.833198381910652,10.833357517398419,10.833352315815436,2.228030804732003,2.228014247442698,2.2280144469843868,2.3458252111744172e-05,2.2201067164952116e-08,-4.623193341046772e-06,-2.5041430973260503e-07,False,False,False
ces,alpha,rho,0.75,-0.3,0,2160123,50,0.1,0.1,0.7241248070432941,-0.20204107162736237,-42.910197068330056,5.0406797607762965e-06,True,True,True,16.145231975274534,16.144991237144495,16.144988344028793,2.2429671346559408,2.2429642992541425,2.242964372945339,2.1532094852079665e-05,1.181960049575466e-08,-1.8269631809175735e-05,-9.435575520910788e-08,False,False,False
ces,alpha,rho,0.75,-0.3,1,2160124,50,0.1,0.1,0.7518741693842286,0.048193802346241,-46.804951956570505,1.7174752745168972e-06,True,True,True,11.97381100823489,11.976926417767391,11.976910281924011,2.2670023126375622,2.2668823592100775,2.266882944651817,1.619329609734928e-05,1.1641031027393818e-08,0.0001213767339791616,-6.732302892942243e-07,False,False,False
ces,alpha,rho,0.75,-0.3,2,2160125,50,0.1,0.1,0.7114028229279091,-0.21136416301759625,-46.522098019481476,9.321852898441615e-06,True,True,True,8.833350651956597,8.834463966626819,8.834458330762,2.218897792888849,2.218837039073676,2.218837314615028,1.3962633212694594e-05,8.810315419206673e-09,5.576130729423312e-05,-3.2071227451524464e-07,False,False,False
ces,alpha,rho,0.75,-0.3,3,2160126,50,0.1,0.1,0.7264225054427595,-0.6075744129587068,-45.46026074098142,6.748582328097498e-06,True,True,True,8.69818939678164,8.697927648345832,8.697925417766525,2.3314956707762398,2.331498023180121,2.3314981285141894,2.4699825181200634e-05,1.53989980777302e-08,-2.7519616715210304e-05,-1.3517922070604982e-07,False,False,False
ces,alpha,rho,0.75,-0.3,4,2160127,50,0.1,0.1,0.742730717548305,-0.08504022486245041,-50.596149345133476,3.1802562541482856e-06,True,True,True,13.588468939854328,13.58769258093661,13.58768371042854,2.237214624500731,2.2372343667096177,2.2372346473052964,1.1689045194896734e-05,9.842196807637433e-09,-3.473601734071963e-05,-3.2978652342308123e-07,False,False,False
ces,alpha,rho,0.75,-0.3,5,2160128,50,0.1,0.1,0.7619814731009095,-0.1674173990005204,-45.33659930064582,8.455533192057775e-07,True,True,True,6.442167730739519,6.44318998883626,6.443178149888872,2.257028543392373,2.2569577623553494,2.2569585594878414,4.418037351881579e-06,1.2582443448123885e-08,7.626034241070556e-05,-9.197047035058858e-07,False,False,False
ces,alpha,rho,0.75,-0.3,6,2160129,50,0.1,0.1,0.7657945826857505,-0.3332640309692279,-39.57654295974935,1.130120399090318e-06,True,True,True,10.1046920481254,10.104715052187833,10.104721083802549,2.3462385870215883,2.3462279589905517,2.346227696139625,2.2233462765543637e-05,1.2310963600341166e-08,-9.665110745515904e-06,2.9429242687228907e-07,False,False,False
ces,alpha,rho,0.75,-0.3,7,2160130,50,0.1,0.1,0.7030060374938718,-0.14619873533943378,-36.81420485241336,2.528673753840031e-07,True,True,True,11.549284466321343,11.549454765423848,11.549462451822489,2.103406135884405,2.103401594069632,2.1034012984708954,4.592334622460826e-06,1.6799217562782564e-08,9.841557954359814e-06,3.251996290032366e-07,False,False,False
ces,alpha,rho,0.75,-0.3,8,2160131,50,0.1,0.1,0.7587345984674523,-0.3284412401907297,-51.78762578448501,5.868784062888165e-06,True,True,True,12.557186435219949,12.556987588078957,12.556983819278267,2.346597659278283,2.3465926541459403,2.3465927800038893,2.7452434872195587e-05,1.4348926741779637e-08,-2.175305941420902e-05,-1.5523646368365007e-07,False,False,False
ces,alpha,rho,0.75,-0.3,9,2160132,50,0.1,0.1,0.7241146719310532,0.0045181443041391175,-46.96598804899418,6.517591467934992e-06,True,True,True,13.737992591644637,13.780857125750984,13.781211253846466,2.140586930216618,2.1392310758177273,2.1392198762471075,2.46164215536924e-05,2.13239694413375e-07,0.0015671055536969902,1.2802789967736317e-05,False,False,False
ces,alpha,rho,0.75,-0.3,10,2160133,50,0.1,0.1,0.7595724354479031,0.2460239934405286,-51.604182973461825,8.204999740419577e-07,True,True,True,11.162986857418371,11.162676063754967,11.162672519231407,2.2841523323346467,2.284161199559132,2.284161336000865,7.519529294049205e-06,5.839150290717244e-09,-1.7793510423302905e-05,-1.6044919703972482e-07,False,False,False
ces,alpha,rho,0.75,-0.3,11,2160134,50,0.1,0.1,0.7817370447194001,-0.2720188981318792,-39.76313649630822,2.1317051813535565e-06,True,True,True,8.535209006792742,8.534838465937275,8.534830999003162,2.391834450624904,2.391845652186488,2.3918460279105793,1.7684194024456687e-05,1.2900702084590352e-08,-3.09601911254731e-05,-4.4230906581788076e-07,False,False,False
ces,alpha,rho,0.75,-0.3,12,2160135,50,0.1,0.1,0.7875222160291406,-0.6798387237561858,-49.77123074669295,2.4239923565625576e-06,True,True,True,9.769455249760616,9.769588509127537,9.76958339679754,2.4983208761536986,2.4982980861652595,2.498298304280566,3.896678420951995e-05,2.4161617622510584e-08,-1.2869803505566324e-05,-2.721758178836353e-07,False,False,False
ces,alpha,rho,0.75,-0.3,13,2160136,50,0.1,0.1,0.7848255177031711,-0.4878661573529363,-42.18746710612517,4.606712193390894e-06,True,True,True,5.550454919336236,5.550859922397819,5.55085589912014,2.4766971027471674,2.4766588135444425,2.4766591238990667,1.5216319597584115e-05,1.3123537627354964e-08,2.8515314042465434e-05,-3.674938966469199e-07,False,False,False
ces,alpha,rho,0.75,-0.3,14,2160137,50,0.1,0.1,0.7747213883544902,0.03277282770769037,-47.420704823221776,7.558021570917915e-06,True,True,True,6.269602574430535,6.2645566136438475,6.264491222887191,2.448317472505323,2.4486620213331625,2.448666549559381,1.2248211083629342e-05,3.955435558859441e-08,-0.000413701952162171,-5.224951252102983e-06,False,False,False
ces,alpha,rho,0.75,-0.3,15,2160138,50,0.1,0.1,0.7581921298099492,0.21599270266545462,-48.642757034968824,6.219684607324559e-07,True,True,True,7.537777408534108,7.538536765725574,7.538532236496873,2.3334478980808493,2.333402142967295,2.3334024007438234,4.659073036062021e-06,7.955761984366242e-09,4.775356918429452e-05,-3.040340388338336e-07,False,False,False
ces,alpha,rho,0.75,-0.3,16,2160139,50,0.1,0.1,0.7368595041850258,-0.231203847289264,-34.65139984638333,1.910507910424842e-06,True,True,True,6.991086282808162,6.990962553207508,6.990962643484931,2.329692678771412,2.329695535714981,2.3296955257666623,1.114317106006425e-05,1.1229902644142234e-08,-1.4407712662034555e-05,1.4600232134398539e-09,False,False,False
ces,alpha,rho,0.75,-0.3,17,2160140,50,0.1,0.1,0.7709970803070719,-0.48115768533825626,-45.84839853983077,9.96547269282092e-07,True,True,True,11.305307018604452,11.305350951055695,11.30534840307715,2.290294134381972,2.2902789434325483,2.290279034304903,3.11694059254626e-05,1.9151683789022652e-08,-1.372398936183572e-05,-1.207574626960195e-07,False,False,False
ces,alpha,rho,0.75,-0.3,18,2160141,50,0.1,0.1,0.716442536058292,-0.03163490782293627,-44.47828217353963,2.315141999466288e-05,True,True,True,14.943220066011124,14.950435287104728,14.950452319287422,2.2016037987265515,2.2013856954998245,2.201385207687471,1.998811036523881e-05,1.9696116147537854e-08,0.00023220293477521636,5.776278868552254e-07,False,False,False
ces,alpha,rho,0.75,-0.3,19,2160142,50,0.1,0.1,0.7347809511410315,-0.24232316236056098,-45.43991438189258,2.842392978972386e-07,True,True,True,9.61161688254447,9.610735683086407,9.61073179006804,2.2278954257142827,2.2279243164479183,2.227924490051574,2.523740639632531e-05,1.0140022620124696e-08,-5.862838604997478e-05,-2.0520123911182964e-07,False,False,False
ces,alpha,rho,0.75,-0.1,0,2170123,50,0.1,0.1,0.7680214859070957,-0.8,-48.976152184224915,0.899346158433952,True,True,True,5.605947522035415,5.605992101408656,5.605993736607231,2.510746838291215,2.5107303393070466,2.5107302061611785,3.0100749660857506e-05,1.7117702942877656e-08,-1.0904634649477885e-05,1.3839775192536763e-07,False,False,False
ces,alpha,rho,0.75,-0.1,1,2170124,50,0.1,0.1,0.7502020470757356,0.2574261160745597,-42.554042871338844,4.436668044663101e-06,True,True,True,10.511869154819054,10.511575135791055,10.511552540213966,2.2960350378762513,2.296044246794391,2.2960451784351914,6.93078722439709e-06,1.2194154871916665e-08,-1.8445428388247365e-05,-1.0770012295324705e-06,False,False,False
ces,alpha,rho,0.75,-0.1,2,2170125,50,0.1,0.1,0.7375638000892732,-0.514581255715904,-50.96741044820734,2.462686693067463e-06,True,True,True,17.36039459838874,17.360630157715466,17.36062328785096,2.1526385482209265,2.1526233344088386,2.152623499164986,2.147901850855019e-05,1.8439612400850653e-08,-4.1528960110781554e-06,-2.060327162212161e-07,False,False,False
ces,alpha,rho,0.75,-0.1,3,2170126,50,0.1,0.1,0.7469132759272863,0.3371220326009157,-49.98394542409693,4.9777765992972505e-06,True,True,True,13.68445990674188,13.684163647102842,13.684161807237652,2.1926745167780295,2.1926811753734667,2.1926812338413137,6.37776503000289e-06,4.711800274234808e-09,-1.4050729923553718e-05,-6.71385578243644e-08,False,False,False
ces,alpha,rho,0.75,-0.1,4,2170127,50,0.1,0.1,0.7532343814416358,-0.7587340012527021,-40.00716954247342,2.714282550885238e-07,True,True,True,9.234337454653964,9.234461266962102,9.234456017018989,2.4117172883006237,2.4116934194060238,2.4116936556557165,4.166997654209901e-05,2.6730930996026748e-08,-1.4368877273795988e-05,-2.965240994967644e-07,False,False,False
ces,alpha,rho,0.75,-0.1,5,2170128,50,0.1,0.1,0.7495343824859301,-0.04975054702483854,-48.2147046776523,4.738465082028704e-06,True,True,True,14.669305466009137,14.671074523253465,14.671045455948283,2.1784523813836367,2.178394607111521,2.1783954580570875,1.2679042373718395e-05,2.7080773982916646e-08,5.3071901092494045e-05,-1.001580955062309e-06,False,False,False
ces,alpha,rho,0.75,-0.1,6,2170129,50,0.1,0.1,0.7604329234657078,-0.02619737688948562,-48.5526340032915,5.064540078690144e-06,True,True,True,8.811926806041551,8.805632534375777,8.805680598669065,2.287105165521449,2.2874131277707797,2.28741078275221,6.560355006116078e-06,6.577023249647069e-08,-0.00035723209694538127,2.7585405319996426e-06,False,False,False
ces,alpha,rho,0.75,-0.1,7,2170130,50,0.1,0.1,0.7543026067857488,-0.13763242228869785,-45.81279013274069,3.2666617879887216e-06,True,True,True,6.523762442449803,6.5236855058212955,6.523670685769701,2.341016914318675,2.341024572415801,2.341025555835606,6.266704980427957e-06,1.2687338483275174e-08,-4.116178956792282e-06,-1.1395286136917093e-06,False,False,False
ces,alpha,rho,0.75,-0.1,8,2170131,50,0.1,0.1,0.7422242269942793,-0.24262393705373184,-45.44923496498244,5.355466939379893e-06,True,True,True,13.980730385038756,13.980598007465046,13.980599940759836,2.227524257265852,2.2275188191787154,2.2275187567244377,2.2016034293936506e-05,9.170822784873493e-09,-1.566306656997085e-05,6.638097715949698e-08,False,False,False
ces,alpha,rho,0.75,-0.1,9,2170132,50,0.1,0.1,0.7689211133360446,0.4077332954206403,-49.186626425105054,2.2396077095463274e-06,True,True,True,9.619323407764343,9.61878306971891,9.61878536218092,2.252036714835703,2.2520628289961966,2.252062723763785,4.119728266255252e-06,4.27365153556958e-09,-2.599150757021107e-05,1.1717848735770531e-07,False,False,False
ces,alpha,rho,0.75,-0.1,10,2170133,50,0.1,0.1,0.7319015212132137,-0.33626530304161006,-44.11457363845883,1.1077497980137668e-05,True,True,True,2.6295497996392774,2.6288560540587613,2.6288564591821952,2.849013512645108,2.849116540853016,2.849116470733212,2.6796587014533887e-05,1.0535172732948647e-08,-0.0001451725737311449,7.337793306305684e-08,False,False,False
ces,alpha,rho,0.75,-0.1,11,2170134,50,0.1,0.1,0.7683767082898773,-0.38834256423403046,-47.02125877737456,4.7500193754098823e-07,True,True,True,4.520084323567282,4.51981136296808,4.519817766384553,2.676364626514888,2.6763807602483234,2.676380142248335,2.3334392376239837e-05,1.0151928815807249e-08,-4.111031851294911e-05,7.052444033206484e-07,False,False,False
ces,alpha,rho,0.75,-0.1,12,2170135,50,0.1,0.1,0.7022878208367107,0.10067996213381238,-43.960393498317075,2.969567133551184e-06,True,True,True,17.315818367069742,17.31395068331605,17.313944655587925,2.0643018126218804,2.0643458837477016,2.064346032275939,6.535351232019311e-06,9.450978753792175e-09,-5.730417809957089e-05,-1.771434625652546e-07,False,False,False
ces,alpha,rho,0.75,-0.1,13,2170136,50,0.1,0.1,0.7497471203664237,-0.038966656832059646,-42.35766811885615,1.758769103600057e-06,True,True,True,8.269931758535897,8.27435723415827,8.274365381917608,2.2801322467507883,2.2798979588093045,2.2798975218222726,5.320409107742724e-06,2.2291351895349993e-08,0.0002657329415782783,4.815995779949844e-07,False,False,False
ces,alpha,rho,0.75,-0.1,14,2170137,50,0.1,0.1,0.7308538747152857,0.13014302572203748,-45.65433487438443,8.300898594626102e-06,True,True,True,11.819878768290366,11.822020130451186,11.822034854835536,2.258232259633832,2.258148791994396,2.2581482505064847,1.1141190934478921e-05,9.572484106454882e-09,8.567618292687484e-05,6.220931609846048e-07,False,False,False
ces,alpha,rho,0.75,-0.1,15,2170138,50,0.1,0.1,0.7716530737929578,-0.48161496415540683,-49.5158980748829,5.342611653865404e-06,True,True,True,9.03900358588132,9.039149463726448,9.039150087751674,2.4012272014660496,2.4012096733136734,2.40120963812925,2.426729491645063e-05,1.4580421615117056e-08,-4.012924520679917e-06,2.852826952448595e-08,False,False,False
ces,alpha,rho,0.75,-0.1,16,2170139,50,0.1,0.1,0.7521341130921224,0.15436068277937307,-45.76151657945167,7.263756615073751e-06,True,True,True,7.581128904386334,7.582153282226017,7.582134301637176,2.3875235378017345,2.387461361372333,2.387462448416787,8.094536056023737e-06,1.0687310774492852e-08,6.227786202117613e-05,-1.251821288406063e-06,False,False,False
ces,alpha,rho,0.75,-0.1,17,2170140,50,0.1,0.1,0.7415181988701073,-0.22795654594148515,-48.47622681243838,9.898914845285267e-06,True,True,True,8.366881031803446,8.366991121828608,8.366994127443895,2.2353231663941053,2.2353132603494648,2.2353131025920687,9.662547985704898e-06,7.019119209694756e-09,1.9305892635657074e-06,1.7759797543703826e-07,False,False,False
ces,alpha,rho,0.75,-0.1,18,2170141,50,0.1,0.1,0.7352704129774622,0.033656228036660046,-51.5130096120659,4.240947696450651e-06,True,True,True,11.596896322557741,11.59454409212695,11.59457005175213,2.2141602310636084,2.214246908741723,2.2142459347999943,3.573299205145619e-06,1.5786736247875238e-08,-0.00010194430618071237,1.1176574261639871e-06,False,False,False
ces,alpha,rho,0.75,-0.1,19,2170142,50,0.1,0.1,0.7158964620188147,-0.04876586263811728,-41.183015664005694,1.0424717765037812e-06,True,True,True,15.984809635773034,15.985887934673572,15.985867122045127,2.1495439315143785,2.149511465145836,2.1495120259183254,7.329862878141517e-06,1.7210190312573495e-08,2.9420836959559438e-05,-6.563252554769861e-07,False,False,False
ces,alpha,rho,0.75,0.3,0,2180123,50,0.1,0.1,0.7450922485179613,0.538341546777541,-47.404127252396435,2.2814203928910754e-06,True,True,True,8.895207671499955,8.895109636478407,8.895105601676436,2.2732428187325913,2.273246035213374,2.273246231223008,3.830254311466278e-06,5.005763546170169e-09,-7.545989262780495e-06,-2.2793344811589122e-07,False,False,False
ces,alpha,rho,0.75,0.3,1,2180124,50,0.1,0.1,0.710709966950439,0.13357032883878023,-47.124631319028204,5.658316411816478e-06,True,True,True,17.974288605101158,17.974756344604938,17.97475499513355,2.0821139888645863,2.082102610717952,2.0821026430681124,1.2165875519062736e-06,5.688751804105872e-09,1.2884953676461919e-05,-3.7831419774647657e-08,False,False,False
ces,alpha,rho,0.75,0.3,2,2180125,50,0.1,0.1,0.7539188394148466,0.0995920732022107,-49.188198010894716,1.240639409558069e-05,True,True,True,12.205882029285345,12.20680694531828,12.20680722486153,2.1779522557308644,2.1779144590862596,2.1779144499283785,1.1327847404882825e-05,7.458855441765968e-09,3.2270746423535e-05,1.235720503700577e-08,False,False,False
ces,alpha,rho,0.75,0.3,3,2180126,50,0.1,0.1,0.7339803122218105,0.4442595107025172,-46.69870401755445,1.6098458656515905e-06,True,True,True,7.229724258198403,7.229367728671005,7.229370549172637,2.3362544442170874,2.3362743101923145,2.3362741410902896,3.659742336512349e-06,4.346240941393583e-09,-2.6248609628964914e-05,1.9545901608353233e-07,False,False,False
ces,alpha,rho,0.75,0.3,4,2180127,50,0.1,0.1,0.7495801297088792,0.5504226970495676,-47.919282299761996,9.78087304490321e-07,True,True,True,5.348213789570585,5.348136877716931,5.348138303437132,2.357159813755169,2.35716615369123,2.357166036987895,2.6073712499658195e-07,2.5039457713609257e-09,-6.949608156503473e-06,1.3222287975622748e-07,False,False,False
ces,alpha,rho,0.75,0.3,5,2180128,50,0.1,0.1,0.7295495147905235,0.8,-41.25475751236347,1.4517896502930492,True,True,True,8.086879994467818,8.087052475851873,8.087054262705015,2.2852275505807005,2.2852179845333,2.2852178883149716,1.1322309523005828e-06,2.712670765115847e-09,1.0425175368311557e-05,1.101768631883715e-07,False,False,False
ces,alpha,rho,0.75,0.3,6,2180129,50,0.1,0.1,0.7166032347656054,0.6024455218877255,-40.420418662468904,1.4143415178178263e-06,True,True,True,9.171411326883732,9.171623297710774,9.171623515925774,2.3088439849261544,2.3088360215055532,2.3088360113272985,4.831210555189055e-06,2.9615631264865933e-09,1.3955707800050732e-05,1.207425981419874e-08,False,False,False
ces,alpha,rho,0.75,0.3,7,2180130,50,0.1,0.1,0.8015431309770148,-0.4468154087751753,-40.72190757714199,2.3963942583842978e-06,True,True,True,4.181085572187596,4.181016841668506,4.181025019780509,2.6386250535097004,2.638620807697488,2.638619955008432,2.6333226310074962e-05,1.2649573372642727e-08,-2.0352431988612807e-05,9.743138278395236e-07,False,False,False
ces,alpha,rho,0.75,0.3,8,2180131,50,0.1,0.1,0.7544068335592763,0.00920856026566164,-44.600324168671484,1.8047493506031097e-05,True,True,True,11.123622563118182,11.124574150130318,11.124486886241309,2.2577977735906427,2.25776262143303,2.25776600245759,1.1804680517205425e-05,7.599723158634659e-08,4.11206994215263e-05,-3.951727734374799e-06,False,False,False
ces,alpha,rho,0.75,0.3,9,2180132,50,0.1,0.1,0.8029143760842099,-0.37615121554357084,-56.63727652735244,7.804334369294554e-07,True,True,True,4.827240110918337,4.8272404700655125,4.827237726602107,2.592823233089511,2.59281131415721,2.592811556715596,2.7536762925500578e-05,1.4084590205149823e-08,-1.3936851871676481e-05,-2.890740518068924e-07,False,False,False
ces,alpha,rho,0.75,0.3,10,2180133,50,0.1,0.1,0.7718301742002031,-0.6177378726546122,-39.81222798053935,5.383387074291374e-07,True,True,True,4.1717803163563785,4.172403340975291,4.172393910925302,2.5292996749743555,2.5292264679330043,2.5292274448884164,1.9265931892623485e-05,1.3804063512172981e-08,6.391341101874559e-05,-1.1353413569281656e-06,False,False,False
ces,alpha,rho,0.75,0.3,11,2180134,50,0.1,0.1,0.7880704634876716,0.7053950135327933,-44.13858101156555,3.3489447781400665e-06,True,True,True,6.78704575673483,6.7874460450941845,6.787446751677527,2.3669957163138275,2.3669708897113906,2.3669708441632973,1.830871089925164e-06,9.88834201916551e-10,3.0445531777445467e-05,5.1662318867329304e-08,False,False,False
ces,alpha,rho,0.75,0.3,12,2180135,50,0.1,0.1,0.7137116112839391,0.49105958945683914,-49.33949374420564,1.7580477192348781e-06,True,True,True,18.30429404114417,18.305086091092182,18.305084206720107,2.1432396627855637,2.1432201927579633,2.1432202373998934,1.6846526553192872e-06,2.587185743823976e-09,2.0803083998544025e-05,-5.154662119366549e-08,False,False,False
ces,alpha,rho,0.75,0.3,13,2180136,50,0.1,0.1,0.726829746858617,-0.010993454635430258,-47.27166389449041,3.133205448032296e-06,True,True,True,15.585270271097178,15.574870487074424,15.574870065027877,2.210030135714964,2.2103164863745968,2.2103165049038376,9.211173114909303e-06,1.782864589175513e-08,-0.00033783799693765104,-5.765343757957453e-09,False,False,False
ces,alpha,rho,0.75,0.3,14,2180137,50,0.1,0.1,0.7566596977396307,0.11487420035745986,-37.136761359304906,4.188687093736081e-06,True,True,True,5.735470677378649,5.738885392558588,5.738856131237435,2.4277835613387957,2.427523337576772,2.4275255458717417,5.46357227436462e-06,2.3738446894428104e-08,0.0002930406687440268,-2.5564006946865447e-06,False,False,False
ces,alpha,rho,0.75,0.3,15,2180138,50,0.1,0.1,0.7573817812862076,0.07778484492680814,-47.97994000580333,3.2143421201865664e-06,True,True,True,13.51816073932503,13.520937712944242,13.520921592168012,2.170695394981283,2.1706077506379384,2.1706082621323475,3.969467736647709e-06,1.813846754271169e-08,0.00010389662354270968,-6.034034285562484e-07,False,False,False
ces,alpha,rho,0.75,0.3,16,2180139,50,0.1,0.1,0.738425704622134,0.38480700389461503,-41.329767659737534,4.727245680425423e-06,True,True,True,18.14044444573708,18.140312041421723,18.140311565137836,2.1121367126945607,2.1121393095692826,2.1121393209928665,1.327212880667182e-06,2.991297062322485e-09,-4.322214060437091e-06,-1.3103665708058543e-08,False,False,False
ces,alpha,rho,0.75,0.3,17,2180140,50,0.1,0.1,0.727492513645815,0.40912305633131407,-49.978705531638944,1.563654188848586e-06,True,True,True,14.24815261160205,14.248921743826656,14.24891549978138,2.1661353239526284,2.1661120440292487,2.166112232906647,5.261339480116824e-07,4.982003046477417e-09,2.695697146037901e-05,-2.207587286306989e-07,False,False,False
ces,alpha,rho,0.75,0.3,18,2180141,50,0.1,0.1,0.7678783837018901,-0.1538009436236536,-42.1246796123777,4.328274151392212e-06,True,True,True,6.838582054706604,6.836490500895993,6.8364755783524,2.4994544865638515,2.4995788654369133,2.499579810452017,1.9663392481212608e-05,1.325256044165861e-08,-0.00016379122622112163,-1.0947919122372696e-06,False,False,False
ces,alpha,rho,0.75,0.3,19,2180142,50,0.1,0.1,0.7831076908597502,-0.16513492538605493,-51.926583142194936,3.834365711715143e-06,True,True,True,7.334482203188548,7.333708652139374,7.333704174527947,2.481832265571988,2.4818695969790263,2.481869858821461,1.964826342423547e-05,1.2208018284286045e-08,-6.280299749050755e-05,-3.090950713158236e-07,False,False,False
ces,alpha,rho,0.75,0.7,0,2190123,50,0.1,0.1,0.7639877787199782,0.7066558456347878,-50.94731045678728,7.641968879671887e-07,True,True,True,12.981435100659224,12.98172169255382,12.981714929502678,2.2081897949329945,2.20818022750068,2.2081804533488665,8.657803229512133e-07,3.5901201349201637e-09,1.0800950711598034e-05,-2.60950002939353e-07,False,False,False
ces,alpha,rho,0.75,0.7,1,2190124,50,0.1,0.1,0.7185231251237729,0.6043830642328487,-51.215016562850074,2.0663542992515723e-06,True,True,True,6.0217087738493955,6.021780570099645,6.021779792157866,2.3342785644305493,2.334273548977745,2.334273604860319,3.8131380826954813e-07,7.972022189697775e-10,6.083727782879578e-06,-6.485081627261025e-08,False,False,False
ces,alpha,rho,0.75,0.7,2,2190125,50,0.1,0.1,0.720690091996974,0.8,-33.61881051131671,1.8773245891616834,True,True,True,17.928773750701954,17.928891552710947,17.92889290444628,2.124690491566516,2.1246874330651577,2.124687400197223,8.327943825138505e-07,9.316718426256089e-10,3.086858072265386e-06,3.75536401975296e-08,False,False,False
ces,alpha,rho,0.75,0.7,3,2190126,50,0.1,0.1,0.7377231330113124,0.7692703636109656,-46.54567327087889,1.9907880820997406e-07,True,True,True,9.599103317787922,9.598789485526243,9.598786093911674,2.2988290569337106,2.298842862678707,2.2988430160586018,1.1903813063231655e-06,2.506922225801994e-09,-1.6976750167430055e-05,-1.767526711660139e-07,False,False,False
ces,alpha,rho,0.75,0.7,4,2190127,50,0.1,0.1,0.7328532815753231,0.8,-45.47456002938615,0.21911396078573173,True,True,True,11.698348274179844,11.698358852509761,11.698358634529242,2.223911707341464,2.22391074142387,2.2239107501125566,1.7069234804071996e-06,2.415178775508385e-09,-2.164259242931621e-07,-8.630209435978031e-09,False,False,False
ces,alpha,rho,0.75,0.7,5,2190128,50,0.1,0.1,0.7575127666135563,0.656822849830721,-47.99932404131787,2.7328197821862243e-07,True,True,True,7.143298203130762,7.143807376838679,7.143806002390724,2.4018369223356504,2.4018052599255464,2.401805342051896,2.0119499527957507e-06,3.975485608855975e-09,3.4726834954312835e-05,-9.784568533177662e-08,False,False,False
ces,alpha,rho,0.75,0.7,6,2190129,50,0.1,0.1,0.7837900469592454,0.1806972597421619,-41.11808495789768,1.0696736522210902e-06,True,True,True,7.335742277001277,7.332795351369556,7.3327989265725035,2.479471449672378,2.479641056304185,2.479640842395257,1.148927357566471e-05,8.635036519078914e-09,-0.00020629410190764474,2.412915662830528e-07,False,False,False
ces,alpha,rho,0.75,0.7,7,2190130,50,0.1,0.1,0.7536246353498711,0.6477902220209053,-49.20380063196565,5.023919031466104e-07,True,True,True,17.094618630528156,17.09460402918677,17.094602344831113,2.254977644904032,2.2549765506287387,2.2549765936841375,3.883635368975085e-06,3.949181849997547e-09,-2.1629418327506755e-06,-4.8962071730329626e-08,False,False,False
ces,alpha,rho,0.75,0.7,8,2190131,50,0.1,0.1,0.7822247117332792,0.6259183633954057,-45.352487669166095,5.954454112604606e-06,True,True,True,6.183797872556593,6.183884789991751,6.183884382313134,2.4315819091396045,2.4315750034603023,2.4315750323348255,2.146191245044773e-06,2.9389159537271294e-09,6.07243325134732e-06,-3.268294790359505e-08,False,False,False
ces,alpha,rho,0.75,0.7,9,2190132,50,0.1,0.1,0.7110958772369921,0.6015110512725081,-49.13983913755758,1.4012291884837717e-06,True,True,True,12.154641605617293,12.15495194239078,12.154946315429775,2.1772182624590686,2.177206998841666,2.177207198961242,6.156069543001838e-07,3.810082658864806e-09,1.2331782940577796e-05,-2.32539619560157e-07,False,False,False
ces,alpha,rho,0.75,0.7,10,2190133,50,0.1,0.1,0.7414348495295773,0.2871716053442259,-42.06147930231769,1.7549866185378692e-06,True,True,True,8.77263523087324,8.77302426437411,8.77302795965941,2.257883879270745,2.2578673574278327,2.2578671743280987,6.372086030859662e-06,2.823488900157591e-09,2.5534203594190785e-05,2.104085226051211e-07,False,False,False
ces,alpha,rho,0.75,0.7,11,2190134,50,0.1,0.1,0.755391297759747,0.6144053422914437,-39.12124837286274,2.1584745785473816e-06,True,True,True,10.67670454414572,10.676766164164532,10.676765099034023,2.2189919345346367,2.2189897689974125,2.218989811018519,7.852536549547961e-07,3.901337477270871e-09,3.226879066176025e-06,-5.138294767448315e-08,False,False,False
ces,alpha,rho,0.75,0.7,12,2190135,50,0.1,0.1,0.7285466139377519,0.6378379955498301,-47.15082332808287,2.6580495845218228e-06,True,True,True,13.054319095382095,13.05466090529908,13.054651500430461,2.228424918180805,2.228413753514614,2.228414064887671,6.139814586968791e-07,5.580832464197515e-09,1.2967584105183505e-05,-3.6194106201037357e-07,False,False,False
ces,alpha,rho,0.75,0.7,13,2190136,50,0.1,0.1,0.7635157427639209,0.2582900987536171,-38.34963401167778,9.506214744564424e-07,True,True,True,8.465692299075656,8.465560868524877,8.465559649636953,2.328336102687651,2.32834096510722,2.328341026243962,4.368688335286828e-06,4.778843706327624e-09,-1.000072884949077e-05,-7.359567888443053e-08,False,False,False
ces,alpha,rho,0.75,0.7,14,2190137,50,0.1,0.1,0.7460496339349851,0.5074221953214965,-46.550731822699696,2.8068686525420615e-07,True,True,True,8.047316855228926,8.047393467076908,8.04739228471096,2.308953056597142,2.3089493714789775,2.30894943413498,1.046050495261742e-06,2.8205281978920644e-09,5.202688576844139e-06,-7.478995200926875e-08,False,False,False
ces,alpha,rho,0.75,0.7,15,2190138,50,0.1,0.1,0.7450820186314551,0.555133051011182,-51.72093341638368,1.7767120752480974e-07,True,True,True,8.318152967087633,8.318162496208117,8.318158664992662,2.279568015746422,2.2795677902050926,2.27956798968569,6.302205724493754e-07,2.975504543136558e-09,6.549926609977774e-07,-2.3092393064416683e-07,False,False,False
ces,alpha,rho,0.75,0.7,16,2190139,50,0.1,0.1,0.7655437107254497,0.0529049041684353,-42.73572386578182,2.3722179818652016e-06,True,True,True,4.266917436244268,4.272108853428459,4.272116433942341,2.5077417984084103,2.5072108618561746,2.5072100969702347,8.589600525909025e-06,1.4328621211761634e-08,0.0006055578699815101,8.938105935385465e-07,False,False,False
ces,alpha,rho,0.75,0.7,17,2190140,50,0.1,0.1,0.7433275762100355,0.70490176848371,-48.624888506342835,4.6015871629191594e-06,True,True,True,7.5083224790609675,7.5082509639396715,7.50825058764577,2.2745261140568074,2.274530652898817,2.2745306744247737,9.328056724449484e-07,7.789688914934784e-10,-4.324625301421747e-06,-2.5334713882330107e-08,False,False,False
ces,alpha,rho,0.75,0.7,18,2190141,50,0.1,0.1,0.7560692468651726,0.8,-47.21092236616965,1.046768723289276,True,True,True,13.676350511436027,13.676064791472454,13.676061777464383,2.2003926373903373,2.200401845560728,2.2004019411014264,5.303296631581134e-07,1.5415067350860132e-09,-1.0400846250036011e-05,-1.1039035996418534e-07,False,False,False
ces,alpha,rho,0.75,0.7,19,2190142,50,0.1,0.1,0.778375498497381,0.5215995533092864,-54.27781197517555,7.642026686821202e-06,True,True,True,7.921844875159211,7.921764524112066,7.921761675580952,2.3515331611433306,2.35153691896293,2.3515370744618624,1.6226739628396205e-06,3.6516655708378425e-09,-5.997231497190114e-06,-1.8055821016105256e-07,False,False,False
ces,alpha,rho,0.95,-0.7,0,2200123,50,0.1,0.1,0.9155094229183124,-0.2719791084220936,-43.668445998109696,1.3000262401659358e-06,True,True,True,1.577701975317727,1.5779699647122571,1.5779578420330305,3.068853796238284,3.0687688736997485,3.0687722069707966,2.5968787581844755e-05,1.675502842937105e-08,6.823057172766767e-05,-3.844911852013411e-06,False,False,False
ces,alpha,rho,0.95,-0.7,1,2200124,50,0.1,0.1,0.9548612525417113,-0.5870806767661846,-50.97765512876599,5.687116766346677e-07,True,True,True,1.4706060767807736,1.4701127807690493,1.470112698640884,3.4272183858254857,3.427342258862267,3.427342271973092,5.065413857893321e-05,3.548948787853513e-08,-0.00019292015688421316,-4.077081428022211e-08,False,False,False
ces,alpha,rho,0.95,-0.7,2,2200125,50,0.1,0.1,0.9562520657293653,-0.8,-47.91863726556397,0.055182182274217964,True,True,True,0.7925156348314056,0.7916674537567947,0.791659084779188,3.83298215949576,3.8334151497893516,3.8334197183440804,7.425776696775943e-05,6.319885271423373e-08,-0.0005776251762483753,-5.311642496508284e-06,False,False,False
ces,alpha,rho,0.95,-0.7,3,2200126,50,0.1,0.1,0.9553409832600636,-0.8,-49.665655521948786,0.04977267313490241,True,True,True,0.7235974229462666,0.7226450591553741,0.7226435366739477,3.772464267737997,3.7730122901041265,3.773013191910742,5.548409898481784e-05,3.8480274948872426e-08,-0.0006871528402783156,-1.068576722218495e-06,False,False,False
ces,alpha,rho,0.95,-0.7,4,2200127,50,0.1,0.1,0.9549350082004368,-0.8,-43.78422158236434,0.46889817541843853,True,True,True,0.8429003432640315,0.842481753827885,0.8424803256279192,3.736126009666183,3.736314883394903,3.7363156036546714,6.219332120483366e-05,4.636524332507547e-08,-0.00028014651581997896,-8.660012795758121e-07,False,False,False
ces,alpha,rho,0.95,-0.7,5,2200128,50,0.1,0.1,0.946463605698247,0.1227148739388807,-52.77308222664528,1.2044378454780342e-05,True,True,True,0.9977866637388931,0.9995955131980667,0.9995753957889811,3.2494491913688264,3.2486582301524374,3.248666966444714,1.0777718991723227e-05,1.579986244558312e-08,0.0008905252043618361,-1.0067723948736784e-05,False,False,False
ces,alpha,rho,0.95,-0.7,6,2200129,50,0.1,0.1,0.9615982708811462,-0.764612952262396,-46.21250251333831,4.239554620843266e-06,True,True,True,0.8553525194046976,0.8555995213173239,0.8555967518316445,3.5947205615604294,3.594569345340789,3.594570734108988,5.9806200831056656e-05,4.902421722838119e-08,0.00011299824935662173,-1.6380216081302024e-06,False,False,False
ces,alpha,rho,0.95,-0.7,7,2200130,50,0.1,0.1,0.958917055372651,0.43288408627900055,-41.807431172138784,9.103785649350546e-06,True,True,True,0.6988039923112956,0.698969624617578,0.6989669922293997,3.4872536217377865,3.487148422524693,3.487150057417668,5.926261593374482e-06,6.940516919283933e-09,0.00011399553252999794,-1.883865103025073e-06,False,False,False
ces,alpha,rho,0.95,-0.7,8,2200131,50,0.1,0.1,0.9263103562563291,-0.8,-48.29360891134953,0.08092313029323359,True,True,True,2.0982551957883255,2.096907485015185,2.096899102185938,3.2965212244704207,3.2967653359211506,3.296767044232629,8.092790247986565e-05,7.443525163929592e-08,-0.0003634943182646566,-2.030952302334299e-06,False,False,False
ces,alpha,rho,0.95,-0.7,9,2200132,50,0.1,0.1,0.9399899326983748,-0.8,-35.92103794804317,0.18688698944832421,True,True,True,0.8661780830398622,0.8653440146550901,0.8653355511486743,3.759506227994457,3.759892041069577,3.7598962660283193,7.551917722806406e-05,6.289261209716094e-08,-0.000524126041327122,-4.916395042187105e-06,False,False,False
ces,alpha,rho,0.95,-0.7,10,2200133,50,0.1,0.1,0.9441627535733782,-0.8,-44.327498419817125,0.13669249915586307,True,True,True,0.43507434964487,0.4345656497634776,0.43456519493696355,3.829482574823549,3.8299680802747953,3.829968521749226,5.230703737838384e-05,3.757888653046993e-08,-0.0006114887995281038,-5.383575825135267e-07,False,False,False
ces,alpha,rho,0.95,-0.7,11,2200134,50,0.1,0.1,0.9314293868366331,0.37464052168667605,-42.367529478961444,4.522717539904917e-06,True,True,True,1.4059548108212463,1.4063744610345228,1.4063631929321072,3.1406101514931626,3.140478149143026,3.1404816289135713,6.02506714445964e-06,8.083837388546238e-09,0.0001424567639745078,-4.005961912412204e-06,False,False,False
ces,alpha,rho,0.95,-0.7,12,2200135,50,0.1,0.1,0.9525625265525851,-0.5604828757649674,-40.10886424498759,4.007971227365832e-06,True,True,True,1.2446241306715595,1.2439087810731755,1.2439064688819943,3.556869615702979,3.5571005262652786,3.5571013256273782,4.3587501520649996e-05,2.679406032139649e-08,-0.0003100096465828983,-9.385129828842764e-07,False,False,False
ces,alpha,rho,0.95,-0.7,13,2200136,50,0.1,0.1,0.9513346359841114,-0.8,-43.347593500439594,0.38380304090543904,True,True,True,0.7981991739840121,0.7983962325526481,0.798396009338549,3.476503339185464,3.476376317786139,3.476376428377687,4.587446093825064e-05,3.1928973796931864e-08,0.00010045742853748152,-1.5225491267756297e-07,False,False,False
ces,alpha,rho,0.95,-0.7,14,2200137,50,0.1,0.1,0.9420029925031583,-0.005510248414473314,-43.0876478163146,6.602980256431542e-05,True,True,True,1.1769731118506714,1.18598454163223,1.1864104422027861,3.093615698166024,3.0902992589396456,3.0901434426638956,1.4312290982794457e-05,3.965779522917644e-07,0.00398874814032979,0.00017965681924181354,False,False,False
ces,alpha,rho,0.95,-0.7,15,2200138,50,0.1,0.1,0.9304551855159455,0.10476759066666846,-31.046632014298822,2.0413648261896936e-06,True,True,True,2.534743467886875,2.531743237813663,2.5317408277268068,3.0142739360824864,3.0147837660007184,3.0147841800937876,1.0533619782182838e-05,8.060977803488793e-09,-0.0005978553702910006,-4.752057733981019e-07,False,False,False
ces,alpha,rho,0.95,-0.7,16,2200139,50,0.1,0.1,0.8910552654098297,0.12816992956692302,-43.597682898309635,5.106664759437111e-06,True,True,True,4.7350639844445945,4.737262165511153,4.737250315349012,2.7725605574817664,2.7723535833251978,2.7723546656126064,1.2808549867875376e-05,1.2445436803527078e-08,0.0002245837321623867,-1.25545277285255e-06,False,False,False
ces,alpha,rho,0.95,-0.7,17,2200140,50,0.1,0.1,0.8989032225286345,-0.11262648956728234,-48.5915098937291,1.2664813861118444e-06,True,True,True,1.7166411526106045,1.716018149698945,1.7160157929672994,2.8760802480928693,2.8762333942545126,2.8762339879889227,1.0583472969614533e-05,1.0691868818672524e-08,-0.00018735935941549542,-6.898111521991268e-07,False,False,False
ces,alpha,rho,0.95,-0.7,18,2200141,50,0.1,0.1,0.9507299574248651,-0.3919119391893564,-45.014828578729606,2.0858090628650765e-06,True,True,True,1.5422782537065927,1.5417707445631537,1.5417676222616943,3.4163134840322917,3.4164381253541563,3.4164389970457547,4.258813539144088e-05,2.9198132855194576e-08,-0.00018664167716764268,-1.0215699148830026e-06,False,False,False
ces,alpha,rho,0.95,-0.7,19,2200142,50,0.1,0.1,0.9291283129499913,-0.24152705394419977,-48.38236242044302,7.358548290913886e-06,True,True,True,1.7548724703514291,1.7549662965740287,1.7549748679668409,3.0569688010742837,3.0569355503020805,3.056933427000538,2.3324445677372112e-05,1.5329224378803116e-08,1.762284996686958e-05,2.4395251401188034e-06,False,False,False
ces,alpha,rho,0.95,-0.3,0,2210123,50,0.1,0.1,0.9663513628930996,-0.6076243215173042,-51.81767662822891,4.637435972837239e-06,True,True,True,1.0376075918051477,1.0372043027970592,1.0372014385273072,3.588276480597935,3.588420745327977,3.588421929707875,5.696827555093287e-05,4.60448507970504e-08,-0.00022405459969121466,-1.3979650574924563e-06,False,False,False
ces,alpha,rho,0.95,-0.3,1,2210124,50,0.1,0.1,0.9488129081710379,-0.15894143438039032,-50.47038119696371,2.2886536296415957e-06,True,True,True,0.9340335111638056,0.9337869165112801,0.933788393202937,3.404336171769269,3.404441260566031,3.4044405718576454,2.242152567529566e-05,1.5234349900637207e-08,-0.00014226891155288968,7.884950221637155e-07,False,False,False
ces,alpha,rho,0.95,-0.3,2,2210125,50,0.1,0.1,0.9349776036534819,0.567746488643714,-48.37928656870667,6.192256625271608e-06,True,True,True,0.8676105312095989,0.8674253936927085,0.8674251258672134,3.204279675417015,3.204370520649328,3.2043706542932977,4.941359961570526e-06,3.9829071136127394e-09,-0.00010897604400383898,-1.548958579178361e-07,False,False,False
ces,alpha,rho,0.95,-0.3,3,2210126,50,0.1,0.1,0.9441794296576136,0.4597258536048066,-44.3092632012964,1.4317832825071609e-06,True,True,True,1.0885257125540595,1.0885781799412801,1.08857920934619,3.2591513990225094,3.2591292660174838,3.2591288549089668,3.099645881755965e-06,4.740727976093501e-09,2.3190021202879052e-05,4.7233506705879336e-07,False,False,False
ces,alpha,rho,0.95,-0.3,4,2210127,50,0.1,0.1,0.9124008370860294,-0.7808040346599723,-48.81277720097077,4.601669449711856e-06,True,True,True,1.2692485014905972,1.2691332335801133,1.2691368807832601,3.092648156180867,3.092673392341389,3.0926721377229205,3.2840973484435895e-05,1.9914022534555402e-08,-6.0336455504739206e-05,1.4293378143293012e-06,False,False,False
ces,alpha,rho,0.95,-0.3,5,2210128,50,0.1,0.1,0.9592853936775861,0.4385830577252238,-53.54524559521298,4.9811529066808865e-06,True,True,True,0.7510591021000734,0.7506879421428365,0.7506829729278227,3.4335834465787456,3.4337958336814975,3.4337987072939233,5.91528967422649e-06,6.1102338884217204e-09,-0.00025309575197951517,-3.311201538735986e-06,False,False,False
ces,alpha,rho,0.95,-0.3,6,2210129,50,0.1,0.1,0.964701662657393,-0.8,-38.89493247703278,0.14360139779907163,True,True,True,0.6577110632089522,0.6579659108309645,0.6579617357292228,3.695847004471568,3.6956562739344974,3.6956590161231953,5.20692912844428e-05,3.943379485437124e-08,0.00016462644041581598,-3.188426894951135e-06,False,False,False
ces,alpha,rho,0.95,-0.3,7,2210130,50,0.1,0.1,0.9154590705066121,0.6899307446901801,-46.57861096454374,2.184760045505886e-06,True,True,True,2.4394538820759966,2.4398315330770113,2.4398300011124414,2.9226234332298184,2.922556639532659,2.9225569116143886,1.240283669936342e-06,2.2087966491675654e-09,7.75839300501957e-05,-3.146522118413486e-07,False,False,False
ces,alpha,rho,0.95,-0.3,8,2210131,50,0.1,0.1,0.9471147678320626,0.23049529325888457,-45.495491376847056,3.145792972610274e-05,True,True,True,1.0228505918345718,1.022444456431634,1.0224455148417886,3.2166780810823794,3.2168500937597435,3.2168496428132225,1.2932768322805479e-06,5.652001683299604e-09,-0.00019858822698637368,5.160042846341639e-07,False,False,False
ces,alpha,rho,0.95,-0.3,9,2210132,50,0.1,0.1,0.9000763717222118,-0.11415080281537417,-51.6748811319097,3.1572592880674043e-06,True,True,True,1.9277500297267398,1.9265824837918157,1.926573378964665,3.04922064140539,3.049474122072288,3.049476169467017,2.25158132347049e-05,1.673269942436059e-08,-0.0003163739771565588,-2.3687561991891926e-06,False,False,False
ces,alpha,rho,0.95,-0.3,10,2210133,50,0.1,0.1,0.9631454273382669,-0.2302774295890128,-40.00635669227099,1.1264847815331379e-06,True,True,True,0.8199969540264007,0.8193896595189832,0.8193783561723861,3.339242706791554,3.339555662290619,3.339561649838089,2.0506336777411334e-05,1.772262774856583e-08,-0.00038747837252373074,-6.901513138757309e-06,False,False,False
ces,alpha,rho,0.95,-0.3,11,2210134,50,0.1,0.1,0.98,-0.07196619073009713,-44.16837955070412,1.490554296879059,True,True,True,0.48746619979875266,0.4869280663295186,0.48690593093512946,3.753874378930557,3.754345025040377,3.7543647627369445,2.129072249061556e-05,1.9141583028903626e-08,-0.0005854349395804093,-2.2736440264736757e-05,False,False,False
ces,alpha,rho,0.95,-0.3,12,2210135,50,0.1,0.1,0.9768594555026018,0.6770078256563027,-39.668238662214534,4.48724755455284e-06,True,True,True,0.3306193569054664,0.33057202497110955,0.3305652964163242,3.75324596539185,3.753308017797697,3.7533168573740983,9.80945881392858e-07,4.1549000654618836e-09,-8.19087357939452e-05,-1.0177546393208559e-05,False,False,False
ces,alpha,rho,0.95,-0.3,13,2210136,50,0.1,0.1,0.9273496263094156,-0.8,-41.24704785319642,0.3900243541525712,True,True,True,1.3847288798473438,1.3843902726245003,1.3843948543349172,3.1291879716498046,3.1292812915575796,3.129279847764052,2.979200437978368e-05,1.9450895897472743e-08,-0.0001354736881822305,1.647316949515698e-06,False,False,False
ces,alpha,rho,0.95,-0.3,14,2210137,50,0.1,0.1,0.9624512944244212,-0.18500065019984133,-47.24597634389861,1.0034406300146592e-05,True,True,True,1.0597895382466587,1.0603405542838935,1.060337126352581,3.231625623524296,3.2313910164639363,3.2313924180948854,2.0812895641537047e-05,1.2160844107089244e-08,0.0002480740283132832,-1.6191767855389116e-06,False,False,False
ces,alpha,rho,0.95,-0.3,15,2210138,50,0.1,0.1,0.9446253429698246,0.06136298226026041,-51.50281755644627,2.4857878348139336e-06,True,True,True,0.7425960553190627,0.7405140049099288,0.7404982116968456,3.4134136806190463,3.41462693250507,3.4146361913799725,1.4456744812956907e-05,1.293649589122215e-08,-0.001421543504818601,-1.0667919596585307e-05,False,False,False
ces,alpha,rho,0.95,-0.3,16,2210139,50,0.1,0.1,0.98,-0.0919849590798534,-35.59066200978884,49.6735526596126,True,True,True,0.660767599326528,0.6607163213818651,0.6606960351282696,3.4309126408097215,3.430940902765517,3.430954238880206,1.2939572954945787e-05,1.6933429141260583e-08,-6.041895882447079e-05,-1.5350126275848197e-05,False,False,False
ces,alpha,rho,0.95,-0.3,17,2210140,50,0.1,0.1,0.9267923360333236,-0.5027340906406019,-51.91800980363554,2.463557823866929e-06,True,True,True,1.4470356338609387,1.4470908780236071,1.447090724684292,3.0569118188126114,3.0568859547801237,3.0568859947235296,2.14978297092712e-05,1.897699703371958e-08,8.339698318593491e-06,-5.997730312401472e-08,False,False,False
ces,alpha,rho,0.95,-0.3,18,2210141,50,0.1,0.1,0.9435849569420242,0.10973283076390536,-27.71088497374075,2.6509882941331617e-05,True,True,True,1.1388059188099,1.1364059783001683,1.1363837730699904,3.304231649140212,3.3051407466986644,3.305149230653086,1.6853632496744615e-05,1.6196334899181866e-08,-0.001072777406658787,-9.772551901932047e-06,False,False,False
ces,alpha,rho,0.95,-0.3,19,2210142,50,0.1,0.1,0.9789928841356816,-0.7858036156459789,-51.67374302090674,1.51203999195169e-05,True,True,True,0.4464718752686584,0.44636138540527376,0.4463616407232848,3.96604151299364,3.966123660685872,3.966123396693641,5.867979622288512e-05,4.5954564998770274e-08,-0.00015265982373335873,2.6806598185658004e-07,False,False,False
ces,alpha,rho,0.95,-0.1,0,2220123,50,0.1,0.1,0.9464261270560771,0.8,-48.76705279644754,0.02724838433487662,True,True,True,0.89954240371245,0.9002347912735336,0.9002319918500791,3.3048770046421416,3.3045432215695305,3.304544571983984,9.987785274544825e-07,1.5841248318675924e-09,0.0003835778832197434,-1.5549419956073507e-06,False,False,False
ces,alpha,rho,0.95,-0.1,1,2220124,50,0.1,0.1,0.957678007533947,-0.11145315803075757,-46.4316880740506,4.6439568200806014e-05,True,True,True,0.8436400745027971,0.8425396317125757,0.8425590036196992,3.507926545112767,3.5084824219124746,3.5084724349371825,2.5709845654741996e-05,1.796423298971613e-08,-0.0006537789982559161,1.1494085462970816e-05,False,False,False
ces,alpha,rho,0.95,-0.1,2,2220125,50,0.1,0.1,0.98,0.10438864007517501,-47.345829614844796,15.806742936774754,True,True,True,0.6643557231758357,0.6613599356088693,0.6613351500181845,3.5404617832237957,3.5424181594825392,3.5424344305716335,1.5238898185192155e-05,1.952607891823904e-08,-0.0022858933353688826,-1.8744622877875372e-05,False,False,False
ces,alpha,rho,0.95,-0.1,3,2220126,50,0.1,0.1,0.9477612163048511,-0.8,-53.62062455537084,0.020423968296613238,True,True,True,0.9346917834552196,0.9342658579770635,0.9342652307595521,3.5180412233740816,3.5182123355335357,3.518212608316416,6.214571176900097e-05,5.198523104929422e-08,-0.0002591464821648515,-3.5729532754658067e-07,False,False,False
ces,alpha,rho,0.95,-0.1,4,2220127,50,0.1,0.1,0.9777454741409151,-0.157918210622835,-51.16838983460814,1.0129347440772703e-05,True,True,True,0.5734396639870827,0.5742868711590137,0.5742760808043819,3.5818275021705124,3.581179494064265,3.581187650310898,1.6099539787724473e-05,1.4822424943945952e-08,0.0007208766351709528,-9.399087446126941e-06,False,False,False
ces,alpha,rho,0.95,-0.1,5,2220128,50,0.1,0.1,0.9348070868945125,0.46895181668342373,-39.92405794813413,1.0173423748423966e-07,True,True,True,1.7702895749550374,1.7706854430518706,1.7706836942661943,3.1523301283178133,3.1522313645774673,3.1522317941703277,4.5472030484580884e-06,5.5594391766622676e-09,0.00010939370545770544,-4.930454693408137e-07,False,False,False
ces,alpha,rho,0.95,-0.1,6,2220129,50,0.1,0.1,0.9428585496309495,-0.8,-36.641859136888,0.23782039807449026,True,True,True,1.050820663630838,1.0511443771860702,1.0511411812174158,3.353572040042088,3.353417821352363,3.353419130003005,4.7348344320858726e-05,3.373403433505298e-08,0.00012892575191614242,-1.5338308116952248e-06,False,False,False
ces,alpha,rho,0.95,-0.1,7,2220130,50,0.1,0.1,0.943455530734445,-0.8,-42.43625354861173,0.6179823621721443,True,True,True,0.6992917792167995,0.699207598857921,0.6992055303566375,3.6549188056297237,3.6549499854717027,3.6549512583355703,4.8865871670234176e-05,3.409824805867465e-08,-8.598249161906324e-05,-1.492916382517251e-06,False,False,False
ces,alpha,rho,0.95,-0.1,8,2220131,50,0.1,0.1,0.9385172800210825,-0.8,-41.84012473760505,0.44546126798595764,True,True,True,1.337392006120705,1.3373041613913839,1.3372976460145938,3.2328462958317266,3.232854219714845,3.2328563226073697,4.7672094945266174e-05,3.638488217400035e-08,-5.901404598063209e-05,-2.4509905003355925e-06,False,False,False
ces,alpha,rho,0.95,-0.1,9,2220132,50,0.1,0.1,0.9617509942672643,-0.8,-44.34121290489496,0.43492343599359107,True,True,True,0.7276872877299753,0.7280020895194865,0.7280017728610271,3.6639312514652214,3.6637224529573036,3.6637226308297492,4.8538935399796095e-05,3.274342705416652e-08,0.00019189396744678788,-2.3018603911850732e-07,False,False,False
ces,alpha,rho,0.95,-0.1,10,2220133,50,0.1,0.1,0.9276733064189993,0.19883061647844366,-44.114506615678565,9.132201964614942e-07,True,True,True,2.3564553122211382,2.357322367363558,2.3573287692866125,2.8891916319769346,2.889030096939352,2.8890289180270496,4.156724198815632e-06,9.247057108770502e-09,0.00018326562355497344,1.3584838995939208e-06,False,False,False
ces,alpha,rho,0.95,-0.1,11,2220134,50,0.1,0.1,0.98,-0.47651989510171955,-49.28652661455589,10.601723850811595,True,True,True,0.6261757724822181,0.6256689709252873,0.6256660419478802,3.7108601341348817,3.7111957094587207,3.7111977356858783,3.7325087384580115e-05,2.4915769682539674e-08,-0.0004256908174511409,-2.348583883815536e-06,False,False,False
ces,alpha,rho,0.95,-0.1,12,2220135,50,0.1,0.1,0.9493480401349155,-0.8,-38.964214957609144,0.036606763870149904,True,True,True,0.7707058314917465,0.7708052386254026,0.7708013707021396,3.551877611402204,3.551799343228454,3.551801509101495,5.151869794126326e-05,3.841715549427632e-08,3.6339569533083704e-05,-2.5244883872233004e-06,False,False,False
ces,alpha,rho,0.95,-0.1,13,2220136,50,0.1,0.1,0.9687788444973741,0.643512697789487,-44.43729781071125,5.439829986006051e-07,True,True,True,0.527631133294476,0.5279382157829892,0.5279371159875229,3.6100875968697537,3.6098348220296095,3.6098357273893664,7.371913963692746e-07,2.692925714036596e-09,0.00028977427047749416,-1.0408579598220058e-06,False,False,False
ces,alpha,rho,0.95,-0.1,14,2220137,50,0.1,0.1,0.9419138140116683,0.6588071427182347,-54.1776833530653,1.2356894359187358e-05,True,True,True,0.5406896776434063,0.5408455382401273,0.5408437169951045,3.388135583480862,3.38801004259306,3.388011504656198,1.272141119828565e-06,2.7426281305745404e-09,0.0001420025966325511,-1.684146525349206e-06,False,False,False
ces,alpha,rho,0.95,-0.1,15,2220138,50,0.1,0.1,0.9256200153027386,0.6843658823811481,-43.62618906668579,1.4133949304099366e-05,True,True,True,1.2444284988133576,1.2440476469279855,1.2440508046205905,3.2183750097580415,3.218509349769122,3.218508247232044,3.4064190088217304e-06,1.5986928290713284e-09,-0.00015015890821956646,1.268894948225352e-06,False,False,False
ces,alpha,rho,0.95,-0.1,16,2220139,50,0.1,0.1,0.9313782121505141,0.8,-43.81263566598052,0.40477893397995085,True,True,True,1.3084352912129622,1.3085108174107962,1.308507558982462,3.0752898509419837,3.0752641391332065,3.07526521987618,3.2371742683793983e-06,3.9319147694716705e-09,2.6873119779224908e-05,-1.2459324381097758e-06,False,False,False
ces,alpha,rho,0.95,-0.1,17,2220140,50,0.1,0.1,0.962970500540591,0.10897753448693837,-53.16999296400834,1.883325723817073e-05,True,True,True,0.6466372900656218,0.6470372865897523,0.6470337617507771,3.404876531124717,3.4046052625944707,3.404607623462563,6.520625530292353e-06,1.2851752113333698e-08,0.0003033491235342467,-2.7296247395725004e-06,False,False,False
ces,alpha,rho,0.95,-0.1,18,2220141,50,0.1,0.1,0.9264629153442414,-0.7159858058664142,-50.983335057343304,1.2293210737894128e-06,True,True,True,1.5765312370887918,1.5761358729497996,1.57613117384403,3.3148831551764246,3.314969711980052,3.314970993925065,5.1824592723630706e-05,3.7347966339425644e-08,-0.00015266580503237037,-1.5055197621904881e-06,False,False,False
ces,alpha,rho,0.95,-0.1,19,2220142,50,0.1,0.1,0.9240973862429788,0.8,-41.87329062744544,0.10897580438558406,True,True,True,1.415307103490886,1.4155260764272426,1.4155198287945592,2.984124889796506,2.984058873182061,2.9840607886201482,2.979633162848771e-06,6.06487758666818e-09,7.649278172294771e-05,-2.2084273325617687e-06,False,False,False
ces,alpha,rho,0.95,0.3,0,2230123,50,0.1,0.1,0.95039247242943,0.8,-41.49801213074826,0.5685578656767257,True,True,True,0.5429994989916399,0.5430113956239662,0.5430122988557912,3.392827657966264,3.3928184207472265,3.3928176979155897,7.219903426301463e-07,1.2150607588447767e-09,1.2105305650322862e-05,8.311833923357881e-07,False,False,False
ces,alpha,rho,0.95,0.3,1,2230124,50,0.1,0.1,0.98,0.26659750690426787,-51.67600984714966,13.33238032330543,True,True,True,0.5829567352906075,0.5828101754067007,0.5828016670052337,3.6559182107942068,3.65602277523104,3.6560291134476453,1.1377587819930872e-05,1.0460187906412186e-08,-0.00013835706385378899,-7.301889048960675e-06,False,False,False
ces,alpha,rho,0.95,0.3,2,2230125,50,0.1,0.1,0.9299160655945339,0.8,-44.75010333374624,0.49619023206142004,True,True,True,2.14544906912246,2.1453114347340834,2.1453114352006506,3.0317484549629166,3.0317763958611703,3.0317763960212276,6.419307145514848e-07,9.81996782197994e-10,-3.1985293610148346e-05,4.0175507365347585e-10,False,False,False
ces,alpha,rho,0.95,0.3,3,2230126,50,0.1,0.1,0.9506501051708002,0.8,-46.26833265718973,0.17131366199898657,True,True,True,1.4586127846748576,1.4580857483985101,1.4580905528089676,3.0579023977237765,3.058059401149419,3.05805797054024,8.047081026758368e-07,3.3066346872130885e-09,-0.00017898752838618748,1.6479571769423274e-06,False,False,False
ces,alpha,rho,0.95,0.3,4,2230127,50,0.1,0.1,0.9017558391753695,0.8,-41.58217790165077,1.1091919312442597,True,True,True,2.066197089881046,2.0661442610275302,2.066140386796641,2.99013839401455,2.990149366011052,2.990150179361146,1.5464733166998357e-06,3.393433665000328e-09,-1.387520670448339e-05,-9.386996921989521e-07,False,False,False
ces,alpha,rho,0.95,0.3,5,2230128,50,0.1,0.1,0.9486041265304161,0.10588948373100533,-46.01403996749959,3.383640206230706e-05,True,True,True,1.195455776814049,1.1927980993779614,1.1927607676639944,3.41807887938528,3.4190374679762487,3.4190510560001464,1.8993539952488746e-05,2.089548136780633e-08,-0.001137663200488248,-1.5654295935974005e-05,False,False,False
ces,alpha,rho,0.95,0.3,6,2230129,50,0.1,0.1,0.9623056585402826,0.5176444377767095,-45.858466977806806,7.865913478456748e-06,True,True,True,0.5725337279000751,0.572264044446849,0.5722654043434514,3.6889725041957004,3.6891754589324117,3.689174426865061,4.530939224595218e-06,4.714705700913664e-09,-0.00023629761596311027,1.1881303763061624e-06,False,False,False
ces,alpha,rho,0.95,0.3,7,2230130,50,0.1,0.1,0.9606158254411794,0.8,-46.90636019764502,0.06688365822901388,True,True,True,0.6208147614869278,0.6210749273399878,0.6210744645077068,3.4600251562300084,3.4598435943503567,3.4598439178076457,1.0593034417883472e-06,5.063876852504375e-10,0.0002095801857038282,-3.728179791551156e-07,False,False,False
ces,alpha,rho,0.95,0.3,8,2230131,50,0.1,0.1,0.9410249076773011,0.6367865710142896,-48.9630987670779,4.480852293100862e-06,True,True,True,0.8145103219805679,0.8150021678552133,0.8150040381048692,3.2282695119363045,3.2280075156537715,3.228006517487046,9.211673226710753e-07,4.228796867323662e-09,0.00030318366594173085,1.1455942043880896e-06,False,False,False
ces,alpha,rho,0.95,0.3,9,2230132,50,0.1,0.1,0.9338908716819383,0.016630137257192316,-50.964074047280235,5.208186647556685e-05,True,True,True,1.941342601134653,1.9450708657189717,1.9452162935509634,3.133809085433822,3.1329665538311997,3.1329340788185123,2.1613211594654007e-05,6.781478775546758e-08,0.0009859910527794113,3.7376334432792646e-05,False,False,False
ces,alpha,rho,0.95,0.3,10,2230133,50,0.1,0.1,0.9396559401392893,0.8,-45.86582287564153,1.0277361113811214,True,True,True,0.6156813774351774,0.615305656003914,0.6153060814059834,3.542993130922774,3.54325754262286,3.5432572421702955,3.367030886592774e-06,3.0826591949378738e-09,-0.0003056786410198242,3.454580337347579e-07,False,False,False
ces,alpha,rho,0.95,0.3,11,2230134,50,0.1,0.1,0.9775140732548778,0.2446459676431459,-43.8560827567521,2.7358686602249594e-06,True,True,True,0.672909959723968,0.6744102677344154,0.674404750041315,3.3939954205122227,3.3930272978817984,3.3930308488446044,2.4280062597150002e-06,6.744697112389046e-09,0.0011084145708437632,-4.093344607269955e-06,False,False,False
ces,alpha,rho,0.95,0.3,12,2230135,50,0.1,0.1,0.9666769353569179,-0.06548107168702906,-43.39344291141451,5.941791219880828e-06,True,True,True,0.7885663447418216,0.7879810111832707,0.7879782368156331,3.4516633001619894,3.451978231134476,3.451979755937059,1.7600675769944022e-05,1.505242499442989e-08,-0.00038173891233128643,-1.7653683102025752e-06,False,False,False
ces,alpha,rho,0.95,0.3,13,2230136,50,0.1,0.1,0.9290552251664995,0.8,-40.600659749999544,1.3176730533434016,True,True,True,1.2563124905819798,1.2560308698454958,1.2560277479316948,3.132585188785379,3.1326827166385174,3.132683795916627,6.320728777229593e-07,2.3478061098895373e-09,-0.00011314957539809711,-1.2429773121880316e-06,False,False,False
ces,alpha,rho,0.95,0.3,14,2230137,50,0.1,0.1,0.9423513377749613,-0.3168585061761815,-42.559993253822526,1.3278690247648896e-05,True,True,True,1.3840359198118186,1.3834545822880056,1.3834504639684426,3.3456675982697375,3.3458374596166487,3.345838748186306,2.9333799618592784e-05,1.8815446755476885e-08,-0.00022605211843540474,-1.49332134924407e-06,False,False,False
ces,alpha,rho,0.95,0.3,15,2230138,50,0.1,0.1,0.8724872804980588,0.43447573163760056,-38.685040525286766,7.722702319173423e-06,True,True,True,2.1414090411926723,2.1411669795684154,2.1411617987788603,2.9433673318038904,2.9434148141435506,2.9434158636240846,4.249140261552196e-06,5.9533802853542975e-09,-5.9590160198297326e-05,-1.2113540535096945e-06,False,False,False
ces,alpha,rho,0.95,0.3,16,2230139,50,0.1,0.1,0.9660258494815057,-0.12603879920381023,-50.320609175271244,2.0895061323009926e-06,True,True,True,0.5994681865027929,0.6016581159350489,0.6016441834442618,3.5136188729555484,3.512028846464156,3.5120388995484344,1.5208976639239223e-05,1.7668227679933953e-08,0.0018042952148391578,-1.1583050600449951e-05,False,False,False
ces,alpha,rho,0.95,0.3,17,2230140,50,0.1,0.1,0.9560574218348582,0.043464984089455184,-42.99825450300176,4.021937073808912e-06,True,True,True,0.7573247557230084,0.7565837169374987,0.7565262535353375,3.4421394234598712,3.442558976082009,3.4425919573739674,1.2996429475066556e-05,2.9890749571528985e-08,-0.0005339295439910074,-3.798291722745262e-05,False,False,False
ces,alpha,rho,0.95,0.3,18,2230141,50,0.1,0.1,0.939731105720986,-0.3543143178527192,-44.041331338716766,1.205463445940662e-05,True,True,True,1.9118153047238549,1.9120720384728322,1.9120665380139794,3.158564593063066,3.158490950190492,3.1584921924911282,3.5712854220850494e-05,2.5399261935401577e-08,4.804798582114245e-05,-1.4464533109048716e-06,False,False,False
ces,alpha,rho,0.95,0.3,19,2230142,50,0.1,0.1,0.9235496319400842,0.8,-42.339521237791296,1.130459263977044,True,True,True,2.1051141179779482,2.1050098791165186,2.105006005438285,3.0423235882816297,3.042345581874035,3.042346380647496,1.154150589274183e-06,1.970370990512402e-09,-2.511772999724826e-05,-9.205983175775145e-07,False,False,False
ces,alpha,rho,0.95,0.7,0,2240123,50,0.1,0.1,0.9455744611777097,0.44741582250829026,-51.03273854433859,1.751754312935975e-05,True,True,True,1.4480888418405133,1.4482301873106782,1.4482337478114724,3.29873472178736,3.2986890088388425,3.2986879412175827,8.571670294015422e-06,6.778761312063271e-09,4.620391708698435e-05,1.2293711435518162e-06,False,False,False
ces,alpha,rho,0.95,0.7,1,2240124,50,0.1,0.1,0.9614601077951271,0.8,-44.72874645610094,0.04553043099028694,True,True,True,0.6171215216667956,0.6178637862783153,0.6178582522441508,3.5158845025338525,3.5153623865950365,3.5153662754938693,1.5812437894710783e-06,3.63483971209427e-09,0.0005964747082032318,-4.47950186099888e-06,False,False,False
ces,alpha,rho,0.95,0.7,2,2240125,50,0.1,0.1,0.9248020567028407,0.5491099649666712,-32.10804547911187,3.3518210836302075e-06,True,True,True,1.3718251406818187,1.3715532097399994,1.3715543097427145,3.177971523077746,3.17805748952326,3.1780571407639875,1.0213056554798526e-06,2.2703555008812644e-09,-9.887229165173039e-05,4.0048815108661984e-07,False,False,False
ces,alpha,rho,0.95,0.7,3,2240126,50,0.1,0.1,0.9218019643694465,0.6306753889548932,-47.529611392828755,2.7047446459009756e-06,True,True,True,1.7930396193115539,1.7934207116135503,1.7934179111311983,3.090824438936976,3.0907313775708642,3.090732055587413,2.6430505874112605e-06,3.3113753051391072e-09,0.00010459543355523238,-7.809370003997174e-07,False,False,False
ces,alpha,rho,0.95,0.7,4,2240127,50,0.1,0.1,0.944102179851473,0.17062816775375805,-49.89955577227299,2.3451560140177923e-05,True,True,True,0.9694604392538626,0.9715479746440149,0.9715220024519141,3.4263228595100497,3.4253825013327543,3.425394108176152,1.4942426544806947e-05,1.5550409774036672e-08,0.0010549834482205256,-1.3370279276614383e-05,False,False,False
ces,alpha,rho,0.95,0.7,5,2240128,50,0.1,0.1,0.9116484220754876,0.8,-50.02583552680291,2.5277473696508737,True,True,True,1.5788220400249982,1.5788554669515757,1.5788545744194071,3.064051747164174,3.0640434558039074,3.064043701052703,2.204535080021168e-06,1.0092033009644012e-09,1.1343111637529546e-05,-2.8295032450387225e-07,False,False,False
ces,alpha,rho,0.95,0.7,6,2240129,50,0.1,0.1,0.9707975564603624,-0.302069654516451,-36.6943960568999,2.5837047638221856e-06,True,True,True,0.7965337564974777,0.796921928528002,0.7969198746000218,3.3596846384527743,3.3594666789439414,3.3594677935603925,1.477407155525153e-05,1.5553743174291014e-08,0.00023497858552445905,-1.2940801781269329e-06,False,False,False
ces,alpha,rho,0.95,0.7,7,2240130,50,0.1,0.1,0.98,0.21114411600892052,-34.874838488462174,9.368246846719332,True,True,True,0.639914969565638,0.6411697279517441,0.6411522053849105,3.5379849382127064,3.5371305464139478,3.537142411888267,9.201967182915192e-06,1.4049204151504222e-08,0.0009615768814583703,-1.3668802658628465e-05,False,False,False
ces,alpha,rho,0.95,0.7,8,2240131,50,0.1,0.1,0.98,0.8,-42.48488020190161,14.971199158496562,True,True,True,0.19692373490995052,0.1969439833315656,0.19694288288517792,3.9539014755070356,3.9538581176881733,3.9538605433746037,3.643389575031685e-06,3.3366846111149218e-09,5.0105900761820976e-05,-2.7949520031711472e-06,False,False,False
ces,alpha,rho,0.95,0.7,9,2240132,50,0.1,0.1,0.9209672525581114,0.48844669918500416,-47.9555785311355,1.891008406711638e-06,True,True,True,2.012773724734907,2.012614119114912,2.0126158646230956,3.040856213174597,3.0408883330231435,3.0408879574014542,5.947849889084118e-06,5.758456435281205e-09,-4.188532373206044e-05,4.348332538484101e-07,False,False,False
ces,alpha,rho,0.95,0.7,10,2240133,50,0.1,0.1,0.9344161666442756,0.7382337037477613,-38.64628952799687,1.1816391921676885e-06,True,True,True,0.8326053542479716,0.8328568649896073,0.8328547294198512,3.1961808747171725,3.1960511353102232,3.1960522475697344,3.678518666052101e-06,3.871449030798104e-09,0.0001513795314451727,-1.2836169958063692e-06,False,False,False
ces,alpha,rho,0.95,0.7,11,2240134,50,0.1,0.1,0.9030714143513093,0.8,-55.72542811058046,0.5079500589354463,True,True,True,0.817671931983813,0.8176813062431787,0.8176788381366809,3.3287214496062023,3.3287156965737297,3.3287170072968055,3.5526994516115664e-06,3.358609776819987e-09,3.3316837146912803e-06,-1.5093999294890637e-06,False,False,False
ces,alpha,rho,0.95,0.7,12,2240135,50,0.1,0.1,0.9470590364630965,0.31957654664034574,-51.528849999752126,3.0702209576294204e-06,True,True,True,1.181595004384851,1.1816852250477048,1.181695333313323,3.1729690356965636,3.172934438969426,3.172930723898914,3.723583258280955e-06,7.988379201466668e-09,4.0798051564649995e-05,4.27694060789463e-06,False,False,False
ces,alpha,rho,0.95,0.7,13,2240136,50,0.1,0.1,0.955392969117935,0.7552605193358345,-43.88477074587082,3.300472919722269e-06,True,True,True,0.8216582255907834,0.8220441128913506,0.822044460642444,3.364859408771287,3.3646557613895562,3.364655576835845,7.753348927657273e-07,1.9957577940438354e-09,0.0002352871370021603,2.1055675603065538e-07,False,False,False
ces,alpha,rho,0.95,0.7,14,2240137,50,0.1,0.1,0.9672065063718156,0.4754755111843493,-44.2581734106737,4.181694919640965e-06,True,True,True,1.1469460575328443,1.147084001932453,1.147078561441809,3.243860258321088,3.243808766949485,3.2438108256656526,1.7071857638672108e-06,4.668689684372165e-09,5.86094651566782e-05,-2.3727144053964366e-06,False,False,False
ces,alpha,rho,0.95,0.7,15,2240138,50,0.1,0.1,0.9235725159072111,0.4667293377967616,-43.64678017066772,3.8028974747205277e-06,True,True,True,1.9886910707940577,1.9887953604589945,1.988785341779964,2.975073352129577,2.9750499843491522,2.975052170557745,1.6535970089059639e-06,7.406749162501934e-09,2.3016225270566792e-05,-2.52060858230152e-06,False,False,False
ces,alpha,rho,0.95,0.7,16,2240139,50,0.1,0.1,0.9393167923051441,0.6996945352563794,-44.04440466174603,2.9188564575764763e-06,True,True,True,1.4617145416006345,1.4617705233509917,1.4617716865336583,3.097475339976906,3.0974592206811336,3.0974588754228405,1.1891650302135687e-06,1.7187336627682808e-09,2.0138172217798456e-05,3.982418661507836e-07,False,False,False
ces,alpha,rho,0.95,0.7,17,2240140,50,0.1,0.1,0.9692637285944945,0.8,-40.83991692741254,0.3733826368169677,True,True,True,0.3946969851745141,0.39489399951707077,0.3948864529068706,3.76983718601985,3.7696215885638997,3.7696298872133887,2.7711090000811763e-06,4.3775415187750046e-09,0.00024125664142360392,-9.55647998779341e-06,False,False,False
ces,alpha,rho,0.95,0.7,18,2240141,50,0.1,0.1,0.9425781402717761,0.526216724086758,-46.93118028935414,8.045224258937755e-06,True,True,True,1.767566901301206,1.7677332159913697,1.7677324818381215,3.085167730961998,3.0851261411024713,3.0851263211904567,2.2211157798223584e-06,4.679063497952267e-09,4.599794872461871e-05,-2.0797384792103912e-07,False,False,False
ces,alpha,rho,0.95,0.7,19,2240142,50,0.1,0.1,0.9517061775762975,0.8,-49.08254905823524,0.3523547960342452,True,True,True,0.8420377424007124,0.8424835374060674,0.8424806846890732,3.336868932309255,3.336639385195053,3.3366408554314533,7.806691080901377e-07,1.833120906604075e-09,0.0002633146275243803,-1.6934139281943317e-06,False,False,False
